<COLLADA xmlns="http://www.collada.org/2005/11/COLLADASchema" version="1.4.1">
  <asset>
    <created>2026-09-27T18:30:25.108015</created>
    <modified>2026-09-27T18:30:25.108015</modified>
    <up_axis>Y_UP</up_axis>
  </asset>
  <library_effects>
    <effect id="8a536189d0d4481a9396a9dc99612fdb" name="8a536189d0d4481a9396a9dc99612fdb">
      <profile_COMMON>
        <technique sid="common">
          <phong>
            <emission>
              <color>0.0 0.0 0.0 1.0</color>
            </emission>
            <ambient>
              <color>0.0 0.0 0.0 1.0</color>
            </ambient>
            <diffuse>
              <color>0.8941176470588236 0.8941176470588236 0.8941176470588236 1.0</color>
            </diffuse>
            <specular>
              <color>0.0 0.0 0.0 1.0</color>
            </specular>
            <shininess>
              <float>0.0</float>
            </shininess>
            <reflective>
              <color>0.0 0.0 0.0 1.0</color>
            </reflective>
            <reflectivity>
              <float>0.0</float>
            </reflectivity>
            <transparent>
              <color>0.0 0.0 0.0 1.0</color>
            </transparent>
            <transparency>
              <float>1.0</float>
            </transparency>
          </phong>
        </technique>
        <extra>
          <technique profile="GOOGLEEARTH">
            <double_sided>0</double_sided>
          </technique>
        </extra>
      </profile_COMMON>
    </effect>
  </library_effects>
  <library_geometries>
    <geometry id="5f3ce731411a4dde90524e61d4715206" name="9a02a45af4e1446e93af10eb35aa32e7">
      <mesh>
        <source id="verts-array">
          <float_array count="3966" id="verts-array-array">-0.002583875 0.02229673 0.00396036 -0.001902925 0.02228552 0.004641668 -0.001870661 0.0226856 0.004616004 -0.003962766 0.02231943 0.002580741 0.001045936 0.02689928 0.001770278 -0.001326795 0.02693834 -0.0006037039 0.0007948295 0.02682303 0.002019998 -0.001577901 0.0268621 -0.0003539846 0.0006649494 0.02676195 0.002148804 -0.001707781 0.02680101 -0.000225178 0.0002984802 0.02658969 0.002512246 -0.00207425 0.02662876 0.0001382636 0.0002915321 0.02658473 0.002519109 -0.002081198 0.0266238 0.0001451265 -6.064791e-05 0.02633353 0.00286697 -0.002433378 0.0263726 0.0004929874 -0.0001690705 0.02625619 0.002974062 -0.002541801 0.02629525 0.0006000803 -0.0003923735 0.02603399 0.003193591 -0.002765104 0.02607306 0.0008196094 -0.0005976601 0.02582978 0.00339541 -0.002970391 0.02586884 0.001021428 -0.0007018241 0.02569005 0.003497219 -0.003074554 0.02572911 0.001123237 -0.0009779819 0.02531963 0.003767137 -0.003350712 0.02535869 0.001393155 -0.0009867446 0.02530382 0.003775635 -0.003359475 0.02534289 0.001401653 -0.001230651 0.02486484 0.004012189 -0.003603382 0.0249039 0.001638207 -0.001301776 0.02473686 0.004081171 -0.003674506 0.02477592 0.001707189 -0.001440546 0.02439404 0.004214227 -0.003813277 0.0244331 0.001840245 -0.001562002 0.02409413 0.004330684 -0.003934732 0.0241332 0.001956702 -0.001616653 0.02389704 0.004382063 -0.003989383 0.02393611 0.002008081 -0.001753017 0.02340536 0.004510265 -0.004125747 0.02344442 0.002136283 -0.001757636 0.02337711 0.004514416 -0.004130366 0.02341617 0.002140434 -0.001846255 0.02283492 0.004594068 -0.004218985 0.02287399 0.002220086 -0.004243391 0.02272466 0.002242022 -0.004275656 0.02232458 0.002267686 -0.0006282132 0.02699527 -0.0006042346 -0.0009765388 0.02700101 -0.0009527439 8.468744e-05 0.02700232 -0.000604298 -0.0006197625 0.02701392 -0.00130912 0.001396192 0.02696195 0.001421238 0.001047866 0.02696768 0.001072729 0.001752968 0.02697486 0.001064863 0.001048518 0.02698646 0.0003600409 0.002711794 0.02684091 0.0001043381 0.002017069 0.02693372 0.0001034784 0.002365394 0.02692799 0.0004519877 0.001305476 0.02697745 0.0001030703 0.002009926 0.02696585 0.0008078918 0.001045936 0.02689928 0.001770278 0.002711794 0.02684091 0.0001043381 0.002365394 0.02692799 0.0004519877 0.002009926 0.02696585 0.0008078918 0.001752968 0.02697486 0.001064863 0.001396192 0.02696195 0.001421238 0.0003390634 0.02687997 -0.002269644 -7.336074e-06 0.02696705 -0.001921994 0.0003409895 0.02696131 -0.001573485 -0.0003628045 0.02700492 -0.00156609 0.0003416455 0.02699332 -0.0008612686 0.003726131 0.02205685 -0.004372204 0.003045182 0.02206806 -0.005053512 0.0030337 0.02246728 -0.005035468 0.005105022 0.02203415 -0.002992585 0.005417912 0.022029 -0.00267953 0.00540643 0.02242821 -0.002661485 0.005389595 0.02258138 -0.002642139 0.003016865 0.02262045 -0.005016121 0.005329392 0.02312888 -0.002572959 0.002956662 0.02316794 -0.004946941 0.005326982 0.02315068 -0.002570192 0.002954252 0.02318974 -0.004944174 0.005215387 0.02365785 -0.002450311 0.002842657 0.02369692 -0.004824293 0.005173577 0.02384782 -0.002405396 0.002800846 0.02388688 -0.004779378 0.005064931 0.02416619 -0.002291569 0.0026922 0.02420525 -0.004665551 0.00494949 0.02450451 -0.002170622 0.002576759 0.02454357 -0.004544604 0.00487925 0.02465045 -0.002098017 0.002506519 0.02468951 -0.004472 0.004659549 0.02510688 -0.001870923 0.002286819 0.02514595 -0.004244905 0.004394652 0.02551217 -0.001599497 0.002021922 0.02555124 -0.003973479 0.00430996 0.02564171 -0.001512717 0.001937229 0.02568077 -0.003886699 0.004103008 0.02587668 -0.001302008 0.001730278 0.02591574 -0.003675991 0.003908244 0.02609782 -0.001103709 0.001535514 0.02613688 -0.003477691 0.003786888 0.02619792 -0.0009807689 0.001414157 0.02623698 -0.003354751 0.00346301 0.0264652 -0.000652664 0.00109028 0.02650427 -0.003026646 0.00344851 0.02647331 -0.000638038 0.001075779 0.02651238 -0.00301202 0.00308539 0.02667864 -0.0002717311 0.0007126595 0.0267177 -0.002645713 0.002983826 0.02673603 -0.0001692765 0.0006110956 0.02677509 -0.002543259 0.0003390634 0.02687997 -0.002269644 -0.001326795 0.02693834 -0.0006037039 -0.0009765388 0.02700101 -0.0009527439 -0.0006197625 0.02701392 -0.00130912 -0.0003628045 0.02700492 -0.00156609 -7.336074e-06 0.02696705 -0.001921994 -0.0006197625 0.02702701 0.0001001868 0.0003440679 0.02701114 0.001064526 0.002009926 0.02695277 -0.0006014145 0.001046095 0.02696864 -0.001565753 -0.0001953583 7.126483e-05 0.007133045 -0.0004867806 7.83908e-05 0.007092212 -0.0004904281 7.847488e-05 0.007091151 -9.057863e-05 -6.427303e-05 -0.007173113 0.0001953583 -7.126483e-05 -0.007133045 0.006093339 -0.000179005 -0.002377982 0.006008416 -0.0001777032 -0.00247333 0.005611358 -0.0001711665 -0.002870597 -0.001066974 9.171682e-05 0.006918182 -0.001345376 9.771267e-05 0.006791754 -9.882783e-05 -6.406067e-05 -0.007173122 0.006311374 -0.0001823472 -0.002133204 0.006317545 -0.0001824417 -0.002126266 0.006491436 -0.0001845255 -0.001868396 0.0007782736 -8.510654e-05 -0.007007004 0.001039618 -9.112766e-05 -0.006930605 0.001066974 -9.171682e-05 -0.006918182 0.001345376 -9.771267e-05 -0.006791754 0.002392799 -0.0001180769 -0.006079839 0.002474053 -0.0001195169 -0.006009557 0.003412724 -0.0001349703 -0.005070392 0.006655579 -0.0001864926 -0.001624988 0.006664422 -0.0001865466 -0.00160627 0.006796656 -0.0001873534 -0.001326413 0.006913092 -0.000188064 -0.001079997 0.006922578 -0.0001880161 -0.00104853 0.007009806 -0.0001875744 -0.0007590319 0.007084933 -0.0001871941 -0.000509713 0.007090574 -0.0001869781 -0.0004708083 0.007133368 -0.0001853403 -0.0001757351 0.007170436 -0.0001808068 0.0004153188 0.007170726 -0.0001788902 0.0006225276 0.00715825 -0.0001777458 0.0007111708 0.007116707 -0.0001739371 0.001006132 -0.001039618 9.112766e-05 0.006930605 -0.001555614 0.0001022405 0.006696277 -0.001621933 0.0001035551 0.006653921 -0.00188725 0.0001088145 0.006484471 -0.007089513 0.0001714443 -0.001199164 -0.007060263 0.0001697631 -0.001299095 -0.006311374 0.0001823472 0.002133204 -0.006975516 0.0001648923 -0.001588616 0.0004867806 -7.83908e-05 -0.007092212 0.0004904281 -7.847488e-05 -0.007091151 0.001555614 -0.0001022405 -0.006696277 0.001621933 -0.0001035551 -0.006653921 0.00188725 -0.0001088145 -0.006484471 0.007169948 -0.0001839401 7.652309e-05 0.007170012 -0.0001835514 0.0001185588 0.006872087 -0.0001595783 0.001874038 0.006928007 -0.000162162 0.001750886 0.006975516 -0.0001648923 0.001588616 -0.0007782736 8.510654e-05 0.007007004 -0.002031516 0.0001116742 0.006392325 -0.002144474 0.0001136761 0.006294623 -0.002392799 0.0001180769 0.006079839 -0.005611358 0.0001711665 0.002870597 -0.006008416 0.0001777032 0.00247333 -0.006093339 0.000179005 0.002377982 -0.007116707 0.0001739371 -0.001006132 -0.006317545 0.0001824417 0.002126266 -0.006491436 0.0001845255 0.001868396 -0.006796656 0.0001873534 0.001326413 -0.007170012 0.0001835514 -0.0001185588 -0.007170436 0.0001808068 -0.0004153188 -0.002408915 7.043433e-07 -0.006605312 -0.002310589 -2.435373e-06 -0.006670736 -0.002134444 -7.731554e-06 -0.006752566 -0.001854982 -1.613432e-05 -0.00688241 -0.001763675 -1.887971e-05 -0.006924834 -0.001568585 -2.443669e-05 -0.006982209 -0.001279418 -3.267332e-05 -0.007067244 0.002031516 -0.0001116742 -0.006392325 0.002144474 -0.0001136761 -0.006294623 0.007089513 -0.0001714443 0.001199164 0.007060263 -0.0001697631 0.001299095 0.006744538 -0.0001536853 0.002154929 0.006694223 -0.0001513607 0.00226573 0.006591416 -0.0001472177 0.002426777 0.005476593 -0.0001065442 0.003715129 0.003180926 -2.610556e-05 0.006010909 0.002931294 -1.762374e-05 0.006232002 0.002814413 -1.365238e-05 0.006335525 9.882783e-05 6.406067e-05 0.007173122 9.057863e-05 6.427303e-05 0.007173113 -0.002474053 0.0001195169 0.006009557 -0.003412724 0.0001349703 0.005070392 -0.006655579 0.0001864926 0.001624988 -0.006664422 0.0001865466 0.00160627 -0.006419921 0.0001403068 -0.002695404 -0.006390947 0.0001391392 -0.002740784 -0.001192027 -3.516252e-05 -0.007092939 -0.0009862143 -4.072665e-05 -0.007121343 -0.0006913 -4.869954e-05 -0.007162035 0.002673943 -9.167026e-06 0.006428981 0.002408915 -7.043433e-07 0.006605312 0.002310589 2.435373e-06 0.006670736 -0.006913092 0.000188064 0.001079997 -0.006922578 0.0001880161 0.00104853 -0.007133368 0.0001853403 0.0001757351 -0.007009806 0.0001875744 0.0007590319 -0.007090574 0.0001869781 0.0004708083 -0.007084933 0.0001871941 0.000509713 -0.007170726 0.0001788902 -0.0006225276 -0.00715825 0.0001777458 -0.0007111708 -0.006744538 0.0001536853 -0.002154929 -0.006694223 0.0001513607 -0.00226573 -0.006591416 0.0001472177 -0.002426777 -0.006213366 0.0001326585 -0.002946204 -0.006008416 0.0001251789 -0.00318328 -0.005993861 0.000124669 -0.003197835 -0.0006048283 -5.103731e-05 -0.007173971 -0.0003954739 -5.642562e-05 -0.007173617 0.006419921 -0.0001403068 0.002695404 0.006390947 -0.0001391392 0.002740784 0.006213366 -0.0001326585 0.002946204 0.006008416 -0.0001251789 0.00318328 0.005993861 -0.000124669 0.003197835 0.002134444 7.731554e-06 0.006752566 0.001854982 1.613432e-05 0.00688241 0.001763675 1.887971e-05 0.006924834 0.001568585 2.443669e-05 0.006982209 0.001279418 3.267332e-05 0.007067244 0.001192027 3.516252e-05 0.007092939 0.0006913 4.869954e-05 0.007162035 0.0006048283 5.103731e-05 0.007173971 0.0003954739 5.642562e-05 0.007173617 0.0009862143 4.072665e-05 0.007121343 -0.007169948 0.0001839401 -7.652309e-05 -0.006928007 0.000162162 -0.001750886 -0.006872087 0.0001595783 -0.001874038 -0.005476593 0.0001065442 -0.003715129 -0.003180926 2.610556e-05 -0.006010909 -0.002931294 1.762374e-05 -0.006232002 -0.002814413 1.365238e-05 -0.006335525 -0.002673943 9.167026e-06 -0.006428981 0.005993861 -0.000124669 0.003197835 0.006008416 -0.0001251789 0.00318328 0.005589873 0.0220754 0.002793953 0.005601232 0.02207497 0.002779312 0.006744538 -0.0001536853 0.002154929 0.006106363 0.02205513 0.002044159 0.006694223 -0.0001513607 0.00226573 0.005952131 0.02206153 0.002304998 0.006591416 -0.0001472177 0.002426777 0.006419921 -0.0001403068 0.002695404 0.005897652 0.02206379 0.002397124 0.005780665 0.0220682 0.002547958 0.006390947 -0.0001391392 0.002740784 0.006213366 -0.0001326585 0.002946204 0.005417912 0.02208153 0.00297708 0.005405761 0.02208195 0.002989232 0.005476593 -0.0001065442 0.003715129 0.005048232 0.02209448 0.003346779 0.003180926 -2.610556e-05 0.006010909 0.006030707 0.02202056 -0.001889431 0.006032248 0.02202054 -0.001887154 0.006796656 -0.0001873534 -0.001326413 0.006170293 0.0220195 -0.00161612 0.006260228 0.02201882 -0.001439548 0.006913092 -0.000188064 -0.001079997 0.006298505 0.02201882 -0.001333188 0.006922578 -0.0001880161 -0.00104853 0.006664422 -0.0001865466 -0.00160627 0.006655579 -0.0001864926 -0.001624988 0.005860789 0.02202261 -0.002139564 0.006491436 -0.0001845255 -0.001868396 0.005749994 0.02202395 -0.002302671 0.006317545 -0.0001824417 -0.002126266 0.005683788 0.02202496 -0.002377807 0.006311374 -0.0001823472 -0.002133204 0.005490706 0.02202789 -0.002596926 0.007009806 -0.0001875744 -0.0007590319 0.006405349 0.02201883 -0.001036296 0.007084933 -0.0001871941 -0.000509713 0.00643033 0.02201883 -0.0009668977 0.007090574 -0.0001869781 -0.0004708083 0.006483699 0.02201967 -0.0007280346 0.006539867 0.02202056 -0.0004766697 0.007133368 -0.0001853403 -0.0001757351 0.006545798 0.02202099 -0.0004139294 0.007169948 -0.0001839401 7.652309e-05 0.006576073 0.02202319 -9.355292e-05 0.007170012 -0.0001835514 0.0001185588 0.006587128 0.02202399 2.341429e-05 0.007170436 -0.0001808068 0.0004153188 0.006580703 0.02202605 0.0002276659 0.007170726 -0.0001788902 0.0006225276 0.006571351 0.02202906 0.000525463 0.00715825 -0.0001777458 0.0007111708 0.006567654 0.02202937 0.0005488592 0.007116707 -0.0001739371 0.001006132 0.006517487 0.0220336 0.0008656669 0.007089513 -0.0001714443 0.001199164 0.006492796 0.02203569 0.001021564 0.007060263 -0.0001697631 0.001299095 0.006447903 0.02203828 0.001176127 0.006975516 -0.0001648923 0.001588616 0.006359728 0.02204337 0.001479683 0.006928007 -0.000162162 0.001750886 0.006352701 0.02204377 0.001503891 0.006872087 -0.0001595783 0.001874038 0.00623876 0.02204915 0.001767243 0.006153271 0.02205319 0.001964836 0.002392799 -0.0001180769 -0.006079839 0.002978757 0.02206917 -0.005118162 0.002474053 -0.0001195169 -0.006009557 0.003412724 -0.0001349703 -0.005070392 0.005611358 -0.0001711665 -0.002870597 0.000158675 0.02213156 -0.00622056 0.0002515227 0.02212913 -0.006225565 -9.882783e-05 -6.406067e-05 -0.007173122 0.0004797153 0.0221234 -0.00620929 -9.057863e-05 -6.427303e-05 -0.007173113 0.00074938 0.02211664 -0.006190071 0.0001953583 -7.126483e-05 -0.007133045 0.0007995963 0.02211543 -0.006180089 0.0004867806 -7.83908e-05 -0.007092212 0.001113978 0.02210792 -0.006117643 0.0004904281 -7.847488e-05 -0.007091151 0.0007782736 -8.510654e-05 -0.007007004 -0.0007380068 0.02215568 -0.006110018 -0.0009862143 -4.072665e-05 -0.007121343 -0.001192027 -3.516252e-05 -0.007092939 -0.0007914605 0.02215722 -0.006093273 -0.001279418 -3.267332e-05 -0.007067244 -0.001093246 0.02216587 -0.005998703 -0.002408915 7.043433e-07 -0.006605312 -0.001668216 0.02218295 -0.005753358 -0.002310589 -2.435373e-06 -0.006670736 -0.001662921 0.02218279 -0.005755782 -0.002134444 -7.731554e-06 -0.006752566 -0.001854982 -1.613432e-05 -0.00688241 -0.002167854 0.02219882 -0.005430464 -0.002092784 0.02219632 -0.005490986 -0.001921135 0.02219092 -0.005597055 -0.001568585 -2.443669e-05 -0.006982209 -0.001763675 -1.887971e-05 -0.006924834 -0.001214269 0.02216933 -0.005960783 -0.001382922 0.02217439 -0.005883717 -0.0003954739 -5.642562e-05 -0.007173617 -0.0006048283 -5.103731e-05 -0.007173971 -0.0001625844 0.02214 -0.006203271 -0.0006913 -4.869954e-05 -0.007162035 -0.0002468648 0.02214221 -0.006198745 -0.0004793056 0.02214859 -0.006156751 0.00123896 0.02210493 -0.006092816 0.001420039 0.02210083 -0.006032608 0.001039618 -9.112766e-05 -0.006930605 0.001712614 0.02209419 -0.005935315 0.001066974 -9.171682e-05 -0.006918182 0.00171875 0.02209406 -0.005932386 0.001345376 -9.771267e-05 -0.006791754 0.001999385 0.02208808 -0.005798236 0.001555614 -0.0001022405 -0.006696277 0.002162998 0.02208459 -0.005720022 0.001621933 -0.0001035551 -0.006653921 0.002268279 0.02208251 -0.005652415 0.00188725 -0.0001088145 -0.006484471 0.002522513 0.02207748 -0.005489161 0.002031516 -0.0001116742 -0.006392325 0.002583057 0.02207628 -0.005450292 0.002144474 -0.0001136761 -0.006294623 0.002755823 0.02207317 -0.005306043 0.002966273 0.02206938 -0.005130327 0.006008416 -0.0001777032 -0.00247333 0.006093339 -0.000179005 -0.002377982 -0.005993861 0.000124669 -0.003197835 -0.006008416 0.0001251789 -0.00318328 -0.004447617 0.02227819 -0.003205797 -0.004458976 0.02227861 -0.003191156 -0.006744538 0.0001536853 -0.002154929 -0.004964107 0.02229845 -0.002456003 -0.006694223 0.0001513607 -0.00226573 -0.004809875 0.02229206 -0.002716842 -0.006591416 0.0001472177 -0.002426777 -0.006419921 0.0001403068 -0.002695404 -0.004755396 0.0222898 -0.002808968 -0.004638409 0.02228538 -0.002959802 -0.006390947 0.0001391392 -0.002740784 -0.006213366 0.0001326585 -0.002946204 -0.004275656 0.02227206 -0.003388924 -0.004263505 0.02227163 -0.003401076 -0.005476593 0.0001065442 -0.003715129 -0.003905976 0.0222591 -0.003758623 -0.003180926 2.610556e-05 -0.006010909 -0.004888451 0.02233303 0.001477587 -0.004889992 0.02233304 0.00147531 -0.006796656 0.0001873534 0.001326413 -0.005028037 0.02233408 0.001204276 -0.005117972 0.02233476 0.001027704 -0.006913092 0.000188064 0.001079997 -0.005156249 0.02233476 0.0009213437 -0.006922578 0.0001880161 0.00104853 -0.006664422 0.0001865466 0.00160627 -0.006655579 0.0001864926 0.001624988 -0.004718533 0.02233097 0.00172772 -0.006491436 0.0001845255 0.001868396 -0.004607737 0.02232963 0.001890827 -0.006317545 0.0001824417 0.002126266 -0.004541532 0.02232863 0.001965963 -0.006311374 0.0001823472 0.002133204 -0.00434845 0.02232569 0.002185082 -0.007009806 0.0001875744 0.0007590319 -0.005263093 0.02233475 0.0006244522 -0.007084933 0.0001871941 0.000509713 -0.005288074 0.02233475 0.0005550538 -0.007090574 0.0001869781 0.0004708083 -0.005341443 0.02233391 0.0003161906 -0.005397611 0.02233302 6.482571e-05 -0.007133368 0.0001853403 0.0001757351 -0.005403542 0.02233259 2.085412e-06 -0.007169948 0.0001839401 -7.652309e-05 -0.005433817 0.0223304 -0.000318291 -0.007170012 0.0001835514 -0.0001185588 -0.005444872 0.02232959 -0.0004352582 -0.007170436 0.0001808068 -0.0004153188 -0.005438447 0.02232753 -0.0006395098 -0.007170726 0.0001788902 -0.0006225276 -0.005429095 0.02232453 -0.0009373069 -0.00715825 0.0001777458 -0.0007111708 -0.005425398 0.02232421 -0.0009607032 -0.007116707 0.0001739371 -0.001006132 -0.005375231 0.02231998 -0.001277511 -0.007089513 0.0001714443 -0.001199164 -0.00535054 0.0223179 -0.001433408 -0.007060263 0.0001697631 -0.001299095 -0.005305647 0.02231531 -0.001587971 -0.006975516 0.0001648923 -0.001588616 -0.005217471 0.02231022 -0.001891526 -0.006928007 0.000162162 -0.001750886 -0.005210445 0.02230981 -0.001915735 -0.006872087 0.0001595783 -0.001874038 -0.005096504 0.02230443 -0.002179087 -0.005011015 0.02230039 -0.00237668 -0.002392799 0.0001180769 0.006079839 -0.001836501 0.02228441 0.004706318 -0.002474053 0.0001195169 0.006009557 -0.003412724 0.0001349703 0.005070392 -0.005611358 0.0001711665 0.002870597 0.000983581 0.02222202 0.005808716 0.0008907333 0.02222446 0.005813721 9.882783e-05 6.406067e-05 0.007173122 0.0006625408 0.02223018 0.005797446 9.057863e-05 6.427303e-05 0.007173113 0.000392876 0.02223695 0.005778227 -0.0001953583 7.126483e-05 0.007133045 0.0003426527 0.02223815 0.005768252 -0.0004867806 7.83908e-05 0.007092212 2.82712e-05 0.02224566 0.005705792 -0.0004904281 7.847488e-05 0.007091151 -0.0007782736 8.510654e-05 0.007007004 0.001880263 0.0221979 0.005698174 0.0009862143 4.072665e-05 0.007121343 0.001192027 3.516252e-05 0.007092939 0.001933717 0.02219637 0.005681429 0.001279418 3.267332e-05 0.007067244 0.002235502 0.02218772 0.005586859 0.002408915 -7.043433e-07 0.006605312 0.002810472 0.02217063 0.005341514 0.002310589 2.435373e-06 0.006670736 0.002805177 0.02217079 0.005343938 0.002134444 7.731554e-06 0.006752566 0.001854982 1.613432e-05 0.00688241 0.00331011 0.02215477 0.00501862 0.00323504 0.02215726 0.005079142 0.003063391 0.02216267 0.005185212 0.001568585 2.443669e-05 0.006982209 0.001763675 1.887971e-05 0.006924834 0.002356525 0.02218425 0.005548939 0.002525178 0.02217919 0.005471873 0.0003954739 5.642562e-05 0.007173617 0.0006048283 5.103731e-05 0.007173971 0.00130484 0.02221358 0.005791427 0.0006913 4.869954e-05 0.007162035 0.001389114 0.02221137 0.005786894 0.001621562 0.022205 0.005744907 -9.670384e-05 0.02224865 0.005680972 -0.0002777834 0.02225276 0.005620764 -0.001039618 9.112766e-05 0.006930605 -0.000570372 0.02225939 0.005523471 -0.001066974 9.171682e-05 0.006918182 -0.0005764935 0.02225952 0.005520542 -0.001345376 9.771267e-05 0.006791754 -0.0008571289 0.0222655 0.005386392 -0.001555614 0.0001022405 0.006696277 -0.001020742 0.02226899 0.005308178 -0.001621933 0.0001035551 0.006653921 -0.001126023 0.02227107 0.005240571 -0.00188725 0.0001088145 0.006484471 -0.001380257 0.0222761 0.005077317 -0.002031516 0.0001116742 0.006392325 -0.001440808 0.0222773 0.005038441 -0.002144474 0.0001136761 0.006294623 -0.001613567 0.02228041 0.004894199 -0.001824017 0.0222842 0.004718483 -0.006008416 0.0001777032 0.00247333 -0.006093339 0.000179005 0.002377982 -0.002673943 9.167026e-06 -0.006428981 -0.002814413 1.365238e-05 -0.006335525 -0.002396089 0.0222064 -0.005246466 -0.002931294 1.762374e-05 -0.006232002 -0.002481352 0.02220924 -0.005177731 -0.002609798 0.02221369 -0.005054864 0.002673943 -9.167026e-06 0.006428981 0.002814413 -1.365238e-05 0.006335525 0.003538345 0.02214718 0.004834622 0.002931294 -1.762374e-05 0.006232002 0.003623608 0.02214435 0.004765887 0.003752054 0.0221399 0.00464302 -0.001326795 0.02693834 -0.0006037039 -0.0009765409 0.02700748 -0.0002558898 -0.0006282132 0.02699527 -0.0006042346 0.005406294 0.02248274 0.002951405 0.002711794 0.02684091 0.0001043381 0.001045936 0.02689928 0.001770278 0.002958524 0.02675184 0.0003541765 0.001292666 0.02681021 0.002020117 0.003085026 0.02668416 0.0004830443 0.001419168 0.02674253 0.002148984 0.00344197 0.02649327 0.0008466589 0.001776112 0.02655164 0.002512599 0.003448651 0.02648796 0.000853525 0.001782793 0.02654633 0.002519465 0.003787276 0.02621897 0.001201558 0.002121418 0.02627734 0.002867498 0.003891516 0.02613615 0.001308695 0.002225658 0.02619452 0.002974635 0.004102982 0.02590276 0.001528328 0.002437124 0.02596113 0.003194268 0.004297389 0.02568825 0.001730242 0.002631531 0.02574662 0.003396182 0.004394175 0.02554335 0.0018321 0.002728317 0.02560172 0.00349804 0.004650773 0.02515921 0.002102144 0.002984915 0.02521758 0.003768084 0.004658706 0.02514297 0.002110646 0.002992848 0.02520135 0.003776586 0.004879582 0.02469202 0.002347312 0.003213724 0.02475039 0.004013252 0.004943993 0.02456055 0.002416326 0.003278135 0.02461892 0.004082266 0.005064872 0.02421104 0.002549444 0.003399014 0.02426941 0.004215384 0.005170675 0.02390529 0.002665956 0.003504817 0.02396366 0.004331896 0.005215085 0.02370564 0.002717358 0.003549227 0.02376402 0.004383298 0.005325901 0.0232076 0.002845619 0.003660043 0.02326597 0.004511559 0.005329057 0.02317914 0.002849772 0.003663199 0.02323751 0.004515712 0.005389616 0.02263312 0.00292946 0.003723758 0.02269149 0.0045954 0.003740436 0.02254111 0.004617345 0.0006893171 0.02694911 -0.00192183 0.001046095 0.02696864 -0.001565753 0.0003390634 0.02687997 -0.002269644 0.002009926 0.02695277 -0.0006014145 0.002711794 0.02684091 0.0001043381 0.002365396 0.02692152 -0.0002448664 0.0003390634 0.02687997 -0.002269644 0.0003409895 0.02696131 -0.001573485 0.0006893171 0.02694911 -0.00192183 -0.004243651 0.02267015 -0.003370869 -0.001603734 0.0268476 -0.0008774497 6.212435e-05 0.02678923 -0.00254339 -0.001708068 0.02679551 -0.0009799535 -4.220956e-05 0.02673714 -0.002645894 -0.002081099 0.02660914 -0.001346436 -0.0004152408 0.02655077 -0.003012377 -0.00209599 0.02660179 -0.00136107 -0.0004301323 0.02654342 -0.00302701 -0.002433038 0.02635152 -0.001689332 -0.0007671804 0.02629315 -0.003355273 -0.002559327 0.0262578 -0.001812331 -0.0008934695 0.02619943 -0.003478271 -0.00276512 0.02604698 -0.002010727 -0.001099262 0.02598861 -0.003676667 -0.00298379 0.02582296 -0.002221538 -0.001317932 0.02576459 -0.003887478 -0.003074996 0.02569796 -0.002308359 -0.001409138 0.02563959 -0.003974299 -0.003360272 0.02530684 -0.002579917 -0.001694414 0.02524847 -0.004245857 -0.003603064 0.02486231 -0.002807122 -0.001937206 0.02480394 -0.004473062 -0.003680688 0.02472018 -0.002879762 -0.00201483 0.02466181 -0.004545702 -0.003813331 0.02438825 -0.003000768 -0.002147473 0.02432988 -0.004666708 -0.003938164 0.02407589 -0.003114651 -0.002272306 0.02401752 -0.004780591 -0.003989675 0.02388833 -0.003159588 -0.002323817 0.02382996 -0.004825528 -0.004127168 0.02338757 -0.003279529 -0.00246131 0.0233292 -0.004945469 -0.004130696 0.02336592 -0.003282298 -0.002464838 0.02330755 -0.004948238 -0.004218964 0.02282225 -0.003351513 -0.002553106 0.02276388 -0.005017453 -0.002577793 0.02261178 -0.005036809 -0.0006197625 0.02702701 0.0001001868 -0.0009765409 0.02700748 -0.0002558898 -0.001326795 0.02693834 -0.0006037039 0.0003440679 0.02701114 0.001064526 0.001045936 0.02689928 0.001770278 0.0006995385 0.02697989 0.001421074 0.002365396 0.02692152 -0.0002448664 0.002017069 0.02693372 0.0001034784 0.001047866 0.02696768 0.001072729 0.0006995385 0.02697989 0.001421074 0.006106363 0.02205513 0.002044159 0.006153271 0.02205319 0.001964836 0.006121789 0.02260674 0.001936396 0.00623876 0.02204915 0.001767243 0.006352701 0.02204377 0.001503891 0.006318667 0.02259745 0.001481369 0.006545798 0.02202099 -0.0004139294 0.006539867 0.02202056 -0.0004766697 0.006503429 0.02257453 -0.0004737805 0.006483699 0.02201967 -0.0007280346 0.00643033 0.02201883 -0.0009668977 0.006395292 0.02257283 -0.0009577293 0.006170293 0.0220195 -0.00161612 0.006002328 0.02257451 -0.001866176 0.004601873 0.02551582 -0.001375212 0.004275838 0.02588464 -0.001118502 0.003671143 0.02647212 -0.0003113294 0.003200904 0.02668559 -0.0001075206 0.003223736 0.02668559 -4.406209e-05 0.002711794 0.02684091 0.0001043381 0.00323212 0.02668786 0.0002229178 0.003242666 0.02668697 0.0001563137 0.002711794 0.02684091 0.0001043381 0.003170289 0.02668582 -0.0001676223 0.002711794 0.02684091 0.0001043381 0.005495423 0.02317364 0.002675557 0.005565622 0.02262867 0.002754873 0.005380129 0.02370361 0.002556963 0.00522117 0.02421204 0.002400568 0.005020505 0.0246926 0.002208298 0.004780608 0.02513955 0.001982531 0.004504438 0.02554713 0.001726029 0.003494304 0.02648704 0.0008054765 0.003857291 0.02622505 0.001133857 0.004195396 0.02591048 0.001441971 0.003110891 0.02669319 0.0004608907 0.002711794 0.02684091 0.0001043381 0.003132387 0.02668628 -0.0002234056 0.003611002 0.02647257 -0.0004294114 0.004028503 0.02620381 -0.0006778082 0.002711794 0.02684091 0.0001043381 0.00353654 0.02647347 -0.000539026 0.003919263 0.02620513 -0.0008386235 0.004417637 0.02588292 -0.0009097537 0.004116727 0.02620315 -0.0005045746 0.003716015 0.02647212 -0.000186647 0.003238446 0.02668583 2.176316e-05 0.002711794 0.02684091 0.0001043381 0.004532171 0.02588206 -0.0006848831 0.004912338 0.0255127 -0.0008500138 0.004773615 0.02551375 -0.001122377 0.005358678 0.02416785 -0.001976378 0.005146646 0.02465207 -0.001806812 0.00489334 0.02510333 -0.0016056 0.005526826 0.02365647 -0.002112201 0.005648991 0.0231243 -0.002212602 0.005723693 0.02257788 -0.002276361 0.005919702 0.02312103 -0.001814093 0.0057854 0.02365335 -0.001731534 0.005601086 0.02416492 -0.001619536 0.005369007 0.02464938 -0.001479475 0.005092049 0.02510092 -0.001313071 0.005252552 0.02509972 -0.0009979448 0.005548609 0.02464803 -0.001126841 0.005796868 0.02416345 -0.00123513 0.00599426 0.02365178 -0.001321472 0.006138352 0.02311938 -0.001384789 0.006227375 0.02257282 -0.001424306 0.006405349 0.02201883 -0.001036296 0.006298505 0.02201882 -0.001333188 0.006260228 0.02201882 -0.001439548 0.006301498 0.02311939 -0.0009314712 0.006150097 0.02365178 -0.0008884638 0.005942944 0.02416346 -0.0008292261 0.005682611 0.02464804 -0.0007544979 0.005372303 0.02509972 -0.0006651873 0.005015846 0.02551271 -0.000562414 0.004617632 0.02588207 -0.0004474265 0.004182566 0.02620315 -0.0003216524 0.00640656 0.02312105 -0.0004612898 0.006250445 0.02365337 -0.0004393473 0.006037021 0.02416495 -0.0004082174 0.005768913 0.0246494 -0.0003682934 0.005449423 0.02510094 -0.000320059 0.005082504 0.02551376 -0.0002641109 0.004672662 0.02588293 -0.0002011457 0.004224957 0.02620382 -0.0001319266 0.003744912 0.02647257 -5.731584e-05 0.006580703 0.02202605 0.0002276659 0.006587128 0.02202399 2.341429e-05 0.006550083 0.02257792 1.988307e-05 0.006576073 0.02202319 -9.355292e-05 0.006451878 0.02312434 1.833793e-05 0.006293741 0.02365651 1.879897e-05 0.006077603 0.02416789 2.124924e-05 0.005806144 0.0246521 2.567718e-05 0.005482695 0.02510335 3.200928e-05 0.005111252 0.02551585 4.018628e-05 0.004696399 0.02588466 5.009831e-05 0.004243244 0.02620515 6.161163e-05 0.003757374 0.02647348 7.460637e-05 0.003244787 0.02668629 8.890157e-05 0.003753217 0.02647482 0.0002070408 0.004237136 0.02620711 0.0002559147 0.004688475 0.0258872 0.0003023176 0.00510166 0.02551893 0.0003456763 0.00547159 0.02510692 0.000385467 0.00579371 0.02465609 0.0004211915 0.006064059 0.02417224 0.000452407 0.006279285 0.02366115 0.0004787416 0.006436751 0.0231292 0.0004998533 0.006534511 0.02258292 0.0005154903 0.006517487 0.0220336 0.0008656669 0.006567654 0.02202937 0.0005488592 0.006571351 0.02202906 0.000525463 0.003732492 0.02647656 0.0003379156 0.004206734 0.02620968 0.000447914 0.00464901 0.02589053 0.0005515455 0.005053854 0.02552296 0.0006475511 0.005416285 0.02511159 0.0007347353 0.00573183 0.02466131 0.0008120202 0.005996595 0.02417793 0.0008784609 0.006207325 0.02366723 0.000933233 0.006361413 0.02313555 0.0009756693 0.00645696 0.02258946 0.001005228 0.002711794 0.02684091 0.0001043381 0.002711794 0.02684091 0.0001043381 0.006359728 0.02204337 0.001479683 0.006447903 0.02203828 0.001176127 0.006492796 0.02203569 0.001021564 0.006227043 0.02314331 0.001438256 0.006078979 0.02367463 0.001375104 0.005876285 0.02418488 0.00129268 0.005621459 0.02466769 0.001191991 0.005317655 0.02511728 0.001074299 0.004968605 0.02552788 0.0009410381 0.004578627 0.0258946 0.0007938649 0.004152516 0.02621281 0.0006345834 0.003695537 0.0264787 0.0004651522 0.003213317 0.02668894 0.0002876815 0.002711794 0.02684091 0.0001043381 0.006035771 0.02315234 0.001880352 0.005896273 0.02368326 0.00179739 0.00570501 0.02419297 0.001688531 0.00546435 0.0246751 0.001555122 0.005177256 0.02512391 0.001398814 0.004847264 0.02553361 0.00122152 0.004478435 0.02589933 0.001025437 0.00407534 0.02621645 0.0008129744 0.003642924 0.02648118 0.0005867497 0.003186533 0.02669021 0.0003495655 0.002711794 0.02684091 0.0001043381 0.00586945 0.0226172 0.002363141 0.005790606 0.0231625 0.002294958 0.005662086 0.02369297 0.002193424 0.005485491 0.02420207 0.002059785 0.005262976 0.02468345 0.001895686 0.004997286 0.02513137 0.001703153 0.004691716 0.02554006 0.001484565 0.004350017 0.02590465 0.001242613 0.003976406 0.02622055 0.0009802733 0.003575496 0.02648398 0.0007007921 0.003152222 0.02669163 0.0004076082 0.002711794 0.02684091 0.0001043381 0.002711794 0.02684091 0.0001043381 0.002162998 0.02208459 -0.005720022 0.002152269 0.02263825 -0.005680324 0.0007995963 0.02211543 -0.006180089 0.00074938 0.02211664 -0.006190071 0.0007567899 0.02266988 -0.006144344 -0.0001625844 0.02214 -0.006203271 -0.0002468648 0.02214221 -0.006198745 -0.0002266747 0.02269512 -0.006152901 -0.001093246 0.02216587 -0.005998703 -0.001214269 0.02216933 -0.005960783 -0.001181673 0.0227219 -0.005917998 -0.002432491 0.02276129 -0.005144989 -0.0003817105 0.02655111 -0.003045191 -2.6944e-05 0.02674498 -0.00266467 2.522318e-05 0.02674324 -0.002706729 0.0003390634 0.02687997 -0.002269644 0.0005361576 0.02672953 -0.00276639 0.0004725603 0.02673097 -0.002787525 0.0003390634 0.02687997 -0.002269644 -0.001841502 0.02480633 -0.004575548 -0.0007208388 0.02630079 -0.003406526 0.002945239 0.02262323 -0.005098196 0.002882073 0.02316947 -0.005021707 0.002777566 0.02370137 -0.004901801 0.002632992 0.02421239 -0.004739973 0.00245014 0.02469615 -0.0045382 0.002231259 0.02514687 -0.004298981 0.001979051 0.02555876 -0.004025254 0.001387472 0.02624666 -0.003388182 0.00169663 0.0259269 -0.003720396 0.0007044781 0.0267262 -0.002658308 0.001055389 0.02651421 -0.003032685 0.0003390634 0.02687997 -0.002269644 -0.002213165 0.0238295 -0.004945235 -0.002045401 0.02433249 -0.004780688 -0.002342732 0.0233036 -0.005067177 -0.0002791999 0.0265477 -0.003127824 8.222538e-05 0.02674145 -0.002741956 0.0003390634 0.02687997 -0.002269644 -0.001040182 0.02599716 -0.003744214 -0.0005704658 0.02629579 -0.003527761 -0.000167196 0.02654417 -0.003197041 0.000143179 0.02673962 -0.002769807 0.0003390634 0.02687997 -0.002269644 -0.001335778 0.02564386 -0.004054097 -0.0008449649 0.02599067 -0.003901584 -0.0004061463 0.02629061 -0.0036293 -4.744472e-05 0.02654058 -0.003251761 0.0002071227 0.02673779 -0.002789845 0.0003390634 0.02687997 -0.002269644 -0.001603977 0.02524533 -0.004332353 -0.001099329 0.025636 -0.00424471 -0.0006316732 0.02598396 -0.004033403 -0.0002304602 0.02628534 -0.003709582 7.819479e-05 0.02653698 -0.003291129 0.0002730668 0.02673598 -0.002801757 0.0003390634 0.02687997 -0.002269644 -0.001330424 0.02523624 -0.004552888 -0.0008409883 0.02562787 -0.00440437 -0.0004036149 0.02597711 -0.004137607 -4.614319e-05 0.02628006 -0.003767341 0.0002077574 0.02653342 -0.003314538 0.0003399864 0.02673422 -0.002805354 0.0003390634 0.02687997 -0.002269644 -0.001031523 0.02522683 -0.004737611 -0.001200913 0.02478562 -0.005029034 -0.001535391 0.02479615 -0.004822323 -0.002092784 0.02219632 -0.005490986 -0.002048907 0.02274854 -0.005454222 -0.001970055 0.02329122 -0.005367609 -0.001857191 0.02381767 -0.005232216 -0.0017117 0.0243214 -0.005049707 -0.001347081 0.02430992 -0.005275036 -0.001468228 0.02380542 -0.005472585 -0.001562854 0.02327839 -0.005619259 -0.001629788 0.02273534 -0.005713237 -0.001382922 0.02217439 -0.005883717 -0.001662921 0.02218279 -0.005755782 -0.001668216 0.02218295 -0.005753358 -0.001127477 0.02326533 -0.005818197 -0.001052353 0.02379294 -0.005662612 -0.0009572411 0.02429823 -0.005453168 -0.0008432919 0.02477489 -0.005192439 -0.0007119318 0.02521724 -0.004883645 -0.0005647638 0.02561958 -0.004530581 -0.0004793056 0.02214859 -0.006156751 -0.0007380068 0.02215568 -0.006110018 -0.0007115255 0.02270842 -0.006065319 -0.0007914605 0.02215722 -0.006093273 -0.0006706958 0.02325224 -0.005961328 -0.0006160363 0.02378044 -0.005799334 -0.0005482306 0.0242865 -0.005581334 -0.0004680982 0.02476414 -0.005310007 -0.000376634 0.02520763 -0.004988707 -0.0002749673 0.02561127 -0.004621392 -0.0001643528 0.02597026 -0.004212585 -0.000199636 0.02323932 -0.006046418 -0.0001660838 0.02376809 -0.00588061 -0.0001264328 0.02427493 -0.00565752 -8.117033e-05 0.02475352 -0.005379901 -3.085317e-05 0.02519815 -0.005051165 2.38913e-05 0.02560308 -0.004675377 8.240228e-05 0.02596349 -0.004257156 0.0001439348 0.02627485 -0.003801674 0.0004797153 0.0221234 -0.00620929 0.0002515227 0.02212913 -0.006225565 0.0002653156 0.02268221 -0.006179377 0.000158675 0.02213156 -0.00622056 0.0002783653 0.02322677 -0.00607214 0.0002905063 0.02375611 -0.005905185 0.0003015785 0.0242637 -0.005680553 0.0003114549 0.02474322 -0.005401033 0.0003200171 0.02518894 -0.005070052 0.0003271537 0.02559512 -0.004691694 0.0003327765 0.02595691 -0.00427063 0.0003368191 0.02626978 -0.003812057 0.0003392286 0.02652997 -0.003321613 0.0007558647 0.02321479 -0.006038107 0.0007466016 0.02374466 -0.005872671 0.0007291373 0.02425297 -0.005650074 0.0007036701 0.02473338 -0.005373066 0.0006705198 0.02518014 -0.005045058 0.000630091 0.02558751 -0.004670098 0.0005828892 0.02595064 -0.004252801 0.0005294984 0.02626495 -0.003798322 0.0004705655 0.02652668 -0.003312248 0.0004068283 0.02673254 -0.002800587 0.001420039 0.02210083 -0.006032608 0.00123896 0.02210493 -0.006092816 0.001240079 0.02265832 -0.006048335 0.001113978 0.02210792 -0.006117643 0.001225412 0.02320356 -0.005944831 0.001195119 0.02373394 -0.005783578 0.001149578 0.02424292 -0.00556656 0.001089354 0.02472415 -0.005296454 0.001015198 0.0251719 -0.004976595 0.0009279953 0.02558039 -0.004610915 0.0008288525 0.02594476 -0.00420394 0.0007189755 0.02626042 -0.003760681 0.0005997253 0.02652359 -0.003286592 0.000724672 0.02652076 -0.003245043 0.0009022887 0.02625626 -0.003699723 0.001066814 0.02593936 -0.004124818 0.001216215 0.02557386 -0.00451508 0.001348665 0.02516434 -0.004865709 0.001462512 0.0247157 -0.005172372 0.001556362 0.0242337 -0.005431291 0.001629054 0.0237241 -0.005639287 0.001679705 0.02319327 -0.005793775 0.001707668 0.02264772 -0.005892857 0.0003390634 0.02687997 -0.002269644 0.0003390634 0.02687997 -0.002269644 0.001999385 0.02208808 -0.005798236 0.00171875 0.02209406 -0.005932386 0.001712614 0.02209419 -0.005935315 0.002111653 0.02318406 -0.005587284 0.002041663 0.02371531 -0.005442049 0.001943141 0.02422545 -0.005246404 0.001817312 0.02470813 -0.005002766 0.001665733 0.02515758 -0.004714142 0.00149027 0.02556802 -0.004384078 0.001293077 0.02593454 -0.004016659 0.001076589 0.02625255 -0.003616402 0.0008434832 0.02651822 -0.003188251 0.0005966306 0.02672824 -0.002737477 0.0003390634 0.02687997 -0.002269644 0.002566942 0.02263004 -0.00541406 0.002514535 0.02317609 -0.005328588 0.002426491 0.02370769 -0.00519494 0.002303894 0.02421831 -0.005014758 0.002148242 0.02470158 -0.004790267 0.001961467 0.02515173 -0.004524242 0.001745875 0.02556296 -0.004219947 0.001504107 0.02593037 -0.003881147 0.001239156 0.02624933 -0.003512013 0.0009542925 0.02651603 -0.003117092 0.0006530249 0.02672713 -0.002701261 0.0003390634 0.02687997 -0.002269644 0.0003390634 0.02687997 -0.002269644 -0.004964107 0.02229845 -0.002456003 -0.005011015 0.02230039 -0.00237668 -0.004951071 0.02285203 -0.002358502 -0.005305647 0.02231531 -0.001587971 -0.00535054 0.0223179 -0.001433408 -0.005286241 0.0228693 -0.001427334 -0.005403542 0.02233259 2.085412e-06 -0.005397611 0.02233302 6.482571e-05 -0.005332711 0.02288423 5.167435e-05 -0.005156249 0.02233476 0.0009213437 -0.005117972 0.02233476 0.001027704 -0.005056656 0.02288595 0.001002199 -0.005028037 0.02233408 0.001204276 -0.004831609 0.02288426 0.00144407 -0.002564935 0.02638316 0.0003503163 -0.002169052 0.02662584 4.597392e-05 -0.002243514 0.02662674 -6.364071e-05 -0.001326795 0.02693834 -0.0006037039 -0.001864911 0.02681099 -0.0006530675 -0.001867032 0.02681167 -0.0005856553 -0.001326795 0.02693834 -0.0006037039 -0.001792535 0.02681213 -0.0003291315 -0.001754632 0.02681168 -0.0002733482 -0.001823149 0.02681236 -0.0003892332 -0.001326795 0.02693834 -0.0006037039 -0.004394903 0.0228301 -0.003176979 -0.004296711 0.02337212 -0.003107756 -0.004154237 0.02389756 -0.002998963 -0.003969246 0.02439995 -0.002851954 -0.003744021 0.02487303 -0.002668538 -0.003481331 0.02531115 -0.002450989 -0.003184426 0.02570867 -0.002201964 -0.002502963 0.02636325 -0.001622164 -0.002856957 0.02606085 -0.00192455 -0.001733136 0.02680477 -0.0009576445 -0.002126816 0.02661227 -0.001298529 -0.001326795 0.02693834 -0.0006037039 -0.002937399 0.02608669 0.0006359241 -0.002674175 0.02638448 0.000189501 -0.002303654 0.02662719 -0.0001817227 -0.001845981 0.02681236 -0.0004526917 -0.001326795 0.02693834 -0.0006037039 -0.003281861 0.02573997 0.0008992781 -0.003594063 0.02534737 0.001137142 -0.004106754 0.02444413 0.001524993 -0.003870162 0.02491356 0.001346572 -0.004300934 0.02394469 0.001670202 -0.004450279 0.02342146 0.001780403 -0.004552974 0.02288089 0.001854255 -0.00472099 0.02342474 0.001381893 -0.004559508 0.02394782 0.001289535 -0.004349161 0.02444706 0.001168151 -0.004092523 0.02491625 0.001019234 -0.003792772 0.02534977 0.000844612 -0.003453603 0.02574205 0.0006464431 -0.003079198 0.02608841 0.0004271754 -0.00493964 0.02342638 0.0009525892 -0.004768368 0.02394939 0.0008794728 -0.004544944 0.02444854 0.0007837446 -0.004272125 0.0249176 0.0006666007 -0.003953274 0.02535098 0.0005294863 -0.003592327 0.02574309 0.0003740795 -0.003193732 0.02608927 0.0002023048 -0.002762399 0.02638515 1.626746e-05 -0.005341443 0.02233391 0.0003161906 -0.005288074 0.02233475 0.0005550538 -0.005224574 0.02288594 0.0005356232 -0.005263093 0.02233475 0.0006244522 -0.005102786 0.02342637 0.0004992718 -0.004924205 0.02394938 0.0004464645 -0.004691019 0.02444853 0.0003778408 -0.004406127 0.02491759 0.0002942577 -0.004073025 0.02535098 0.0001967287 -0.003695834 0.02574309 8.647977e-05 -0.003279193 0.02608926 -3.515183e-05 -0.002828238 0.02638514 -0.0001666548 -0.002348527 0.02662719 -0.0003064051 -0.005207848 0.02342471 2.909047e-05 -0.005024552 0.0239478 -2.651961e-06 -0.004785097 0.02444704 -4.316784e-05 -0.004492429 0.02491623 -9.194684e-05 -0.004150145 0.02534976 -0.0001483995 -0.003762492 0.02574204 -0.0002118234 -0.003334223 0.02608839 -0.0002814326 -0.002870629 0.02638447 -0.0003563806 -0.002377423 0.02662673 -0.0004357363 -0.001860691 0.02681213 -0.0005185169 -0.005438447 0.02232753 -0.0006395098 -0.005444872 0.02232959 -0.0004352582 -0.005379365 0.02288085 -0.0004419892 -0.005433817 0.0223304 -0.000318291 -0.005253166 0.02342143 -0.0004505373 -0.005067848 0.02394466 -0.0004607983 -0.004825678 0.0244441 -0.0004726345 -0.00452966 0.02491353 -0.0004859174 -0.004183418 0.02534734 -0.0005004678 -0.003791241 0.02573995 -0.0005161205 -0.00335796 0.02608667 -0.0005326766 -0.002888915 0.02638315 -0.0005499188 -0.002389886 0.02662583 -0.0005676585 -0.002385729 0.02662449 -0.0007000929 -0.002882808 0.02638119 -0.0007442219 -0.003350036 0.02608413 -0.0007848959 -0.003781648 0.02573687 -0.0008216106 -0.004172313 0.02534378 -0.0008539255 -0.004517226 0.02490954 -0.0008814317 -0.004812135 0.02443975 -0.0009037922 -0.005053393 0.02394001 -0.0009207409 -0.005238039 0.02341657 -0.0009320526 -0.005363792 0.02287585 -0.0009375965 -0.001326795 0.02693834 -0.0006037039 -0.001326795 0.02693834 -0.0006037039 -0.005375231 0.02231998 -0.001277511 -0.005425398 0.02232421 -0.0009607032 -0.005429095 0.02232453 -0.0009373069 -0.0051627 0.02341021 -0.001407869 -0.004981433 0.02393394 -0.001375232 -0.004744671 0.02443405 -0.001329846 -0.004455346 0.02490432 -0.00127226 -0.004117007 0.02533911 -0.001203194 -0.003733843 0.02573283 -0.001123485 -0.003310571 0.0260808 -0.001034124 -0.002852406 0.02637862 -0.0009362212 -0.002365004 0.02662274 -0.0008309677 -0.001854365 0.0268101 -0.0007196716 -0.001326795 0.02693834 -0.0006037039 -0.005096504 0.02230443 -0.002179087 -0.005210445 0.02230981 -0.001915735 -0.005147949 0.02286132 -0.001903475 -0.005217471 0.02231022 -0.001891526 -0.005028331 0.02340245 -0.001870455 -0.004853086 0.02392653 -0.001817103 -0.004624361 0.02442711 -0.001744065 -0.004344975 0.02489794 -0.001652231 -0.004018377 0.02533342 -0.001542758 -0.003648594 0.02572791 -0.001416972 -0.003240188 0.02607673 -0.001276443 -0.002798188 0.02637549 -0.001122891 -0.002328048 0.02662061 -0.0009582044 -0.001835562 0.02680901 -0.0007844353 -0.001326795 0.02693834 -0.0006037039 -0.004837058 0.02339342 -0.002312552 -0.004670381 0.0239179 -0.002239389 -0.004453086 0.02441902 -0.002139916 -0.004187866 0.02489053 -0.002015362 -0.003877978 0.02532679 -0.001867272 -0.003527252 0.02572218 -0.001697455 -0.003139996 0.026072 -0.001508015 -0.002721012 0.02637185 -0.001301282 -0.002275436 0.02661812 -0.001079802 -0.001808779 0.02680775 -0.0008463192 -0.001326795 0.02693834 -0.0006037039 -0.004698731 0.02284156 -0.002785247 -0.004591894 0.02338326 -0.002727158 -0.004436194 0.0239082 -0.002635423 -0.004233567 0.02440992 -0.002511171 -0.003986492 0.02488218 -0.002355927 -0.003698008 0.02531933 -0.002171611 -0.003371705 0.02571573 -0.001960499 -0.003011578 0.02606668 -0.001725191 -0.002622078 0.02636775 -0.00146858 -0.002208007 0.02661533 -0.001193844 -0.001774467 0.02680633 -0.000904362 -0.001326795 0.02693834 -0.0006037039 -0.001326795 0.02693834 -0.0006037039 -0.001020742 0.02226899 0.005308178 -0.0009815508 0.02282052 0.005258218 -0.0002777834 0.02225276 0.005620764 -9.670384e-05 0.02224865 0.005680972 -6.937434e-05 0.02280045 0.005626228 0.0006625408 0.02223018 0.005797446 0.0008907333 0.02222446 0.005813721 0.0009053957 0.02277656 0.005757278 0.002805177 0.02217079 0.005343938 0.002810472 0.02217063 0.005341514 0.002800507 0.02272343 0.005291131 0.00360321 0.02269748 0.004722883 0.001749199 0.0265482 0.002552139 0.001404699 0.02675298 0.002167916 0.001352532 0.02675471 0.002209975 0.001045936 0.02689928 0.001770278 0.0008415972 0.02676843 0.002269636 0.0009051945 0.02676698 0.002290772 0.001045936 0.02689928 0.001770278 0.003117986 0.0247593 0.004115308 0.002655782 0.02561193 0.00357817 0.002075167 0.02628751 0.002918219 -0.001774527 0.02283554 0.004676083 -0.001683368 0.02337629 0.004589501 -0.001551674 0.02389979 0.004459802 -0.001381068 0.0243996 0.004288587 -0.001173656 0.02486948 0.004077959 -0.0009319883 0.02530382 0.003830516 -0.0006590394 0.02569703 0.00354932 0.0003120989 0.02658509 0.002539633 -3.314381e-05 0.02634164 0.002899875 -0.0003581913 0.02604443 0.003237818 0.0006732768 0.02677176 0.002161555 0.001045936 0.02689928 0.001770278 0.003439058 0.02377167 0.004503236 0.003297325 0.02427949 0.004329302 0.003541444 0.02324216 0.004634978 0.001646688 0.02655161 0.002634771 0.001295529 0.02675651 0.002245202 0.001045936 0.02689928 0.001770278 0.0009709266 0.02676541 0.002303833 0.0008969227 0.02657263 0.002819196 0.00102826 0.02656933 0.00282856 0.002378621 0.02597417 0.003261636 0.001924794 0.02629251 0.003039454 0.001534684 0.02655514 0.002703989 0.001234576 0.02675834 0.002273053 0.001045936 0.02689928 0.001770278 0.002183404 0.02598066 0.003419006 0.001760474 0.02629768 0.003140993 0.001414933 0.02655873 0.002758709 0.001170632 0.02676017 0.002293091 0.001045936 0.02689928 0.001770278 0.001210393 0.02631345 0.003313367 0.001256037 0.02600784 0.003774578 0.001502792 0.02600107 0.003730006 0.002903254 0.02520536 0.003863895 0.002419341 0.02561979 0.003768776 0.001970112 0.02598737 0.003550825 0.001584788 0.02630295 0.003221275 0.001289293 0.02656233 0.002798077 0.001104688 0.02676198 0.002305003 0.001045936 0.02689928 0.001770278 0.002629702 0.02521446 0.00408443 0.002161 0.02562793 0.003928436 0.001742047 0.02599421 0.003655036 0.001400471 0.02630824 0.003279034 0.001159731 0.02656588 0.002821486 0.001037768 0.02676374 0.0023086 0.001045936 0.02689928 0.001770278 0.00323504 0.02215726 0.005079142 0.003219625 0.02271023 0.005032116 0.003168767 0.02325454 0.00493541 0.003083084 0.0237835 0.004790216 0.002963625 0.02429058 0.004598322 0.002811868 0.02476948 0.004362089 0.002761566 0.02326737 0.00518706 0.00269412 0.02379575 0.005030586 0.002599006 0.02430207 0.00482365 0.002477397 0.02478001 0.004568794 0.002330793 0.02522387 0.004269146 0.002235502 0.02218772 0.005586859 0.002356525 0.02218425 0.005548939 0.002352385 0.02273687 0.005495899 0.002525178 0.02217919 0.005471873 0.002326182 0.02328043 0.005386005 0.002278239 0.02380822 0.005220619 0.002209159 0.02431376 0.00500179 0.002119776 0.02479074 0.004732199 0.002011202 0.02523346 0.00441518 0.001884775 0.02563622 0.004054647 0.001621562 0.022205 0.005744907 0.001880263 0.0221979 0.005698174 0.00188223 0.02275035 0.005643212 0.001933717 0.02219637 0.005681429 0.001869401 0.02329352 0.005529135 0.001841929 0.02382073 0.005357334 0.001800148 0.02432548 0.005129942 0.001744582 0.02480149 0.004849766 0.001675912 0.02524307 0.004520249 0.001594979 0.02564452 0.004145458 0.00129612 0.02565272 0.004199442 0.001330131 0.02525255 0.004582707 0.001357654 0.02481211 0.00491966 0.001378357 0.02433705 0.005206134 0.001391976 0.02383307 0.005438611 0.001398341 0.02330644 0.005614225 0.001397393 0.02276364 0.005730795 0.000983581 0.02222202 0.005808716 0.00130484 0.02221358 0.005791427 0.001389114 0.02221137 0.005786894 0.0009203398 0.02331899 0.005639948 0.0009353861 0.02384506 0.005463186 0.0009503389 0.02434829 0.005229175 0.0009650221 0.02482241 0.004940786 0.0009792534 0.02526176 0.004601587 0.0009928579 0.02566068 0.00421576 0.001005662 0.02601441 0.003788051 0.001017502 0.02631851 0.003323743 0.0008248226 0.02632335 0.003310008 0.0007555357 0.02602069 0.003770223 0.0006899136 0.02566828 0.004194157 0.0006287507 0.02527056 0.004576607 0.0005728139 0.02483225 0.004912826 0.0005227871 0.02435902 0.005198689 0.0004792837 0.0238565 0.005430665 0.0004428474 0.02333097 0.005605908 0.0004139285 0.02278889 0.005722238 2.82712e-05 0.02224566 0.005705792 0.0003426527 0.02223815 0.005768252 0.000392876 0.02223695 0.005778227 -2.669964e-05 0.0233422 0.005512631 3.076606e-05 0.02386723 0.005341572 0.0001023394 0.02436907 0.005115168 0.0001871231 0.02484148 0.004836207 0.0002840797 0.0252788 0.004508136 0.0003920093 0.02567541 0.004134988 0.0005095865 0.02602657 0.003721362 0.0006353525 0.02632788 0.003272374 0.000767763 0.02657572 0.00279354 0.0006428162 0.02657855 0.002751991 0.0004520393 0.02633203 0.003211416 0.000271625 0.02603196 0.003642239 0.0001037962 0.02568194 0.004039146 -4.938736e-05 0.02528636 0.00439725 -0.0001860278 0.02484993 0.004712132 -0.0003044374 0.02437829 0.004979906 -0.0004031688 0.02387706 0.005197281 -0.0004809924 0.02335249 0.005361576 -0.0005369563 0.02281105 0.005470744 0.001045936 0.02689928 0.001770278 0.001045936 0.02689928 0.001770278 -0.0008571289 0.0222655 0.005386392 -0.0005764935 0.02225952 0.005520542 -0.000570372 0.02225939 0.005523471 -0.000912941 0.0233617 0.005155084 -0.0008157702 0.02388586 0.00500005 -0.0006912168 0.02438654 0.004795019 -0.0005408283 0.0248575 0.004542526 -0.0003664621 0.02529312 0.004245676 -0.0001702583 0.02568778 0.003908144 4.536216e-05 0.02603679 0.00353408 0.0002777387 0.02633575 0.003128095 0.0005240051 0.02658108 0.002695198 0.0007811243 0.02676972 0.002240723 0.001045936 0.02689928 0.001770278 -0.00139623 0.02282873 0.004991947 -0.00131583 0.02336967 0.004896382 -0.001200606 0.02389347 0.004752933 -0.001051969 0.02439367 0.004563372 -0.0008717577 0.02486405 0.004330027 -0.0006621892 0.02529897 0.004055784 -0.0004258634 0.02569284 0.003744013 -0.0001656675 0.02604096 0.003398568 0.0001151651 0.02633897 0.003023698 0.0004131958 0.02658328 0.00262404 0.00072473 0.02677083 0.002204508 0.001045936 0.02689928 0.001770278 0.001045936 0.02689928 0.001770278</float_array>
          <technique_common>
            <accessor count="1322" source="#verts-array-array" stride="3">
              <param type="float" name="X"/>
              <param type="float" name="Y"/>
              <param type="float" name="Z"/>
            </accessor>
          </technique_common>
        </source>
        <source id="normals-array">
          <float_array count="3966" id="normals-array-array">-0.7042488 0.08181172 0.7052237 -0.6994101 0.08184981 0.7100184 -0.6839958 0.1459112 0.7147445 -0.7042488 0.08181172 0.7052237 -0.1210116 0.9831343 0.1371247 -0.1280568 0.9829409 0.1320177 0.05191313 0.9240795 0.3786583 -0.2129559 0.9683192 0.1304138 -0.4201116 0.9074484 0.006603353 -0.1683306 0.9455561 0.278547 -0.2633145 0.9233895 0.2793157 -0.2747043 0.921033 0.2761081 -0.3202056 0.8916847 0.319948 -0.3212427 0.8916881 0.3188973 -0.3847973 0.888932 0.2484572 -0.3054007 0.8924961 0.3319354 -0.3263082 0.8507255 0.4120547 -0.3977784 0.8464848 0.3538866 -0.4839197 0.8035468 0.3466038 -0.396321 0.8205865 0.4117856 -0.3411622 0.7814686 0.5224128 -0.455794 0.7703043 0.4459631 -0.5354496 0.7203916 0.4408283 -0.486988 0.7216017 0.4920708 -0.5195136 0.6681111 0.5326661 -0.5367526 0.6658179 0.5182501 -0.5572905 0.6116359 0.5615415 -0.5708274 0.6117037 0.5476994 -0.5850283 0.6141112 0.5297258 -0.5641379 0.6136441 0.5524395 -0.5733612 0.5471195 0.6098502 -0.6000068 0.5518073 0.5792241 -0.6559125 0.4768966 0.5851055 -0.6213685 0.4891893 0.6120416 -0.5689557 0.4443893 0.6919592 -0.6533911 0.4229162 0.627871 -0.6916007 0.3556843 0.6286312 -0.670457 0.3556875 0.6511327 -0.673293 0.285659 0.6819644 -0.6947938 0.2836602 0.6609073 -0.6911788 0.214386 0.6901526 -0.7091016 0.2145982 0.6716566 -0.7112647 0.2171523 0.6685413 -0.7185502 0.1965064 0.6671363 -0.823885 0.1785622 0.5378931 -0.7257596 0.08267554 0.6829625 -0.02773063 0.9986401 0.04414799 -0.04538372 0.9970583 0.06176575 0.01683664 0.9998152 -0.009283763 0.007933424 0.9999322 0.008524004 -0.04538372 0.9970583 0.06176575 -0.02773063 0.9986401 0.04414799 0.007933424 0.9999322 0.008524004 0.02574275 0.9996685 -0.0003729541 0.1791223 0.9718471 -0.1530637 0.07907103 0.9948978 -0.06265893 0.0966109 0.9920829 -0.08023587 0.03464885 0.9993565 -0.009279489 0.04353778 0.9986846 -0.0270821 0.7068724 -0.01163727 0.7072453 0.7068724 -0.01163727 0.7072453 0.7068724 -0.01163727 0.7072453 0.7068724 -0.01163727 0.7072453 0.7068724 -0.01163727 0.7072453 0.7068724 -0.01163727 0.7072453 0.1731358 0.9722965 -0.157046 0.0966109 0.9920829 -0.08023587 0.07907103 0.9948978 -0.06265893 0.04353778 0.9986846 -0.0270821 0.02574274 0.9995031 -0.0181903 0.7071908 0.03223845 -0.7062874 0.702358 0.03243659 -0.7110844 0.6900453 0.09669825 -0.7172775 0.7071908 0.03223845 -0.7062874 0.7287283 0.03240719 -0.6840357 0.8306922 0.125261 -0.5424576 0.727406 0.1462535 -0.6704404 0.7212527 0.1670778 -0.6722199 0.7192855 0.1648002 -0.6748846 0.6994174 0.1652039 -0.6953581 0.7085049 0.2342058 -0.665709 0.6870742 0.2361857 -0.6871283 0.6882995 0.3068635 -0.6573268 0.7075287 0.3062602 -0.6368734 0.6746878 0.3749188 -0.6357926 0.5963274 0.399123 -0.6964872 0.6463671 0.4427367 -0.6214448 0.6797951 0.429735 -0.5943117 0.6285065 0.5065208 -0.590268 0.6002709 0.5032329 -0.6216361 0.5958632 0.5708432 -0.5648761 0.6185116 0.570762 -0.5400687 0.5724753 0.6244059 -0.5314032 0.5557836 0.6245019 -0.5487276 0.5264827 0.6831508 -0.506084 0.5689971 0.6808578 -0.461167 0.4971754 0.7341374 -0.4624489 0.3985005 0.7506323 -0.5270185 0.441171 0.7885997 -0.428344 0.5262781 0.768458 -0.3640106 0.4498334 0.8136296 -0.3683161 0.3678724 0.8227624 -0.4332804 0.3531353 0.8651765 -0.3560407 0.4431386 0.8576068 -0.2610341 0.3218675 0.9001026 -0.2936267 0.3158649 0.8968699 -0.3096027 0.2720741 0.928465 -0.2528406 0.2896507 0.9277036 -0.2355177 0.2296274 0.9282821 -0.2925127 0.448309 0.8921548 -0.05548704 0.255879 0.9528085 -0.1633458 0.03538228 0.9296319 -0.3667869 -0.7068724 0.01163727 -0.7072453 -0.7068724 0.01163727 -0.7072453 -0.7068724 0.01163727 -0.7072453 -0.7068724 0.01163727 -0.7072453 -0.7068724 0.01163727 -0.7072453 -0.7068724 0.01163727 -0.7072453 0.007933529 0.9996015 -0.02709051 0.04353767 0.9990153 0.008532412 0.04353767 0.9990153 0.008532412 0.007933529 0.9996015 -0.02709051 -0.02574377 -0.9996255 0.009281994 -0.02574377 -0.9996255 0.009281994 -0.02574377 -0.9996255 0.009281994 -0.02574377 -0.9996255 0.009281994 -0.02574377 -0.9996255 0.009281994 -0.02574377 -0.9996255 0.009281994 -0.02574377 -0.9996255 0.009281994 -0.02574377 -0.9996255 0.009281994 -0.02574377 -0.9996255 0.009281994 -0.02574377 -0.9996255 0.009281994 -0.02574377 -0.9996255 0.009281994 -0.02574377 -0.9996255 0.009281994 -0.02574377 -0.9996255 0.009281994 -0.02574377 -0.9996255 0.009281994 -0.02574377 -0.9996255 0.009281994 -0.02574377 -0.9996255 0.009281994 -0.02574377 -0.9996255 0.009281994 -0.02574377 -0.9996255 0.009281994 -0.02574377 -0.9996255 0.009281994 -0.02574377 -0.9996255 0.009281994 -0.02574377 -0.9996255 0.009281994 -0.02574377 -0.9996255 0.009281994 -0.02574377 -0.9996255 0.009281994 -0.02574377 -0.9996255 0.009281994 -0.02574377 -0.9996255 0.009281994 -0.02574377 -0.9996255 0.009281994 -0.02574377 -0.9996255 0.009281994 -0.02574377 -0.9996255 0.009281994 -0.02574377 -0.9996255 0.009281994 -0.02574377 -0.9996255 0.009281994 -0.02574377 -0.9996255 0.009281994 -0.02574377 -0.9996255 0.009281994 -0.02574377 -0.9996255 0.009281994 -0.02574377 -0.9996255 0.009281994 -0.02574377 -0.9996255 0.009281994 -0.02574377 -0.9996255 0.009281994 -0.02574377 -0.9996255 0.009281994 -0.02574377 -0.9996255 0.009281994 -0.02574377 -0.9996255 0.009281994 -0.02574377 -0.9996255 0.009281994 -0.02574377 -0.9996255 0.009281994 -0.02574377 -0.9996255 0.009281994 -0.02574377 -0.9996255 0.009281994 -0.02574377 -0.9996255 0.009281994 -0.02574377 -0.9996255 0.009281994 -0.02574377 -0.9996255 0.009281994 -0.02574377 -0.9996255 0.009281994 -0.02574377 -0.9996255 0.009281994 -0.02574377 -0.9996255 0.009281994 -0.02574377 -0.9996255 0.009281994 -0.02574377 -0.9996255 0.009281994 -0.02574377 -0.9996255 0.009281994 -0.02574377 -0.9996255 0.009281994 -0.02574377 -0.9996255 0.009281994 -0.02574377 -0.9996255 0.009281994 -0.02574377 -0.9996255 0.009281994 -0.02574377 -0.9996255 0.009281994 -0.02574377 -0.9996255 0.009281994 -0.02574377 -0.9996255 0.009281994 -0.02574377 -0.9996255 0.009281994 -0.02574377 -0.9996255 0.009281994 -0.02574377 -0.9996255 0.009281994 -0.02574377 -0.9996255 0.009281994 -0.02574377 -0.9996255 0.009281994 -0.02574377 -0.9996255 0.009281994 -0.02574377 -0.9996255 0.009281994 -0.02574377 -0.9996255 0.009281994 -0.02574377 -0.9996255 0.009281994 -0.02574377 -0.9996255 0.009281994 -0.02574377 -0.9996255 0.009281994 -0.02574377 -0.9996255 0.009281994 -0.02574377 -0.9996255 0.009281994 -0.02574377 -0.9996255 0.009281994 -0.02574377 -0.9996255 0.009281994 -0.02574377 -0.9996255 0.009281994 -0.02574377 -0.9996255 0.009281994 -0.02574377 -0.9996255 0.009281994 -0.02574377 -0.9996255 0.009281994 -0.02574377 -0.9996255 0.009281994 -0.02574377 -0.9996255 0.009281994 -0.02574377 -0.9996255 0.009281994 -0.02574377 -0.9996255 0.009281994 -0.02574377 -0.9996255 0.009281994 -0.02574377 -0.9996255 0.009281994 -0.02574377 -0.9996255 0.009281994 -0.02574377 -0.9996255 0.009281994 -0.02574377 -0.9996255 0.009281994 -0.02574377 -0.9996255 0.009281994 -0.02574377 -0.9996255 0.009281994 -0.02574377 -0.9996255 0.009281994 -0.02574377 -0.9996255 0.009281994 -0.02574377 -0.9996255 0.009281994 -0.02574377 -0.9996255 0.009281994 -0.02574377 -0.9996255 0.009281994 -0.02574377 -0.9996255 0.009281994 -0.02574377 -0.9996255 0.009281994 -0.02574377 -0.9996255 0.009281994 -0.02574377 -0.9996255 0.009281994 -0.02574377 -0.9996255 0.009281994 -0.02574377 -0.9996255 0.009281994 -0.02574377 -0.9996255 0.009281994 -0.02574377 -0.9996255 0.009281994 -0.02574377 -0.9996255 0.009281994 -0.02574377 -0.9996255 0.009281994 -0.02574377 -0.9996255 0.009281994 -0.02574377 -0.9996255 0.009281994 -0.02574377 -0.9996255 0.009281994 -0.02574377 -0.9996255 0.009281994 -0.02574377 -0.9996255 0.009281994 -0.02574377 -0.9996255 0.009281994 -0.02574377 -0.9996255 0.009281994 -0.02574377 -0.9996255 0.009281994 -0.02574377 -0.9996255 0.009281994 -0.02574377 -0.9996255 0.009281994 -0.02574377 -0.9996255 0.009281994 -0.02574377 -0.9996255 0.009281994 -0.02574377 -0.9996255 0.009281994 -0.02574377 -0.9996255 0.009281994 -0.02574377 -0.9996255 0.009281994 -0.02574377 -0.9996255 0.009281994 -0.02574377 -0.9996255 0.009281994 -0.02574377 -0.9996255 0.009281994 -0.02574377 -0.9996255 0.009281994 -0.02574377 -0.9996255 0.009281994 -0.02574377 -0.9996255 0.009281994 -0.02574377 -0.9996255 0.009281994 -0.02574377 -0.9996255 0.009281994 -0.02574377 -0.9996255 0.009281994 -0.02574377 -0.9996255 0.009281994 -0.02574377 -0.9996255 0.009281994 -0.02574377 -0.9996255 0.009281994 -0.02574377 -0.9996255 0.009281994 -0.02574377 -0.9996255 0.009281994 -0.02574377 -0.9996255 0.009281994 -0.02574377 -0.9996255 0.009281994 -0.02574377 -0.9996255 0.009281994 0.7074207 0.02555002 0.7063308 0.7328695 0.02576201 0.6798813 0.7613693 0.04974858 0.6464069 0.7896697 0.05199634 0.6113249 0.9103481 0.02807943 0.4128896 0.8608337 0.02756985 0.508139 0.8794397 0.02779453 0.4751981 0.8601294 0.05117847 0.507502 0.8428926 0.02720964 0.5373935 0.8427606 0.02751201 0.5375851 0.8263703 0.05164653 0.5607537 0.7898698 0.05229874 0.6110406 0.8028667 0.02689398 0.5955517 0.7566565 0.0257662 0.6533047 0.7180511 0.04534126 0.6945119 0.707189 0.04546552 0.7055612 0.7073409 0.02536849 0.7064172 0.707189 0.04546552 0.7055612 0.6851982 0.02710535 0.7278521 0.8274561 0.04125324 -0.560013 0.8601059 0.04133995 -0.5084376 0.9038948 0.01999402 -0.4272872 0.8909405 0.01921067 -0.4537136 0.9172223 0.02070833 -0.3978371 0.9335686 0.02151779 -0.3577522 0.9407861 0.02179071 -0.3382997 0.957193 0.02320137 -0.2885192 0.9039992 0.02035177 -0.4270494 0.8697189 0.0186221 -0.4931959 0.8266552 0.04122307 -0.5611969 0.829042 0.01673302 -0.5589359 0.7894865 0.04082361 -0.6124087 0.7906946 0.01533649 -0.6120186 0.7483555 0.0432586 -0.6618858 0.7470018 0.01375529 -0.6646797 0.7529997 0.04272108 -0.6566326 0.9571508 0.02281586 -0.2886898 0.9407694 0.02107959 -0.3383913 0.9761725 0.02442345 -0.2156171 0.9597788 0.02246523 -0.2798571 0.9892329 0.02533779 -0.1441397 0.9756322 0.02413649 -0.2180809 0.9873437 0.0247747 -0.1566483 0.9893359 0.02456746 -0.1435651 0.9952034 0.02560201 -0.0944177 0.9970332 0.02575037 -0.07253709 0.9952209 0.02580623 -0.09417772 0.9996477 0.02647446 -0.001871463 0.9991541 0.02630792 -0.03160768 0.9996507 0.02638361 -0.001561312 0.9991549 0.0269483 0.0310352 0.9972794 0.02699602 0.06859358 0.9952039 0.02730452 0.09393389 0.9899113 0.02733368 0.1390268 0.9874131 0.02751301 0.155751 0.9898891 0.02746686 0.1391587 0.9873767 0.02770366 0.1559479 0.9773542 0.02787846 0.2097655 0.9755212 0.02795228 0.2181217 0.959482 0.02801659 0.2803737 0.9600563 0.0279999 0.2784023 0.9594745 0.02799433 0.2804013 0.9600855 0.02797731 0.2783038 0.9375179 0.02814771 0.3467966 0.940507 0.02807787 0.3386122 0.9104191 0.02806365 0.4127342 0.9176009 0.02794875 0.3965192 0.8904974 0.02759743 0.4541506 0.6542237 0.01558118 -0.7561406 0.6957435 0.03697569 -0.717338 0.6807071 0.01391242 -0.7324236 0.7073409 0.01224641 -0.7067665 0.7073409 0.01224641 -0.7067665 -0.05217686 0.04405025 -0.9976659 0.009378413 0.04250731 -0.9990521 0.002644343 0.04308979 -0.9990677 0.07207997 0.04142351 -0.9965383 0.07064862 0.04106769 -0.9966555 0.1346488 0.0391549 -0.9901195 0.1396298 0.0386299 -0.98945 0.1953785 0.03714878 -0.9800241 0.2099775 0.03657039 -0.977022 0.1959241 0.03690353 -0.9799244 0.2805659 0.03420414 -0.9592251 0.2810899 0.03408532 -0.959076 -0.2378563 0.04764614 -0.970131 -0.1356226 0.04614224 -0.9896855 -0.2077398 0.04754876 -0.9770278 -0.2973496 0.04835662 -0.9535433 -0.2805832 0.04836902 -0.9586102 -0.2972678 0.04859463 -0.9535567 -0.5520364 0.05022253 -0.8323061 -0.4709054 0.0499649 -0.8807676 -0.4863307 0.05015384 -0.8723342 -0.4142345 0.04964385 -0.9088153 -0.4195929 0.04962872 -0.9063547 -0.419575 0.04970049 -0.906359 -0.6240946 0.07510013 -0.7777313 -0.5774499 0.04913878 -0.814946 -0.5225632 0.07401443 -0.8493818 -0.2805304 0.04849663 -0.9586192 -0.3502142 0.0492617 -0.9353734 -0.35705 0.04935462 -0.9327805 -0.4138534 0.04971314 -0.9089851 0.002781499 0.04284465 -0.9990779 -0.06629056 0.04452338 -0.9968065 -0.05256856 0.04452227 -0.9976243 -0.1352519 0.04583245 -0.9897506 -0.1148942 0.04565628 -0.992328 -0.1763396 0.0467699 -0.9832176 0.2565845 0.03446662 -0.9659071 0.3158959 0.03273354 -0.948229 0.3475298 0.03124416 -0.9371483 0.3751782 0.03019544 -0.9264607 0.4138223 0.0282708 -0.9099186 0.4312691 0.02753687 -0.901803 0.4139093 0.02840573 -0.9098748 0.4315439 0.02775989 -0.9016647 0.4763181 0.02555208 -0.8789017 0.4879557 0.025038 -0.8725092 0.5384415 0.02233199 -0.8423669 0.5403966 0.04642827 -0.8401285 0.5384625 0.02235441 -0.8423529 0.5403525 0.04643884 -0.8401563 0.5968168 0.01921743 -0.8021474 0.592188 0.0445288 -0.8045685 0.6542203 0.01575439 -0.7561399 0.6408179 0.04256141 -0.7665122 0.670067 0.04134733 -0.7411482 0.7278139 0.01300023 -0.6856514 0.7467577 0.01370895 -0.6649548 -0.7055055 0.04881405 -0.7070213 -0.7308971 0.05082635 -0.6805925 -0.7581308 0.0768346 -0.6475601 -0.7862379 0.08121478 -0.6125635 -0.9078936 0.06722939 -0.4137746 -0.8585166 0.06240461 -0.5089744 -0.8770706 0.06419786 -0.4760523 -0.8565977 0.08595344 -0.5087753 -0.8406317 0.06057866 -0.5382086 -0.8404844 0.06087023 -0.5384058 -0.8228848 0.08369508 -0.5620104 -0.7864248 0.08153117 -0.6122816 -0.8007029 0.05712417 -0.5963319 -0.7546396 0.05254799 -0.6540319 -0.7151055 0.06922503 -0.6955804 -0.7042566 0.0685849 -0.7066249 -0.7054353 0.04862708 -0.7071043 -0.7042566 0.0685849 -0.7066249 -0.6832428 0.04882392 -0.7285572 -0.8239685 0.09417135 0.5587555 -0.8565952 0.09498127 0.5071718 -0.9014635 0.07441514 0.4264106 -0.888554 0.07345662 0.4528531 -0.9147506 0.07526781 0.3969459 -0.9310527 0.07617352 0.3568451 -0.9382559 0.07645652 0.3373875 -0.9545922 0.07778572 0.2875815 -0.9015495 0.07477332 0.4261661 -0.867372 0.07250937 0.4923497 -0.8231696 0.09412197 0.5599401 -0.8268148 0.06974949 0.5581329 -0.7860463 0.09276045 0.6111683 -0.7885647 0.06736644 0.6112507 -0.7448266 0.09398367 0.6606061 -0.7449861 0.06451605 0.6639529 -0.7494603 0.09361472 0.6553973 -0.9545698 0.07740179 0.2877592 -0.9382757 0.0757473 0.3374922 -0.9735185 0.07862997 0.2146602 -0.9572166 0.07702303 0.2789333 -0.9865487 0.07888873 0.1431719 -0.9729925 0.07836135 0.2171291 -0.984685 0.07846137 0.1556897 -0.9866915 0.0781142 0.1426117 -0.9925215 0.07853715 0.09345072 -0.9943517 0.07837343 0.07157025 -0.9925285 0.07873751 0.09320698 -0.9969592 0.07791965 0.0009021142 -0.9964606 0.07827977 0.03063654 -0.996967 0.07782333 0.0005937013 -0.9964584 0.07775677 -0.03200744 -0.9946008 0.07701092 -0.06955934 -0.9925244 0.0767419 -0.09490001 -0.9872588 0.07566181 -0.1399832 -0.9847627 0.07540194 -0.1567066 -0.9872298 0.07579121 -0.1401175 -0.9847166 0.07558678 -0.156907 -0.9747241 0.07424678 -0.2107138 -0.9728937 0.07407109 -0.219069 -0.9569022 0.07215458 -0.2813038 -0.9574757 0.07220406 -0.2793327 -0.956896 0.07213146 -0.2813311 -0.957506 0.07218483 -0.2792339 -0.9349923 0.06992244 -0.3477072 -0.9379771 0.07015842 -0.3395244 -0.9079652 0.06722017 -0.413619 -0.9151357 0.06777598 -0.397408 -0.8881137 0.06496075 -0.45501 -0.6521933 0.06326132 0.7554085 -0.6925982 0.08608918 0.7161678 -0.6787387 0.06251799 0.7317139 -0.7054353 0.06174916 0.7060794 -0.7054353 0.06174916 0.7060794 0.05485168 0.05981254 0.9967014 -0.006700751 0.06146578 0.9980867 5.438015e-05 0.06170109 0.9980947 -0.06937618 0.0635641 0.9955634 -0.06796499 0.06313731 0.9956879 -0.1319011 0.06439859 0.9891688 -0.1369836 0.06411962 0.9884959 -0.1926814 0.06533448 0.9790839 -0.2073502 0.06545336 0.9760747 -0.1932964 0.06511656 0.9789772 -0.2779751 0.06639374 0.958291 -0.2785046 0.06629919 0.9581438 0.2404569 0.05333548 0.9691934 0.1382905 0.05745868 0.9887235 0.2103786 0.05491628 0.9760764 0.2999 0.05067507 0.9526238 0.2831589 0.0516444 0.9576815 0.2998306 0.05091718 0.9526327 0.5542873 0.03718009 0.8314946 0.4732738 0.04199782 0.8799137 0.4886843 0.04123607 0.8714856 0.4166748 0.04511449 0.9079354 0.4220242 0.04477793 0.9054781 0.42201 0.04485059 0.9054811 0.6275043 0.05729897 0.7765019 0.579603 0.03446783 0.8141697 0.5260859 0.06277017 0.8481117 0.2831127 0.05177472 0.9576881 0.3527324 0.04852077 0.9344654 0.3595627 0.0482136 0.9318745 0.4162979 0.04520644 0.9081038 -9.52072e-05 0.06146356 0.9981093 0.06897061 0.05954261 0.9958402 0.0553112 0.06026155 0.996649 0.1379047 0.05716963 0.9887942 0.1175922 0.05808827 0.9913616 0.178966 0.05587024 0.9822676 -0.2539878 0.065545 0.964984 -0.3133324 0.06653934 0.9473095 -0.3450131 0.06647468 0.9362409 -0.3731001 0.0666509 0.925394 -0.4113839 0.06641243 0.9090394 -0.4292471 0.06642395 0.9007413 -0.4114639 0.06655095 0.9089931 -0.4291122 0.06666134 0.900788 -0.4739516 0.06633888 0.8780484 -0.4856033 0.06630591 0.871661 -0.5361758 0.06564301 0.84155 -0.5368897 0.08976302 0.8388636 -0.5361956 0.06566622 0.8415356 -0.5368567 0.08977221 0.8388837 -0.5946533 0.06479126 0.8013673 -0.588737 0.08987145 0.8033131 -0.6521809 0.0634341 0.7554046 -0.6374102 0.08970414 0.7652851 -0.6666963 0.08952654 0.7399331 -0.7258525 0.06316372 0.6849442 -0.7447446 0.06446233 0.664229 -0.5521221 0.05004355 -0.8322601 -0.6070229 0.04974833 -0.7931257 -0.6243456 0.0754962 -0.7774914 -0.6612379 0.04908652 -0.7485686 -0.6570391 0.07581543 -0.7500345 -0.6945346 0.07155613 -0.715892 0.5543636 0.03699612 0.8314519 0.6091578 0.03314948 0.7923559 0.6277752 0.05767708 0.7762549 0.6632456 0.02887146 0.7478447 0.6604287 0.05580364 0.7488123 0.6976638 0.04905654 0.7147438 -0.122789 0.9799169 -0.1571169 -0.04538394 0.9957394 -0.08027003 -0.02773056 0.9976481 -0.0626844 0.7155372 0.1156809 0.68893 0.171386 0.9756047 0.1371947 0.1659383 0.9756629 0.1433401 0.3090313 0.9478689 0.07774476 0.06986244 0.9472105 0.3129083 0.1586747 0.9296891 0.3324161 0.4026094 0.9115611 0.08343892 0.3156751 0.9067433 0.2795815 0.3116361 0.9074684 0.2817516 0.3591757 0.8742985 0.3264887 0.3600215 0.8759031 0.3212137 0.3276929 0.8758094 0.354366 0.4029603 0.8709635 0.2811505 0.4171047 0.8333157 0.362779 0.3486802 0.8196225 0.4545779 0.4269059 0.7858214 0.4474775 0.4807924 0.7970694 0.3654025 0.5076664 0.7584485 0.4086939 0.4668561 0.7495798 0.4692287 0.5027429 0.6961042 0.5125315 0.5491857 0.694057 0.465489 0.5610896 0.638293 0.5270299 0.5516088 0.6392193 0.5358418 0.5910104 0.5820195 0.5585338 0.5831868 0.5846607 0.5639726 0.5774261 0.5848727 0.5696517 0.6017761 0.5819148 0.5470289 0.6206189 0.5193327 0.587474 0.5890699 0.5045222 0.6312322 0.634915 0.4465669 0.6304451 0.6526972 0.4650995 0.5980542 0.6807492 0.4045614 0.6106641 0.6488163 0.3920373 0.6521841 0.6686324 0.3214182 0.6705379 0.6917662 0.3205264 0.6470876 0.6972293 0.2481778 0.672517 0.6843728 0.2491969 0.685226 0.7067136 0.1783235 0.6846581 0.6965036 0.1811241 0.6943175 0.6980464 0.1807659 0.69286 0.7091016 0.1782037 0.6822158 0.6892539 0.1098616 0.7161421 0.7068724 -0.02476834 -0.7069073 0.7068724 -0.02476834 -0.7069073 0.7068724 -0.02476834 -0.7069073 0.7068724 -0.02476834 -0.7069073 0.7068724 -0.02476834 -0.7069073 0.7068724 -0.02476834 -0.7069073 -0.118492 0.9796259 -0.1621504 -0.02773056 0.9976481 -0.0626844 -0.04538394 0.9957394 -0.08027003 -0.7090997 0.1389619 -0.6912794 -0.243496 0.9624314 -0.1201479 -0.05214662 0.949864 -0.3082843 -0.1312321 0.9312873 -0.3398266 -0.3428153 0.9298369 -0.1337196 -0.2157759 0.9408391 -0.2612712 -0.2290482 0.9424988 -0.2433781 -0.2722715 0.914592 -0.2989811 -0.2685984 0.9136003 -0.3052695 -0.283154 0.8804373 -0.3803341 -0.3662037 0.8820923 -0.2963242 -0.378084 0.8443639 -0.3796078 -0.2942207 0.8219043 -0.4877576 -0.3884638 0.7957386 -0.464646 -0.4404836 0.8114466 -0.3840945 -0.4660997 0.7718473 -0.4324383 -0.431544 0.7612579 -0.4840002 -0.4709892 0.7085179 -0.5255202 -0.5121675 0.7064831 -0.4884323 -0.5308749 0.6526801 -0.5405373 -0.5167092 0.6580157 -0.5477471 -0.5475722 0.6007115 -0.5825035 -0.5742548 0.5989114 -0.5581546 -0.5948555 0.536969 -0.5981733 -0.5604384 0.5186933 -0.6456517 -0.6120294 0.4649876 -0.6396925 -0.6283871 0.4850445 -0.6081623 -0.6585754 0.4249589 -0.6210381 -0.6288698 0.4109566 -0.6600284 -0.6527063 0.3412647 -0.676397 -0.6741368 0.3419482 -0.654684 -0.6843039 0.2700527 -0.6773476 -0.6710943 0.2699844 -0.6904643 -0.6977056 0.2012428 -0.6875378 -0.685746 0.2034667 -0.6988231 -0.6883304 0.2028041 -0.6964709 -0.699524 0.2008465 -0.6858038 -0.6828334 0.1312181 -0.7186935 -0.7068724 0.02476834 0.7069073 -0.7068724 0.02476834 0.7069073 -0.7068724 0.02476834 0.7069073 -0.7068724 0.02476834 0.7069073 -0.7068724 0.02476834 0.7069073 -0.7068724 0.02476834 0.7069073 0.09661111 0.9934018 0.06179992 0.07907096 0.9958898 0.04417346 0.07907096 0.9958898 0.04417346 0.09661111 0.9934018 0.06179992 0.8591562 0.07487019 0.5062066 0.8892707 0.07376697 0.4513935 0.8847895 0.1286788 0.447872 0.9159127 0.07236781 0.3947998 0.938957 0.07140721 0.3365424 0.934109 0.1263505 0.3338802 0.9933614 0.06583034 -0.09433721 0.985511 0.06563753 -0.1563962 0.9803887 0.1206105 -0.1558562 0.9738093 0.06518984 -0.2178205 0.9582384 0.06521258 -0.2784357 0.9533013 0.1201807 -0.27708 0.8892838 0.06518292 -0.452687 0.8548699 0.1206011 -0.5046314 0.5611081 0.7052268 -0.4333739 0.4800237 0.7875237 -0.3865018 0.4016693 0.8994721 -0.1720806 0.3077751 0.9423448 -0.1313799 0.320904 0.9423462 -0.09489093 0.275591 0.9607814 0.0307996 0.3257267 0.9436475 0.05857914 0.3317881 0.9431353 0.02030767 0.2637146 0.959921 -0.09490167 0.29016 0.9424782 -0.1659577 0.2510426 0.9599754 -0.1241968 0.7404031 0.238285 0.6285089 0.7495904 0.1426691 0.6463434 0.7107819 0.3473954 0.6116417 0.6725409 0.4432399 0.5926442 0.6332458 0.5553583 0.5390519 0.5971284 0.6317296 0.4943231 0.5294983 0.7145074 0.4572863 0.3384565 0.9025574 0.2661528 0.3764927 0.8618342 0.3398456 0.4527751 0.7845779 0.4235944 0.1730454 0.9397818 0.2947293 0.400758 0.9134971 -0.07011463 0.244379 0.9388491 -0.2425723 0.3781719 0.8996494 -0.2182132 0.4614516 0.845796 -0.2677527 0.2348089 0.9601379 -0.1516578 0.3461422 0.9014732 -0.2598683 0.413899 0.8483157 -0.3302242 0.5390666 0.781534 -0.3140251 0.4905432 0.8455786 -0.2106283 0.419199 0.8994734 -0.1233683 0.32936 0.9424793 -0.05705041 0.2725999 0.959976 -0.06430713 0.5734074 0.7812764 -0.2465989 0.6492204 0.7073726 -0.2795297 0.6100556 0.7076668 -0.3564264 0.7106481 0.439279 -0.5495573 0.6648109 0.5408838 -0.515239 0.6194339 0.6235973 -0.4768942 0.7455997 0.3342515 -0.5765042 0.769424 0.2279065 -0.5966954 0.7797716 0.1222488 -0.6140126 0.8384177 0.2296867 -0.4942669 0.8116808 0.335942 -0.4778255 0.7749611 0.4381128 -0.4555135 0.7287414 0.5348619 -0.4276198 0.6735534 0.6250838 -0.3944565 0.7170677 0.624755 -0.3090228 0.7760631 0.5345057 -0.3347084 0.825506 0.4377323 -0.3562727 0.8648242 0.3355457 -0.3734812 0.8935193 0.2292642 -0.3860843 0.9112411 0.1201803 -0.3939497 0.9389229 0.06497485 -0.3379381 0.9389352 0.06497953 -0.3379029 0.9158985 0.06521335 -0.3960771 0.9346295 0.2292673 -0.2718531 0.9044826 0.3355469 -0.2632859 0.8632147 0.4377371 -0.2514888 0.811368 0.5345073 -0.236609 0.7495358 0.6247551 -0.2188084 0.6784496 0.7073722 -0.1983197 0.599037 0.7812772 -0.1753868 0.5122535 0.8455803 -0.1503009 0.9611049 0.2296874 -0.1533658 0.9300199 0.3359504 -0.1489978 0.8875036 0.4381154 -0.1428014 0.8341051 0.5348664 -0.1348579 0.7704402 0.6250886 -0.1252442 0.6972736 0.7076688 -0.1140807 0.6155405 0.7815388 -0.1015233 0.5262372 0.8458013 -0.0877184 0.4304897 0.8996519 -0.07283563 0.9972891 0.0668864 0.03066922 0.9972774 0.06649221 -0.03188418 0.9920739 0.1214609 -0.03219744 0.993362 0.06583008 -0.09433106 0.9725251 0.2305178 -0.0325032 0.9410371 0.3367468 -0.03241466 0.8979803 0.4388756 -0.031931 0.8439175 0.5355739 -0.03104645 0.7794585 0.6257449 -0.02979572 0.705389 0.7082606 -0.02816427 0.6226592 0.782055 -0.02618391 0.5322695 0.8462378 -0.02388912 0.435357 0.9000058 -0.02130646 0.3330078 0.9427438 -0.01843854 0.4337328 0.9005274 0.03043297 0.5302562 0.8468844 0.04018992 0.6202808 0.7828199 0.04944413 0.702679 0.7091313 0.05809509 0.776451 0.6267081 0.06603591 0.8406419 0.5366279 0.07315494 0.8944832 0.4399996 0.07937301 0.9373601 0.3379277 0.08462169 0.9687126 0.2317456 0.08882478 0.9881738 0.1227128 0.09194653 0.985522 0.06835738 0.155157 0.9855491 0.06835188 0.1549873 0.9933666 0.06774705 0.09291433 0.4256382 0.9012101 0.08156301 0.5202298 0.847731 0.1035037 0.6084474 0.7838179 0.1241823 0.6891816 0.7102697 0.1433377 0.7614555 0.6279768 0.1607194 0.824337 0.5380045 0.1761238 0.8770677 0.4414705 0.1893568 0.9190474 0.3394762 0.2002692 0.9497283 0.2333394 0.2087315 0.968749 0.1243505 0.2146213 0.27859 0.9604097 -0.000932179 0.2775889 0.96014 -0.032796 0.958285 0.07017802 0.277065 0.9582553 0.07019105 0.2771642 0.9737931 0.06940616 0.2165865 0.9158688 0.235298 0.3252986 0.8863862 0.3413567 0.3127221 0.8460057 0.4432648 0.296295 0.7952576 0.5396838 0.2762368 0.7347182 0.6295193 0.252774 0.665113 0.7116613 0.2261921 0.5873447 0.7850336 0.1968462 0.50235 0.8487636 0.1650603 0.411199 0.9020436 0.1312734 0.314912 0.9442704 0.09583209 0.268645 0.9612494 0.06188266 0.867668 0.2375735 0.4367049 0.8398924 0.3435533 0.4201808 0.8017926 0.4453515 0.3984855 0.7538645 0.5416376 0.3719099 0.6966525 0.6313121 0.3407642 0.6308474 0.7132793 0.3053918 0.5572976 0.7864542 0.2662878 0.4768925 0.8499643 0.2239068 0.3906458 0.9030153 0.1787711 0.2995149 0.9449986 0.1314094 0.2578271 0.9618071 0.09193641 0.8215849 0.1312994 0.55476 0.8058918 0.2401368 0.5411772 0.7802995 0.3460221 0.5209619 0.7451195 0.4476967 0.4943324 0.7008048 0.5438394 0.4616398 0.647862 0.6333394 0.4232682 0.5869261 0.7150966 0.379677 0.5187871 0.7880516 0.3314131 0.4442649 0.8513168 0.2790849 0.3643046 0.9041066 0.2233237 0.2797891 0.9458156 0.1647756 0.2433846 0.9624423 0.1202863 0.2254429 0.9631497 0.1466906 0.4866378 0.0718579 -0.8706435 0.484812 0.1267901 -0.8653795 0.1960973 0.07816447 -0.9774641 0.1347833 0.07982784 -0.9876543 0.1352643 0.1347059 -0.9816098 -0.05128763 0.08437213 -0.9951135 -0.1132202 0.08620321 -0.9898233 -0.111079 0.1410365 -0.9837531 -0.2953895 0.09106366 -0.951027 -0.3540774 0.09294174 -0.9305864 -0.3503005 0.1477388 -0.9249123 -0.6571571 0.1647498 -0.7355284 -0.2462912 0.9202922 -0.3039786 -0.3108011 0.9404928 -0.1373899 -0.153865 0.9530355 -0.2608618 0.1048723 0.9625735 -0.2499082 0.1398688 0.9451522 -0.295168 0.1032996 0.9459825 -0.3073211 -0.1344017 0.9691375 -0.2066609 -0.5463496 0.5716243 -0.6121664 -0.3507194 0.8714935 -0.3427754 0.6848488 0.1377516 -0.7155463 0.6575474 0.2256694 -0.7188218 0.6618401 0.3309705 -0.6726264 0.6535922 0.4300512 -0.6227947 0.5945823 0.5509004 -0.5856455 0.5311971 0.6243648 -0.5727114 0.5243147 0.7010878 -0.4832908 0.4284424 0.8511472 -0.3032911 0.5080495 0.7713795 -0.3832225 0.4142568 0.907902 -0.06407317 0.3000721 0.9066551 -0.2965353 -0.1910861 0.8379579 -0.5111875 -0.6209823 0.3637965 -0.694286 -0.5951924 0.4815445 -0.6433202 -0.6324813 0.2630625 -0.7285365 -0.2146522 0.9137444 -0.3449575 -0.1210886 0.952003 -0.281119 -0.1085373 0.9683015 -0.2249709 -0.4175888 0.8117849 -0.4081971 -0.2727618 0.8632536 -0.4247284 -0.1709045 0.9123669 -0.3719924 -0.08604999 0.9509521 -0.2971286 -0.08060166 0.9674433 -0.2399102 -0.4661528 0.7239392 -0.5085407 -0.3275276 0.8021391 -0.4992981 -0.2185722 0.8615475 -0.4582161 -0.1241237 0.9109634 -0.3933687 -0.04928892 0.9498985 -0.3086477 -0.05102656 0.9665763 -0.2512498 -0.4871856 0.6565391 -0.5758529 -0.3782682 0.7311671 -0.5677216 -0.2635699 0.8001269 -0.5388208 -0.1606432 0.8598102 -0.4846856 -0.07504515 0.9095577 -0.4087456 -0.01136546 0.9488581 -0.3154982 -0.02026411 0.9657139 -0.2588165 -0.4243665 0.6511859 -0.629182 -0.3053193 0.7288699 -0.612804 -0.195184 0.7980742 -0.5700709 -0.09984953 0.8580668 -0.5037374 -0.02442574 0.908169 -0.4178904 0.02711231 0.9478484 -0.3175664 0.01122037 0.9648687 -0.2624927 -0.3433304 0.6486336 -0.6792634 -0.3770936 0.5604667 -0.7373449 -0.4652189 0.5632453 -0.6828807 -0.5727594 0.09967653 -0.8136407 -0.5675303 0.154415 -0.8087431 -0.551817 0.2627252 -0.7915007 -0.5293325 0.3678195 -0.7645364 -0.5003407 0.4684293 -0.7281712 -0.4062114 0.4654608 -0.786345 -0.4303538 0.3647025 -0.8257044 -0.4492104 0.2595008 -0.854909 -0.4625484 0.1511058 -0.8736224 -0.4113998 0.09446366 -0.9065466 -0.411727 0.09447838 -0.9063966 -0.4674054 0.09634169 -0.8787778 -0.3394989 0.2562107 -0.9050395 -0.3245343 0.3615291 -0.8740562 -0.3055785 0.4624429 -0.8323271 -0.2828705 0.5576398 -0.7803987 -0.2566842 0.6460338 -0.7188557 -0.2273271 0.7265317 -0.6484397 -0.1747584 0.08768596 -0.9806991 -0.2354878 0.08954239 -0.9677436 -0.2325325 0.1443664 -0.9618144 -0.2953658 0.0910651 -0.9510343 -0.2243929 0.25291 -0.9411081 -0.2135027 0.3583455 -0.9088482 -0.1999842 0.459415 -0.8654156 -0.1840201 0.5548102 -0.8113706 -0.16578 0.6434265 -0.7473415 -0.1455025 0.7241852 -0.6740807 -0.1234371 0.7960174 -0.5925534 -0.1056886 0.2496538 -0.9625502 -0.09900269 0.3552077 -0.92953 -0.09109024 0.4564269 -0.8850859 -0.08207588 0.5520115 -0.8297872 -0.07204096 0.6408577 -0.7642719 -0.06111074 0.7218686 -0.6893267 -0.04943825 0.7939875 -0.6059206 -0.03715861 0.856347 -0.5150621 0.07290382 0.08118612 -0.9940291 0.01077361 0.0829498 -0.9964955 0.01215365 0.1378003 -0.9903855 -0.05137826 0.08437562 -0.9951086 0.01475736 0.2464906 -0.9690328 0.01718306 0.3521561 -0.9357835 0.01939755 0.4535293 -0.8910303 0.02137658 0.5492919 -0.835357 0.02308677 0.6383612 -0.7693906 0.02451536 0.7196217 -0.6939334 0.02564094 0.7920154 -0.6099624 0.02645036 0.8546772 -0.5184855 0.026945 0.9068205 -0.4206548 0.1350786 0.243472 -0.9604557 0.1332404 0.3492464 -0.9275095 0.1297664 0.4507641 -0.8831605 0.1247076 0.5467025 -0.8279882 0.1181093 0.6359767 -0.7626164 0.1100566 0.7174734 -0.6878368 0.100643 0.790133 -0.6046163 0.08999844 0.8530825 -0.5139558 0.0782485 0.9055343 -0.4169951 0.0655409 0.946884 -0.3148256 0.3161693 0.0753731 -0.9457039 0.2565932 0.07692322 -0.9634536 0.2563215 0.1318148 -0.9575616 0.1960328 0.07817434 -0.9774763 0.2534075 0.2406376 -0.9369516 0.2473799 0.3465167 -0.9048367 0.2383142 0.4481677 -0.8615986 0.2263221 0.5442745 -0.8078017 0.2115459 0.6337445 -0.7440539 0.1941656 0.7154638 -0.6711268 0.1743975 0.7883694 -0.5899655 0.1524926 0.8515878 -0.5015418 0.128704 0.9043272 -0.4069738 0.1775191 0.9032201 -0.3907435 0.2129457 0.8502185 -0.481438 0.2457515 0.7867526 -0.566239 0.2755409 0.7136196 -0.6440685 0.3019556 0.6316934 -0.7139931 0.3246421 0.5420437 -0.7751104 0.3433272 0.4457889 -0.8266793 0.3578013 0.3440177 -0.8681187 0.3678862 0.2380424 -0.8988857 0.3734472 0.1291614 -0.9186155 0.07429539 0.9632854 -0.257995 0.042892 0.9640553 -0.2622168 0.431405 0.07283638 -0.8992133 0.4311479 0.07283847 -0.8993364 0.3742607 0.07424506 -0.9243466 0.476736 0.2357231 -0.8468515 0.4628016 0.3417736 -0.8179275 0.4431715 0.4436628 -0.7789495 0.4181214 0.5400523 -0.7304231 0.3879172 0.6298596 -0.672902 0.3529254 0.7119695 -0.6070775 0.3136086 0.7853066 -0.5338007 0.2704282 0.8489942 -0.4539576 0.2239371 0.9022304 -0.3685545 0.1746597 0.9444107 -0.2785362 0.1343081 0.961926 -0.2380328 0.5886825 0.1247325 -0.7986831 0.5782551 0.2337204 -0.7816622 0.5607317 0.3398346 -0.7550446 0.5363058 0.4418173 -0.7191478 0.505307 0.5383294 -0.6744378 0.4680914 0.6282728 -0.6214208 0.425101 0.7105411 -0.5607321 0.376893 0.7840543 -0.4931638 0.3240374 0.8479335 -0.4195338 0.267225 0.9013738 -0.3407579 0.2070636 0.9437701 -0.2577259 0.1619839 0.9613561 -0.222611 0.1874972 0.9608731 -0.2038814 -0.8544058 0.1095836 -0.5079194 -0.884511 0.1110492 -0.4531096 -0.8772079 0.1657134 -0.4506055 -0.9535082 0.1142522 -0.2788701 -0.9690337 0.1154024 -0.2183025 -0.9611676 0.170043 -0.2173529 -0.9886115 0.1186089 0.0926246 -0.9807517 0.119164 0.1546803 -0.9728071 0.173781 0.1531226 -0.934184 0.1194728 0.3361942 -0.9111388 0.1196054 0.394361 -0.9036589 0.1742119 0.3912172 -0.8845338 0.1192557 0.4509744 -0.8472885 0.1737836 0.5018979 -0.3676659 0.8756929 0.3130235 -0.3036725 0.9195584 0.2493898 -0.331263 0.9218151 0.2013001 -0.2287896 0.973327 -0.01702348 -0.2828165 0.9584224 -0.03796453 -0.2840362 0.9588132 0.0007816832 -0.1850086 0.9735993 0.1337021 -0.2411884 0.9590803 0.1483008 -0.1864021 0.9547683 0.2316718 -0.2588035 0.9592121 0.1137231 -0.2012423 0.973763 0.1062411 -0.7415118 0.1690641 -0.6492901 -0.7274475 0.2647357 -0.6330364 -0.6926923 0.3720369 -0.6178721 -0.6496255 0.4659404 -0.600738 -0.6030527 0.5773066 -0.5504948 -0.5635179 0.6534657 -0.505401 -0.4941055 0.7319635 -0.4691366 -0.3322571 0.8717279 -0.3601328 -0.4135426 0.7983749 -0.4376986 -0.1419237 0.9435351 -0.2993313 -0.2829128 0.9190465 -0.2744339 -0.318939 0.9477372 0.008488991 -0.4385158 0.8185391 0.3710763 -0.4171804 0.873248 0.2517906 -0.3547604 0.9219914 0.1551675 -0.2719324 0.959212 0.07723406 -0.2139142 0.9738172 0.076946 -0.5232678 0.741271 0.4203667 -0.5866463 0.6630088 0.4650435 -0.6866495 0.4856429 0.5409837 -0.6362739 0.5836417 0.5044977 -0.7270249 0.3828799 0.5699454 -0.756438 0.2780964 0.592 -0.7721703 0.1735915 0.6112438 -0.8252486 0.2816667 0.4895188 -0.7930863 0.3860816 0.4711212 -0.7511673 0.4857955 0.4469346 -0.7000427 0.5795032 0.4172724 -0.6403002 0.6661342 0.382467 -0.5726543 0.7446196 0.3429413 -0.4979778 0.8139356 0.2992104 -0.8803506 0.2820733 0.3813363 -0.8462294 0.3864848 0.3667768 -0.8017122 0.4861754 0.3476938 -0.7473644 0.5798589 0.324361 -0.6838145 0.66646 0.2970333 -0.6118191 0.7449145 0.2660446 -0.5323186 0.8141947 0.2317842 -0.4462719 0.8734681 0.1946661 -0.9690592 0.1192546 0.2161078 -0.9534788 0.1196007 0.2767197 -0.9457199 0.1742084 0.2743452 -0.9341746 0.1194687 0.3362218 -0.9214608 0.2820724 0.2671051 -0.8858879 0.3864822 0.2565815 -0.8394208 0.4861765 0.2429098 -0.7826693 0.5798572 0.2262616 -0.7162827 0.6664571 0.2068189 -0.6410483 0.7449116 0.1848345 -0.5579482 0.8141931 0.1605721 -0.4679821 0.8734677 0.1343387 -0.3722901 0.921991 0.1064551 -0.9479361 0.2816557 0.1486177 -0.9114252 0.3860787 0.1422934 -0.8637099 0.4857875 0.1342226 -0.8054064 0.5794978 0.1245105 -0.7371869 0.6661298 0.1132546 -0.6598724 0.7446133 0.1005956 -0.5744516 0.813933 0.0867086 -0.4819658 0.8732468 0.07175623 -0.3835808 0.9218126 0.05592247 -0.2803884 0.9590779 0.03939355 -0.9925394 0.1175458 -0.03238176 -0.992518 0.1183124 0.03016818 -0.9844921 0.1729367 0.02946382 -0.9886121 0.1186086 0.09261846 -0.9593562 0.2808298 0.02775509 -0.9224426 0.3852774 0.02571033 -0.8741866 0.4850283 0.02335212 -0.815219 0.5787828 0.02069912 -0.7462051 0.665478 0.01780611 -0.6679877 0.7440276 0.01467908 -0.5815703 0.8134167 0.0113692 -0.4879982 0.8728086 0.007926962 -0.388448 0.9214602 0.004393286 -0.3868239 0.9209374 -0.04734613 -0.4859849 0.8721614 -0.05615207 -0.5791919 0.8126546 -0.06425886 -0.6652776 0.7431568 -0.07158027 -0.7431979 0.6645066 -0.07802544 -0.8119433 0.577733 -0.08350231 -0.8706895 0.4839051 -0.0879519 -0.9187656 0.3840956 -0.09132602 -0.9555435 0.2796082 -0.09357294 -0.9805921 0.1716823 -0.09468013 -0.2277886 0.9735975 0.01484033 -0.2227995 0.9737617 0.04635146 -0.9807716 0.1160988 -0.1568697 -0.9807988 0.1160979 -0.1567 -0.9886075 0.1170482 -0.09463024 -0.9365597 0.2779973 -0.2134795 -0.9004527 0.3825531 -0.2069735 -0.853274 0.4824365 -0.1979357 -0.7956384 0.5763575 -0.1864712 -0.7282021 0.6632445 -0.172709 -0.6517803 0.7420169 -0.1568229 -0.5673585 0.8116552 -0.138997 -0.4759585 0.8713159 -0.1194659 -0.3787293 0.9202535 -0.09847616 -0.2767551 0.9579116 -0.07623601 -0.2257907 0.972955 -0.04875525 -0.9111627 0.1120735 -0.3965124 -0.9341981 0.1133815 -0.3382582 -0.9265262 0.1680448 -0.3366158 -0.9535342 0.1142454 -0.278784 -0.9026999 0.2760471 -0.3300467 -0.8677917 0.3806629 -0.3194264 -0.8222119 0.4806449 -0.3048739 -0.7665589 0.5746798 -0.2865842 -0.7014648 0.6617003 -0.2647636 -0.6277116 0.7406301 -0.2396773 -0.5462559 0.8104345 -0.2116609 -0.4580786 0.8702844 -0.1810224 -0.3642901 0.9194202 -0.1481866 -0.2659404 0.9572857 -0.1134889 -0.2188447 0.972488 -0.07983833 -0.8544991 0.2737711 -0.4414529 -0.8212978 0.3784692 -0.4268851 -0.7779988 0.4785566 -0.4070644 -0.7251659 0.5727249 -0.3822573 -0.6633995 0.6598985 -0.3527537 -0.593446 0.7390124 -0.3188771 -0.5162088 0.8090178 -0.2811025 -0.4326212 0.869081 -0.239869 -0.3437369 0.9184512 -0.1956843 -0.2505432 0.9565602 -0.1490663 -0.2080268 0.9719303 -0.1098921 -0.8140038 0.1630945 -0.5574926 -0.7927228 0.2712123 -0.5459253 -0.7617051 0.375997 -0.5276662 -0.721326 0.4762028 -0.5029113 -0.6721061 0.5705274 -0.4719872 -0.6146087 0.6578805 -0.4352578 -0.5495248 0.7371879 -0.3931622 -0.4776982 0.8074223 -0.3462278 -0.3999936 0.8677283 -0.295047 -0.3173957 0.9173583 -0.2402369 -0.2308175 0.9557414 -0.1824324 -0.1935843 0.9712952 -0.1382419 -0.1756426 0.9705881 -0.1646463 -0.4818783 0.1129532 0.8689274 -0.4772292 0.1676121 0.8626462 -0.3114187 0.1090841 0.943991 -0.251812 0.1078863 0.9617439 -0.2487444 0.1625782 0.954827 -0.0681579 0.1032561 0.9923168 -0.006013657 0.1018593 0.9947806 -0.004572832 0.1565936 0.9876525 0.4164833 0.08995886 0.9046817 0.4721644 0.08844837 0.877062 0.4701345 0.1432866 0.870886 0.6651185 0.1445043 0.7326226 0.2995973 0.9048358 0.3025121 0.3683312 0.9247289 0.09596129 0.2028368 0.9485297 0.2432049 -0.05507185 0.9711669 0.2319525 -0.09089698 0.9564128 0.2775111 -0.05432777 0.9555853 0.2896641 0.1842022 0.9646035 0.1887052 0.5741475 0.5543703 0.6025183 0.5010267 0.7120839 0.4918422 0.3898545 0.8595989 0.3303078 -0.6763481 0.1861026 0.7126844 -0.6454532 0.2715741 0.7138891 -0.645023 0.3773465 0.664496 -0.6308256 0.4750182 0.6135281 -0.5626373 0.5916098 0.5774402 -0.5015385 0.6583103 0.5613258 -0.4914318 0.736685 0.4645319 -0.2641341 0.9167484 0.2996756 -0.375049 0.8802367 0.2907262 -0.4684282 0.8040132 0.3662484 -0.3882493 0.9213882 0.01750159 0.3031755 0.782544 0.5437918 0.6400368 0.3443799 0.6868445 0.6193811 0.4624751 0.6344162 0.6459544 0.2428825 0.7237065 0.2615613 0.9077294 0.3280443 0.1700604 0.9495616 0.2634621 0.1583377 0.9654397 0.2070152 -0.01656911 0.9546812 0.2971687 -0.03133943 0.9159424 0.4000842 0.01996328 0.9146545 0.4037431 0.4585687 0.7972522 0.3925604 0.3170334 0.8558037 0.4087661 0.2178137 0.9091072 0.3550792 0.1350218 0.9506128 0.2794717 0.1304021 0.9662978 0.2219545 0.3686165 0.793346 0.4844832 0.2628438 0.8575107 0.4422539 0.1710329 0.9105103 0.3764555 0.09826071 0.9516665 0.2909908 0.100827 0.9671648 0.2332941 0.08142111 0.8627094 0.4991022 0.09052628 0.8014987 0.5911047 0.164522 0.7994677 0.5777404 0.5225621 0.6357752 0.5680834 0.4156693 0.7211383 0.5542369 0.3046623 0.7953622 0.5240036 0.2049151 0.8592494 0.4687219 0.1219544 0.9119181 0.3918323 0.06033724 0.9527067 0.2978412 0.07006455 0.9680274 0.2408608 0.4576136 0.6400442 0.6171979 0.3427216 0.7234324 0.5993226 0.2362715 0.7974115 0.5552573 0.1441202 0.8609909 0.4877746 0.07133495 0.9133064 0.4009772 0.02185949 0.9537172 0.2999094 0.03858005 0.9688721 0.244537 0.5775193 0.08514707 0.8119246 0.575112 0.1399818 0.8060095 0.5649859 0.2486186 0.7867527 0.5479273 0.3542123 0.757832 0.5241347 0.455488 0.7195925 0.4939144 0.5511314 0.6725345 0.4623827 0.2518565 0.8501591 0.4489518 0.3573292 0.8189983 0.4300077 0.4584495 0.7777644 0.4057894 0.553907 0.7269952 0.3765763 0.6425963 0.6672783 0.300135 0.09337015 0.9493161 0.358837 0.09184043 0.928871 0.3578771 0.1466491 0.9221811 0.4161445 0.08995637 0.9048379 0.3526704 0.2551494 0.9002902 0.343126 0.3605063 0.8673522 0.3293647 0.4614684 0.823751 0.3115708 0.5567332 0.7700466 0.2899446 0.6451969 0.7068614 0.2647304 0.7257714 0.6349596 0.179497 0.09675608 0.9789888 0.2402477 0.09525259 0.9660269 0.2401082 0.1500247 0.9590832 0.3001158 0.09338267 0.9493209 0.2375599 0.2584453 0.9363607 0.2320956 0.3636935 0.9021412 0.223773 0.4644942 0.8568376 0.2127167 0.5595617 0.8010258 0.1990405 0.6478001 0.7353488 0.1829063 0.7281194 0.6605963 0.09851248 0.7304339 0.6758414 0.1052877 0.6503715 0.7522841 0.1107687 0.5623574 0.8194416 0.1148944 0.4674838 0.8765034 0.1175992 0.366833 0.9228239 0.1188579 0.2617014 0.9578023 0.1186673 0.1533577 0.9810196 0.0561308 0.1000623 0.9933966 0.05607811 0.1000646 0.9933994 0.1180055 0.09860035 0.9881056 -0.001594263 0.2648676 0.9642835 0.001405313 0.3698792 0.9290788 0.004396413 0.470386 0.8824498 0.007326158 0.5650763 0.8250062 0.01017079 0.6528709 0.7574009 0.01287865 0.73268 0.6804514 0.0154495 0.8034701 0.5951447 0.01781265 0.86438 0.5025235 -0.0457195 0.8659754 0.4979923 -0.05955674 0.8053488 0.5898019 -0.07264412 0.7348298 0.67435 -0.08484785 0.6552546 0.7506279 -0.09601167 0.5676657 0.8176413 -0.1059857 0.4731523 0.8745822 -0.1146537 0.3727948 0.9208032 -0.1219164 0.2678879 0.9557052 -0.1276866 0.1596826 0.9788757 -0.1912824 0.1062777 0.9757644 -0.1912887 0.1062811 0.9757628 -0.1299443 0.1049713 0.985949 -0.2402367 0.2707131 0.9322021 -0.2287839 0.375524 0.8981312 -0.21452 0.4757496 0.8530202 -0.1976256 0.5700961 0.7974551 -0.1783028 0.657485 0.7320667 -0.1567619 0.7368409 0.6576406 -0.133308 0.8071136 0.5751493 -0.1082151 0.8674686 0.4855798 -0.08179423 0.9171487 0.3900615 -0.1306099 0.9182549 0.3738302 -0.1686741 0.8688391 0.4654758 -0.2046633 0.8087314 0.5514222 -0.2381472 0.7386833 0.6305815 -0.2687045 0.6595368 0.7020037 -0.2959395 0.5723249 0.7647641 -0.3195299 0.4781304 0.8181027 -0.339204 0.3780285 0.8614146 -0.3547179 0.2733021 0.8941371 -0.3658713 0.1652348 0.9158797 -0.024495 0.9704541 0.2400393 0.006908409 0.9696849 0.2442611 -0.4266529 0.1116202 0.8975011 -0.4267984 0.1116262 0.8974312 -0.3699068 0.1105749 0.9224653 -0.4635684 0.2756211 0.8421029 -0.444206 0.3802598 0.8112234 -0.4193768 0.4802619 0.7703711 -0.3894216 0.5743191 0.7200753 -0.3546649 0.6613687 0.6609117 -0.3155244 0.7403324 0.5935927 -0.2725196 0.8101773 0.5189854 -0.226159 0.870065 0.4379943 -0.1770279 0.919244 0.3516412 -0.125688 0.9571544 0.2608792 -0.08450769 0.9718151 0.2200771 -0.5811024 0.1696661 0.7959481 -0.5650875 0.2776373 0.7769129 -0.5421386 0.3821959 0.7483395 -0.512512 0.4821029 0.710569 -0.4766081 0.5760461 0.6640901 -0.434837 0.6629555 0.6094315 -0.3876991 0.7417613 0.5472473 -0.3358034 0.81143 0.4783488 -0.2797671 0.8711264 0.4035705 -0.2203161 0.9201007 0.3238448 -0.1580917 0.9577964 0.240069 -0.1121835 0.9723842 0.2046553 -0.1376968 0.9728675 0.1859257</float_array>
          <technique_common>
            <accessor count="1322" source="#normals-array-array" stride="3">
              <param type="float" name="X"/>
              <param type="float" name="Y"/>
              <param type="float" name="Z"/>
            </accessor>
          </technique_common>
        </source>
        <vertices id="verts-array-vertices">
          <input semantic="POSITION" source="#verts-array"/>
        </vertices>
        <triangles count="2028" material="material0">
          <input offset="0" semantic="VERTEX" source="#verts-array-vertices"/>
          <input offset="1" semantic="NORMAL" source="#normals-array"/>
          <p>0 0 1 1 2 2 0 0 2 2 3 3 4 4 5 5 6 6 7 7 6 6 5 5 6 6 7 7 8 8 9 9 8 8 7 7 8 8 9 9 10 10 11 11 10 10 9 9 10 10 11 11 12 12 13 13 12 12 11 11 12 12 13 13 14 14 15 15 14 14 13 13 14 14 15 15 16 16 17 17 16 16 15 15 16 16 17 17 18 18 19 19 18 18 17 17 18 18 19 19 20 20 21 21 20 20 19 19 20 20 21 21 22 22 23 23 22 22 21 21 22 22 23 23 24 24 25 25 24 24 23 23 24 24 25 25 26 26 27 27 26 26 25 25 26 26 27 27 28 28 29 29 28 28 27 27 28 28 29 29 30 30 31 31 30 30 29 29 30 30 31 31 32 32 33 33 32 32 31 31 32 32 33 33 34 34 35 35 34 34 33 33 34 34 35 35 36 36 37 37 36 36 35 35 36 36 37 37 38 38 39 39 38 38 37 37 38 38 39 39 40 40 41 41 40 40 39 39 40 40 41 41 42 42 43 43 42 42 41 41 42 42 43 43 2 2 44 44 2 2 43 43 2 2 44 44 3 3 45 45 3 3 44 44 5 5 46 46 47 47 48 48 47 47 46 46 47 47 48 48 49 49 4 4 50 50 51 51 52 52 51 51 50 50 51 51 52 52 53 53 54 54 55 55 56 56 57 57 56 56 55 55 56 56 57 57 58 58 59 59 60 60 61 61 61 61 62 62 59 59 63 63 59 59 62 62 59 59 63 63 64 64 65 65 66 66 67 67 68 68 67 67 66 66 67 67 68 68 69 69 70 70 71 71 72 72 70 70 72 72 73 73 74 74 73 73 75 75 72 72 75 75 73 73 75 75 72 72 76 76 77 77 76 76 72 72 76 76 77 77 78 78 79 79 78 78 77 77 78 78 79 79 80 80 81 81 80 80 79 79 80 80 81 81 82 82 83 83 82 82 81 81 82 82 83 83 84 84 85 85 84 84 83 83 84 84 85 85 86 86 87 87 86 86 85 85 86 86 87 87 88 88 89 89 88 88 87 87 88 88 89 89 90 90 91 91 90 90 89 89 90 90 91 91 92 92 93 93 92 92 91 91 92 92 93 93 94 94 95 95 94 94 93 93 94 94 95 95 96 96 97 97 96 96 95 95 96 96 97 97 98 98 99 99 98 98 97 97 98 98 99 99 100 100 101 101 100 100 99 99 100 100 101 101 102 102 103 103 102 102 101 101 102 102 103 103 104 104 105 105 104 104 103 103 104 104 105 105 106 106 107 107 106 106 105 105 106 106 107 107 108 108 109 109 108 108 107 107 108 108 109 109 110 110 111 111 110 110 109 109 110 110 111 111 54 54 65 65 54 54 111 111 112 112 113 113 114 114 114 114 115 115 112 112 116 116 112 112 115 115 112 112 116 116 117 117 68 68 49 49 69 69 48 48 69 69 49 49 118 118 119 119 48 48 53 53 48 48 119 119 52 52 58 58 53 53 57 57 53 53 58 58 53 53 57 57 48 48 120 120 48 48 57 57 48 48 120 120 69 69 121 121 69 69 120 120 122 122 123 123 124 124 125 125 126 126 124 124 127 127 124 124 128 128 129 129 128 128 124 124 130 130 131 131 132 132 127 127 133 133 124 124 134 134 124 124 133 133 124 124 134 134 135 135 136 136 137 137 124 124 138 138 124 124 137 137 124 124 138 138 139 139 140 140 141 141 124 124 142 142 124 124 141 141 124 124 142 142 129 129 135 135 143 143 124 124 144 144 124 124 143 143 124 124 144 144 145 145 145 145 146 146 124 124 147 147 124 124 146 146 124 124 147 147 148 148 148 148 149 149 124 124 150 150 124 124 149 149 124 124 150 150 151 151 152 152 153 153 124 124 154 154 124 124 153 153 124 124 154 154 155 155 130 130 132 132 156 156 131 131 157 157 132 132 158 158 132 132 157 157 132 132 158 158 159 159 160 160 161 161 162 162 163 163 162 162 161 161 126 126 164 164 124 124 165 165 124 124 164 164 124 124 165 165 136 136 139 139 166 166 124 124 167 167 124 124 166 166 124 124 167 167 168 168 151 151 169 169 124 124 170 170 124 124 169 169 124 124 170 170 152 152 171 171 124 124 172 172 173 173 172 172 124 124 125 125 124 124 132 132 174 174 132 132 124 124 132 132 174 174 156 156 159 159 175 175 132 132 176 176 132 132 175 175 132 132 176 176 177 177 178 178 179 179 132 132 180 180 132 132 179 179 132 132 180 180 162 162 160 160 162 162 181 181 182 182 181 181 162 162 181 181 182 182 183 183 184 184 185 185 186 186 187 187 188 188 162 162 189 189 162 162 188 188 162 162 189 189 190 190 190 190 191 191 162 162 192 192 162 162 191 191 162 162 192 192 193 193 168 168 194 194 124 124 195 195 124 124 194 194 124 124 195 195 140 140 155 155 196 196 124 124 197 197 124 124 196 196 124 124 197 197 173 173 171 171 198 198 124 124 199 199 124 124 198 198 124 124 199 199 200 200 201 201 202 202 124 124 203 203 124 124 202 202 124 124 203 203 204 204 205 205 206 206 122 122 177 177 207 207 132 132 208 208 132 132 207 207 132 132 208 208 178 178 183 183 209 209 181 181 210 210 181 181 209 209 181 181 210 210 184 184 162 162 211 211 212 212 193 193 213 213 162 162 214 214 162 162 213 213 162 162 214 214 215 215 204 204 216 216 124 124 217 217 124 124 216 216 124 124 217 217 218 218 184 184 219 219 220 220 221 221 222 222 223 223 224 224 223 223 222 222 186 186 225 225 184 184 226 226 184 184 225 225 184 184 226 226 181 181 227 227 228 228 162 162 229 229 162 162 228 228 162 162 229 229 211 211 212 212 230 230 162 162 231 231 162 162 230 230 162 162 231 231 232 232 215 215 233 233 162 162 234 234 162 162 233 233 162 162 234 234 132 132 200 200 235 235 124 124 236 236 124 124 235 235 124 124 236 236 237 237 237 237 238 238 124 124 239 239 124 124 238 238 124 124 239 239 201 201 218 218 240 240 124 124 241 241 124 124 240 240 124 124 241 241 242 242 242 242 243 243 124 124 244 244 124 124 243 243 124 124 244 244 245 245 246 246 247 247 248 248 245 245 249 249 124 124 246 246 124 124 249 249 124 124 246 246 122 122 248 248 122 122 246 246 122 122 248 248 205 205 250 250 185 185 221 221 184 184 221 221 185 185 221 221 184 184 222 222 220 220 222 222 184 184 163 163 251 251 162 162 252 252 162 162 251 251 162 162 252 252 227 227 232 232 253 253 162 162 254 254 162 162 253 253 162 162 254 254 255 255 255 255 256 256 162 162 257 257 162 162 256 256 162 162 257 257 187 187 258 258 259 259 260 260 261 261 260 260 259 259 262 262 263 263 264 264 265 265 264 264 263 263 264 264 265 265 266 266 267 267 266 266 265 265 265 265 268 268 267 267 269 269 267 267 268 268 267 267 269 269 270 270 261 261 270 270 269 269 270 270 261 261 271 271 259 259 271 271 261 261 260 260 272 272 258 258 273 273 258 258 272 272 258 258 273 273 274 274 275 275 274 274 273 273 274 274 275 275 276 276 277 277 278 278 279 279 278 278 280 280 279 279 281 281 279 279 280 280 279 279 281 281 282 282 283 283 282 282 281 281 282 282 283 283 284 284 279 279 285 285 277 277 286 286 277 277 285 285 277 277 286 286 287 287 288 288 287 287 286 286 287 287 288 288 289 289 290 290 289 289 288 288 289 289 290 290 291 291 292 292 291 291 290 290 291 291 292 292 293 293 284 284 283 283 294 294 295 295 294 294 283 283 294 294 295 295 296 296 297 297 296 296 295 295 296 296 297 297 298 298 297 297 299 299 298 298 300 300 298 298 299 299 298 298 300 300 301 301 302 302 301 301 300 300 301 301 302 302 303 303 304 304 303 303 302 302 303 303 304 304 305 305 306 306 305 305 304 304 305 305 306 306 307 307 308 308 307 307 306 306 307 307 308 308 309 309 310 310 309 309 308 308 309 309 310 310 311 311 312 312 311 311 310 310 311 311 312 312 313 313 314 314 313 313 312 312 313 313 314 314 315 315 316 316 315 315 314 314 315 315 316 316 317 317 318 318 317 317 316 316 317 317 318 318 319 319 320 320 319 319 318 318 319 319 320 320 321 321 322 322 321 321 320 320 321 321 322 322 323 323 324 324 323 323 322 322 323 323 324 324 262 262 325 325 262 262 324 324 262 262 325 325 263 263 326 326 327 327 328 328 71 71 328 328 327 327 328 328 71 71 329 329 70 70 329 329 71 71 329 329 70 70 330 330 331 331 332 332 333 333 334 334 333 333 332 332 333 333 334 334 335 335 336 336 335 335 334 334 335 335 336 336 337 337 338 338 337 337 336 336 337 337 338 338 339 339 340 340 339 339 338 338 339 339 340 340 341 341 342 342 341 341 340 340 343 343 344 344 345 345 343 343 345 345 346 346 347 347 346 346 345 345 346 346 347 347 348 348 349 349 350 350 351 351 352 352 351 351 350 350 351 351 352 352 353 353 354 354 353 353 352 352 355 355 356 356 349 349 357 357 349 349 356 356 349 349 357 357 350 350 347 347 358 358 348 348 359 359 348 348 358 358 348 348 359 359 360 360 354 354 360 360 359 359 360 360 354 354 361 361 352 352 361 361 354 354 333 333 362 362 331 331 363 363 331 331 362 362 331 331 363 363 364 364 365 365 364 364 363 363 364 364 365 365 366 366 344 344 366 366 365 365 366 366 344 344 367 367 343 343 367 367 344 344 340 340 368 368 342 342 369 369 342 342 368 368 342 342 369 369 370 370 371 371 370 370 369 369 370 370 371 371 372 372 373 373 372 372 371 371 372 372 373 373 374 374 375 375 374 374 373 373 374 374 375 375 376 376 377 377 376 376 375 375 376 376 377 377 378 378 379 379 378 378 377 377 378 378 379 379 380 380 381 381 380 380 379 379 380 380 381 381 382 382 383 383 382 382 381 381 382 382 383 383 384 384 385 385 384 384 383 383 384 384 385 385 326 326 386 386 326 326 385 385 326 326 386 386 327 327 70 70 73 73 330 330 74 74 330 330 73 73 330 330 74 74 387 387 293 293 387 387 74 74 387 387 293 293 388 388 292 292 388 388 293 293 389 389 390 390 391 391 392 392 391 391 390 390 393 393 394 394 395 395 396 396 395 395 394 394 395 395 396 396 397 397 398 398 397 397 396 396 396 396 399 399 398 398 400 400 398 398 399 399 398 398 400 400 401 401 392 392 401 401 400 400 401 401 392 392 402 402 390 390 402 402 392 392 391 391 403 403 389 389 404 404 389 389 403 403 389 389 404 404 405 405 406 406 405 405 404 404 405 405 406 406 407 407 408 408 409 409 410 410 409 409 411 411 410 410 412 412 410 410 411 411 410 410 412 412 413 413 414 414 413 413 412 412 413 413 414 414 415 415 410 410 416 416 408 408 417 417 408 408 416 416 408 408 417 417 418 418 419 419 418 418 417 417 418 418 419 419 420 420 421 421 420 420 419 419 420 420 421 421 422 422 423 423 422 422 421 421 422 422 423 423 424 424 415 415 414 414 425 425 426 426 425 425 414 414 425 425 426 426 427 427 428 428 427 427 426 426 427 427 428 428 429 429 428 428 430 430 429 429 431 431 429 429 430 430 429 429 431 431 432 432 433 433 432 432 431 431 432 432 433 433 434 434 435 435 434 434 433 433 434 434 435 435 436 436 437 437 436 436 435 435 436 436 437 437 438 438 439 439 438 438 437 437 438 438 439 439 440 440 441 441 440 440 439 439 440 440 441 441 442 442 443 443 442 442 441 441 442 442 443 443 444 444 445 445 444 444 443 443 444 444 445 445 446 446 447 447 446 446 445 445 446 446 447 447 448 448 449 449 448 448 447 447 448 448 449 449 450 450 451 451 450 450 449 449 450 450 451 451 452 452 453 453 452 452 451 451 452 452 453 453 454 454 455 455 454 454 453 453 454 454 455 455 393 393 456 456 393 393 455 455 393 393 456 456 394 394 457 457 458 458 459 459 1 1 459 459 458 458 459 459 1 1 460 460 0 0 460 460 1 1 460 460 0 0 461 461 462 462 463 463 464 464 465 465 464 464 463 463 464 464 465 465 466 466 467 467 466 466 465 465 466 466 467 467 468 468 469 469 468 468 467 467 468 468 469 469 470 470 471 471 470 470 469 469 470 470 471 471 472 472 473 473 472 472 471 471 474 474 475 475 476 476 474 474 476 476 477 477 478 478 477 477 476 476 477 477 478 478 479 479 480 480 481 481 482 482 483 483 482 482 481 481 482 482 483 483 484 484 485 485 484 484 483 483 486 486 487 487 480 480 488 488 480 480 487 487 480 480 488 488 481 481 478 478 489 489 479 479 490 490 479 479 489 489 479 479 490 490 491 491 485 485 491 491 490 490 491 491 485 485 492 492 483 483 492 492 485 485 464 464 493 493 462 462 494 494 462 462 493 493 462 462 494 494 495 495 496 496 495 495 494 494 495 495 496 496 497 497 475 475 497 497 496 496 497 497 475 475 498 498 474 474 498 498 475 475 471 471 499 499 473 473 500 500 473 473 499 499 473 473 500 500 501 501 502 502 501 501 500 500 501 501 502 502 503 503 504 504 503 503 502 502 503 503 504 504 505 505 506 506 505 505 504 504 505 505 506 506 507 507 508 508 507 507 506 506 507 507 508 508 509 509 510 510 509 509 508 508 509 509 510 510 511 511 512 512 511 511 510 510 511 511 512 512 513 513 514 514 513 513 512 512 513 513 514 514 515 515 516 516 515 515 514 514 515 515 516 516 457 457 517 517 457 457 516 516 457 457 517 517 458 458 0 0 3 3 461 461 45 45 461 461 3 3 461 461 45 45 518 518 424 424 518 518 45 45 518 518 424 424 519 519 423 423 519 519 424 424 349 349 520 520 355 355 521 521 355 355 520 520 355 355 521 521 522 522 523 523 522 522 521 521 522 522 523 523 524 524 407 407 524 524 523 523 524 524 407 407 525 525 406 406 525 525 407 407 480 480 526 526 486 486 527 527 486 486 526 526 486 486 527 527 528 528 529 529 528 528 527 527 528 528 529 529 530 530 276 276 530 530 529 529 530 530 276 276 531 531 275 275 531 531 276 276 532 532 533 533 534 534 118 118 534 534 533 533 534 534 118 118 48 48 531 531 275 275 535 535 273 273 535 535 275 275 535 535 273 273 272 272 536 536 537 537 538 538 539 539 538 538 537 537 538 538 539 539 540 540 541 541 540 540 539 539 540 540 541 541 542 542 543 543 542 542 541 541 542 542 543 543 544 544 545 545 544 544 543 543 544 544 545 545 546 546 547 547 546 546 545 545 546 546 547 547 548 548 549 549 548 548 547 547 548 548 549 549 550 550 551 551 550 550 549 549 550 550 551 551 552 552 553 553 552 552 551 551 552 552 553 553 554 554 555 555 554 554 553 553 554 554 555 555 556 556 557 557 556 556 555 555 556 556 557 557 558 558 559 559 558 558 557 557 558 558 559 559 560 560 561 561 560 560 559 559 560 560 561 561 562 562 563 563 562 562 561 561 562 562 563 563 564 564 565 565 564 564 563 563 564 564 565 565 566 566 567 567 566 566 565 565 566 566 567 567 568 568 569 569 568 568 567 567 568 568 569 569 570 570 571 571 570 570 569 569 570 570 571 571 572 572 573 573 572 572 571 571 572 572 573 573 574 574 575 575 574 574 573 573 574 574 575 575 535 535 576 576 535 535 575 575 535 535 576 576 531 531 577 577 578 578 579 579 580 580 579 579 578 578 579 579 580 580 581 581 582 582 581 581 580 580 583 583 584 584 585 585 69 69 585 585 584 584 585 585 69 69 121 121 525 525 406 406 586 586 404 404 586 586 406 406 586 586 404 404 403 403 532 532 583 583 587 587 588 588 587 587 583 583 587 587 588 588 589 589 590 590 589 589 588 588 589 589 590 590 591 591 592 592 591 591 590 590 591 591 592 592 593 593 594 594 593 593 592 592 593 593 594 594 595 595 596 596 595 595 594 594 595 595 596 596 597 597 598 598 597 597 596 596 597 597 598 598 599 599 600 600 599 599 598 598 599 599 600 600 601 601 602 602 601 601 600 600 601 601 602 602 603 603 604 604 603 603 602 602 603 603 604 604 605 605 606 606 605 605 604 604 605 605 606 606 607 607 608 608 607 607 606 606 607 607 608 608 609 609 610 610 609 609 608 608 609 609 610 610 611 611 612 612 611 611 610 610 611 611 612 612 613 613 614 614 613 613 612 612 613 613 614 614 615 615 616 616 615 615 614 614 615 615 616 616 617 617 618 618 617 617 616 616 617 617 618 618 619 619 620 620 619 619 618 618 619 619 620 620 621 621 622 622 621 621 620 620 621 621 622 622 586 586 623 623 586 586 622 622 586 586 623 623 525 525 624 624 625 625 626 626 624 624 626 626 627 627 628 628 627 627 626 626 627 627 628 628 629 629 536 536 630 630 631 631 120 120 631 631 630 630 631 631 120 120 57 57 537 537 632 632 633 633 53 53 633 633 632 632 633 633 53 53 119 119 634 634 635 635 636 636 637 637 638 638 639 639 640 640 641 641 642 642 643 643 644 644 645 645 646 646 278 278 647 647 92 92 94 94 648 648 96 96 98 98 649 649 650 650 651 651 652 652 653 653 654 654 655 655 652 652 651 651 656 656 657 657 658 658 651 651 659 659 574 574 660 660 535 535 660 660 574 574 566 566 568 568 661 661 570 570 661 661 568 568 661 661 570 570 659 659 572 572 659 659 570 570 659 659 572 572 574 574 566 566 661 661 564 564 662 662 564 564 661 661 564 564 662 662 562 562 663 663 562 562 662 662 562 562 663 663 560 560 664 664 560 560 663 663 560 560 664 664 558 558 558 558 664 664 556 556 665 665 556 556 664 664 556 556 665 665 554 554 666 666 546 546 667 667 548 548 667 667 546 546 667 667 548 548 668 668 550 550 668 668 548 548 668 668 550 550 665 665 552 552 665 665 550 550 665 665 552 552 554 554 669 669 542 542 666 666 544 544 666 666 542 542 666 666 544 544 546 546 670 670 538 538 669 669 540 540 669 669 538 538 669 669 540 540 542 542 671 671 108 108 110 110 657 657 651 651 672 672 650 650 672 672 651 651 672 672 650 650 673 673 671 671 674 674 657 657 108 108 671 671 106 106 675 675 106 106 671 671 106 106 675 675 104 104 676 676 104 104 675 675 104 104 676 676 102 102 671 671 657 657 675 675 672 672 675 675 657 657 675 675 672 672 676 676 673 673 676 676 672 672 676 676 673 673 649 649 110 110 54 54 671 671 649 649 98 98 676 676 100 100 676 676 98 98 676 676 100 100 102 102 94 94 96 96 648 648 649 649 648 648 96 96 648 648 649 649 677 677 673 673 677 677 649 649 677 677 673 673 678 678 650 650 678 678 673 673 678 678 650 650 679 679 652 652 679 679 650 650 679 679 652 652 680 680 681 681 680 680 652 652 682 682 683 683 684 684 685 685 88 88 686 686 90 90 686 686 88 88 686 686 90 90 687 687 688 688 84 84 685 685 86 86 685 685 84 84 685 685 86 86 88 88 689 689 80 80 688 688 82 82 688 688 80 80 688 688 82 82 84 84 690 690 76 76 689 689 78 78 689 689 76 76 689 689 78 78 80 80 647 647 690 690 691 691 689 689 691 691 690 690 691 691 689 689 692 692 688 688 692 692 689 689 692 692 688 688 693 693 685 685 693 693 688 688 693 693 685 685 694 694 686 686 694 694 685 685 694 694 686 686 695 695 687 687 695 695 686 686 695 695 687 687 684 684 287 287 289 289 690 690 291 291 690 690 289 289 690 690 291 291 76 76 293 293 76 76 291 291 76 76 293 293 75 75 74 74 75 75 293 293 647 647 278 278 690 690 277 277 690 690 278 278 690 690 277 277 287 287 684 684 683 683 695 695 696 696 695 695 683 683 695 695 696 696 694 694 697 697 694 694 696 696 694 694 697 697 693 693 698 698 693 693 697 697 693 693 698 698 692 692 699 699 692 692 698 698 692 692 699 699 691 691 700 700 691 691 699 699 691 691 700 700 647 647 701 701 647 647 700 700 647 647 701 701 646 646 702 702 703 703 701 701 704 704 701 701 703 703 701 701 704 704 646 646 644 644 702 702 645 645 701 701 645 645 702 702 645 645 701 701 705 705 700 700 705 705 701 701 705 705 700 700 706 706 699 699 706 706 700 700 706 706 699 699 707 707 698 698 707 707 699 699 707 707 698 698 708 708 697 697 708 708 698 698 708 708 697 697 709 709 696 696 709 709 697 697 709 709 696 696 710 710 683 683 710 710 696 696 710 710 683 683 711 711 682 682 711 711 683 683 711 711 682 682 712 712 641 641 643 643 642 642 645 645 642 642 643 643 642 642 645 645 713 713 705 705 713 713 645 645 713 713 705 705 714 714 706 706 714 714 705 705 714 714 706 706 715 715 707 707 715 715 706 706 715 715 707 707 716 716 708 708 716 716 707 707 716 716 708 708 717 717 709 709 717 717 708 708 717 717 709 709 718 718 710 710 718 718 709 709 718 718 710 710 719 719 711 711 719 719 710 710 719 719 711 711 720 720 712 712 720 720 711 711 720 720 712 712 721 721 722 722 723 723 724 724 725 725 724 724 723 723 725 725 640 640 724 724 642 642 724 724 640 640 724 724 642 642 726 726 713 713 726 726 642 642 726 726 713 713 727 727 714 714 727 727 713 713 727 727 714 714 728 728 715 715 728 728 714 714 728 728 715 715 729 729 716 716 729 729 715 715 729 729 716 716 730 730 717 717 730 730 716 716 730 730 717 717 731 731 718 718 731 731 717 717 731 731 718 718 732 732 719 719 732 732 718 718 732 732 719 719 733 733 720 720 733 733 719 719 733 733 720 720 734 734 721 721 734 734 720 720 734 734 721 721 735 735 735 735 655 655 734 734 736 736 734 734 655 655 734 734 736 736 733 733 737 737 733 733 736 736 733 733 737 737 732 732 738 738 732 732 737 737 732 732 738 738 731 731 739 739 731 731 738 738 731 731 739 739 730 730 740 740 730 730 739 739 730 730 740 740 729 729 741 741 729 729 740 740 729 729 741 741 728 728 742 742 728 728 741 741 728 728 742 742 727 727 743 743 727 727 742 742 727 727 743 743 726 726 744 744 726 726 743 743 726 726 744 744 724 724 745 745 724 724 744 744 724 724 745 745 722 722 746 746 747 747 745 745 748 748 745 745 747 747 745 745 748 748 722 722 655 655 654 654 736 736 749 749 736 736 654 654 736 736 749 749 737 737 750 750 737 737 749 749 737 737 750 750 738 738 751 751 738 738 750 750 738 738 751 751 739 739 752 752 739 739 751 751 739 739 752 752 740 740 753 753 740 740 752 752 740 740 753 753 741 741 754 754 741 741 753 753 741 741 754 754 742 742 755 755 742 742 754 754 742 742 755 755 743 743 756 756 743 743 755 755 743 743 756 756 744 744 757 757 744 744 756 756 744 744 757 757 745 745 758 758 745 745 757 757 745 745 758 758 746 746 735 735 759 759 655 655 90 90 92 92 687 687 648 648 687 687 92 92 687 687 648 648 684 684 677 677 684 684 648 648 684 684 677 677 682 682 678 678 682 682 677 677 682 682 678 678 712 712 679 679 712 712 678 678 712 712 679 679 721 721 680 680 721 721 679 679 721 721 680 680 735 735 760 760 735 735 680 680 761 761 762 762 758 758 763 763 758 758 762 762 758 758 763 763 746 746 638 638 761 761 639 639 758 758 639 639 761 761 639 639 758 758 764 764 757 757 764 764 758 758 764 764 757 757 765 765 756 756 765 765 757 757 765 765 756 756 766 766 755 755 766 766 756 756 766 766 755 755 767 767 754 754 767 767 755 755 767 767 754 754 768 768 753 753 768 768 754 754 768 768 753 753 769 769 752 752 769 769 753 753 769 769 752 752 770 770 751 751 770 770 752 752 770 770 751 751 771 771 750 750 771 771 751 751 771 771 750 750 772 772 749 749 772 772 750 750 772 772 749 749 773 773 654 654 773 773 749 749 773 773 654 654 774 774 635 635 637 637 636 636 639 639 636 636 637 637 636 636 639 639 775 775 764 764 775 775 639 639 775 775 764 764 776 776 765 765 776 776 764 764 776 776 765 765 777 777 766 766 777 777 765 765 777 777 766 766 778 778 767 767 778 778 766 766 778 778 767 767 779 779 768 768 779 779 767 767 779 779 768 768 780 780 769 769 780 780 768 768 780 780 769 769 781 781 770 770 781 781 769 769 781 781 770 770 782 782 771 771 782 782 770 770 782 782 771 771 783 783 772 772 783 783 771 771 783 783 772 772 784 784 773 773 784 784 772 772 784 784 773 773 785 785 269 269 268 268 786 786 265 265 786 786 268 268 265 265 634 634 786 786 636 636 786 786 634 634 786 786 636 636 787 787 775 775 787 787 636 636 787 787 775 775 788 788 776 776 788 788 775 775 788 788 776 776 789 789 777 777 789 789 776 776 789 789 777 777 790 790 778 778 790 790 777 777 790 790 778 778 791 791 779 779 791 791 778 778 791 791 779 779 792 792 780 780 792 792 779 779 792 792 780 780 793 793 781 781 793 793 780 780 793 793 781 781 794 794 782 782 794 794 781 781 794 794 782 782 795 795 783 783 795 795 782 782 795 795 783 783 796 796 784 784 796 796 783 783 796 796 784 784 797 797 261 261 660 660 260 260 535 535 260 260 660 660 260 260 535 535 272 272 261 261 269 269 660 660 786 786 660 660 269 269 660 660 786 786 659 659 787 787 659 659 786 786 659 659 787 787 661 661 788 788 661 661 787 787 661 661 788 788 662 662 789 789 662 662 788 788 662 662 789 789 663 663 790 790 663 663 789 789 663 663 790 790 664 664 791 791 664 664 790 790 664 664 791 791 665 665 792 792 665 665 791 791 665 665 792 792 668 668 793 793 668 668 792 792 668 668 793 793 667 667 794 794 667 667 793 793 667 667 794 794 666 666 795 795 666 666 794 794 666 666 795 795 669 669 796 796 669 669 795 795 669 669 796 796 798 798 379 379 799 799 800 800 801 801 802 802 803 803 804 804 805 805 806 806 807 807 808 808 809 809 522 522 524 524 810 810 811 811 812 812 813 813 814 814 815 815 816 816 813 813 812 812 817 817 610 610 608 608 818 818 598 598 596 596 819 819 327 327 386 386 820 820 71 71 327 327 72 72 820 820 72 72 327 327 72 72 820 820 77 77 821 821 77 77 820 820 85 85 83 83 822 822 81 81 822 822 83 83 822 822 81 81 821 821 79 79 821 821 81 81 821 821 79 79 77 77 85 85 822 822 87 87 823 823 87 87 822 822 87 87 823 823 89 89 824 824 89 89 823 823 89 89 824 824 91 91 825 825 91 91 824 824 91 91 825 825 93 93 826 826 93 93 825 825 93 93 826 826 95 95 827 827 101 101 828 828 99 99 828 828 101 101 828 828 99 99 826 826 97 97 826 826 99 99 826 826 97 97 95 95 829 829 107 107 830 830 105 105 830 830 107 107 830 830 105 105 827 827 103 103 827 827 105 105 827 827 103 103 101 101 831 831 111 111 829 829 109 109 829 829 111 111 829 829 109 109 107 107 594 594 592 592 811 811 590 590 811 811 592 592 811 811 590 590 812 812 588 588 812 812 590 590 812 812 588 588 583 583 598 598 819 819 600 600 610 610 818 818 612 612 832 832 616 616 614 614 832 832 614 614 833 833 616 616 832 832 618 618 834 834 618 618 832 832 618 618 834 834 620 620 810 810 620 620 834 834 620 620 810 810 622 622 524 524 525 525 810 810 623 623 810 810 525 525 810 810 623 623 622 622 596 596 594 594 819 819 811 811 819 819 594 594 819 819 811 811 835 835 813 813 835 835 811 811 835 835 813 813 836 836 837 837 836 836 813 813 602 602 600 600 838 838 819 819 838 838 600 600 838 838 819 819 839 839 835 835 839 839 819 819 839 839 835 835 840 840 836 836 840 840 835 835 840 840 836 836 841 841 842 842 841 841 836 836 604 604 602 602 843 843 838 838 843 843 602 602 843 843 838 838 844 844 839 839 844 844 838 838 844 844 839 839 845 845 840 840 845 845 839 839 845 845 840 840 846 846 841 841 846 846 840 840 846 846 841 841 847 847 848 848 847 847 841 841 606 606 604 604 849 849 843 843 849 849 604 604 849 849 843 843 850 850 844 844 850 850 843 843 850 850 844 844 851 851 845 845 851 851 844 844 851 851 845 845 852 852 846 846 852 852 845 845 852 852 846 846 853 853 847 847 853 853 846 846 853 853 847 847 854 854 855 855 854 854 847 847 608 608 606 606 818 818 849 849 818 818 606 606 818 818 849 849 856 856 850 850 856 856 849 849 856 856 850 850 857 857 851 851 857 857 850 850 857 857 851 851 858 858 852 852 858 858 851 851 858 858 852 852 859 859 853 853 859 859 852 852 859 859 853 853 860 860 854 854 860 860 853 853 860 860 854 854 861 861 862 862 861 861 854 854 863 863 864 864 865 865 357 357 866 866 867 867 355 355 867 867 866 866 355 355 522 522 867 867 810 810 867 867 522 522 867 867 810 810 868 868 834 834 868 868 810 810 868 868 834 834 869 869 832 832 869 869 834 834 869 869 832 832 870 870 833 833 870 870 832 832 870 870 833 833 865 865 865 865 864 864 870 870 871 871 870 870 864 864 870 870 871 871 869 869 872 872 869 869 871 871 869 869 872 872 868 868 873 873 868 868 872 872 868 868 873 873 867 867 874 874 867 867 873 873 867 867 874 874 357 357 875 875 876 876 874 874 877 877 874 874 876 876 874 874 877 877 357 357 808 808 875 875 809 809 874 874 809 809 875 875 809 809 874 874 878 878 873 873 878 878 874 874 878 878 873 873 879 879 872 872 879 879 873 873 879 879 872 872 880 880 871 871 880 880 872 872 880 880 871 871 881 881 864 864 881 881 871 871 881 881 864 864 882 882 863 863 882 882 864 864 882 882 863 863 883 883 884 884 885 885 886 886 887 887 886 886 885 885 887 887 807 807 886 886 809 809 886 886 807 807 886 886 809 809 888 888 878 878 888 888 809 809 888 888 878 878 889 889 879 879 889 889 878 878 889 889 879 879 890 890 880 880 890 890 879 879 890 890 880 880 891 891 881 881 891 891 880 880 891 891 881 881 892 892 882 882 892 892 881 881 892 892 882 882 893 893 883 883 893 893 882 882 893 893 883 883 894 894 805 805 884 884 806 806 886 886 806 806 884 884 806 806 886 886 895 895 888 888 895 895 886 886 895 895 888 888 896 896 889 889 896 896 888 888 896 896 889 889 897 897 890 890 897 897 889 889 897 897 890 890 898 898 891 891 898 898 890 890 898 898 891 891 899 899 892 892 899 899 891 891 899 899 892 892 900 900 893 893 900 900 892 892 900 900 893 893 901 901 894 894 901 901 893 893 901 901 894 894 902 902 903 903 904 904 905 905 906 906 905 905 904 904 906 906 804 804 905 905 806 806 905 905 804 804 905 905 806 806 907 907 895 895 907 907 806 806 907 907 895 895 908 908 896 896 908 908 895 895 908 908 896 896 909 909 897 897 909 909 896 896 909 909 897 897 910 910 898 898 910 910 897 897 910 910 898 898 911 911 899 899 911 911 898 898 911 911 899 899 912 912 900 900 912 912 899 899 912 912 900 900 913 913 901 901 913 913 900 900 913 913 901 901 914 914 902 902 914 914 901 901 914 914 902 902 915 915 802 802 903 903 803 803 905 905 803 803 903 903 803 803 905 905 916 916 907 907 916 916 905 905 916 916 907 907 917 917 908 908 917 917 907 907 917 917 908 908 918 918 909 909 918 918 908 908 918 918 909 909 919 919 910 910 919 919 909 909 919 919 910 910 920 920 911 911 920 920 910 910 920 920 911 911 921 921 912 912 921 921 911 911 921 921 912 912 922 922 913 913 922 922 912 912 922 922 913 913 923 923 914 914 923 923 913 913 923 923 914 914 924 924 915 915 924 924 914 914 924 924 915 915 925 925 926 926 927 927 928 928 929 929 928 928 927 927 929 929 801 801 928 928 803 803 928 928 801 801 928 928 803 803 930 930 916 916 930 930 803 803 930 930 916 916 931 931 917 917 931 931 916 916 931 931 917 917 932 932 918 918 932 932 917 917 932 932 918 918 933 933 919 919 933 933 918 918 933 933 919 919 934 934 920 920 934 934 919 919 934 934 920 920 935 935 921 921 935 935 920 920 935 935 921 921 936 936 922 922 936 936 921 921 936 936 922 922 937 937 923 923 937 937 922 922 937 937 923 923 938 938 924 924 938 938 923 923 938 938 924 924 816 816 925 925 816 816 924 924 816 816 815 815 938 938 939 939 938 938 815 815 938 938 939 939 937 937 940 940 937 937 939 939 937 937 940 940 936 936 941 941 936 936 940 940 936 936 941 941 935 935 942 942 935 935 941 941 935 935 942 942 934 934 943 943 934 934 942 942 934 934 943 943 933 933 944 944 933 933 943 943 933 933 944 944 932 932 945 945 932 932 944 944 932 932 945 945 931 931 946 946 931 931 945 945 931 931 946 946 930 930 947 947 930 930 946 946 930 930 947 947 928 928 948 948 928 928 947 947 928 928 948 948 926 926 925 925 949 949 816 816 614 614 612 612 833 833 818 818 833 833 612 612 833 833 818 818 865 865 856 856 865 865 818 818 865 865 856 856 863 863 857 857 863 863 856 856 863 863 857 857 883 883 858 858 883 883 857 857 883 883 858 858 894 894 859 859 894 894 858 858 894 894 859 859 902 902 860 860 902 902 859 859 902 902 860 860 915 915 861 861 915 915 860 860 915 915 861 861 925 925 950 950 925 925 861 861 951 951 952 952 948 948 953 953 948 948 952 952 948 948 953 953 926 926 799 799 951 951 800 800 948 948 800 800 951 951 800 800 948 948 954 954 947 947 954 954 948 948 954 954 947 947 955 955 946 946 955 955 947 947 955 955 946 946 956 956 945 945 956 956 946 946 956 956 945 945 957 957 944 944 957 957 945 945 957 957 944 944 958 958 943 943 958 958 944 944 958 958 943 943 959 959 942 942 959 959 943 943 959 959 942 942 960 960 941 941 960 960 942 942 960 960 941 941 961 961 940 940 961 961 941 941 961 961 940 940 962 962 939 939 962 962 940 940 962 962 939 939 963 963 815 815 963 963 939 939 963 963 815 815 964 964 385 385 383 383 965 965 381 381 965 965 383 383 381 381 379 379 965 965 800 800 965 965 379 379 965 965 800 800 966 966 954 954 966 966 800 800 966 966 954 954 967 967 955 955 967 967 954 954 967 967 955 955 968 968 956 956 968 968 955 955 968 968 956 956 969 969 957 957 969 969 956 956 969 969 957 957 970 970 958 958 970 970 957 957 970 970 958 958 971 971 959 959 971 971 958 958 971 971 959 959 972 972 960 960 972 972 959 959 972 972 960 960 973 973 961 961 973 973 960 960 973 973 961 961 974 974 962 962 974 974 961 961 974 974 962 962 975 975 963 963 975 975 962 962 975 975 963 963 976 976 386 386 385 385 820 820 965 965 820 820 385 385 820 820 965 965 821 821 966 966 821 821 965 965 821 821 966 966 822 822 967 967 822 822 966 966 822 822 967 967 823 823 968 968 823 823 967 967 823 823 968 968 824 824 969 969 824 824 968 968 824 824 969 969 825 825 970 970 825 825 969 969 825 825 970 970 826 826 971 971 826 826 970 970 826 826 971 971 828 828 972 972 828 828 971 971 828 828 972 972 827 827 973 973 827 827 972 972 827 827 973 973 830 830 974 974 830 830 973 973 830 830 974 974 829 829 975 975 829 829 974 974 829 829 975 975 977 977 978 978 979 979 980 980 981 981 982 982 983 983 984 984 985 985 986 986 987 987 988 988 989 989 990 990 409 409 991 991 992 992 993 993 994 994 995 995 996 996 997 997 998 998 999 999 1000 1000 1001 1001 999 999 1002 1002 403 403 391 391 586 586 1003 1003 586 586 391 391 586 586 1003 1003 621 621 1004 1004 621 621 1003 1003 613 613 615 615 1005 1005 617 617 1005 1005 615 615 1005 1005 617 617 1004 1004 619 619 1004 1004 617 617 1004 1004 619 619 621 621 613 613 1005 1005 611 611 1006 1006 611 611 1005 1005 611 611 1006 1006 609 609 1007 1007 609 609 1006 1006 609 609 1007 1007 607 607 1008 1008 607 607 1007 1007 607 607 1008 1008 605 605 1009 1009 605 605 1008 1008 605 605 1009 1009 603 603 1010 1010 597 597 1011 1011 599 599 1011 1011 597 597 1011 1011 599 599 1009 1009 601 601 1009 1009 599 599 1009 1009 601 601 603 603 1012 1012 591 591 1013 1013 593 593 1013 1013 591 591 1013 1013 593 593 1010 1010 595 595 1010 1010 593 593 1010 1010 595 595 597 597 1014 1014 587 587 1012 1012 589 589 1012 1012 587 587 1012 1012 589 589 591 591 1000 1000 9 9 7 7 1001 1001 994 994 999 999 993 993 999 999 994 994 999 999 993 993 1000 1000 11 11 1000 1000 993 993 1000 1000 11 11 9 9 7 7 5 5 1000 1000 21 21 19 19 1015 1015 992 992 1015 1015 19 19 1015 1015 992 992 1016 1016 994 994 1016 1016 992 992 1016 1016 994 994 1017 1017 1001 1001 1017 1017 994 994 1017 1017 1001 1001 1018 1018 1019 1019 1018 1018 1001 1001 19 19 17 17 992 992 15 15 992 992 17 17 992 992 15 15 993 993 13 13 993 993 15 15 993 993 13 13 11 11 23 23 1020 1020 25 25 1021 1021 25 25 1020 1020 1022 1022 31 31 1023 1023 29 29 1023 1023 31 31 1023 1023 29 29 1021 1021 27 27 1021 1021 29 29 1021 1021 27 27 25 25 1024 1024 35 35 1022 1022 33 33 1022 1022 35 35 1022 1022 33 33 31 31 1025 1025 39 39 1024 1024 37 37 1024 1024 39 39 1024 1024 37 37 35 35 1026 1026 43 43 1025 1025 41 41 1025 1025 43 43 1025 1025 41 41 39 39 991 991 1026 1026 1027 1027 1025 1025 1027 1027 1026 1026 1027 1027 1025 1025 1028 1028 1024 1024 1028 1028 1025 1025 1028 1028 1024 1024 1029 1029 1022 1022 1029 1029 1024 1024 1029 1029 1022 1022 1030 1030 1023 1023 1030 1030 1022 1022 1030 1030 1023 1023 1031 1031 1021 1021 1031 1031 1023 1023 1031 1031 1021 1021 1032 1032 1020 1020 1032 1032 1021 1021 1032 1032 1020 1020 1033 1033 418 418 420 420 1026 1026 422 422 1026 1026 420 420 1026 1026 422 422 43 43 424 424 43 43 422 422 43 43 424 424 44 44 45 45 44 44 424 424 991 991 409 409 1026 1026 408 408 1026 1026 409 409 1026 1026 408 408 418 418 988 988 990 990 989 989 991 991 989 989 990 990 989 989 991 991 1034 1034 1027 1027 1034 1034 991 991 1034 1034 1027 1027 1035 1035 1028 1028 1035 1035 1027 1027 1035 1035 1028 1028 1036 1036 1029 1029 1036 1036 1028 1028 1036 1036 1029 1029 1037 1037 1030 1030 1037 1037 1029 1029 1037 1037 1030 1030 1038 1038 1031 1031 1038 1038 1030 1030 1038 1038 1031 1031 1039 1039 1032 1032 1039 1039 1031 1031 1039 1039 1032 1032 1040 1040 1033 1033 1040 1040 1032 1032 1040 1040 1033 1033 1041 1041 1042 1042 1043 1043 1044 1044 1045 1045 1044 1044 1043 1043 1045 1045 987 987 1044 1044 989 989 1044 1044 987 987 1044 1044 989 989 1046 1046 1034 1034 1046 1046 989 989 1046 1046 1034 1034 1047 1047 1035 1035 1047 1047 1034 1034 1047 1047 1035 1035 1048 1048 1036 1036 1048 1048 1035 1035 1048 1048 1036 1036 1049 1049 1037 1037 1049 1049 1036 1036 1049 1049 1037 1037 1050 1050 1038 1038 1050 1050 1037 1037 1050 1050 1038 1038 1051 1051 1039 1039 1051 1051 1038 1038 1051 1051 1039 1039 1052 1052 1040 1040 1052 1052 1039 1039 1052 1052 1040 1040 1053 1053 1041 1041 1053 1053 1040 1040 1053 1053 1041 1041 1054 1054 985 985 1042 1042 986 986 1044 1044 986 986 1042 1042 986 986 1044 1044 1055 1055 1046 1046 1055 1055 1044 1044 1055 1055 1046 1046 1056 1056 1047 1047 1056 1056 1046 1046 1056 1056 1047 1047 1057 1057 1048 1048 1057 1057 1047 1047 1057 1057 1048 1048 1058 1058 1049 1049 1058 1058 1048 1048 1058 1058 1049 1049 1059 1059 1050 1050 1059 1059 1049 1049 1059 1059 1050 1050 1060 1060 1051 1051 1060 1060 1050 1050 1060 1060 1051 1051 1061 1061 1052 1052 1061 1061 1051 1051 1061 1061 1052 1052 1062 1062 1053 1053 1062 1062 1052 1052 1062 1062 1053 1053 1063 1063 1054 1054 1063 1063 1053 1053 1063 1063 1054 1054 1064 1064 1065 1065 1066 1066 1067 1067 1068 1068 1067 1067 1066 1066 1068 1068 984 984 1067 1067 986 986 1067 1067 984 984 1067 1067 986 986 1069 1069 1055 1055 1069 1069 986 986 1069 1069 1055 1055 1070 1070 1056 1056 1070 1070 1055 1055 1070 1070 1056 1056 1071 1071 1057 1057 1071 1071 1056 1056 1071 1071 1057 1057 1072 1072 1058 1058 1072 1072 1057 1057 1072 1072 1058 1058 1073 1073 1059 1059 1073 1073 1058 1058 1073 1073 1059 1059 1074 1074 1060 1060 1074 1074 1059 1059 1074 1074 1060 1060 1075 1075 1061 1061 1075 1075 1060 1060 1075 1075 1061 1061 1076 1076 1062 1062 1076 1076 1061 1061 1076 1076 1062 1062 1077 1077 1063 1063 1077 1077 1062 1062 1077 1077 1063 1063 997 997 1064 1064 997 997 1063 1063 997 997 996 996 1077 1077 1078 1078 1077 1077 996 996 1077 1077 1078 1078 1076 1076 1079 1079 1076 1076 1078 1078 1076 1076 1079 1079 1075 1075 1080 1080 1075 1075 1079 1079 1075 1075 1080 1080 1074 1074 1081 1081 1074 1074 1080 1080 1074 1074 1081 1081 1073 1073 1082 1082 1073 1073 1081 1081 1073 1073 1082 1082 1072 1072 1083 1083 1072 1072 1082 1082 1072 1072 1083 1083 1071 1071 1084 1084 1071 1071 1083 1083 1071 1071 1084 1084 1070 1070 1085 1085 1070 1070 1084 1084 1070 1070 1085 1085 1069 1069 1086 1086 1069 1069 1085 1085 1069 1069 1086 1086 1067 1067 1087 1087 1067 1067 1086 1086 1067 1067 1087 1087 1065 1065 1064 1064 1088 1088 997 997 23 23 21 21 1020 1020 1015 1015 1020 1020 21 21 1020 1020 1015 1015 1033 1033 1016 1016 1033 1033 1015 1015 1033 1033 1016 1016 1041 1041 1017 1017 1041 1041 1016 1016 1041 1041 1017 1017 1054 1054 1018 1018 1054 1054 1017 1017 1054 1054 1018 1018 1064 1064 1089 1089 1064 1064 1018 1018 1090 1090 1091 1091 1087 1087 1092 1092 1087 1087 1091 1091 1087 1087 1092 1092 1065 1065 982 982 1090 1090 983 983 1087 1087 983 983 1090 1090 983 983 1087 1087 1093 1093 1086 1086 1093 1093 1087 1087 1093 1093 1086 1086 1094 1094 1085 1085 1094 1094 1086 1086 1094 1094 1085 1085 1095 1095 1084 1084 1095 1095 1085 1085 1095 1095 1084 1084 1096 1096 1083 1083 1096 1096 1084 1084 1096 1096 1083 1083 1097 1097 1082 1082 1097 1097 1083 1083 1097 1097 1082 1082 1098 1098 1081 1081 1098 1098 1082 1082 1098 1098 1081 1081 1099 1099 1080 1080 1099 1099 1081 1081 1099 1099 1080 1080 1100 1100 1079 1079 1100 1100 1080 1080 1100 1100 1079 1079 1101 1101 1078 1078 1101 1101 1079 1079 1101 1101 1078 1078 1102 1102 996 996 1102 1102 1078 1078 1102 1102 996 996 1103 1103 1104 1104 1105 1105 1106 1106 1107 1107 1106 1106 1105 1105 1107 1107 981 981 1106 1106 983 983 1106 1106 981 981 1106 1106 983 983 1108 1108 1093 1093 1108 1108 983 983 1108 1108 1093 1093 1109 1109 1094 1094 1109 1109 1093 1093 1109 1109 1094 1094 1110 1110 1095 1095 1110 1110 1094 1094 1110 1110 1095 1095 1111 1111 1096 1096 1111 1111 1095 1095 1111 1111 1096 1096 1112 1112 1097 1097 1112 1112 1096 1096 1112 1112 1097 1097 1113 1113 1098 1098 1113 1113 1097 1097 1113 1113 1098 1098 1114 1114 1099 1099 1114 1114 1098 1098 1114 1114 1099 1099 1115 1115 1100 1100 1115 1115 1099 1099 1115 1115 1100 1100 1116 1116 1101 1101 1116 1116 1100 1100 1116 1116 1101 1101 1117 1117 1102 1102 1117 1117 1101 1101 1117 1117 1102 1102 1118 1118 979 979 1104 1104 980 980 1106 1106 980 980 1104 1104 980 980 1106 1106 1119 1119 1108 1108 1119 1119 1106 1106 1119 1119 1108 1108 1120 1120 1109 1109 1120 1120 1108 1108 1120 1120 1109 1109 1121 1121 1110 1110 1121 1121 1109 1109 1121 1121 1110 1110 1122 1122 1111 1111 1122 1122 1110 1110 1122 1122 1111 1111 1123 1123 1112 1112 1123 1123 1111 1111 1123 1123 1112 1112 1124 1124 1113 1113 1124 1124 1112 1112 1124 1124 1113 1113 1125 1125 1114 1114 1125 1125 1113 1113 1125 1125 1114 1114 1126 1126 1115 1115 1126 1126 1114 1114 1126 1126 1115 1115 1127 1127 1116 1116 1127 1127 1115 1115 1127 1127 1116 1116 1128 1128 1117 1117 1128 1128 1116 1116 1128 1128 1117 1117 1129 1129 396 396 978 978 1130 1130 980 980 1130 1130 978 978 1130 1130 980 980 1131 1131 1119 1119 1131 1131 980 980 1131 1131 1119 1119 1132 1132 1120 1120 1132 1132 1119 1119 1132 1132 1120 1120 1133 1133 1121 1121 1133 1133 1120 1120 1133 1133 1121 1121 1134 1134 1122 1122 1134 1134 1121 1121 1134 1134 1122 1122 1135 1135 1123 1123 1135 1135 1122 1122 1135 1135 1123 1123 1136 1136 1124 1124 1136 1136 1123 1123 1136 1136 1124 1124 1137 1137 1125 1125 1137 1137 1124 1124 1137 1137 1125 1125 1138 1138 1126 1126 1138 1138 1125 1125 1138 1138 1126 1126 1139 1139 1127 1127 1139 1139 1126 1126 1139 1139 1127 1127 1140 1140 1128 1128 1140 1140 1127 1127 1140 1140 1128 1128 1141 1141 392 392 400 400 1130 1130 399 399 1130 1130 400 400 1130 1130 399 399 396 396 391 391 392 392 1003 1003 1130 1130 1003 1003 392 392 1003 1003 1130 1130 1004 1004 1131 1131 1004 1004 1130 1130 1004 1004 1131 1131 1005 1005 1132 1132 1005 1005 1131 1131 1005 1005 1132 1132 1006 1006 1133 1133 1006 1006 1132 1132 1006 1006 1133 1133 1007 1007 1134 1134 1007 1007 1133 1133 1007 1007 1134 1134 1008 1008 1135 1135 1008 1008 1134 1134 1008 1008 1135 1135 1009 1009 1136 1136 1009 1009 1135 1135 1009 1009 1136 1136 1011 1011 1137 1137 1011 1011 1136 1136 1011 1011 1137 1137 1010 1010 1138 1138 1010 1010 1137 1137 1010 1010 1138 1138 1013 1013 1139 1139 1013 1013 1138 1138 1013 1013 1139 1139 1012 1012 1140 1140 1012 1012 1139 1139 1012 1012 1140 1140 1142 1142 510 510 1143 1143 1144 1144 1145 1145 1146 1146 1147 1147 1148 1148 1149 1149 1150 1150 1151 1151 1152 1152 1153 1153 528 528 530 530 1154 1154 1155 1155 1156 1156 1157 1157 1158 1158 1159 1159 1160 1160 1157 1157 1156 1156 1161 1161 563 563 561 561 1162 1162 557 557 555 555 1163 1163 549 549 547 547 1164 1164 458 458 517 517 1165 1165 1 1 458 458 2 2 1165 1165 2 2 458 458 2 2 1165 1165 42 42 1166 1166 42 42 1165 1165 34 34 36 36 1167 1167 38 38 1167 1167 36 36 1167 1167 38 38 1166 1166 40 40 1166 1166 38 38 1166 1166 40 40 42 42 34 34 1167 1167 32 32 1168 1168 32 32 1167 1167 32 32 1168 1168 30 30 1169 1169 30 30 1168 1168 30 30 1169 1169 28 28 1170 1170 28 28 1169 1169 28 28 1170 1170 26 26 26 26 1170 1170 24 24 1171 1171 24 24 1170 1170 24 24 1171 1171 22 22 1172 1172 14 14 1173 1173 16 16 1173 1173 14 14 1173 1173 16 16 1174 1174 18 18 1174 1174 16 16 1174 1174 18 18 1171 1171 20 20 1171 1171 18 18 1171 1171 20 20 22 22 1175 1175 10 10 1172 1172 12 12 1172 1172 10 10 1172 1172 12 12 14 14 1176 1176 6 6 1175 1175 8 8 1175 1175 6 6 1175 1175 8 8 10 10 541 541 539 539 1156 1156 537 537 1156 1156 539 539 541 541 1156 1156 543 543 1155 1155 543 543 1156 1156 543 543 1155 1155 545 545 549 549 1164 1164 551 551 563 563 1162 1162 565 565 1177 1177 569 569 567 567 1177 1177 567 567 1178 1178 569 569 1177 1177 571 571 1179 1179 571 571 1177 1177 571 571 1179 1179 573 573 1154 1154 573 573 1179 1179 573 573 1154 1154 575 575 530 530 531 531 1154 1154 576 576 1154 1154 531 531 1154 1154 576 576 575 575 547 547 545 545 1164 1164 1155 1155 1164 1164 545 545 1164 1164 1155 1155 1180 1180 1157 1157 1180 1180 1155 1155 1180 1180 1157 1157 1181 1181 1182 1182 1181 1181 1157 1157 1183 1183 1184 1184 1185 1185 553 553 551 551 1186 1186 1164 1164 1186 1186 551 551 1186 1186 1164 1164 1187 1187 1180 1180 1187 1187 1164 1164 1187 1187 1180 1180 1188 1188 1181 1181 1188 1188 1180 1180 1188 1188 1181 1181 1189 1189 1190 1190 1189 1189 1181 1181 555 555 553 553 1163 1163 1186 1186 1163 1163 553 553 1163 1163 1186 1186 1191 1191 1187 1187 1191 1191 1186 1186 1191 1191 1187 1187 1192 1192 1188 1188 1192 1192 1187 1187 1192 1192 1188 1188 1193 1193 1189 1189 1193 1193 1188 1188 1193 1193 1189 1189 1194 1194 1195 1195 1194 1194 1189 1189 1196 1196 1197 1197 1198 1198 559 559 557 557 1199 1199 1163 1163 1199 1199 557 557 1199 1199 1163 1163 1200 1200 1191 1191 1200 1200 1163 1163 1200 1200 1191 1191 1201 1201 1192 1192 1201 1201 1191 1191 1201 1201 1192 1192 1202 1202 1193 1193 1202 1202 1192 1192 1202 1202 1193 1193 1203 1203 1194 1194 1203 1203 1193 1193 1203 1203 1194 1194 1204 1204 1205 1205 1204 1204 1194 1194 561 561 559 559 1162 1162 1199 1199 1162 1162 559 559 1162 1162 1199 1199 1206 1206 1200 1200 1206 1206 1199 1199 1206 1206 1200 1200 1207 1207 1201 1201 1207 1207 1200 1200 1207 1207 1201 1201 1208 1208 1202 1202 1208 1208 1201 1201 1208 1208 1202 1202 1209 1209 1203 1203 1209 1209 1202 1202 1209 1209 1203 1203 1210 1210 1204 1204 1210 1210 1203 1203 1210 1210 1204 1204 1211 1211 1212 1212 1211 1211 1204 1204 488 488 1213 1213 1214 1214 486 486 1214 1214 1213 1213 486 486 528 528 1214 1214 1154 1154 1214 1214 528 528 1214 1214 1154 1154 1215 1215 1179 1179 1215 1215 1154 1154 1215 1215 1179 1179 1216 1216 1177 1177 1216 1216 1179 1179 1216 1216 1177 1177 1217 1217 1178 1178 1217 1217 1177 1177 1217 1217 1178 1178 1218 1218 1152 1152 488 488 1153 1153 1214 1214 1153 1153 488 488 1153 1153 1214 1214 1219 1219 1215 1215 1219 1219 1214 1214 1219 1219 1215 1215 1220 1220 1216 1216 1220 1220 1215 1215 1220 1220 1216 1216 1221 1221 1217 1217 1221 1221 1216 1216 1221 1221 1217 1217 1222 1222 1218 1218 1222 1222 1217 1217 1222 1222 1218 1218 1223 1223 1224 1224 1225 1225 1226 1226 1227 1227 1226 1226 1225 1225 1227 1227 1151 1151 1226 1226 1153 1153 1226 1226 1151 1151 1226 1226 1153 1153 1228 1228 1219 1219 1228 1228 1153 1153 1228 1228 1219 1219 1229 1229 1220 1220 1229 1229 1219 1219 1229 1229 1220 1220 1230 1230 1221 1221 1230 1230 1220 1220 1230 1230 1221 1221 1231 1231 1222 1222 1231 1231 1221 1221 1231 1231 1222 1222 1232 1232 1223 1223 1232 1232 1222 1222 1232 1232 1223 1223 1233 1233 1234 1234 1235 1235 1236 1236 1237 1237 1236 1236 1235 1235 1237 1237 1224 1224 1236 1236 1226 1226 1236 1236 1224 1224 1236 1236 1226 1226 1238 1238 1228 1228 1238 1238 1226 1226 1238 1238 1228 1228 1239 1239 1229 1229 1239 1239 1228 1228 1239 1239 1229 1229 1240 1240 1230 1230 1240 1240 1229 1229 1240 1240 1230 1230 1241 1241 1231 1231 1241 1241 1230 1230 1241 1241 1231 1231 1242 1242 1232 1232 1242 1242 1231 1231 1242 1242 1232 1232 1243 1243 1233 1233 1243 1243 1232 1232 1243 1243 1233 1233 1198 1198 1198 1198 1197 1197 1243 1243 1244 1244 1243 1243 1197 1197 1243 1243 1244 1244 1242 1242 1245 1245 1242 1242 1244 1244 1242 1242 1245 1245 1241 1241 1246 1246 1241 1241 1245 1245 1241 1241 1246 1246 1240 1240 1247 1247 1240 1240 1246 1246 1240 1240 1247 1247 1239 1239 1248 1248 1239 1239 1247 1247 1239 1239 1248 1248 1238 1238 1249 1249 1238 1238 1248 1248 1238 1238 1249 1249 1236 1236 1250 1250 1236 1236 1249 1249 1236 1236 1250 1250 1234 1234 1251 1251 1252 1252 1250 1250 1253 1253 1250 1250 1252 1252 1250 1250 1253 1253 1234 1234 1149 1149 1251 1251 1150 1150 1250 1250 1150 1150 1251 1251 1150 1150 1250 1250 1254 1254 1249 1249 1254 1254 1250 1250 1254 1254 1249 1249 1255 1255 1248 1248 1255 1255 1249 1249 1255 1255 1248 1248 1256 1256 1247 1247 1256 1256 1248 1248 1256 1256 1247 1247 1257 1257 1246 1246 1257 1257 1247 1247 1257 1257 1246 1246 1258 1258 1245 1245 1258 1258 1246 1246 1258 1258 1245 1245 1259 1259 1244 1244 1259 1259 1245 1245 1259 1259 1244 1244 1260 1260 1197 1197 1260 1260 1244 1244 1260 1260 1197 1197 1261 1261 1196 1196 1261 1261 1197 1197 1261 1261 1196 1196 1185 1185 1185 1185 1184 1184 1261 1261 1262 1262 1261 1261 1184 1184 1261 1261 1262 1262 1260 1260 1263 1263 1260 1260 1262 1262 1260 1260 1263 1263 1259 1259 1264 1264 1259 1259 1263 1263 1259 1259 1264 1264 1258 1258 1265 1265 1258 1258 1264 1264 1258 1258 1265 1265 1257 1257 1266 1266 1257 1257 1265 1265 1257 1257 1266 1266 1256 1256 1267 1267 1256 1256 1266 1266 1256 1256 1267 1267 1255 1255 1268 1268 1255 1255 1267 1267 1255 1255 1268 1268 1254 1254 1269 1269 1254 1254 1268 1268 1254 1254 1269 1269 1150 1150 1270 1270 1150 1150 1269 1269 1150 1150 1270 1270 1148 1148 1271 1271 1272 1272 1270 1270 1273 1273 1270 1270 1272 1272 1270 1270 1273 1273 1148 1148 1146 1146 1271 1271 1147 1147 1270 1270 1147 1147 1271 1271 1147 1147 1270 1270 1274 1274 1269 1269 1274 1274 1270 1270 1274 1274 1269 1269 1275 1275 1268 1268 1275 1275 1269 1269 1275 1275 1268 1268 1276 1276 1267 1267 1276 1276 1268 1268 1276 1276 1267 1267 1277 1277 1266 1266 1277 1277 1267 1267 1277 1277 1266 1266 1278 1278 1265 1265 1278 1278 1266 1266 1278 1278 1265 1265 1279 1279 1264 1264 1279 1279 1265 1265 1279 1279 1264 1264 1280 1280 1263 1263 1280 1280 1264 1264 1280 1280 1263 1263 1281 1281 1262 1262 1281 1281 1263 1263 1281 1281 1262 1262 1282 1282 1184 1184 1282 1282 1262 1262 1282 1282 1184 1184 1160 1160 1183 1183 1160 1160 1184 1184 1160 1160 1159 1159 1282 1282 1283 1283 1282 1282 1159 1159 1282 1282 1283 1283 1281 1281 1284 1284 1281 1281 1283 1283 1281 1281 1284 1284 1280 1280 1285 1285 1280 1280 1284 1284 1280 1280 1285 1285 1279 1279 1286 1286 1279 1279 1285 1285 1279 1279 1286 1286 1278 1278 1287 1287 1278 1278 1286 1286 1278 1278 1287 1287 1277 1277 1288 1288 1277 1277 1287 1287 1277 1277 1288 1288 1276 1276 1289 1289 1276 1276 1288 1288 1276 1276 1289 1289 1275 1275 1290 1290 1275 1275 1289 1289 1275 1275 1290 1290 1274 1274 1291 1291 1274 1274 1290 1290 1274 1274 1291 1291 1147 1147 1292 1292 1147 1147 1291 1291 1147 1147 1292 1292 1145 1145 1183 1183 1293 1293 1160 1160 567 567 565 565 1178 1178 1162 1162 1178 1178 565 565 1178 1178 1162 1162 1218 1218 1206 1206 1218 1218 1162 1162 1218 1218 1206 1206 1223 1223 1207 1207 1223 1223 1206 1206 1223 1223 1207 1207 1233 1233 1208 1208 1233 1233 1207 1207 1233 1233 1208 1208 1198 1198 1209 1209 1198 1198 1208 1208 1198 1198 1209 1209 1196 1196 1210 1210 1196 1196 1209 1209 1196 1196 1210 1210 1185 1185 1211 1211 1185 1185 1210 1210 1185 1185 1211 1211 1183 1183 1294 1294 1183 1183 1211 1211 1295 1295 1296 1296 1292 1292 1297 1297 1292 1292 1296 1296 1292 1292 1297 1297 1145 1145 1143 1143 1295 1295 1144 1144 1292 1292 1144 1144 1295 1295 1144 1144 1292 1292 1298 1298 1291 1291 1298 1298 1292 1292 1298 1298 1291 1291 1299 1299 1290 1290 1299 1299 1291 1291 1299 1299 1290 1290 1300 1300 1289 1289 1300 1300 1290 1290 1300 1300 1289 1289 1301 1301 1288 1288 1301 1301 1289 1289 1301 1301 1288 1288 1302 1302 1287 1287 1302 1302 1288 1288 1302 1302 1287 1287 1303 1303 1286 1286 1303 1303 1287 1287 1303 1303 1286 1286 1304 1304 1285 1285 1304 1304 1286 1286 1304 1304 1285 1285 1305 1305 1284 1284 1305 1305 1285 1285 1305 1305 1284 1284 1306 1306 1283 1283 1306 1306 1284 1284 1306 1306 1283 1283 1307 1307 1159 1159 1307 1307 1283 1283 1307 1307 1159 1159 1308 1308 516 516 514 514 1309 1309 512 512 1309 1309 514 514 512 512 510 510 1309 1309 1144 1144 1309 1309 510 510 1309 1309 1144 1144 1310 1310 1298 1298 1310 1310 1144 1144 1310 1310 1298 1298 1311 1311 1299 1299 1311 1311 1298 1298 1311 1311 1299 1299 1312 1312 1300 1300 1312 1312 1299 1299 1312 1312 1300 1300 1313 1313 1301 1301 1313 1313 1300 1300 1313 1313 1301 1301 1314 1314 1302 1302 1314 1314 1301 1301 1314 1314 1302 1302 1315 1315 1303 1303 1315 1315 1302 1302 1315 1315 1303 1303 1316 1316 1304 1304 1316 1316 1303 1303 1316 1316 1304 1304 1317 1317 1305 1305 1317 1317 1304 1304 1317 1317 1305 1305 1318 1318 1306 1306 1318 1318 1305 1305 1318 1318 1306 1306 1319 1319 1307 1307 1319 1319 1306 1306 1319 1319 1307 1307 1320 1320 517 517 516 516 1165 1165 1309 1309 1165 1165 516 516 1165 1165 1309 1309 1166 1166 1310 1310 1166 1166 1309 1309 1166 1166 1310 1310 1167 1167 1311 1311 1167 1167 1310 1310 1167 1167 1311 1311 1168 1168 1312 1312 1168 1168 1311 1311 1168 1168 1312 1312 1169 1169 1313 1313 1169 1169 1312 1312 1169 1169 1313 1313 1170 1170 1314 1314 1170 1170 1313 1313 1170 1170 1314 1314 1171 1171 1315 1315 1171 1171 1314 1314 1171 1171 1315 1315 1174 1174 1316 1316 1174 1174 1315 1315 1174 1174 1316 1316 1173 1173 1317 1317 1173 1173 1316 1316 1173 1173 1317 1317 1172 1172 1318 1318 1172 1172 1317 1317 1172 1172 1318 1318 1175 1175 1319 1319 1175 1175 1318 1318 1175 1175 1319 1319 1321 1321</p>
        </triangles>
      </mesh>
    </geometry>
  </library_geometries>
  <library_materials>
    <material id="3b61833d3d4443238a32cb3ede57aa4f" name="defaultmaterial">
      <instance_effect url="#8a536189d0d4481a9396a9dc99612fdb"/>
    </material>
  </library_materials>
  <library_visual_scenes>
    <visual_scene id="scene">
      <node id="node0" name="node0">
        <instance_geometry url="#5f3ce731411a4dde90524e61d4715206">
          <bind_material>
            <technique_common>
              <instance_material symbol="material0" target="#3b61833d3d4443238a32cb3ede57aa4f"/>
            </technique_common>
          </bind_material>
        </instance_geometry>
      </node>
    </visual_scene>
  </library_visual_scenes>
  <scene>
    <instance_visual_scene url="#scene"/>
  </scene>
</COLLADA>
