<COLLADA xmlns="http://www.collada.org/2005/11/COLLADASchema" version="1.4.1">
  <asset>
    <created>2026-09-27T19:05:54.389354</created>
    <modified>2026-09-27T19:05:54.389354</modified>
    <up_axis>Y_UP</up_axis>
  </asset>
  <library_effects>
    <effect id="8440455d7b4e4b22ab05e7ee1ba820eb" name="8440455d7b4e4b22ab05e7ee1ba820eb">
      <profile_COMMON>
        <technique sid="common">
          <phong>
            <emission>
              <color>0.0 0.0 0.0 1.0</color>
            </emission>
            <ambient>
              <color>0.0 0.0 0.0 1.0</color>
            </ambient>
            <diffuse>
              <color>0.8941176470588236 0.8941176470588236 0.8941176470588236 1.0</color>
            </diffuse>
            <specular>
              <color>0.0 0.0 0.0 1.0</color>
            </specular>
            <shininess>
              <float>0.0</float>
            </shininess>
            <reflective>
              <color>0.0 0.0 0.0 1.0</color>
            </reflective>
            <reflectivity>
              <float>0.0</float>
            </reflectivity>
            <transparent>
              <color>0.0 0.0 0.0 1.0</color>
            </transparent>
            <transparency>
              <float>1.0</float>
            </transparency>
          </phong>
        </technique>
        <extra>
          <technique profile="GOOGLEEARTH">
            <double_sided>0</double_sided>
          </technique>
        </extra>
      </profile_COMMON>
    </effect>
  </library_effects>
  <library_geometries>
    <geometry id="5709d37d37024e0c9cf2e30a91a3aa8a" name="f0b1807f022e4ebeaf991616ab1026d4">
      <mesh>
        <source id="verts-array">
          <float_array count="3663" id="verts-array-array">-0.004476347 0.004693147 -0.002159269 -0.004476347 0.004699695 -0.0014541 -0.001456948 0.001473552 -0.006513963 -0.001456948 0.001594258 0.006485477 -0.0009712985 0.001082956 0.006490224 -0.004476347 0.004732434 0.002071748 0.001456948 -0.001594258 -0.006485477 0.004476347 -0.004725887 -0.001366579 0.004476347 -0.004732434 -0.002071748 -0.004476347 0.004689578 -0.002543653 -0.001721672 0.001752259 -0.006516551 -0.004467429 0.004677214 -0.002864002 -1.23786e-14 6.035296e-05 0.00649972 0.004476347 -0.004693147 0.002159269 -0.004476347 0.004725887 0.001366579 0.004476347 -0.004699695 0.0014541 -0.004476347 0.004712791 -4.376049e-05 0.004476347 -0.004712791 4.376049e-05 0.001721672 -0.001872965 -0.006482889 0.004476347 -0.004736004 -0.002456132 0.001942356 -0.002105185 -0.006467782 0.0009712985 -0.001082956 -0.006490224 1.237629e-14 -6.035296e-05 -0.00649972 -0.0009712985 0.0009622502 -0.006509215 -0.001721672 0.001872965 0.006482889 -0.004476347 0.004736004 0.002456132 -0.001942356 0.002105185 0.006467782 0.0009712985 -0.0009622502 0.006509215 0.001456948 -0.001473552 0.006513963 0.004476347 -0.004689578 0.002543653 0.001721672 -0.001752259 0.006516551 0.004467429 -0.004677214 0.002864002 -0.004002371 0.004169739 -0.004782002 -0.004110926 0.004286371 -0.004530735 -0.004205969 0.00438887 -0.004269395 0.003266411 -0.003492908 -0.005779567 0.003092633 -0.003311414 -0.005938889 0.002912009 -0.00312253 -0.006078659 -0.00435541 0.00455137 -0.00371455 -0.004445874 0.004651997 -0.003135439 -0.003266411 0.003492908 0.005779567 -0.003092633 0.003311414 0.005938889 -0.002912009 0.00312253 0.006078659 0.002528881 -0.002721181 -0.006299395 0.00212944 -0.00230186 -0.006434654 -0.00344915 0.003579194 -0.005649167 -0.002352878 0.002417796 -0.006416146 -0.003112494 0.003221627 -0.005982831 -0.00274292 0.002830095 -0.006241667 -0.001948244 0.001990925 -0.006505116 -0.003747488 0.003897052 -0.005247041 -0.002528881 0.002721181 0.006299395 -0.00212944 0.00230186 0.006434654 0.003867351 -0.00411813 -0.004970407 0.004402949 -0.004667239 -0.00337337 0.004099411 -0.00435791 -0.00447931 0.004280159 -0.004543222 -0.003940916 0.004466947 -0.004729162 -0.002785209 0.003588398 -0.003828466 -0.005406325 -0.003867351 0.00411813 0.004970407 -0.004402949 0.004667239 0.00337337 -0.004099411 0.00435791 0.00447931 -0.004280159 0.004543222 0.003940916 -0.004466947 0.004729162 0.002785209 -0.003588398 0.003828466 0.005406325 0.004002371 -0.004169739 0.004782002 0.004110926 -0.004286371 0.004530735 0.004205969 -0.00438887 0.004269395 0.00435541 -0.00455137 0.00371455 0.004445874 -0.004651997 0.003135439 0.00344915 -0.003579194 0.005649167 0.002352878 -0.002417796 0.006416146 0.003112494 -0.003221627 0.005982831 0.00274292 -0.002830095 0.006241667 0.001948244 -0.001990925 0.006505116 0.003747488 -0.003897052 0.005247041 -0.01955791 -0.01857696 -3.063789e-05 -0.01957705 -0.01859326 0.0001726472 -0.01961861 -0.01851305 -3.08263e-05 -0.01942596 -0.01871279 0.0003043147 -0.01944324 -0.01869426 0.0003401082 -0.0194183 -0.01872124 0.0002619783 -0.01941802 -0.01872235 0.0001738459 -0.01885423 -0.01888813 -0.0001331141 -0.01871271 -0.01889392 -0.0001771323 -0.0187116 -0.01889182 0.0001754195 -0.01949721 -0.01864086 -2.963953e-05 -0.0196978 -0.0184278 0.0001711108 -0.01969752 -0.01842728 0.0002592488 -0.01969752 -0.01842891 8.297836e-05 -0.0190641 -0.01530887 -0.0002986179 -0.0190641 -0.01530478 0.0001421121 -0.01850264 -0.01421127 0.0001319583 -0.01967258 -0.0184528 0.0003378661 -0.01964782 -0.01847864 0.0003631952 -0.01969498 -0.01842975 0.0002809717 -0.01968986 -0.01843494 0.0003017348 -0.01976446 -0.01824034 0.0004304854 -0.01961861 -0.01850929 0.0003745962 -0.01955791 -0.01857319 0.0003755946 -0.01957371 -0.01797678 0.0009630842 -0.01963077 -0.01791698 0.0009328146 -0.01967471 -0.01814054 0.0007432792 -0.01950056 -0.01851683 0.000578205 -0.01962195 -0.01838903 0.0005762093 -0.01968335 -0.01786203 0.0008884615 -0.01954862 -0.01765713 0.001122014 -0.01903592 -0.01532425 0.00124072 -0.01906131 -0.01529953 0.001023491 -0.01947034 -0.01624878 0.00085602 -0.01687586 -0.01161971 0.00186537 -0.01691651 -0.01158014 0.001517808 -0.01778436 -0.01296518 0.001354391 -0.0175715 -0.01318128 0.002217425 -0.01767718 -0.0130725 0.001949193 -0.01840743 -0.01429696 0.001699452 -0.0177488 -0.01299979 0.001658505 -0.01679401 -0.01170281 0.002197586 -0.01645978 -0.01633941 0.002589324 -0.01682401 -0.01595593 0.002585763 -0.01766524 -0.01675866 0.00218695 -0.01796877 -0.0164391 0.002183982 -0.01802851 -0.01710556 0.001987032 -0.01646727 -0.01433688 0.002976997 -0.0175524 -0.01518912 0.002573783 -0.01718825 -0.01557246 0.002582203 -0.01883908 -0.01690488 0.0017788 -0.01859631 -0.01716044 0.001784413 -0.01835349 -0.01741609 0.001786787 -0.01667324 -0.01182712 0.002504144 -0.01651758 -0.0119885 0.002775694 -0.01778826 -0.01296393 0.00104599 -0.01692096 -0.01157873 0.00116536 -0.01778826 -0.01296679 0.0007374784 -0.01846881 -0.01423464 0.001450282 -0.01849929 -0.01420497 0.001189615 -0.01850264 -0.01420636 0.0006608345 -0.0190641 -0.01530068 0.0005828421 -0.01947729 -0.01773188 0.001159851 -0.01940258 -0.01781037 0.001179021 -0.01971415 -0.01809933 0.0007100131 -0.01974902 -0.01806301 0.0006672931 -0.01963355 -0.01849359 0.0003707623 -0.01589306 -0.01264118 0.003302027 -0.0161213 -0.01240198 0.00318095 -0.01708856 -0.01368428 0.002809631 -0.01727258 -0.01349196 0.002654388 -0.01806063 -0.0146565 0.002303906 -0.0182001 -0.01451123 0.00213302 -0.01881199 -0.01555475 0.001809665 -0.01890928 -0.01545389 0.001639951 -0.01934872 -0.01637226 0.001349186 -0.0194091 -0.01631011 0.001195912 -0.01956391 -0.01672261 0.001069182 -0.01959972 -0.01668625 0.0009238368 -0.01971121 -0.01706764 0.0008175355 -0.01972645 -0.0170528 0.0006872001 -0.01979712 -0.01740031 0.0006022841 -0.01972813 -0.0170535 0.0004228112 -0.01979851 -0.01740294 0.0001615945 -0.01692096 -0.011582 0.0008127737 -0.01692096 -0.01158855 0.0001076051 -0.01778826 -0.01297252 0.000120456 -0.01778826 -0.01297825 -0.0004965664 -0.01850264 -0.01421618 -0.0003969179 -0.01947257 -0.01624971 0.0005035014 -0.01947257 -0.01625298 0.0001509166 -0.01947257 -0.01625625 -0.0002016682 -0.01947034 -0.01626188 -0.0005541432 -0.0161213 -0.01245891 -0.002950105 -0.01589306 -0.01270032 -0.003066719 -0.01688885 -0.01394532 -0.002657081 -0.01667964 -0.01416605 -0.002706664 -0.0175524 -0.01523429 -0.002291287 -0.01651758 -0.01203797 -0.002552597 -0.01633161 -0.01223586 -0.002776799 -0.01727258 -0.01353893 -0.002403394 -0.01708856 -0.01373409 -0.002555038 -0.0179029 -0.01486403 -0.00216132 -0.01773171 -0.01504509 -0.002248782 -0.01842166 -0.01599963 -0.001841842 -0.01827223 -0.0161573 -0.001877259 -0.01883908 -0.016935 -0.00146458 -0.01859631 -0.01719062 -0.001465447 -0.01972813 -0.01705595 0.0001583726 -0.01972813 -0.01705841 -0.000106066 -0.01979712 -0.01740849 -0.0002790679 -0.01972645 -0.01706262 -0.0003704223 -0.01978442 -0.01742287 -0.0003874321 -0.01981941 -0.01772957 -0.0002747425 -0.01979895 -0.01775188 -0.0003573969 -0.01980085 -0.01801672 -0.0002243792 -0.0197782 -0.01804109 -0.0002814153 -0.01633161 -0.01218219 0.003003532 -0.01743531 -0.01332248 0.002455036 -0.01831685 -0.0143902 0.001929357 -0.01898476 -0.01537619 0.001448351 -0.01945002 -0.01626857 0.001029801 -0.0196175 -0.01666894 0.0007717786 -0.01961946 -0.01666974 0.0004633247 -0.01961946 -0.01667261 0.000154813 -0.01961946 -0.01667547 -0.0001536987 -0.0196175 -0.0166804 -0.0004621142 -0.01971121 -0.01707988 -0.0005004597 -0.01975884 -0.01745076 -0.0004907506 -0.01976876 -0.01778438 -0.0004334434 -0.01974902 -0.01807229 -0.0003317598 -0.01541126 -0.01314781 0.003372224 -0.01565396 -0.01289235 0.003363381 -0.01667964 -0.01411335 0.002969251 -0.01688885 -0.01389357 0.002915579 -0.01773171 -0.01500074 0.002527772 -0.0179029 -0.01482134 0.002436962 -0.01856432 -0.01581317 0.002062955 -0.01869576 -0.0156758 0.001952065 -0.0191779 -0.0165498 0.001598885 -0.01927088 -0.01645296 0.001484961 -0.01944297 -0.01684759 0.001322098 -0.01951108 -0.01677699 0.001203297 -0.01963523 -0.01714542 0.001057073 -0.01968052 -0.0170988 0.0009421172 -0.01975884 -0.01743864 0.0008147151 -0.01978442 -0.01741267 0.0007108965 -0.01981941 -0.01772141 0.0006039216 -0.01982957 -0.01771152 0.000517031 -0.01982381 -0.01798644 0.000431441 -0.01983069 -0.01771362 0.0001644793 -0.01982465 -0.01798802 0.0001670272 -0.01982957 -0.01771807 -0.0001880506 -0.01982381 -0.01799135 -9.737019e-05 -0.01981619 -0.01799998 -0.0001623889 -0.01977469 -0.01823403 -5.037289e-05 -0.01976446 -0.01824519 -9.170008e-05 -0.01968986 -0.01843737 4.064203e-05 -0.01972991 -0.01828223 -0.0001632872 -0.01516844 -0.01340347 0.003374598 -0.01842166 -0.01596267 0.002138627 -0.01907275 -0.01665969 0.001687589 -0.01936161 -0.01693233 0.001421779 -0.01957686 -0.01720593 0.001158905 -0.0197211 -0.01747749 0.000910512 -0.01979895 -0.01774219 0.0006869761 -0.01981619 -0.01799386 0.0004966087 -0.01977977 -0.01822501 0.0003455134 -0.01978033 -0.01822606 0.0001692375 -0.01977977 -0.01822828 -7.027427e-06 -0.01969498 -0.01843179 6.130513e-05 -0.01827223 -0.01611965 0.002176966 -0.01895862 -0.0167793 0.001748122 -0.0192696 -0.01702849 0.001499395 -0.01950712 -0.01727857 0.001244346 -0.01967245 -0.01752792 0.0009953719 -0.01976876 -0.01777326 0.0007636129 -0.01980085 -0.01800944 0.0005588991 -0.01977469 -0.01822995 0.0003889582 -0.01967258 -0.01845589 4.848479e-06 -0.01916975 -0.01713314 0.001552369 -0.01942825 -0.01736099 0.001310875 -0.01961434 -0.01758845 0.001066572 -0.01972984 -0.01781361 0.0008315005 -0.0197782 -0.01803275 0.000616378 -0.01667324 -0.01187158 -0.00228409 -0.01743531 -0.01336577 -0.002207223 -0.01806063 -0.01469676 -0.002031347 -0.01856432 -0.01584875 -0.001768959 -0.01895862 -0.01680886 -0.00143624 -0.01906514 -0.01726938 -0.001258747 -0.01885273 -0.01749304 -0.00125951 -0.01679401 -0.0117416 -0.001979894 -0.0175715 -0.01322018 -0.001972275 -0.0182001 -0.01454834 -0.001863188 -0.01869576 -0.01570935 -0.001660639 -0.01907275 -0.01668816 -0.001377939 -0.01916975 -0.01715901 -0.001233951 -0.019253 -0.01756747 -0.00105325 -0.01907093 -0.01775918 -0.0010539 -0.01687586 -0.01165235 -0.001649278 -0.01767718 -0.01310644 -0.001706109 -0.01831685 -0.01442354 -0.001661808 -0.01881199 -0.01558567 -0.001520512 -0.0191779 -0.01657664 -0.00129129 -0.0192696 -0.0170534 -0.001182929 -0.01934266 -0.01747287 -0.001031998 -0.01940258 -0.01782919 -0.0008480912 -0.01909908 -0.01814874 -0.0008471442 -0.01906131 -0.0153159 -0.0007392127 -0.01945002 -0.01628488 -0.000727527 -0.01959972 -0.01670053 -0.0006138249 -0.01956391 -0.01673958 -0.0007584695 -0.01968052 -0.01711335 -0.0006244413 -0.01963523 -0.01716209 -0.0007385116 -0.0197211 -0.01749138 -0.0005858095 -0.01967245 -0.01754338 -0.0006697184 -0.01972984 -0.01782598 -0.0005005701 -0.01968335 -0.01787545 -0.0005566222 -0.01971415 -0.01810939 -0.0003737981 -0.01967471 -0.01815121 -0.0004062932 -0.01968037 -0.01833485 -0.0002129758 -0.01963355 -0.01849729 -2.728454e-05 -0.01965184 -0.01836503 -0.0002275532 -0.01964782 -0.0184822 -1.999632e-05 -0.01516844 -0.01346382 -0.003125122 -0.01468279 -0.01397512 -0.003120375 -0.01582986 -0.01506077 -0.002704026 -0.01540492 -0.01550816 -0.002699872 -0.01645978 -0.01638467 -0.002285466 -0.01257156 -0.01618708 -0.001938615 -0.01248972 -0.01627017 -0.0016064 -0.01391092 -0.01706895 -0.001379303 -0.01387536 -0.01710356 -0.001075189 -0.01514873 -0.01775216 -0.0008928784 -0.01303396 -0.0157077 -0.002744561 -0.012848 -0.01590139 -0.002516723 -0.01422441 -0.01674626 -0.002175834 -0.01408822 -0.01688746 -0.001938222 -0.01533117 -0.01756693 -0.00163262 -0.0152406 -0.01766016 -0.001402715 -0.01634573 -0.01817886 -0.001136777 -0.01629457 -0.01823079 -0.0009291458 -0.01725695 -0.01859379 -0.0007060878 -0.01723663 -0.01861357 -0.0005323066 -0.01766301 -0.01873813 -0.0004430072 -0.01766105 -0.01873733 -0.0001345534 -0.01244462 -0.01630789 -0.000553803 -0.01244462 -0.01630134 0.0001513656 -0.01387146 -0.01709622 0.0001587464 -0.01387146 -0.01709049 0.0007757688 -0.01514538 -0.01774095 0.0006936549 -0.01324428 -0.01543097 0.003209076 -0.01347252 -0.01518957 0.00332569 -0.01477087 -0.01612342 0.002936284 -0.01498008 -0.01590269 0.002985866 -0.01609563 -0.01672283 0.002588024 -0.01303396 -0.01565402 0.00303577 -0.01457116 -0.01633465 0.002834241 -0.01591631 -0.01691203 0.002545519 -0.01705826 -0.01739775 0.002188834 -0.0162548 -0.01456058 0.002979074 -0.01468279 -0.01391477 0.003379345 -0.01582986 -0.01500797 0.002983229 -0.01419714 -0.01442607 0.003384093 -0.01540492 -0.01545535 0.002987383 -0.01395432 -0.01468172 0.003386467 -0.01519245 -0.01567905 0.00298946 -0.01371161 -0.0149373 0.00338237 -0.012848 -0.01585191 0.002811567 -0.01438714 -0.01652981 0.002682596 -0.01574512 -0.01709309 0.002458057 -0.01690882 -0.01755542 0.002153416 -0.0178679 -0.01792736 0.001788294 -0.01269234 -0.01606276 -0.002245173 -0.01398254 -0.01699624 -0.001669991 -0.01517921 -0.01772248 -0.001153545 -0.01626918 -0.01825552 -0.0007119169 -0.01626639 -0.01825436 -0.0002712676 -0.0172344 -0.01861265 -0.000179788 -0.0172344 -0.01860938 0.0001727968 -0.01766105 -0.01873446 0.0001739583 -0.01766105 -0.0187316 0.00048247 -0.01852462 -0.01833432 -0.00104613 -0.01888881 -0.01795092 -0.00105212 -0.01842778 -0.01794043 -0.001255356 -0.01864025 -0.01771674 -0.001257433 -0.01835349 -0.01744627 -0.001463073 -0.01565396 -0.01295259 -0.003123399 -0.01646727 -0.01438969 -0.002710258 -0.01718825 -0.01561772 -0.002292587 -0.01796877 -0.01647682 -0.001878343 -0.01766524 -0.01679638 -0.001875375 -0.01811066 -0.01770192 -0.001460699 -0.01821536 -0.01816404 -0.001250439 -0.01843496 -0.01842851 -0.001023124 -0.01872087 -0.01854673 -0.0008229867 -0.01864955 -0.01862148 -0.0007851501 -0.01891151 -0.01868846 -0.0005929159 -0.01885894 -0.01874341 -0.0005485628 -0.01541126 -0.01320817 -0.003127496 -0.0162548 -0.01461339 -0.00270818 -0.01682401 -0.0160012 -0.002289026 -0.01736171 -0.01711595 -0.001872408 -0.01705826 -0.01743539 -0.001865392 -0.0178679 -0.01795747 -0.001455086 -0.01774835 -0.01808306 -0.001424409 -0.01811076 -0.01827393 -0.001223598 -0.0180109 -0.01837858 -0.001170624 -0.01834937 -0.01851821 -0.0009777192 -0.0182705 -0.01860063 -0.0009111911 -0.01858383 -0.01869017 -0.0007297079 -0.01852571 -0.0187507 -0.0006585078 -0.01881245 -0.01879183 -0.0004916017 -0.01877353 -0.01883218 -0.0004237142 -0.01395432 -0.01474207 -0.003113253 -0.01371161 -0.01499753 -0.003104411 -0.01498008 -0.01595539 -0.002690049 -0.01477087 -0.01617517 -0.002636376 -0.01591631 -0.01695638 -0.002231035 -0.01574512 -0.01713579 -0.002140225 -0.01676617 -0.01774187 -0.001751381 -0.01663473 -0.01787924 -0.001640491 -0.01752907 -0.01831256 -0.001275172 -0.01743609 -0.0184094 -0.001161247 -0.01783754 -0.01855948 -0.0009933267 -0.01776943 -0.01863008 -0.0008745261 -0.01814239 -0.01873378 -0.0007239177 -0.0180971 -0.0187804 -0.0006089619 -0.01843933 -0.01883997 -0.0004778511 -0.01419714 -0.01448642 -0.003115627 -0.01519245 -0.01573186 -0.002697795 -0.01609563 -0.01676801 -0.002277046 -0.01690882 -0.01759238 -0.001827052 -0.01763423 -0.01820266 -0.001363876 -0.01791889 -0.01847474 -0.001093008 -0.01820076 -0.01867327 -0.00082575 -0.01847707 -0.01880113 -0.0005736479 -0.01874334 -0.01886325 -0.0003470773 -0.01324428 -0.0154879 -0.00292198 -0.01438714 -0.01657678 -0.002375186 -0.01544792 -0.01744589 -0.001836283 -0.01642121 -0.01810116 -0.001328377 -0.01729787 -0.01855225 -0.0008721987 -0.01768079 -0.01872082 -0.0005950655 -0.01805117 -0.0188264 -0.0003540448 -0.0180495 -0.01882325 0.0001747827 -0.01927114 -0.01831026 -0.0006425156 -0.01902835 -0.01856587 -0.0006385231 -0.01913041 -0.01860108 -0.0005368318 -0.01691651 -0.01160633 -0.001302511 -0.0177488 -0.01302835 -0.001416822 -0.01840743 -0.01432606 -0.001433673 -0.01890928 -0.01548167 -0.0013527 -0.01927088 -0.01647769 -0.001179184 -0.01936161 -0.01695581 -0.001107112 -0.01942825 -0.01738234 -0.0009882664 -0.01947729 -0.01775036 -0.0008303814 -0.01951394 -0.01805463 -0.0006432702 -0.01879559 -0.01846824 -0.0008421574 -0.01896858 -0.01862866 -0.0006231854 -0.01902818 -0.01870835 -0.0004969251 -0.01894149 -0.0187988 -0.0004082754 -0.01906097 -0.01879668 -0.0003250335 -0.01923279 -0.01872086 -0.0003051977 -0.01913527 -0.01871915 -0.0004010197 -0.01930581 -0.01864424 -0.0003337023 -0.0192229 -0.0186272 -0.0004352248 -0.01940499 -0.0184355 -0.0004382189 -0.01927121 -0.01876516 -0.000158803 -0.01939919 -0.01869707 -0.0001138062 -0.01932074 -0.01871348 -0.0002094601 -0.01944301 -0.0186511 -0.0001309088 -0.01937916 -0.01865218 -0.0002322642 -0.01950056 -0.01852438 -0.0002342599 -0.01692096 -0.0115951 -0.0005975635 -0.01692096 -0.01159837 -0.0009501493 -0.01778826 -0.01298112 -0.0008050781 -0.01778436 -0.01298809 -0.001113403 -0.01849929 -0.01422461 -0.0009256334 -0.01846881 -0.01425912 -0.001185704 -0.01903592 -0.01534465 -0.000955945 -0.01898476 -0.01540043 -0.001162576 -0.0194091 -0.01632951 -0.0008928379 -0.01934872 -0.0163945 -0.001044931 -0.01951108 -0.01679644 -0.0008915523 -0.01944297 -0.01686924 -0.001009021 -0.01957686 -0.01722449 -0.0008392026 -0.01950712 -0.0172987 -0.0009232802 -0.01961434 -0.01760522 -0.0007397822 -0.01954862 -0.01767492 -0.0007939393 -0.01963077 -0.01793121 -0.0005999473 -0.01957371 -0.01799156 -0.0006291012 -0.01963192 -0.01819648 -0.0004281579 -0.01958709 -0.01824378 -0.0004387852 -0.01962195 -0.01839656 -0.0002346377 -0.01841375 -0.01886594 -0.0003740325 -0.01872288 -0.01888403 -0.0002640228 -0.01888102 -0.01886129 -0.0002818167 -0.01923665 -0.01880087 -8.654029e-05 -0.01912768 -0.0188301 -0.0001515477 -0.01910854 -0.01884927 -4.533215e-05 -0.01898617 -0.01887324 -8.918144e-05 -0.01898533 -0.01887167 0.0001752323 -0.01944324 -0.01869735 7.090578e-06 -0.01942596 -0.01871521 4.322193e-05 -0.0194183 -0.01872288 8.570794e-05 -0.019468 -0.01867151 -1.823846e-05 -0.01922079 -0.01881516 0.0001747076 -0.01922134 -0.01881621 -1.568259e-06 -0.01805117 -0.01881658 0.0007035776 -0.01347252 -0.0152487 -0.003043056 -0.01457116 -0.01638446 -0.002530428 -0.0155874 -0.01730062 -0.002007169 -0.0165185 -0.0180003 -0.001498091 -0.01735826 -0.01849009 -0.001025472 -0.0177166 -0.01868447 -0.0007404103 -0.01806641 -0.01881156 -0.0004843802 -0.01840105 -0.0188783 -0.00026542 -0.01839966 -0.01887568 0.0001752696 -0.01840105 -0.01887012 0.000615932 -0.01841375 -0.01885574 0.0007242961 -0.01872288 -0.01887587 0.0006146413 -0.01874334 -0.01885356 0.0006972957 -0.01888102 -0.01885281 0.0006320099 -0.01736171 -0.01707822 0.002189917 -0.01775533 -0.01739316 0.001989703 -0.01811066 -0.01767174 0.001789161 -0.01842778 -0.01791403 0.001588281 -0.01864025 -0.01769033 0.001586204 -0.01888881 -0.01792828 0.001385275 -0.01885273 -0.01746664 0.001584127 -0.01907093 -0.01773655 0.001383495 -0.01906514 -0.01724303 0.001579211 -0.019253 -0.01754488 0.001379285 -0.01934266 -0.01745069 0.001356279 -0.01244462 -0.01629479 0.0008565342 -0.01244462 -0.01629152 0.00120912 -0.01387146 -0.01708762 0.001084281 -0.01387536 -0.01708065 0.001392605 -0.01514873 -0.01773252 0.00122237 -0.01517921 -0.01769801 0.001482441 -0.01629457 -0.01821039 0.001267519 -0.01634573 -0.01815462 0.00147415 -0.01729787 -0.01853285 0.001216551 -0.01735826 -0.01846786 0.001368644 -0.01776943 -0.01861063 0.001220324 -0.01783754 -0.01853783 0.001337793 -0.01820076 -0.01865471 0.001172358 -0.0182705 -0.0185805 0.001256435 -0.01858383 -0.01867339 0.001076646 -0.01864955 -0.01860369 0.001130803 -0.01891151 -0.01867423 0.0009398461 -0.01896858 -0.01861388 0.0009689999 -0.01244907 -0.01628355 0.001561481 -0.01248972 -0.01623754 0.001908249 -0.01391092 -0.01704039 0.001696024 -0.01398254 -0.0169623 0.001985312 -0.0152406 -0.01763107 0.00173041 -0.01533117 -0.01753358 0.001958545 -0.01642121 -0.01807337 0.001664274 -0.0165185 -0.01796938 0.001832086 -0.01743609 -0.01838466 0.001502898 -0.01752907 -0.01828572 0.001615004 -0.01791889 -0.01845126 0.001435883 -0.0180109 -0.01835367 0.0015117 -0.01834937 -0.01849686 0.001321422 -0.01843496 -0.01840634 0.001365153 -0.01872087 -0.01852825 0.001167245 -0.01879559 -0.01844942 0.001184955 -0.01902835 -0.01855081 0.000983169 -0.01914973 -0.018423 0.0009836013 -0.01257156 -0.01614829 0.002238865 -0.01269234 -0.0160183 0.002543061 -0.01408822 -0.01684856 0.002251477 -0.01422441 -0.01670297 0.002486425 -0.01544792 -0.01740879 0.002159925 -0.0155874 -0.01726037 0.002328084 -0.01663473 -0.0178457 0.001972214 -0.01676617 -0.01770629 0.002080534 -0.01763423 -0.0181742 0.001701652 -0.01774835 -0.01805349 0.001759954 -0.01811076 -0.01824806 0.001562722 -0.01821536 -0.01813769 0.001587518 -0.01852462 -0.01831174 0.001386406 -0.01870669 -0.01812002 0.001387055 -0.01894732 -0.01828966 0.001185492 -0.01909908 -0.01812988 0.001184008 -0.01927114 -0.01829518 0.0009824144 -0.01951394 -0.01803957 0.0009784219 -0.01963192 -0.01818539 0.0007659806 -0.01968037 -0.01832774 0.0005534052 -0.01972991 -0.01827605 0.0005027481 -0.01244907 -0.01630974 -0.001258837 -0.01244462 -0.01631116 -0.0009063888 -0.01387146 -0.01710481 -0.0007667877 -0.01387146 -0.01710195 -0.000458276 -0.01514538 -0.01775077 -0.0003640975 -0.01514538 -0.01774586 0.0001647787 -0.01626639 -0.01825027 0.0001694624 -0.01626639 -0.01824618 0.0006101924 -0.0172344 -0.0186061 0.0005253816 -0.01723663 -0.01860048 0.0008778566 -0.01766301 -0.01872667 0.0007908856 -0.01768079 -0.01870654 0.0009425962 -0.01806641 -0.01879932 0.000833615 -0.0180971 -0.01876585 0.0009575966 -0.01843933 -0.01882785 0.0008276146 -0.01847707 -0.01878723 0.0009226736 -0.01877353 -0.01882106 0.0007733422 -0.01881245 -0.01877946 0.0008404689 -0.01894149 -0.01878798 0.0007572863 -0.01871271 -0.01888737 0.0005279494 -0.01885423 -0.0188824 0.0004838313 -0.01900914 -0.01885024 -0.0002166395 -0.01900914 -0.01884297 0.0005666387 -0.01906097 -0.0187874 0.0006740194 -0.01912768 -0.01882404 0.0005011842 -0.01898617 -0.01886833 0.0004396298 -0.01910854 -0.01884518 0.0003953429 -0.01922134 -0.01881293 0.0003509725 -0.01932465 -0.01877166 0.0003065175 -0.01933613 -0.01876262 -2.161666e-05 -0.01932465 -0.01877412 4.211286e-05 -0.01927121 -0.01875898 0.0005072323 -0.01933613 -0.01875898 0.0003700225 -0.01923665 -0.01879602 0.0004356452 -0.01626918 -0.01823915 0.001050787 -0.01725695 -0.01857747 0.00105124 -0.0177166 -0.01866749 0.001087241 -0.01814239 -0.01871711 0.001071667 -0.01852571 -0.01873523 0.001006582 -0.01885894 -0.01872999 0.0008965209 -0.01902818 -0.0186959 0.0008442411 -0.01913041 -0.0185879 0.000882149 -0.01923279 -0.01871196 0.000652779 -0.01931393 -0.01852005 0.0007813687 -0.0192229 -0.01861591 0.0007810447 -0.01913527 -0.01870847 0.0007485528 -0.01940499 -0.01842418 0.0007804785 -0.01958709 -0.01823248 0.0007774844 -0.01965184 -0.01835764 0.0005685405 -0.01949721 -0.0186371 0.000375783 -0.019468 -0.01866795 0.000364953 -0.01944301 -0.01864545 0.0004772249 -0.01939919 -0.01869174 0.000460979 -0.01937916 -0.01864465 0.0005785829 -0.01932074 -0.01870636 0.0005569209 -0.01930581 -0.01863483 0.000679856 0.002528881 -0.002721181 -0.006299395 -0.0001014045 -0.004696084 -0.005927602 0.00212944 -0.00230186 -0.006434654 -0.0003238789 -0.004462504 -0.005999374 0.001942356 -0.002105185 -0.006467782 -0.0005497003 -0.004225136 -0.00604264 0.001721672 -0.001872965 -0.006482889 -0.001004773 -0.003746139 -0.006059228 0.003588398 -0.003828466 -0.005406325 0.0009016761 -0.005745162 -0.005165418 0.003266411 -0.003492908 -0.005779567 0.0007208868 -0.005556687 -0.005367927 0.003092633 -0.003311414 -0.005938889 0.0005286862 -0.005355978 -0.005546808 0.002912009 -0.00312253 -0.006078659 0.000326555 -0.005144579 -0.005700588 0.0001159876 -0.004924052 -0.005827831 0.003867351 -0.00411813 -0.004970407 0.001223188 -0.006079321 -0.004695435 0.001069574 -0.005919856 -0.004940727 0.004280159 -0.004543222 -0.003940916 0.001587886 -0.006455529 -0.003856786 0.004099411 -0.00435791 -0.00447931 0.00148334 -0.006348185 -0.004151306 0.001361438 -0.006222436 -0.004431575 0.001817557 -0.006685517 -0.002582206 0.001789281 -0.006658791 -0.002910378 0.004402949 -0.004667239 -0.00337337 0.001741349 -0.006611328 -0.003233883 0.001674101 -0.006543458 -0.003550197 -0.00692754 -0.009903329 -0.004740691 -0.00865973 -0.01159773 -0.004271198 -0.00898848 -0.01125237 -0.004355559 -0.006245483 -0.01061811 -0.004378639 -0.008056718 -0.01222883 -0.003860771 -0.00834589 -0.01192663 -0.004104717 -0.006749554 -0.0100902 -0.004683274 -0.006575644 -0.01027257 -0.004603457 -0.006407189 -0.01044899 -0.004501654 -0.006091723 -0.01077868 -0.004235542 -0.005947096 -0.01092946 -0.004073525 -0.007801015 -0.01249516 -0.003547484 -0.005812771 -0.01106922 -0.003893779 -0.005689885 -0.01119678 -0.003697536 -0.007586977 -0.01271705 -0.003174108 -0.007308376 -0.01300224 -0.002295802 -0.007420918 -0.01288799 -0.002752603 -0.005329154 -0.0115681 -0.002781349 -0.005579278 -0.01131128 -0.003486454 -0.005481763 -0.01141188 -0.003262241 -0.005398131 -0.01149775 -0.003026623 0.004466947 -0.004729162 -0.002785209 0.004476347 -0.004736004 -0.002456132 0.001825918 -0.006688184 -0.001921353 0.004476347 -0.004732434 -0.002071748 0.001825918 -0.006682045 -0.001260261 0.004476347 -0.004725887 -0.001366579 0.001825918 -0.006669768 6.193194e-05 0.004476347 -0.004712791 4.376049e-05 0.001825918 -0.006657491 0.001384125 0.004476347 -0.004699695 0.0014541 0.001825918 -0.006651352 0.002045216 0.003747488 -0.003897052 0.005247041 0.001223188 -0.005991082 0.004807515 0.004002371 -0.004169739 0.004782002 0.001361438 -0.006139072 0.004546358 0.004110926 -0.004286371 0.004530735 0.00148334 -0.006270004 0.004268471 0.004205969 -0.00438887 0.004269395 0.001587886 -0.006382798 0.003975996 0.00435541 -0.00455137 0.00371455 0.004476347 -0.004693147 0.002159269 0.004476347 -0.004689578 0.002543653 0.001817557 -0.006636415 0.002705906 0.004467429 -0.004677214 0.002864002 0.001789281 -0.0066036 0.003033526 0.004445874 -0.004651997 0.003135439 0.001741349 -0.006550137 0.003356093 0.001674101 -0.006476405 0.003671092 0.00344915 -0.003579194 0.005649167 0.0009016761 -0.005648253 0.005271212 0.001069574 -0.00582709 0.005049803 0.00274292 -0.002830095 0.006241667 0.000326555 -0.005037836 0.005795136 0.003112494 -0.003221627 0.005982831 0.0005286862 -0.005252054 0.005645309 0.0007208868 -0.00545605 0.005470186 -0.0005497003 -0.0041122 0.006120056 -0.0003238789 -0.00435033 0.006081205 0.002352878 -0.002417796 0.006416146 -0.0001014045 -0.004585202 0.006013783 0.0001159876 -0.004814984 0.005918263 -0.005275355 -0.01162239 -0.002528304 -0.00523701 -0.01166036 -0.002269491 -0.00725249 -0.01305665 -0.001817906 -0.005214387 -0.01168174 -0.002006951 -0.007246361 -0.0130586 -0.001333277 -0.0052077 -0.01168388 -0.001478278 -0.007246361 -0.0130541 -0.0008484773 -0.0052077 -0.01167896 -0.0009494009 -0.007246361 -0.01304509 0.0001211299 -0.0052077 -0.01166914 0.0001083535 -0.007246361 -0.01303609 0.001090737 -0.0052077 -0.01165932 0.001166108 -0.007246361 -0.01303159 0.001575537 -0.0052077 -0.01165441 0.001694985 -0.00725249 -0.01302064 0.002060046 -0.005214387 -0.01164246 0.002223527 -0.00523701 -0.01161621 0.002485624 -0.007308376 -0.01295737 0.002536849 -0.005481763 -0.01134933 0.003473589 -0.007586977 -0.01265592 0.003409708 -0.007420918 -0.01283465 0.00299145 -0.005275355 -0.01157344 0.002743688 -0.005329154 -0.01151445 0.002995682 -0.005398131 -0.01143956 0.003239607 -0.005579278 -0.01124459 0.003695896 -0.005689885 -0.01112619 0.003904816 -0.007801015 -0.01242713 0.0037789 -0.005812771 -0.010995 0.004098656 -0.005947096 -0.01085193 0.004275775 -0.008056718 -0.01215503 0.004087187 -0.00865973 -0.01151641 0.004485824 -0.00834589 -0.01184835 0.004325479 -0.006575644 -0.01018532 0.004793418 -0.006091723 -0.01069817 0.004434964 -0.006245483 -0.01053497 0.004575055 -0.006407189 -0.0103636 0.004694909 0.001948244 -0.001990925 0.006505116 0.001721672 -0.001752259 0.006516551 -0.001004773 -0.003632977 0.006127747 0.001456948 -0.001473552 0.006513963 -0.001460065 -0.003153636 0.006123296 0.0009712985 -0.0009622502 0.006509215 -0.002370658 -0.002194945 0.006114394 -1.23786e-14 6.035296e-05 0.00649972 -0.00328125 -0.001236255 0.006105492 -0.0009712985 0.001082956 0.006490224 -0.003736543 -0.0007569134 0.006101041 -0.003588398 0.003828466 0.005406325 -0.005642992 0.001242109 0.005207231 -0.003266411 0.003492908 0.005779567 -0.005462202 0.001053634 0.00540974 -0.003092633 0.003311414 0.005938889 -0.005270002 0.0008529249 0.005588621 -0.002912009 0.00312253 0.006078659 -0.005067871 0.0006415266 0.005742401 -0.002528881 0.002721181 0.006299395 -0.004857303 0.0004209993 0.005869644 -0.004639911 0.0001930311 0.005969415 -0.00212944 0.00230186 0.006434654 -0.004417437 -4.054838e-05 0.006041187 -0.001942356 0.002105185 0.006467782 -0.004191615 -0.0002779166 0.006084453 -0.001721672 0.001872965 0.006482889 -0.001456948 0.001594258 0.006485477 -0.003867351 0.00411813 0.004970407 -0.005964504 0.001576268 0.004737248 -0.005810889 0.001416804 0.00498254 -0.004280159 0.004543222 0.003940916 -0.006329202 0.001952476 0.003898599 -0.004099411 0.00435791 0.00447931 -0.006224655 0.001845132 0.004193119 -0.006102754 0.001719384 0.004473388 -0.006558873 0.002182464 0.002624019 -0.006530596 0.002155739 0.002952191 -0.004402949 0.004667239 0.00337337 -0.006482665 0.002108275 0.003275696 -0.006415416 0.002040406 0.00359201 -0.004466947 0.004729162 0.002785209 -0.004476347 0.004736004 0.002456132 -0.006567234 0.002185131 0.001963166 -0.004476347 0.004732434 0.002071748 -0.006567234 0.002178992 0.001302074 -0.004476347 0.004725887 0.001366579 -0.006567234 0.002166715 -2.011897e-05 -0.004476347 0.004712791 -4.376049e-05 -0.006567234 0.002154438 -0.001342312 -0.004476347 0.004699695 -0.0014541 -0.006567234 0.002148299 -0.002003403 -0.003747488 0.003897052 -0.005247041 -0.005964504 0.001488029 -0.004765702 -0.004002371 0.004169739 -0.004782002 -0.006102754 0.001636019 -0.004504545 -0.004110926 0.004286371 -0.004530735 -0.006224655 0.001766951 -0.004226658 -0.004205969 0.00438887 -0.004269395 -0.006329202 0.001879745 -0.003934183 -0.00435541 0.00455137 -0.00371455 -0.006415416 0.001973353 -0.003629279 -0.006482665 0.002047084 -0.00331428 -0.004445874 0.004651997 -0.003135439 -0.006530596 0.002100547 -0.002991713 -0.004467429 0.004677214 -0.002864002 -0.006558873 0.002133362 -0.002664093 -0.004476347 0.004689578 -0.002543653 -0.004476347 0.004693147 -0.002159269 -0.00344915 0.003579194 -0.005649167 -0.005642992 0.0011452 -0.005229399 -0.005810889 0.001324037 -0.00500799 -0.00274292 0.002830095 -0.006241667 -0.005067871 0.0005347833 -0.005753324 -0.003112494 0.003221627 -0.005982831 -0.005270002 0.0007490008 -0.005603496 -0.005462202 0.0009529971 -0.005428373 -0.004191615 -0.0003908529 -0.006078243 -0.004417437 -0.0001527223 -0.006039392 -0.002352878 0.002417796 -0.006416146 -0.004639911 8.214969e-05 -0.00597197 -0.004857303 0.0003119313 -0.00587645 -0.001948244 0.001990925 -0.006505116 -0.001721672 0.001752259 -0.006516551 -0.003736543 -0.0008700752 -0.006085934 -0.001456948 0.001473552 -0.006513963 -0.00328125 -0.001349417 -0.006081483 -0.0009712985 0.0009622502 -0.006509215 -0.002370658 -0.002308107 -0.006072581 1.237629e-14 -6.035296e-05 -0.00649972 -0.001460065 -0.003266798 -0.006063679 0.0009712985 -0.001082956 -0.006490224 0.001456948 -0.001594258 -0.006485477 -0.005438254 -0.003515822 -0.005655099 -0.007442318 -0.005536973 -0.005230064 -0.005863197 -0.003068433 -0.005659253 -0.007836905 -0.005121544 -0.005233922 -0.006287927 -0.002621164 -0.005652076 -0.008231298 -0.004706221 -0.005227258 -0.006498694 -0.002398908 -0.005615818 -0.008427011 -0.00449984 -0.005193593 -0.006706342 -0.00217969 -0.005552891 -0.008619825 -0.004296282 -0.00513516 -0.006909237 -0.001965231 -0.005463738 -0.008808231 -0.004097138 -0.005052376 -0.007105769 -0.001757233 -0.005348815 -0.008990728 -0.003903994 -0.004945654 -0.007294423 -0.001557298 -0.005208975 -0.009165905 -0.003718342 -0.004815803 -0.007473808 -0.001366905 -0.005045536 -0.009332473 -0.003541552 -0.004664037 -0.007642545 -0.001187514 -0.004859823 -0.009489159 -0.003374974 -0.004491597 -0.007799252 -0.001020597 -0.004653174 -0.009634675 -0.003219977 -0.004299708 -0.007942626 -0.0008675375 -0.004427036 -0.009767808 -0.003077849 -0.004089718 -0.008071662 -0.0007294109 -0.004183288 -0.009887623 -0.002949594 -0.003863379 -0.00818543 -0.0006072149 -0.003923931 -0.009993265 -0.002836126 -0.003622553 -0.008283007 -0.0005019397 -0.003650957 -0.01008387 -0.00273837 -0.003369079 -0.008363478 -0.0004145685 -0.003366376 -0.0101586 -0.002657235 -0.003104821 -0.008426244 -0.0003457523 -0.003072382 -0.01021688 -0.002593334 -0.002831823 -0.00847098 -0.0002958538 -0.002771312 -0.01025842 -0.002547 -0.002552261 -0.008497369 -0.0002652284 -0.002465534 -0.01028293 -0.002518564 -0.002268323 -0.008505172 -0.0002512871 -0.001848896 -0.01029017 -0.002505619 -0.001695728 -0.008505172 -0.0002455578 -0.001231873 -0.01029017 -0.002500299 -0.001122783 -0.008505172 -0.0002340991 2.17372e-06 -0.01029017 -0.002489659 2.311766e-05 -0.008505172 -0.0002226404 0.001236221 -0.01029017 -0.002479018 0.001169018 -0.008505172 -0.000216911 0.001853244 -0.01029017 -0.002473698 0.001741964 -0.008497369 -0.0002193993 0.002470034 -0.01028293 -0.002476008 0.0023147 -0.00847098 -0.0002443413 0.002776328 -0.01025842 -0.002499167 0.002599117 -0.008426244 -0.0002886406 0.003078273 -0.01021688 -0.002540302 0.002879491 -0.008363478 -0.0003519856 0.003373494 -0.0101586 -0.002599122 0.003153629 -0.008283007 -0.0004340573 0.003659648 -0.01008387 -0.002675336 0.003419348 -0.00818543 -0.0005342454 0.00393453 -0.009993265 -0.002768369 0.003674593 -0.008071662 -0.0006516042 0.004196111 -0.009887623 -0.002877345 0.003917485 -0.007942626 -0.0007851808 0.004442382 -0.009767808 -0.003001375 0.004146167 -0.007799252 -0.000934015 0.004671324 -0.009634675 -0.003139579 0.004358759 -0.007642545 -0.001097066 0.004881037 -0.009489159 -0.003290986 0.004553493 -0.007473808 -0.001272977 0.005070048 -0.009332473 -0.003454333 0.004728998 -0.007294423 -0.001460302 0.005236995 -0.009165905 -0.003628275 0.004884019 -0.007105769 -0.001657606 0.005380523 -0.008990728 -0.003811483 0.005017296 -0.006909237 -0.001863434 0.005499289 -0.008808231 -0.004002612 0.005127586 -0.006706342 -0.0020762 0.005592409 -0.008619825 -0.004200184 0.005214054 -0.006498694 -0.002294213 0.005659396 -0.008427011 -0.004402622 0.005276256 -0.006287927 -0.002515757 0.005699775 -0.008231298 -0.004608342 0.005313748 -0.005863197 -0.002962816 0.005715256 -0.007836905 -0.005023471 0.005328123 -0.005438254 -0.003410205 0.005719411 -0.007442318 -0.0054389 0.00533198 -0.004588368 -0.004304982 0.005727719 -0.006653138 -0.006269765 0.005339695 -0.003738482 -0.00519976 0.005736027 -0.005863958 -0.00710063 0.00534741 -0.003313539 -0.005647149 0.005740182 -0.005469371 -0.007516059 0.005351268 -0.002888809 -0.006094418 0.005733004 -0.005074978 -0.007931382 0.005344604 -0.002678042 -0.006316674 0.005696746 -0.004879265 -0.008137763 0.005310939 -0.002470395 -0.006535893 0.005633819 -0.004686451 -0.008341321 0.005252506 -0.002267499 -0.006750352 0.005544667 -0.004498045 -0.008540465 0.005169722 -0.002070967 -0.00695835 0.005429743 -0.004315548 -0.008733609 0.005063 -0.001882313 -0.007158284 0.005289903 -0.004140371 -0.00891926 0.004933149 -0.001702928 -0.007348678 0.005126464 -0.003973803 -0.009096051 0.004781384 -0.001534191 -0.007528068 0.004940752 -0.003817117 -0.009262629 0.004608943 -0.001377484 -0.007694985 0.004734103 -0.003671601 -0.009417626 0.004417054 -0.00123411 -0.007848045 0.004507964 -0.003538468 -0.009559753 0.004207064 -0.001105074 -0.007986172 0.004264216 -0.003418653 -0.009688009 0.003980725 -0.0009913061 -0.008108367 0.004004859 -0.003313012 -0.009801477 0.003739899 -0.0008937286 -0.008213643 0.003731885 -0.003222403 -0.009899233 0.003486425 -0.0008132577 -0.008301014 0.003447304 -0.003147676 -0.009980368 0.003222167 -0.0007504924 -0.00836983 0.00315331 -0.003089394 -0.01004427 0.002949169 -0.0007057565 -0.008419729 0.002852241 -0.003047853 -0.0100906 0.002669607 -0.0006793667 -0.008450354 0.002546462 -0.003023351 -0.01011904 0.002385669 -0.0006715641 -0.008464295 0.001929825 -0.003016106 -0.01013198 0.001813074 -0.0006715641 -0.008470025 0.001312801 -0.003016106 -0.0101373 0.001240129 -0.0006715641 -0.008481483 7.875457e-05 -0.003016106 -0.01014794 9.422845e-05 -0.0006715641 -0.008492942 -0.001155292 -0.003016106 -0.01015858 -0.001051672 -0.0006715641 -0.008498671 -0.001772316 -0.003016106 -0.0101639 -0.001624617 -0.0006793667 -0.008496183 -0.002389105 -0.003023351 -0.01016159 -0.002197354 -0.0007057565 -0.008471241 -0.0026954 -0.003047853 -0.01013844 -0.002481771 -0.0007504924 -0.008426942 -0.002997344 -0.003089394 -0.0100973 -0.002762145 -0.0008132577 -0.008363597 -0.003292565 -0.003147676 -0.01003848 -0.003036283 -0.0008937286 -0.008281525 -0.00357872 -0.003222403 -0.009962266 -0.003302002 -0.0009913061 -0.008181337 -0.003853602 -0.003313012 -0.009869234 -0.003557247 -0.001105074 -0.008063978 -0.004115183 -0.003418653 -0.009760258 -0.003800139 -0.00123411 -0.007930402 -0.004361454 -0.003538468 -0.009636227 -0.004028821 -0.001377484 -0.007781567 -0.004590395 -0.003671601 -0.009498024 -0.004241413 -0.001534191 -0.007618516 -0.004800108 -0.003817117 -0.009346617 -0.004436147 -0.001702928 -0.007442606 -0.00498912 -0.003973803 -0.00918327 -0.004611651 -0.001882313 -0.00725528 -0.005156066 -0.004140371 -0.009009328 -0.004766673 -0.002070967 -0.007057977 -0.005299595 -0.004315548 -0.00882612 -0.00489995 -0.002267499 -0.006852148 -0.005418361 -0.004498045 -0.00863499 -0.005010239 -0.002470395 -0.006639382 -0.00551148 -0.004686451 -0.008437418 -0.005096708 -0.002678042 -0.00642137 -0.005578468 -0.004879265 -0.00823498 -0.00515891 -0.002888809 -0.006199826 -0.005618846 -0.005074978 -0.00802926 -0.005196402 -0.003313539 -0.005752767 -0.005634328 -0.005469371 -0.007614132 -0.005210777 -0.003738482 -0.005305378 -0.005638482 -0.005863958 -0.007198703 -0.005214634 -0.004588368 -0.0044106 -0.005646791 -0.006653138 -0.006367838 -0.005222349 -0.01020238 -0.00636577 0.004891758 -0.01198797 -0.008012374 0.004453287 -0.01165922 -0.008357735 0.004537648 -0.01088444 -0.005650986 0.004529705 -0.01259098 -0.007381267 0.00404286 -0.01230181 -0.007683474 0.004286806 -0.01038037 -0.0061789 0.00483434 -0.01055428 -0.005996529 0.004754523 -0.01072273 -0.005820106 0.004652721 -0.006749554 -0.0100015 0.004869835 -0.00692754 -0.00981359 0.004923772 -0.00898848 -0.01116955 0.004563757 -0.007108199 -0.009623084 0.004954855 -0.009322202 -0.01081811 0.004569394 -0.00747225 -0.009239714 0.004961005 -0.009656083 -0.0104666 0.00456613 -0.007836487 -0.008856238 0.004957444 -0.01032385 -0.009763558 0.004559602 -0.00856496 -0.008089285 0.004950323 -0.01099162 -0.009060519 0.004553074 -0.009293434 -0.007322333 0.004943201 -0.0113255 -0.008709002 0.00454981 -0.009657671 -0.006938857 0.004939641 -0.01002172 -0.006555666 0.004926372 -0.0110382 -0.00549042 0.004386608 -0.01118282 -0.005339645 0.004224591 -0.01284668 -0.007114944 0.003729574 -0.01131715 -0.005199882 0.004044846 -0.01144004 -0.005072316 0.003848603 -0.01306072 -0.006893047 0.003356197 -0.01333932 -0.006607861 0.002477891 -0.01322678 -0.006722116 0.002934692 -0.01180077 -0.004701004 0.002932416 -0.01155064 -0.004957816 0.00363752 -0.01164816 -0.004857223 0.003413307 -0.01173179 -0.004771354 0.003177689 -0.01189291 -0.004652891 -0.002334558 -0.01333932 -0.006652734 -0.00235476 -0.01339521 -0.006589464 -0.001877957 -0.01164816 -0.004919768 -0.003322523 -0.01306072 -0.006954181 -0.003227619 -0.01322678 -0.006775452 -0.002809361 -0.01185457 -0.004695662 -0.002592622 -0.01180077 -0.004754647 -0.002844615 -0.01173179 -0.004829539 -0.003088541 -0.01185457 -0.004646709 0.002679371 -0.01189291 -0.004608738 0.002420557 -0.01339521 -0.006553456 0.001999996 -0.01191553 -0.004587356 0.002158017 -0.01340134 -0.006551502 0.001515366 -0.01192222 -0.004585224 0.001629344 -0.01340134 -0.006556004 0.001030566 -0.01192222 -0.004590135 0.001100467 -0.01340134 -0.006565007 6.095919e-05 -0.01192222 -0.004599957 4.271277e-05 -0.01340134 -0.00657401 -0.000908648 -0.01192222 -0.004609778 -0.001015042 -0.01340134 -0.006578512 -0.001393448 -0.01192222 -0.004614689 -0.001543919 -0.01191553 -0.004626638 -0.002072461 -0.01155064 -0.005024508 -0.00354483 -0.01144004 -0.005142907 -0.00375375 -0.01284668 -0.007182973 -0.003596811 -0.01131715 -0.005274095 -0.00394759 -0.01118282 -0.005417172 -0.004124709 -0.01259098 -0.007455067 -0.003905098 -0.01198797 -0.008093687 -0.004303735 -0.01230181 -0.007761753 -0.00414339 -0.01055428 -0.006083784 -0.004642352 -0.0110382 -0.00557093 -0.004283898 -0.01088444 -0.005734125 -0.004423989 -0.01072273 -0.005905501 -0.004543843 -0.01038037 -0.006267605 -0.004718768 -0.01020238 -0.00645551 -0.004772706 -0.01165922 -0.008440556 -0.004381668 -0.01002172 -0.006646016 -0.004803788 -0.0113255 -0.008791988 -0.004387305 -0.009657671 -0.007029386 -0.004809939 -0.01099162 -0.009143505 -0.004384041 -0.009293434 -0.007412862 -0.004806378 -0.01032385 -0.009846543 -0.004377513 -0.00856496 -0.008179815 -0.004799257 -0.009656083 -0.01054958 -0.004370985 -0.007836487 -0.008946767 -0.004792135 -0.009322202 -0.0109011 -0.004367721 -0.00747225 -0.009330243 -0.004788574 -0.007108199 -0.009713433 -0.004775306 -0.01253681 -0.01072884 -0.003963053 -0.01392908 -0.01216895 -0.003543413 -0.01284034 -0.01040928 -0.00396602 -0.01420226 -0.01188134 -0.003546084 -0.01314372 -0.0100898 -0.003960896 -0.0144753 -0.01159381 -0.003541473 -0.01344258 -0.009774467 -0.003890051 -0.01474428 -0.01131001 -0.003477706 -0.01372789 -0.009472709 -0.003744277 -0.01500106 -0.01103842 -0.003346512 -0.01399078 -0.009193902 -0.003527646 -0.01523765 -0.0107875 -0.003151553 -0.01422324 -0.00894654 -0.003247391 -0.01544687 -0.01056487 -0.002899319 -0.01441781 -0.008738552 -0.002911757 -0.01562199 -0.01037768 -0.002597244 -0.01456878 -0.00857607 -0.00253152 -0.01575785 -0.01023145 -0.002255037 -0.01467109 -0.008464504 -0.002118248 -0.01584993 -0.01013105 -0.001883094 -0.01472189 -0.008406988 -0.001684793 -0.01589566 -0.01007928 -0.001492978 -0.01472747 -0.008397032 -0.001244337 -0.01590067 -0.01007032 -0.001096564 -0.01472747 -0.008392939 -0.0008036046 -0.01590067 -0.01006663 -0.0006999098 -0.01472747 -0.008384754 7.78564e-05 -0.01590067 -0.01005927 9.340505e-05 -0.01472747 -0.00837657 0.0009593174 -0.01590067 -0.0100519 0.0008867198 -0.01472747 -0.008372477 0.001400049 -0.01590067 -0.01004822 0.001283374 -0.01472189 -0.008374253 0.001840615 -0.01589566 -0.01004982 0.001679886 -0.01467109 -0.00842371 0.002275063 -0.01584993 -0.01009433 0.002070896 -0.01456878 -0.008527583 0.002690335 -0.01575785 -0.01018782 0.00244464 -0.01441781 -0.008682975 0.003073525 -0.01562199 -0.01032766 0.002789503 -0.01422324 -0.008884695 0.003412962 -0.01544687 -0.01050921 0.003095002 -0.01399078 -0.009126811 0.003697762 -0.01523765 -0.01072712 0.003351327 -0.01372789 -0.009401547 0.003919533 -0.01500106 -0.01097438 0.003550911 -0.01344258 -0.009700546 0.004070886 -0.01474428 -0.01124348 0.003687125 -0.01314372 -0.01001451 0.004147574 -0.0144753 -0.01152605 0.003756152 -0.01284034 -0.01033384 0.00415863 -0.01420226 -0.01181345 0.003766101 -0.01253681 -0.0106534 0.004161597 -0.01392908 -0.01210105 0.003768772 -0.01192975 -0.01129253 0.004167532 -0.01338273 -0.01267626 0.003774113 -0.01132269 -0.01193165 0.004173466 -0.01283637 -0.01325148 0.003779454 -0.01101916 -0.01225122 0.004176433 -0.0125632 -0.01353908 0.003782124 -0.01071578 -0.0125707 0.00417131 -0.01229015 -0.01382662 0.003777514 -0.01041691 -0.01288603 0.004100464 -0.01202117 -0.01411042 0.003713746 -0.01013161 -0.01318779 0.00395469 -0.0117644 -0.014382 0.003582552 -0.009868721 -0.0134666 0.003738059 -0.01152781 -0.01463292 0.003387594 -0.009636261 -0.01371396 0.003457804 -0.01131859 -0.01485555 0.00313536 -0.009441684 -0.01392195 0.003122171 -0.01114347 -0.01504274 0.002833285 -0.009290721 -0.01408443 0.002741933 -0.01100761 -0.01518897 0.002491078 -0.009188406 -0.01419599 0.002328661 -0.01091552 -0.01528938 0.002119134 -0.009137602 -0.01425351 0.001895207 -0.0108698 -0.01534115 0.001729018 -0.009132031 -0.01426347 0.00145475 -0.01086478 -0.01535011 0.001332604 -0.009132031 -0.01426756 0.001014018 -0.01086478 -0.01535379 0.0009359504 -0.009132031 -0.01427574 0.000132557 -0.01086478 -0.01536116 0.0001426356 -0.009132031 -0.01428393 -0.000748904 -0.01086478 -0.01536852 -0.0006506792 -0.009132031 -0.01428802 -0.001189636 -0.01086478 -0.01537221 -0.001047333 -0.009137602 -0.01428625 -0.001630201 -0.0108698 -0.01537061 -0.001443845 -0.009188406 -0.01423679 -0.002064649 -0.01091552 -0.01532609 -0.001834855 -0.009290721 -0.01413291 -0.002479922 -0.01100761 -0.01523261 -0.002208599 -0.009441684 -0.01397752 -0.002863111 -0.01114347 -0.01509276 -0.002553463 -0.009636261 -0.0137758 -0.003202549 -0.01131859 -0.01491121 -0.002858962 -0.009868721 -0.01353369 -0.003487349 -0.01152781 -0.0146933 -0.003115286 -0.01013161 -0.01325895 -0.00370912 -0.0117644 -0.01444605 -0.00331487 -0.01041691 -0.01295995 -0.003860472 -0.01202117 -0.01417695 -0.003451085 -0.01071578 -0.01264599 -0.003937161 -0.01229015 -0.01389438 -0.003520111 -0.01101916 -0.01232666 -0.003948216 -0.0125632 -0.01360698 -0.00353006 -0.01132269 -0.0120071 -0.003951184 -0.01283637 -0.01331937 -0.003532731 -0.01192975 -0.01136797 -0.003957118 -0.01338273 -0.01274416 -0.003538072</float_array>
          <technique_common>
            <accessor count="1221" source="#verts-array-array" stride="3">
              <param type="float" name="X"/>
              <param type="float" name="Y"/>
              <param type="float" name="Z"/>
            </accessor>
          </technique_common>
        </source>
        <source id="normals-array">
          <float_array count="3663" id="normals-array-array">0.725076 0.6886391 -0.006394339 0.725076 0.6886391 -0.006394339 0.725076 0.6886391 -0.006394339 0.725076 0.6886391 -0.006394339 0.725076 0.6886391 -0.006394339 0.725076 0.6886391 -0.006394339 0.725076 0.6886391 -0.006394339 0.725076 0.6886391 -0.006394339 0.725076 0.6886391 -0.006394339 0.725076 0.6886391 -0.006394339 0.725076 0.6886391 -0.006394339 0.725076 0.6886391 -0.006394339 0.725076 0.6886391 -0.006394339 0.725076 0.6886391 -0.006394339 0.725076 0.6886391 -0.006394339 0.725076 0.6886391 -0.006394339 0.725076 0.6886391 -0.006394339 0.725076 0.6886391 -0.006394339 0.725076 0.6886391 -0.006394339 0.725076 0.6886391 -0.006394339 0.725076 0.6886391 -0.006394339 0.725076 0.6886391 -0.006394339 0.725076 0.6886391 -0.006394339 0.725076 0.6886391 -0.006394339 0.725076 0.6886391 -0.006394339 0.725076 0.6886391 -0.006394339 0.725076 0.6886391 -0.006394339 0.725076 0.6886391 -0.006394339 0.725076 0.6886391 -0.006394339 0.725076 0.6886391 -0.006394339 0.725076 0.6886391 -0.006394339 0.725076 0.6886391 -0.006394339 0.725076 0.6886391 -0.006394339 0.725076 0.6886391 -0.006394339 0.725076 0.6886391 -0.006394339 0.725076 0.6886391 -0.006394339 0.725076 0.6886391 -0.006394339 0.725076 0.6886391 -0.006394339 0.725076 0.6886391 -0.006394339 0.725076 0.6886391 -0.006394339 0.725076 0.6886391 -0.006394339 0.725076 0.6886391 -0.006394339 0.725076 0.6886391 -0.006394339 0.725076 0.6886391 -0.006394339 0.725076 0.6886391 -0.006394339 0.725076 0.6886391 -0.006394339 0.725076 0.6886391 -0.006394339 0.725076 0.6886391 -0.006394339 0.725076 0.6886391 -0.006394339 0.725076 0.6886391 -0.006394339 0.725076 0.6886391 -0.006394339 0.725076 0.6886391 -0.006394339 0.725076 0.6886391 -0.006394339 0.725076 0.6886391 -0.006394339 0.725076 0.6886391 -0.006394339 0.725076 0.6886391 -0.006394339 0.725076 0.6886391 -0.006394339 0.725076 0.6886391 -0.006394339 0.725076 0.6886391 -0.006394339 0.725076 0.6886391 -0.006394339 0.725076 0.6886391 -0.006394339 0.725076 0.6886391 -0.006394339 0.725076 0.6886391 -0.006394339 0.725076 0.6886391 -0.006394339 0.725076 0.6886391 -0.006394339 0.725076 0.6886391 -0.006394339 0.725076 0.6886391 -0.006394339 0.725076 0.6886391 -0.006394339 0.725076 0.6886391 -0.006394339 0.725076 0.6886391 -0.006394339 0.725076 0.6886391 -0.006394339 0.725076 0.6886391 -0.006394339 0.725076 0.6886391 -0.006394339 0.725076 0.6886391 -0.006394339 0.725076 0.6886391 -0.006394339 0.725076 0.6886391 -0.006394339 -0.7081689 -0.6655254 -0.2357387 -0.7250192 -0.688699 0.006394895 -0.7157227 -0.6557296 -0.2403326 -0.5764242 -0.8105164 0.103915 -0.5968089 -0.7874172 0.1542504 -0.5586607 -0.8287271 0.03331024 -0.5422394 -0.8401878 0.00780154 -0.1017623 -0.9925556 -0.0669169 -0.009295407 -0.998596 -0.05215088 -0.00604648 -0.9999386 0.009283913 -0.690019 -0.6926771 -0.2099338 -0.8732259 -0.4872946 0.004524986 -0.8722779 -0.48844 0.02361685 -0.8722775 -0.4887948 -0.01454272 -0.9046433 0.4260895 -0.008254388 -0.9045227 0.426407 -0.00395939 -0.8781997 0.4782735 -0.004440995 -0.8168185 -0.5525137 0.1659401 -0.7773644 -0.5928991 0.2101793 -0.8622279 -0.5026141 0.06278663 -0.8466528 -0.5208848 0.1088946 -0.9153911 -0.3538206 0.1920162 -0.7157228 -0.6511538 0.252467 -0.7081688 -0.6610333 0.2480562 -0.6444517 -0.3653617 0.6717089 -0.7287361 -0.2953015 0.6178517 -0.7602386 -0.3893801 0.5200197 -0.6478296 -0.6017802 0.4670947 -0.6731654 -0.5841468 0.4534543 -0.8022897 -0.2290971 0.551222 -0.6934212 -0.2160991 0.6873632 -0.8951709 0.3816478 0.2302478 -0.9063583 0.4151359 0.07859323 -0.9334542 0.3504321 0.07655403 -0.8281357 0.5062389 0.2406519 -0.8409058 0.5343691 0.08559825 -0.858439 0.505812 0.08506923 -0.7578638 0.3632629 0.5419248 -0.8122106 0.4278081 0.3966034 -0.8350649 0.3873288 0.3906955 -0.8462174 0.4764611 0.238539 -0.7934441 0.4582866 0.4005245 -0.2204981 -0.2062246 0.9533373 -0.2228705 -0.2028351 0.9535128 -0.2561068 -0.2345502 0.9377609 -0.2660935 -0.2350888 0.9348409 -0.3029542 -0.2525832 0.9189235 -0.1998877 -0.168654 0.9651947 -0.2877177 -0.1478814 0.9462292 -0.2261316 -0.2002936 0.9532822 -0.3710868 -0.2340539 0.8986175 -0.3115565 -0.281746 0.9074975 -0.314992 -0.2864069 0.9048487 -0.7382897 0.3937382 0.5476299 -0.6643499 0.3144547 0.6780542 -0.8573676 0.5146883 0.004097028 -0.8400328 0.5425215 0.003904855 -0.8569696 0.5153447 -0.004785219 -0.8682436 0.4367629 0.2353536 -0.8801556 0.4678594 0.08021021 -0.8785016 0.4777394 -0.0003457555 -0.9046433 0.4261694 0.0003407591 -0.5991415 -0.2947848 0.7444 -0.4987565 -0.3734448 0.7821643 -0.8211558 -0.3343879 0.4624802 -0.873423 -0.282388 0.3967232 -0.7445814 -0.6248888 0.2347606 -0.3526833 0.012083 0.9356647 -0.4689171 0.1209915 0.8749159 -0.4910855 0.09405469 0.8660189 -0.5950801 0.194073 0.7798816 -0.6216607 0.1564858 0.767496 -0.7100088 0.2452669 0.6600997 -0.741334 0.1914375 0.6432539 -0.8111777 0.2674215 0.5200736 -0.8413809 0.2010595 0.5016504 -0.8913685 0.2640808 0.3684067 -0.913559 0.1995595 0.354381 -0.9439137 0.2505467 0.2150658 -0.9613101 0.1829992 0.2058986 -0.9726458 0.2210154 0.07150084 -0.9885481 0.1356146 0.06619097 -0.971953 0.2351693 0.001642968 -0.9886341 0.1503355 -0.001395069 -0.8397053 0.543019 -0.005042187 -0.8397053 0.543019 -0.005042187 -0.8569696 0.5153447 -0.004785219 -0.8569696 0.5153447 -0.004785219 -0.8785016 0.4776634 -0.008525611 -0.9318213 0.3629165 0.000802972 -0.9317046 0.3632013 -0.003372495 -0.9318207 0.3628407 -0.007540523 -0.9334531 0.3489528 -0.08305018 -0.4689161 0.1047249 -0.8770122 -0.3526822 -0.005294776 -0.9357282 -0.3754017 -0.03008289 -0.9263739 -0.2609625 -0.1329461 -0.9561506 -0.2877187 -0.1654281 -0.9433194 -0.6643491 0.3018085 -0.6837777 -0.5737213 0.2080214 -0.7921938 -0.5950789 0.1795589 -0.7833516 -0.4910873 0.07795496 -0.8676153 -0.5189601 0.04294341 -0.8537191 -0.4043413 -0.06234326 -0.9124809 -0.4421257 -0.1057771 -0.8906942 -0.3263619 -0.2048472 -0.9227814 -0.3710873 -0.2507035 -0.8941152 -0.3115587 -0.2985491 -0.9021084 -0.9717724 0.2359101 -0.002190536 -0.9719527 0.2350995 -0.006011009 -0.9885481 0.1343617 -0.0686986 -0.9726455 0.2196516 -0.07559036 -0.9763698 0.09368288 -0.1947446 -0.9845849 -0.01508671 -0.1742555 -0.9570241 -0.06329938 -0.2830159 -0.9521349 -0.1943497 -0.2359393 -0.9171637 -0.2405447 -0.3177249 -0.5737201 0.2226957 0.7881953 -0.6848121 0.2846172 0.6708394 -0.7817811 0.3229036 0.5334337 -0.8629788 0.3313841 0.3813819 -0.922543 0.3149348 0.2230033 -0.9548779 0.2875801 0.07420174 -0.9535162 0.3013392 0.001238436 -0.9534095 0.3016662 -0.002801113 -0.9535171 0.3012613 -0.006833767 -0.9548787 0.2861499 -0.07952882 -0.9613102 0.1791436 -0.2092611 -0.9476079 0.04221444 -0.3166341 -0.9168676 -0.1171187 -0.3816243 -0.8734228 -0.2897063 -0.3914113 -0.176923 -0.1466756 0.9732341 -0.2380335 -0.09221856 0.9668691 -0.2609622 -0.11517 0.9584543 -0.3754029 -0.01287568 0.9267723 -0.4043401 -0.04538836 0.9134818 -0.5189617 0.05878772 0.8527736 -0.5547539 0.01103731 0.8319413 -0.6552007 0.1053101 0.7480788 -0.6910198 0.04478277 0.7214473 -0.7740801 0.1274131 0.6201338 -0.8007274 0.06683247 0.595289 -0.8653593 0.137872 0.4818139 -0.8854053 0.07263398 0.4591097 -0.9316851 0.1324556 0.338258 -0.9476082 0.0480869 0.3157948 -0.9763696 0.09728422 0.1929718 -0.9845848 -0.0118495 0.1745061 -0.9978477 0.026141 0.06013769 -0.9919948 -0.115179 0.05176914 -0.9991707 0.04071519 -0.0003771485 -0.9947157 -0.1026632 0.0009530807 -0.9978477 0.02501839 -0.06061447 -0.9919949 -0.11612 -0.04962143 -0.977609 -0.152285 -0.1452235 -0.9420576 -0.3185428 -0.1051567 -0.9153914 -0.3573243 -0.1854128 -0.8466526 -0.5228174 -0.0992031 -0.8608763 -0.4211429 -0.2855356 -0.1703013 -0.152718 0.9734858 -0.4421255 -0.08922039 0.8925048 -0.5938613 -0.04513574 0.8033004 -0.7210192 -0.01214581 0.6928087 -0.8237853 0.004694994 0.5668825 -0.903889 -0.008725395 0.4276781 -0.9570241 -0.0580331 0.2841425 -0.977609 -0.1495619 0.1480266 -0.9562139 -0.2899641 0.03969692 -0.9594012 -0.2820329 0.002618797 -0.956214 -0.2906508 -0.03430535 -0.8622275 -0.5036939 -0.05344259 -0.3263634 -0.1876777 0.9264254 -0.4843797 -0.1404682 0.8635074 -0.6276032 -0.09764029 0.7723863 -0.747975 -0.07020378 0.6600036 -0.8463895 -0.07224699 0.5276412 -0.9168677 -0.1100121 0.3837329 -0.952135 -0.1899345 0.2395074 -0.9420576 -0.3165354 0.111053 -0.8168183 -0.5555001 -0.155652 -0.521849 -0.1881171 0.832037 -0.6590368 -0.1509195 0.7368133 -0.7760056 -0.1416392 0.6146166 -0.8650916 -0.1671882 0.472932 -0.9171635 -0.2346035 0.322137 -0.7382899 0.3835024 -0.5548458 -0.6848124 0.2721115 -0.6760083 -0.6216603 0.1422051 -0.7702702 -0.5547548 -0.004415363 -0.8320022 -0.484378 -0.1564773 -0.8607513 -0.4117008 -0.2930388 -0.8629199 -0.3536191 -0.338408 -0.8720284 -0.7934447 0.4507689 -0.4089657 -0.7578647 0.3531354 -0.5485768 -0.7100103 0.2329686 -0.6645382 -0.6552012 0.09139974 -0.749905 -0.5938601 -0.06004 -0.802325 -0.5218487 -0.2035394 -0.8283994 -0.4519807 -0.3355373 -0.8265157 -0.396209 -0.3788195 -0.8363696 -0.8281355 0.5016825 -0.2500124 -0.8122091 0.4203722 -0.4044794 -0.7817799 0.3129426 -0.5393394 -0.741334 0.1794596 -0.6466979 -0.691019 0.03137816 -0.7221552 -0.6276067 -0.1119674 -0.770437 -0.5579348 -0.2509761 -0.7910245 -0.4987558 -0.387905 -0.775095 -0.4441844 -0.4297309 -0.7861499 -0.9063592 0.4136029 -0.08628857 -0.9225438 0.3107371 -0.228813 -0.9439122 0.2465124 -0.2196846 -0.9135586 0.192949 -0.3580242 -0.9316849 0.12615 -0.3406602 -0.8854061 0.0640957 -0.4603778 -0.9038892 -0.01666514 -0.427442 -0.8463896 -0.08203235 -0.5262085 -0.8650919 -0.175941 -0.4697453 -0.8022896 -0.2392938 -0.5468728 -0.821156 -0.3429181 -0.4561908 -0.7602383 -0.3989693 -0.5126999 -0.7887792 -0.4923318 -0.3680173 -0.7445813 -0.6291403 -0.223117 -0.7282903 -0.5464838 -0.4134594 -0.7773644 -0.5966995 -0.1991336 -0.1703013 -0.1707686 -0.9704821 -0.1703013 -0.1707686 -0.9704821 -0.1931972 -0.192438 -0.9621031 -0.1931972 -0.192438 -0.9621031 -0.2204981 -0.2238919 -0.9493435 0.4131066 -0.8195112 -0.3971704 0.4606901 -0.8552195 -0.2374114 0.430042 -0.8717227 -0.2348688 0.4601467 -0.8840891 -0.08155675 0.4211733 -0.9037767 -0.07616251 0.1855526 -0.5913568 -0.7847722 0.2735425 -0.685623 -0.6746077 0.2427596 -0.7044555 -0.666941 0.318733 -0.7803263 -0.5380521 0.2772767 -0.8020554 -0.5289846 0.3401947 -0.8573305 -0.3863314 0.2829762 -0.8822402 -0.3762669 0.3329156 -0.9156483 -0.2252893 0.2649522 -0.93948 -0.2172041 0.3011984 -0.9509161 -0.07097948 0.2373483 -0.9690504 -0.06787562 0.2513716 -0.9678778 0.004994159 0.4991026 -0.8665056 0.008045913 0.4991026 -0.8665056 0.008045913 0.4705752 -0.8823219 0.008192775 0.4705752 -0.8823219 0.008192775 0.4318719 -0.9018488 0.01246437 0.08857854 -0.4659495 0.8803664 -0.01476346 -0.3436858 0.9389686 -0.04077378 -0.3651787 0.9300441 -0.1373298 -0.2453311 0.9596631 -0.1712636 -0.2704891 0.9473671 0.1855528 -0.5766834 0.795617 0.06061697 -0.4867931 0.8714115 -0.07460835 -0.392538 0.9167047 -0.2096484 -0.3074998 0.9281656 -0.1931972 -0.1745392 0.9655107 -0.1703013 -0.152718 0.9734858 -0.1931972 -0.1745392 0.9655107 -0.1703013 -0.152718 0.9734858 -0.1931972 -0.1745392 0.9655107 -0.1646053 -0.159642 0.9733548 -0.1876629 -0.181526 0.9653139 -0.1133086 -0.2235321 0.9680881 0.2735417 -0.6729769 0.6872241 0.155948 -0.5966223 0.7872242 0.02408986 -0.5129452 0.8580833 -0.1201296 -0.4282234 0.8956526 -0.2615573 -0.3543594 0.8977846 0.3501212 -0.7624003 -0.5442067 0.3817402 -0.8366463 -0.3928071 0.3892939 -0.8916442 -0.2311298 0.3671883 -0.9272112 -0.07383836 0.3790206 -0.9253783 0.004294631 0.3144528 -0.9492618 0.004642968 0.3147802 -0.9491237 0.008813061 0.2522069 -0.9676316 0.008984916 0.251373 -0.9678032 0.01298101 -0.3518166 -0.4412512 -0.8255437 -0.3923001 -0.382475 -0.8365486 -0.3483932 -0.3445177 -0.8717395 -0.3506013 -0.3411101 -0.8721942 -0.3084622 -0.3013641 -0.9022365 -0.2380351 -0.1101557 -0.9649897 -0.1998878 -0.1865493 -0.9618961 -0.2261316 -0.2179609 -0.9493985 -0.2657711 -0.255142 -0.9296603 -0.2626094 -0.2580673 -0.9297514 -0.3058115 -0.3045998 -0.9020523 -0.3058269 -0.4045046 -0.8618851 -0.2720154 -0.5519988 -0.788229 -0.3321221 -0.5896805 -0.7361874 -0.2578678 -0.6873853 -0.678974 -0.3266287 -0.7140372 -0.6192452 -0.2657534 -0.7922607 -0.5492705 -0.1769215 -0.1647223 -0.9703429 -0.1931972 -0.192438 -0.9621031 -0.2228705 -0.2205063 -0.9495819 -0.2598517 -0.2613741 -0.9296024 -0.2128095 -0.3244004 -0.9216705 -0.2611678 -0.3664267 -0.8930413 -0.1732143 -0.48408 -0.8577082 -0.2224348 -0.5187645 -0.8254733 -0.1369719 -0.628513 -0.7656436 -0.1914661 -0.6568436 -0.7293128 -0.1147264 -0.7491448 -0.6523956 -0.1870859 -0.7730546 -0.6061233 -0.1206049 -0.8461535 -0.5191134 -0.2021682 -0.8581782 -0.4718667 -0.1494425 -0.9131474 -0.3792476 -0.1646058 -0.1776904 -0.9702222 -0.1133096 -0.2414687 -0.9637706 -0.1373317 -0.2631087 -0.9549418 -0.04077396 -0.3823872 -0.9231021 -0.07460832 -0.4094917 -0.909258 0.0240885 -0.5287923 -0.8484094 -0.02524563 -0.5618904 -0.8268264 0.06450574 -0.6663212 -0.7428695 0.002464559 -0.6987364 -0.715375 0.08164614 -0.7850506 -0.6140273 0.02000722 -0.8083195 -0.588404 0.08867515 -0.8755259 -0.4749644 0.02270514 -0.8919813 -0.4515017 0.08118348 -0.9402174 -0.3307575 -0.003681036 -0.9515715 -0.3074055 -0.1703013 -0.1707686 -0.9704821 -0.1876615 -0.1994199 -0.9617769 -0.1712622 -0.2880335 -0.9421815 -0.1201307 -0.4447811 -0.8875463 -0.08308911 -0.5977962 -0.7973305 -0.05566463 -0.7255077 -0.6859592 -0.04296861 -0.8278924 -0.5592387 -0.0592028 -0.9059687 -0.4191847 -0.09437704 -0.9554252 -0.279742 0.08857768 -0.482218 -0.8715617 0.1559467 -0.6111388 -0.776009 0.2022658 -0.7274946 -0.655622 0.2204813 -0.8284339 -0.5148643 0.2144241 -0.9070071 -0.3624368 0.1996258 -0.9574322 -0.208502 0.1698656 -0.9834542 -0.06295695 0.1847767 -0.9827382 0.009126505 -0.5057094 -0.4830238 -0.7148049 -0.4609606 -0.529164 -0.7123909 -0.4963601 -0.5824353 -0.6437359 -0.8409058 0.5326879 -0.09550448 -0.8462178 0.4719485 -0.2473462 -0.8350658 0.380005 -0.3978208 -0.8111772 0.2577189 -0.52495 -0.7740801 0.1158757 -0.6223928 -0.7210196 -0.02500863 -0.6924633 -0.6590354 -0.1645757 -0.733885 -0.5991411 -0.3085559 -0.7387985 -0.5534102 -0.4488854 -0.7015975 -0.4058179 -0.485098 -0.7745914 -0.3969766 -0.6260584 -0.6711636 -0.390275 -0.7332142 -0.5568503 -0.2781979 -0.8624278 -0.4228761 -0.3361773 -0.8606046 -0.3825501 -0.473093 -0.7722845 -0.4239808 -0.4315941 -0.7422377 -0.5126497 -0.5722883 -0.634788 -0.5191631 -0.528544 -0.6121443 -0.5881501 -0.5785894 -0.5453084 -0.6065254 -0.456766 -0.8392343 -0.2950434 -0.5670767 -0.7847423 -0.2502069 -0.527866 -0.7595813 -0.3799919 -0.6559684 -0.6720557 -0.3435791 -0.6099967 -0.6605566 -0.4376859 -0.6518251 -0.6083722 -0.4527773 -0.8397053 0.543019 -0.005042187 -0.8400336 0.5423543 -0.01397915 -0.857367 0.5145244 -0.01365465 -0.8584397 0.5041442 -0.09444554 -0.8801548 0.4662908 -0.08888452 -0.8682433 0.4323182 -0.2434225 -0.8951713 0.377306 -0.2372942 -0.8629777 0.3242469 -0.3874706 -0.8913707 0.2571906 -0.3732443 -0.8413808 0.1917087 -0.5052981 -0.8653594 0.1289018 -0.4842907 -0.8007268 0.05576615 -0.5964283 -0.8237844 -0.00583334 -0.5668731 -0.7479755 -0.08244579 -0.6585859 -0.776006 -0.1530277 -0.6118801 -0.6934208 -0.2288264 -0.6832321 -0.7287361 -0.3067237 -0.6122616 -0.6444526 -0.377772 -0.6648076 -0.690309 -0.4586339 -0.5595789 -0.6141911 -0.5189738 -0.5945044 -0.6731657 -0.5924664 -0.4425285 0.0451075 -0.9817481 -0.1847592 -0.05200188 -0.9846046 -0.1668817 -0.1805476 -0.9511919 -0.250273 -0.3922303 -0.9046436 -0.1666596 -0.3192966 -0.9236386 -0.2119941 -0.2538499 -0.9657533 -0.05367293 -0.1718634 -0.9828562 -0.06675756 -0.1512583 -0.9884517 0.00917824 -0.6064606 -0.7801145 -0.1537107 -0.5804006 -0.8107363 -0.07643147 -0.5586608 -0.8292027 -0.01791524 -0.6418546 -0.7443019 -0.184492 -0.3263237 -0.9452174 0.008776789 -0.3428617 -0.9381998 -0.04719157 0.1698647 -0.9821158 0.0812064 -0.01476251 -0.3610637 -0.9324243 0.06061918 -0.502889 -0.8622227 0.1171577 -0.6356363 -0.7630469 0.147054 -0.7558535 -0.638013 0.1528264 -0.8550125 -0.4955782 0.148979 -0.9257175 -0.3476383 0.1313605 -0.9712418 -0.1985794 0.08453577 -0.9947428 -0.05779591 0.1000845 -0.994936 0.009239042 0.0845373 -0.993498 0.07625677 0.04510628 -0.9781481 0.2029573 -0.05200086 -0.9813361 0.1851361 -0.09437686 -0.950066 0.2974352 -0.1805476 -0.9463805 0.2678927 -0.2533441 -0.2378706 0.937675 -0.2781936 -0.272272 0.9211277 -0.312746 -0.294388 0.9030646 -0.3480617 -0.3280115 0.8782149 -0.3506013 -0.3248552 0.878378 -0.3930912 -0.3655353 0.8437199 -0.353621 -0.3221586 0.8781606 -0.3962092 -0.3632216 0.8432606 -0.4117024 -0.2769664 0.8682112 -0.451978 -0.3201321 0.8326051 -0.5579351 -0.2362446 0.7955482 0.4991026 -0.8665056 0.008045913 0.4985048 -0.8667204 0.01699104 0.4698178 -0.8825983 0.01707239 0.4601458 -0.8824229 0.09795803 0.4211749 -0.9022058 0.0929322 0.3892949 -0.8871983 0.2476463 0.3329151 -0.9113074 0.2422526 0.2829782 -0.8750999 0.3925856 0.2144203 -0.9001225 0.3792142 0.1528256 -0.8456623 0.5113703 0.08867561 -0.8665553 0.4911401 0.02000659 -0.7972532 0.6033134 -0.04296945 -0.817364 0.5745169 -0.1147247 -0.7369015 0.6661939 -0.1870858 -0.7616664 0.6203735 -0.2578685 -0.6746582 0.6916214 -0.3266286 -0.7024153 0.6323974 -0.3969769 -0.613488 0.6826726 0.4895627 -0.8663751 0.09860292 0.4606897 -0.8506633 0.2532528 0.4300409 -0.8672114 0.2510164 0.3817428 -0.8292065 0.4082756 0.3401926 -0.8500095 0.402185 0.2772769 -0.7920931 0.5437886 0.2204823 -0.8187299 0.5301593 0.1470539 -0.7438756 0.6519388 0.08164615 -0.7735131 0.6284993 0.002464515 -0.6853311 0.7282274 -0.05566457 -0.7126452 0.6993127 -0.1369733 -0.6141905 0.7771797 -0.1914662 -0.6431861 0.7413854 -0.2720148 -0.5372665 0.7983437 -0.332121 -0.575908 0.7470111 -0.4048164 -0.4721629 0.7830619 -0.4600401 -0.5172729 0.7216591 -0.5033568 -0.4696689 0.7252882 0.4131053 -0.8119953 0.4123198 0.3501224 -0.7521635 0.558269 0.3187313 -0.7702012 0.5524495 0.2427599 -0.6919498 0.6799067 0.2022673 -0.7151962 0.6690159 0.1171559 -0.6213569 0.7747193 0.06450484 -0.6524121 0.7551142 -0.02524785 -0.5464407 0.8371172 -0.08308432 -0.5828863 0.8082949 -0.1732128 -0.4680679 0.8665505 -0.2224391 -0.5033461 0.8349632 -0.3058282 -0.3884333 0.869246 -0.3506793 -0.4267829 0.8335949 -0.3906629 -0.3685686 0.8435281 -0.4419854 -0.4174441 0.7939706 -0.4454568 -0.4137685 0.7939546 -0.5061342 -0.4717661 0.7219867 -0.5534121 -0.4357791 0.709811 -0.6903089 -0.448164 0.5679988 -0.7887789 -0.4854129 0.377097 -0.8608764 -0.415768 0.2933067 0.4895622 -0.8680568 -0.0824998 0.498506 -0.8668858 -0.0008929796 0.4698168 -0.8827637 -0.000679275 0.4705752 -0.8823219 0.008192775 0.4318719 -0.9019248 0.004284517 0.4324588 -0.9016148 0.008371919 0.379304 -0.9252322 0.008591218 0.3790206 -0.9252985 0.01288978 0.3144511 -0.9491848 0.01298645 0.301199 -0.9494339 0.0886247 0.2373508 -0.9676225 0.08585608 0.1996285 -0.953394 0.2262483 0.1313597 -0.967387 0.2165803 0.08118197 -0.9339131 0.3481607 -0.003681085 -0.9456988 0.3250234 -0.05920236 -0.8980286 0.4359354 -0.1494424 -0.9059473 0.3961394 -0.2021677 -0.8492685 0.4877205 -0.2781979 -0.8544266 0.4388179 -0.009296364 -0.9974552 0.07068679 -0.1017625 -0.9911418 0.08533657 -0.2373619 -0.9441109 -0.2287226 -0.2373616 -0.9397009 0.2462146 -0.335738 -0.8538209 0.3978315 -0.3354617 -0.911035 0.2397513 -0.1718631 -0.9814472 0.08499711 -0.2538496 -0.9645902 0.07159675 -0.3428623 -0.9371615 0.06460506 -0.4379413 -0.8980428 0.0415525 -0.4924686 -0.8564717 -0.154696 -0.4379412 -0.8986596 -0.02486873 -0.4492682 -0.8416058 0.2997629 -0.5114861 -0.8392372 0.1845611 -0.3884925 -0.9010084 0.1930216 0.3671862 -0.925681 0.09104346 0.2649498 -0.9352854 0.2346123 0.1489835 -0.9191023 0.3647669 0.02270469 -0.8834443 0.4679858 -0.1206047 -0.8363681 0.5347363 -0.265754 -0.7819243 0.5638876 -0.3902749 -0.7227476 0.5703696 -0.4990896 -0.5678675 0.6545502 -0.4761764 -0.7522613 0.4553669 -0.5781328 -0.533842 0.6170698 -0.5277404 -0.6022985 0.5989379 -0.4315941 -0.7325903 0.5263439 -0.5752291 -0.5387207 0.6155416 -0.6141909 -0.5078446 0.6040393 -0.7282907 -0.5387113 0.4235361 -0.6900192 -0.6886592 0.22276 -0.6517783 -0.733067 0.1944167 -0.6559688 -0.6655593 0.3559997 -0.5738344 -0.7666909 0.2879223 -0.6108595 -0.6434272 0.461359 -0.5365864 -0.7474654 0.3916254 -0.5908243 -0.6096954 0.5283921 0.1045936 -0.3123628 -0.9441873 0.0724903 -0.2855647 -0.9556139 0.02070031 -0.2192616 -0.9754465 0.01694993 -0.222308 -0.9748291 -0.03847196 -0.1535258 -0.9873954 -0.0462037 -0.1512047 -0.9874221 -0.07599304 -0.1097969 -0.9910448 -0.08699248 -0.1039379 -0.990772 0.3602733 -0.5901227 -0.7224668 0.3303929 -0.5684837 -0.7534367 0.2904237 -0.5175172 -0.8048789 0.2838749 -0.5185656 -0.8065388 0.2379985 -0.462737 -0.8539503 0.2341226 -0.4652406 -0.8536614 0.1839245 -0.4023076 -0.8968391 0.1822838 -0.4070744 -0.8950212 0.129033 -0.3480905 -0.9285384 0.4285143 -0.6625952 -0.6142826 0.4158424 -0.6564965 -0.6293548 0.3755596 -0.6150894 -0.6932676 0.5355505 -0.7633628 -0.3611964 0.5146927 -0.7537966 -0.4085121 0.4868372 -0.7197692 -0.4948957 0.486613 -0.7253281 -0.4869363 0.4543619 -0.6938509 -0.5586825 0.5866422 -0.8072678 -0.06457249 0.5761521 -0.8019977 -0.1576337 0.5687785 -0.7923698 -0.2205474 0.5598977 -0.7917795 -0.2441309 0.5401143 -0.7756905 -0.3264671 -0.007969715 -0.2444775 -0.9696222 0.03441256 -0.3195612 -0.9469406 -0.06741013 -0.1986781 -0.9777438 0.2064876 -0.4872986 -0.848471 0.2410789 -0.5516102 -0.7985031 0.1412692 -0.4413536 -0.8861433 0.04732044 -0.3081024 -0.9501756 0.101738 -0.3703301 -0.923312 0.1552224 -0.4302815 -0.889249 0.2555245 -0.5406181 -0.8015231 0.3018878 -0.5905342 -0.7484204 0.3309948 -0.6472731 -0.686644 0.3458981 -0.6366128 -0.6892595 0.3864865 -0.6784617 -0.6247543 0.408425 -0.7255405 -0.5538772 0.5170646 -0.8211991 -0.2414048 0.4710593 -0.7841163 -0.4040602 0.5110531 -0.795747 -0.3249791 0.4235319 -0.7152362 -0.5559298 0.4565834 -0.7472307 -0.482885 0.4860062 -0.7740761 -0.4057143 0.5868985 -0.8043829 -0.09229457 0.5930055 -0.8050828 -0.01364386 0.5899097 -0.8074682 -0.001283082 0.5940079 -0.8044245 0.007469461 0.5906118 -0.806921 0.007492642 0.5940079 -0.8044245 0.007469461 0.5906118 -0.806921 0.007492642 0.5940079 -0.8044245 0.007469461 0.5906118 -0.806921 0.007492642 0.5940079 -0.8044245 0.007469461 0.5899098 -0.8073051 0.01627699 0.3993929 -0.6183185 0.6768808 0.4158206 -0.6454867 0.640656 0.4555935 -0.678603 0.5761359 0.4527845 -0.6836082 0.5724212 0.4890541 -0.7145014 0.5003138 0.485582 -0.7174404 0.4994891 0.5201462 -0.7440988 0.4192433 0.5156737 -0.745879 0.4215984 0.5556002 -0.7756858 0.299366 0.5940079 -0.8044245 0.007469461 0.5929936 -0.8047176 0.02807459 0.5857326 -0.8066786 0.07865691 0.5886349 -0.8038501 0.08563862 0.575156 -0.7993847 0.1737231 0.5790574 -0.7964883 0.174066 0.5598535 -0.7874473 0.257858 0.5399889 -0.7689917 0.3421458 0.3245449 -0.5402111 0.7764294 0.3313381 -0.5545893 0.7633123 0.3748797 -0.6013848 0.7055505 0.1556885 -0.351476 0.9231607 0.1822411 -0.3915865 0.9019136 0.2442569 -0.451791 0.8580346 0.2358809 -0.4488045 0.8619366 0.284181 -0.5018925 0.8169119 -0.04473458 -0.1326904 0.9901475 0.01686518 -0.2025628 0.979124 0.06135098 -0.2470661 0.9670545 0.07332284 -0.2682733 0.9605484 0.1279343 -0.3299857 0.9352766 0.5317413 -0.8115794 -0.2420539 0.5475167 -0.8218164 -0.1576174 0.5444731 -0.8346319 -0.08329869 0.5597139 -0.8263002 -0.06283649 0.5525767 -0.833461 -0.001316942 0.5644433 -0.8254706 -0.001412194 0.5530177 -0.8331336 0.007736038 0.564849 -0.8251587 0.007661988 0.5530177 -0.8331336 0.007736038 0.564849 -0.8251587 0.007661988 0.5530177 -0.8331336 0.007736038 0.564849 -0.8251587 0.007661988 0.5525767 -0.8332928 0.01679341 0.5644434 -0.825302 0.01674029 0.5444733 -0.832941 0.09878287 0.5597144 -0.8249905 0.07817005 0.5475172 -0.8187476 0.1728503 0.5170641 -0.8165749 0.2566128 0.4565821 -0.7381356 0.4966776 0.4084258 -0.71513 0.5672543 0.471059 -0.7764784 0.4185507 0.5317413 -0.8069446 0.2570828 0.5110532 -0.7895751 0.3396994 0.4860055 -0.7664097 0.4200177 0.4235324 -0.7047884 0.5691165 0.3864877 -0.6667438 0.637244 0.3309943 -0.6344105 0.6985457 0.3458975 -0.6237033 0.700963 0.3018882 -0.5765359 0.7592561 0.2410785 -0.5366881 0.8086081 0.03441251 -0.3019213 0.9527116 0.1412698 -0.4248224 0.8941861 0.101738 -0.3531211 0.9300295 0.255523 -0.5256411 0.8114244 0.2064883 -0.4714578 0.857374 0.1552237 -0.4136943 0.8970856 -0.02395874 -0.1511713 0.9882172 -0.07561967 -0.09173336 0.9929082 -0.08699249 -0.08552209 0.9925312 -0.08940559 -0.07569853 0.9931145 -0.09243766 -0.07858313 0.9926127 -0.08940559 -0.07569853 0.9931145 -0.09243766 -0.07858313 0.9926127 -0.08940559 -0.07569853 0.9931145 -0.09243766 -0.07858313 0.9926127 -0.08940559 -0.07569853 0.9931145 -0.09908605 -0.07278967 0.992413 -0.5640724 0.396565 0.7242641 -0.5437138 0.3658827 0.7553179 -0.4943973 0.3237938 0.8066777 -0.4957659 0.3173226 0.8084074 -0.4419354 0.2690484 0.8557488 -0.4446377 0.2653044 0.8555179 -0.3839742 0.2123109 0.8986033 -0.3888358 0.2109022 0.8968428 -0.2977966 0.1288687 0.9458911 -0.3323626 0.1549787 0.9303315 -0.2725816 0.09552848 0.9573785 -0.208851 0.04056595 0.9771058 -0.212092 0.03697232 0.9765501 -0.14614 -0.02180893 0.9890235 -0.1442198 -0.02964951 0.9891014 -0.1043683 -0.06150084 0.9926353 -0.08940559 -0.07569853 0.9931145 -0.6339364 0.467496 0.6160942 -0.6283586 0.4546598 0.6312289 -0.5884889 0.4128603 0.6951454 -0.7314038 0.5773516 0.3629236 -0.7224855 0.5564459 0.4103446 -0.6891374 0.5276351 0.4966797 -0.694774 0.5276276 0.488772 -0.6643346 0.4944298 0.5605343 -0.7753695 0.6280245 0.06623684 -0.7697837 0.6180967 0.1593413 -0.759965 0.6107909 0.2222334 -0.7596139 0.6020994 0.2458921 -0.7438018 0.5822388 0.3282634 -0.7722183 0.6283759 0.09392888 -0.7733322 0.633818 0.01523413 -0.7759883 0.6307405 0.002924082 -0.7728191 0.6345991 -0.005892552 -0.7754871 0.6313362 -0.005862254 -0.7728191 0.6345991 -0.005892552 -0.7754871 0.6313362 -0.005862254 -0.7728191 0.6345991 -0.005892552 -0.7754871 0.6313362 -0.005862254 -0.7728191 0.6345991 -0.005892552 -0.7759883 0.6305775 -0.01463599 -0.6031919 0.4247608 -0.6750835 -0.6291415 0.4428857 -0.6387748 -0.6595671 0.4848796 -0.5743371 -0.6646756 0.4823652 -0.5705525 -0.692991 0.5208128 -0.4985153 -0.6960971 0.5175042 -0.4976326 -0.7201958 0.5541021 -0.4174791 -0.7222256 0.5497068 -0.4197769 -0.7488032 0.5921917 -0.2976621 -0.7433185 0.5758799 -0.3403527 -0.7599448 0.5974111 -0.2560935 -0.767208 0.6177927 -0.1724067 -0.7702981 0.614049 -0.1720022 -0.7732468 0.6285154 -0.08401056 -0.7761561 0.6258244 -0.07697759 -0.773355 0.6334199 -0.02648401 -0.7728191 0.6345991 -0.005892552 -0.529967 0.3451119 -0.7746178 -0.5438543 0.3527527 -0.7614382 -0.587809 0.3991557 -0.7036727 -0.3515419 0.1654647 -0.9214335 -0.3900338 0.1942359 -0.9000811 -0.4465571 0.2596569 -0.8562506 -0.4440419 0.251104 -0.8601009 -0.4941538 0.3024714 -0.8150602 -0.1439928 -0.04655289 -0.9884831 -0.2104967 0.01866173 -0.9774164 -0.2525375 0.0654872 -0.9653684 -0.2730391 0.07859324 -0.9587871 -0.3316218 0.136534 -0.9334803 -0.161361 -0.02483575 -0.9865829 -0.104707 -0.07953145 -0.9913179 -0.0990861 -0.09120559 -0.9908902 -0.08940559 -0.09412696 -0.9915376 -0.09243766 -0.09700174 -0.9909823 -0.08940559 -0.09412696 -0.9915376 -0.09243766 -0.09700174 -0.9909823 -0.08940559 -0.09412696 -0.9915376 -0.09243766 -0.09700174 -0.9909823 -0.08940559 -0.09412696 -0.9915376 -0.08940559 -0.09412696 -0.9915376 -0.09893682 -0.1031632 -0.9897317 -0.1064095 -0.1102467 -0.9881916 -0.1054916 -0.09682967 -0.9896947 -0.1129754 -0.1039417 -0.9881461 -0.1502036 -0.0542706 -0.9871644 -0.1577816 -0.06160642 -0.9855504 -0.2188626 0.01181449 -0.9756842 -0.2265551 0.004143836 -0.9739895 -0.2796927 0.07102376 -0.9574589 -0.2874549 0.06306766 -0.9557155 -0.3391253 0.1295097 -0.9317839 -0.3469293 0.1212892 -0.9300156 -0.3966505 0.1867875 -0.8987652 -0.4044664 0.1783241 -0.8969992 -0.4512975 0.2418918 -0.8589638 -0.4590927 0.233209 -0.8572325 -0.502615 0.294346 -0.8128583 -0.5103623 0.2854728 -0.8111939 -0.5506345 0.3441746 -0.7604903 -0.55832 0.3351482 -0.7589166 -0.5951879 0.3912174 -0.7019261 -0.6028036 0.3820857 -0.7004558 -0.6356125 0.4347878 -0.6379313 -0.6431431 0.4255935 -0.6365824 -0.671386 0.4743071 -0.5694503 -0.6788085 0.4650855 -0.5682556 -0.7024701 0.509717 -0.4967136 -0.7097733 0.5005128 -0.4956902 -0.7288307 0.5409924 -0.419682 -0.7360111 0.5318536 -0.4188311 -0.7501383 0.5677745 -0.3390054 -0.7571889 0.5587506 -0.3383235 -0.7660314 0.5896084 -0.2560427 -0.7729433 0.5807454 -0.2555257 -0.7764598 0.606382 -0.1714965 -0.7832244 0.5977212 -0.1711402 -0.7816357 0.6190276 -0.07648868 -0.7882261 0.6106373 -0.07630036 -0.7813823 0.6238748 -0.01489925 -0.7878542 0.6156837 -0.0148101 -0.7811645 0.6242984 -0.005796905 -0.7876219 0.6161323 -0.005721079 -0.7811645 0.6242984 -0.005796905 -0.7876219 0.6161323 -0.005721079 -0.7811645 0.6242984 -0.005796905 -0.7876219 0.6161323 -0.005721079 -0.7813823 0.6240439 0.003311807 -0.7878542 0.6158526 0.003374785 -0.7816357 0.6203411 0.06498079 -0.7882256 0.6119496 0.06494778 -0.7764597 0.6094622 0.1602066 -0.783224 0.6007965 0.1600117 -0.7660314 0.5942612 0.2450499 -0.7729433 0.5853903 0.2446975 -0.7501385 0.5739717 0.3284033 -0.757189 0.5649366 0.3278893 -0.7288307 0.5486923 0.409564 -0.7360118 0.5395378 0.4088832 -0.7024695 0.5188531 0.4871632 -0.7097744 0.5096301 0.48631 -0.671386 0.4847996 0.5605446 -0.6788079 0.4755588 0.5595209 -0.6356129 0.4465583 0.6297475 -0.6431418 0.4373414 0.6285707 -0.5951881 0.4041844 0.6945402 -0.6028042 0.3950275 0.693239 -0.5506341 0.3582375 0.7539682 -0.5583202 0.3491814 0.7525629 -0.502615 0.3093895 0.8072523 -0.5103635 0.3004862 0.8057525 -0.4512977 0.2577998 0.8543241 -0.4590919 0.2490885 0.8527541 -0.3966503 0.2034446 0.8951418 -0.4044648 0.1949507 0.8935337 -0.3391255 0.1467905 0.9292182 -0.3469293 0.1385383 0.9276029 -0.2796927 0.08879098 0.955975 -0.287455 0.08080379 0.9543796 -0.2188629 0.02993033 0.9752965 -0.2265554 0.02222883 0.9737446 -0.1502034 -0.03593038 0.988002 -0.1577825 -0.04329517 0.9865243 -0.1054916 -0.07843503 0.9913221 -0.1129754 -0.08557459 0.9899058 -0.09893682 -0.08476677 0.9914767 -0.1064095 -0.09187766 0.9900684 -0.09893682 -0.08476677 0.9914767 -0.1064095 -0.09187766 0.9900684 -0.09893682 -0.08476677 0.9914767 -0.1064095 -0.09187766 0.9900684 -0.09294965 -0.09163944 0.9914447 -0.1004515 -0.09876002 0.9900283 -0.05277363 -0.1385065 0.9889544 -0.06050443 -0.1457102 0.9874754 0.009580649 -0.2105795 0.9775298 0.001508842 -0.217881 0.9759742 0.06540893 -0.2745393 0.9593487 0.05704804 -0.281896 0.9577474 0.1205178 -0.3371317 0.9337118 0.1118904 -0.3445168 0.9320884 0.1744502 -0.3978217 0.9007247 0.1655796 -0.4052062 0.8991059 0.2262972 -0.4555853 0.8609481 0.2172091 -0.4629374 0.8593656 0.2756108 -0.5099427 0.8148602 0.2663355 -0.5172366 0.813346 0.322414 -0.5609264 0.762503 0.3129898 -0.56815 0.7610802 0.3665562 -0.6083598 0.7039424 0.3570314 -0.6155072 0.7026233 0.4073929 -0.6515388 0.6399439 0.3978111 -0.6585969 0.638746 0.4443818 -0.6899037 0.5714522 0.4347798 -0.6968513 0.5704077 0.4774689 -0.7234113 0.4986978 0.4678919 -0.7302391 0.4978234 0.5066304 -0.7520266 0.4216415 0.4971267 -0.7587335 0.4209377 0.531531 -0.7753962 0.3409332 0.5221503 -0.7819779 0.3403963 0.5517477 -0.7931238 0.2579324 0.5425364 -0.7995739 0.2575576 0.5671776 -0.8051472 0.1733421 0.5581772 -0.8114592 0.1731248 0.5786585 -0.8118046 0.07827871 0.5699388 -0.8179551 0.07822541 0.582941 -0.8123439 0.01664927 0.5744273 -0.8183854 0.01669228 0.5832908 -0.8122284 0.007541923 0.5748028 -0.8182567 0.007597899 0.5832908 -0.8122284 0.007541923 0.5748028 -0.8182567 0.007597899 0.5832908 -0.8122284 0.007541923 0.5748028 -0.8182567 0.007597899 0.582941 -0.812513 -0.001561782 0.5744273 -0.8185543 -0.001492604 0.5786585 -0.8131183 -0.06319077 0.5699395 -0.8192662 -0.06302274 0.5671778 -0.8082272 -0.1583609 0.5581777 -0.8145337 -0.158027 0.5517477 -0.7977767 -0.2431601 0.5425364 -0.8042187 -0.2426656 0.531531 -0.7815936 -0.3264754 0.5221502 -0.7881642 -0.3258166 0.5066303 -0.7597265 -0.4076044 0.4971251 -0.7664199 -0.4067765 0.4774692 -0.7325466 -0.485179 0.4678908 -0.7393585 -0.4841769 0.4443818 -0.7003963 -0.5585426 0.4347811 -0.7073226 -0.5573689 0.4073924 -0.6633102 -0.6277349 0.3978115 -0.6703432 -0.6264072 0.3665564 -0.6213268 -0.6925239 0.357032 -0.628449 -0.6910716 0.3224145 -0.5749885 -0.7519555 0.3129882 -0.5821848 -0.7503994 0.2756108 -0.5249862 -0.8052504 0.2663348 -0.5322519 -0.8036005 0.2262965 -0.4714941 -0.8523398 0.2172106 -0.4788148 -0.850621 0.17445 -0.4144789 -0.8931822 0.1655804 -0.4218306 -0.891427 0.1205182 -0.3544122 -0.9272903 0.1118907 -0.3617656 -0.9255302 0.06540902 -0.2923064 -0.9540852 0.05704803 -0.2996322 -0.9523477 0.009580703 -0.2286956 -0.9734508 0.001508197 -0.2359669 -0.9717599 -0.05277376 -0.1568467 -0.986212 -0.06050486 -0.1640227 -0.9845993 -0.09294968 -0.1100341 -0.9895721 -0.1004515 -0.1171271 -0.9880236 -0.09893682 -0.1031632 -0.9897317 -0.1064095 -0.1102467 -0.9881916 -0.09893682 -0.1031632 -0.9897317 -0.1064095 -0.1102467 -0.9881916 -0.235562 0.01318381 0.9717699 -0.3085718 0.05917906 0.9493583 -0.1928094 -0.04846479 0.9800386 -0.468136 0.2387986 0.8507784 -0.5310426 0.2762179 0.8010602 -0.4252614 0.1716327 0.8886478 -0.2964344 0.07150704 0.9523725 -0.3560251 0.1288215 0.9255545 -0.4134575 0.1850234 0.8915264 0.04732031 -0.290405 0.9557331 -0.007969759 -0.2264308 0.9739946 -0.06741025 -0.1804879 0.9812645 -0.06947671 -0.1540829 0.9856122 -0.1194087 -0.1167526 0.9859566 -0.1091653 -0.1070309 0.9882446 -0.1252917 -0.10985 0.9860198 -0.1150892 -0.1001384 0.9882949 -0.1252917 -0.10985 0.9860198 -0.1150892 -0.1001384 0.9882949 -0.1252917 -0.10985 0.9860198 -0.1150892 -0.1001384 0.9882949 -0.1318813 -0.1036212 0.9858347 -0.1216669 -0.09386896 0.9881224 -0.1665873 -0.05184197 0.9846629 -0.5192939 0.2901037 0.8038493 -0.5672478 0.3385092 0.7507606 -0.6229838 0.3699573 0.689219 -0.6115467 0.3843137 0.6916022 -0.6518473 0.4264359 0.6270945 -0.6983898 0.4501472 0.5564344 -0.7912232 0.5608176 0.2438226 -0.7550509 0.5143961 0.4065647 -0.7653404 0.5542383 0.3272216 -0.687303 0.4647203 0.5582559 -0.7182299 0.4987326 0.4851924 -0.7442397 0.5288195 0.4079916 -0.791049 0.5874539 -0.1707027 -0.7912234 0.5561928 -0.2541951 -0.8046928 0.5857982 -0.09648804 -0.7182305 0.4896356 -0.4943702 -0.6983895 0.4397377 -0.5646971 -0.7550513 0.5067575 -0.4160462 -0.7808552 0.5703493 -0.2548859 -0.7653404 0.5480666 -0.3374569 -0.7442406 0.5211515 -0.4177404 -0.7808552 0.574984 0.2442508 -0.7910492 0.590522 0.1597651 -0.8046929 0.5874887 0.08559353 -0.7957779 0.6020989 0.06491831 -0.8038668 0.5947989 0.003533033 -0.7952757 0.6062382 0.003447871 -0.803601 0.5951427 -0.005526181 -0.7950275 0.6065473 -0.005632078 -0.803601 0.5951427 -0.005526181 -0.7950275 0.6065473 -0.005632078 -0.803601 0.5951427 -0.005526181 -0.7950275 0.6065473 -0.005632078 -0.8038668 0.5946307 -0.01457732 -0.7952756 0.6060697 -0.01470461 -0.7957775 0.6007901 -0.07608824 -0.6873018 0.4542741 -0.5667903 -0.6518477 0.4147188 -0.6349039 -0.6229833 0.3570947 -0.6959707 -0.6115461 0.3714042 -0.6986203 -0.567249 0.3245102 -0.7569159 -0.5310433 0.2612949 -0.8060509 -0.3085712 0.04153981 -0.9502938 -0.4252614 0.1551022 -0.8916816 -0.3560252 0.1116124 -0.927787 -0.519294 0.2751252 -0.8090982 -0.4681348 0.2229597 -0.8550665 -0.4134572 0.1684377 -0.8948083 -0.2964343 0.05380965 -0.9535362 -0.2355628 -0.004863597 -0.971847 -0.1928096 -0.06665522 -0.9789696 -0.1665873 -0.07011838 -0.9835304 -0.1318814 -0.1219095 -0.9837405 -0.121667 -0.1122015 -0.9862089 -0.1252917 -0.1281408 -0.9838099 -0.1150892 -0.1184731 -0.986265 -0.1252917 -0.1281408 -0.9838099 -0.1150892 -0.1184731 -0.986265 -0.1252917 -0.1281408 -0.9838099 -0.1150892 -0.1184731 -0.986265 -0.1194088 -0.1350409 -0.9836186 -0.1091654 -0.1253634 -0.9860867 -0.06947589 -0.1723584 -0.9825811 -0.1374452 -0.139655 -0.9806148 -0.1521534 -0.1535857 -0.9763507 -0.1440471 -0.1334724 -0.9805282 -0.158766 -0.1474633 -0.9762417 -0.2049162 -0.07749514 -0.9757069 -0.2197743 -0.092107 -0.9711929 -0.3195137 0.03007698 -0.9471042 -0.3344456 0.01427553 -0.9423069 -0.4361939 0.1427625 -0.8884558 -0.4509708 0.1257927 -0.8836298 -0.5418182 0.2482545 -0.8029961 -0.5562749 0.2303349 -0.7984385 -0.6334906 0.3435958 -0.693276 -0.6475186 0.3250148 -0.6892642 -0.70856 0.4260513 -0.562515 -0.7221051 0.4071593 -0.5592723 -0.7648317 0.493192 -0.4144805 -0.7778822 0.4743782 -0.4121464 -0.8005912 0.5430516 -0.2532758 -0.8131507 0.5247218 -0.2518988 -0.8143084 0.5723005 -0.09681918 -0.8264207 0.5547631 -0.09626414 -0.8139129 0.5808079 -0.01442191 -0.8257946 0.5637915 -0.01422742 -0.8136279 0.5813609 -0.00539821 -0.8254889 0.5643941 -0.005240665 -0.8136279 0.5813609 -0.00539821 -0.8254889 0.5643941 -0.005240665 -0.8136279 0.5813609 -0.00539821 -0.8254889 0.5643941 -0.005240665 -0.8139129 0.5809755 0.003634343 -0.8257946 0.5639584 0.003755896 -0.8143079 0.5740004 0.08617486 -0.8264211 0.5564544 0.08594544 -0.8005913 0.5476611 0.243148 -0.8131511 0.5293079 0.2421124 -0.7648323 0.5008023 0.4052513 -0.7778818 0.4819505 0.4032662 -0.7085597 0.4364235 0.5545067 -0.7221048 0.4174749 0.5516152 -0.6334912 0.3564108 0.6867753 -0.6475187 0.3377581 0.6831098 -0.5418183 0.2631224 0.7982478 -0.5562754 0.2451212 0.7940235 -0.4361927 0.1592365 0.8856521 -0.4509715 0.142179 0.8811412 -0.3195137 0.047659 0.9463824 -0.3344444 0.03177125 0.9418798 -0.2049171 -0.05936385 0.9769774 -0.2197741 -0.0740558 0.9727359 -0.1440469 -0.1152417 0.9828376 -0.1587659 -0.1293099 0.9788117 -0.1374452 -0.1214215 0.983039 -0.1521534 -0.135429 0.9790344 -0.1374452 -0.1214215 0.983039 -0.1521534 -0.135429 0.9790344 -0.1374452 -0.1214215 0.983039 -0.1521534 -0.135429 0.9790344 -0.1316117 -0.1283338 0.9829592 -0.1463808 -0.1423491 0.9789328 -0.07888871 -0.1920479 0.9782097 -0.0942872 -0.2061721 0.9739625 0.02237257 -0.312286 0.9497246 0.005779715 -0.3264251 0.9452054 0.1283545 -0.4351323 0.8911706 0.1106026 -0.4490566 0.8866314 0.2274731 -0.546803 0.8057682 0.2087917 -0.5603563 0.8015029 0.3169481 -0.6442313 0.6960675 0.2976333 -0.6573174 0.6923498 0.3942143 -0.7246002 0.5652872 0.374621 -0.7371815 0.5623367 0.4569942 -0.7855599 0.4171953 0.4375128 -0.7976432 0.415148 0.5034502 -0.8252606 0.2558962 0.4844862 -0.83687 0.2547973 0.5305023 -0.8418447 0.09932203 0.5123603 -0.8530412 0.09903379 0.5382542 -0.842614 0.0168529 0.5206478 -0.8536039 0.01691846 0.5387375 -0.8424374 0.007822428 0.521182 -0.8534088 0.007924303 0.5387375 -0.8424374 0.007822428 0.521182 -0.8534088 0.007924303 0.5387375 -0.8424374 0.007822428 0.521182 -0.8534088 0.007924303 0.5382542 -0.8427817 -0.001203349 0.5206478 -0.8537709 -0.00106485 0.530503 -0.8435434 -0.08367203 0.5123596 -0.8547335 -0.08317578 0.5034502 -0.8298701 -0.2405275 0.4844853 -0.8414575 -0.2392139 0.4569928 -0.7931721 -0.4025365 0.4375136 -0.8052143 -0.4002646 0.3942146 -0.734972 -0.5517345 0.3746215 -0.7474963 -0.5485508 0.3169486 -0.6570463 -0.6839837 0.2976334 -0.6700607 -0.6800243 0.2274727 -0.5616714 -0.7954756 0.2087912 -0.5751434 -0.7909591 0.1283551 -0.4516045 -0.8829374 0.1106021 -0.465444 -0.8781396 0.02237268 -0.3298679 -0.943762 0.005779929 -0.3439195 -0.9389814 -0.07888907 -0.2101803 -0.9744746 -0.09428627 -0.2242223 -0.9699662 -0.1316117 -0.1465645 -0.9804067 -0.1463809 -0.1605026 -0.9761207 -0.1374452 -0.139655 -0.9806148 -0.1521534 -0.1535857 -0.9763507 -0.1374452 -0.139655 -0.9806148 -0.1521534 -0.1535857 -0.9763507</float_array>
          <technique_common>
            <accessor count="1221" source="#normals-array-array" stride="3">
              <param type="float" name="X"/>
              <param type="float" name="Y"/>
              <param type="float" name="Z"/>
            </accessor>
          </technique_common>
        </source>
        <vertices id="verts-array-vertices">
          <input semantic="POSITION" source="#verts-array"/>
        </vertices>
        <triangles count="2286" material="material0">
          <input offset="0" semantic="VERTEX" source="#verts-array-vertices"/>
          <input offset="1" semantic="NORMAL" source="#normals-array"/>
          <p>0 0 1 1 2 2 3 3 4 4 5 5 6 6 7 7 8 8 0 0 2 2 9 9 10 10 9 9 2 2 9 9 10 10 11 11 4 4 12 12 5 5 13 13 5 5 12 12 5 5 13 13 14 14 15 15 14 14 13 13 14 14 15 15 16 16 17 17 16 16 15 15 16 16 17 17 1 1 7 7 1 1 17 17 6 6 8 8 18 18 19 19 18 18 8 8 18 18 19 19 20 20 6 6 21 21 7 7 22 22 7 7 21 21 7 7 22 22 1 1 23 23 1 1 22 22 1 1 23 23 2 2 3 3 5 5 24 24 25 25 24 24 5 5 24 24 25 25 26 26 12 12 27 27 13 13 28 28 13 13 27 27 13 13 28 28 29 29 30 30 29 29 28 28 29 29 30 30 31 31 32 32 33 33 10 10 34 34 10 10 33 33 35 35 36 36 19 19 37 37 19 19 36 36 34 34 38 38 10 10 39 39 10 10 38 38 10 10 39 39 11 11 40 40 41 41 25 25 42 42 25 25 41 41 37 37 43 43 19 19 44 44 19 19 43 43 19 19 44 44 20 20 45 45 46 46 47 47 48 48 47 47 46 46 10 10 49 49 32 32 46 46 32 32 49 49 32 32 46 46 50 50 45 45 50 50 46 46 42 42 51 51 25 25 52 52 25 25 51 51 25 25 52 52 26 26 53 53 54 54 55 55 56 56 55 55 54 54 19 19 57 57 35 35 54 54 35 35 57 57 35 35 54 54 58 58 53 53 58 58 54 54 59 59 60 60 61 61 62 62 61 61 60 60 25 25 63 63 40 40 60 60 40 40 63 63 40 40 60 60 64 64 59 59 64 64 60 60 65 65 66 66 30 30 67 67 30 30 66 66 67 67 68 68 30 30 69 69 30 30 68 68 30 30 69 69 31 31 70 70 71 71 72 72 73 73 72 72 71 71 30 30 74 74 65 65 71 71 65 65 74 74 65 65 71 71 75 75 70 70 75 75 71 71 76 76 77 77 78 78 79 79 80 80 77 77 81 81 77 77 82 82 83 83 84 84 85 85 77 77 76 76 86 86 87 87 77 77 88 88 77 77 87 87 89 89 90 90 91 91 92 92 93 93 77 77 94 94 95 95 96 96 97 97 98 98 77 77 99 99 100 100 101 101 102 102 99 99 103 103 104 104 105 105 101 101 106 106 107 107 108 108 109 109 110 110 111 111 112 112 113 113 114 114 115 115 116 116 114 114 117 117 118 118 119 119 120 120 121 121 120 120 119 119 120 120 121 121 122 122 123 123 124 124 125 125 126 126 127 127 121 121 128 128 121 121 127 127 121 121 128 128 122 122 117 117 114 114 129 129 113 113 129 129 114 114 129 129 113 113 130 130 112 112 111 111 131 131 132 132 131 131 111 111 131 131 132 132 133 133 115 115 114 114 134 134 116 116 134 134 114 114 134 134 116 116 135 135 92 92 91 91 136 136 137 137 136 136 91 91 136 136 137 137 135 135 108 108 135 135 137 137 135 135 108 108 134 134 107 107 134 134 108 108 134 134 107 107 115 115 117 117 110 110 116 116 112 112 116 116 110 110 116 116 112 112 135 135 131 131 135 135 112 112 135 135 131 131 136 136 133 133 136 136 131 131 136 136 133 133 92 92 106 106 101 101 138 138 100 100 138 138 101 101 138 138 100 100 139 139 102 102 101 101 140 140 105 105 140 140 101 101 140 140 105 105 141 141 99 99 104 104 98 98 142 142 98 98 104 104 98 98 142 142 77 77 143 143 144 144 145 145 146 146 145 145 144 144 145 145 146 146 147 147 148 148 147 147 146 146 147 147 148 148 149 149 150 150 149 149 148 148 149 149 150 150 151 151 152 152 151 151 150 150 151 151 152 152 153 153 154 154 153 153 152 152 153 153 154 154 155 155 156 156 155 155 154 154 155 155 156 156 157 157 158 158 157 157 156 156 157 157 158 158 159 159 96 96 95 95 77 77 160 160 161 161 162 162 163 163 162 162 161 161 162 162 163 163 164 164 109 109 108 108 165 165 137 137 165 165 108 108 165 165 137 137 166 166 91 91 166 166 137 137 166 166 91 91 167 167 90 90 167 167 91 91 167 167 90 90 168 168 169 169 170 170 171 171 172 172 171 171 170 170 171 171 172 172 173 173 174 174 175 175 176 176 177 177 176 176 175 175 176 176 177 177 178 178 179 179 178 178 177 177 178 178 179 179 180 180 181 181 180 180 179 179 180 180 181 181 182 182 183 183 182 182 181 181 158 158 184 184 159 159 185 185 159 159 184 184 159 159 185 185 186 186 185 185 187 187 186 186 188 188 186 186 187 187 186 186 188 188 189 189 190 190 189 189 188 188 189 189 190 190 191 191 192 192 191 191 190 190 144 144 193 193 146 146 194 194 146 146 193 193 146 146 194 194 148 148 195 195 148 148 194 194 148 148 195 195 150 150 196 196 150 150 195 195 150 150 196 196 152 152 197 197 152 152 196 196 152 152 197 197 154 154 198 198 154 154 197 197 154 154 198 198 156 156 199 199 156 156 198 198 156 156 199 199 158 158 200 200 158 158 199 199 158 158 200 200 184 184 201 201 184 184 200 200 184 184 201 201 185 185 202 202 185 185 201 201 185 185 202 202 187 187 203 203 187 187 202 202 187 187 203 203 188 188 204 204 188 188 203 203 188 188 204 204 190 190 205 205 190 190 204 204 190 190 205 205 192 192 206 206 192 192 205 205 207 207 208 208 209 209 210 210 209 209 208 208 209 209 210 210 211 211 212 212 211 211 210 210 211 211 212 212 213 213 214 214 213 213 212 212 213 213 214 214 215 215 216 216 215 215 214 214 215 215 216 216 217 217 218 218 217 217 216 216 217 217 218 218 219 219 220 220 219 219 218 218 219 219 220 220 221 221 222 222 221 221 220 220 221 221 222 222 223 223 224 224 223 223 222 222 223 223 224 224 225 225 226 226 225 225 224 224 225 225 226 226 227 227 228 228 227 227 226 226 227 227 228 228 229 229 230 230 229 229 228 228 229 229 230 230 231 231 232 232 231 231 230 230 231 231 232 232 233 233 234 234 233 233 232 232 235 235 207 207 123 123 209 209 123 123 207 207 123 123 209 209 124 124 211 211 124 124 209 209 124 124 211 211 236 236 213 213 236 236 211 211 236 236 213 213 237 237 215 215 237 237 213 213 237 237 215 215 238 238 217 217 238 238 215 215 238 238 217 217 239 239 219 219 239 239 217 217 239 239 219 219 240 240 221 221 240 240 219 219 240 240 221 221 241 241 223 223 241 241 221 221 241 241 223 223 242 242 225 225 242 242 223 223 242 242 225 225 243 243 227 227 243 243 225 225 243 243 227 227 244 244 229 229 244 244 227 227 244 244 229 229 245 245 231 231 245 245 229 229 245 245 231 231 246 246 233 233 246 246 231 231 125 125 124 124 247 247 236 236 247 247 124 124 247 247 236 236 248 248 237 237 248 248 236 236 248 248 237 237 249 249 238 238 249 249 237 237 249 249 238 238 250 250 239 239 250 250 238 238 250 250 239 239 251 251 240 240 251 251 239 239 251 251 240 240 252 252 241 241 252 252 240 240 252 252 241 241 253 253 242 242 253 253 241 241 253 253 242 242 254 254 243 243 254 254 242 242 254 254 243 243 88 88 244 244 88 88 243 243 88 88 244 244 87 87 245 245 87 87 244 244 87 87 245 245 89 89 246 246 89 89 245 245 89 89 246 246 77 77 233 233 77 77 246 246 234 234 255 255 233 233 77 77 233 233 255 255 206 206 234 234 192 192 232 232 192 192 234 234 192 192 232 232 191 191 230 230 191 191 232 232 191 191 230 230 189 189 228 228 189 189 230 230 189 189 228 228 186 186 226 226 186 186 228 228 186 186 226 226 159 159 224 224 159 159 226 226 159 159 224 224 157 157 222 222 157 157 224 224 157 157 222 222 155 155 220 220 155 155 222 222 155 155 220 220 153 153 218 218 153 153 220 220 153 153 218 218 151 151 216 216 151 151 218 218 151 151 216 216 149 149 214 214 149 149 216 216 149 149 214 214 147 147 212 212 147 147 214 214 147 147 212 212 145 145 210 210 145 145 212 212 145 145 210 210 143 143 208 208 143 143 210 210 119 119 125 125 121 121 247 247 121 121 125 125 121 121 247 247 126 126 248 248 126 126 247 247 126 126 248 248 256 256 249 249 256 256 248 248 256 256 249 249 257 257 250 250 257 257 249 249 257 257 250 250 258 258 251 251 258 258 250 250 258 258 251 251 259 259 252 252 259 259 251 251 259 259 252 252 260 260 253 253 260 260 252 252 260 260 253 253 97 97 254 254 97 97 253 253 97 97 254 254 95 95 88 88 95 95 254 254 95 95 88 88 77 77 261 261 174 174 262 262 176 176 262 262 174 174 262 262 176 176 263 263 178 178 263 263 176 176 263 263 178 178 264 264 180 180 264 264 178 178 264 264 180 180 265 265 182 182 265 265 180 180 265 265 182 182 266 266 183 183 266 266 182 182 266 266 183 183 267 267 268 268 261 261 269 269 262 262 269 269 261 261 269 269 262 262 270 270 263 263 270 270 262 262 270 270 263 263 271 271 264 264 271 271 263 263 271 271 264 264 272 272 265 265 272 272 264 264 272 272 265 265 273 273 266 266 273 273 265 265 273 273 266 266 274 274 267 267 274 274 266 266 274 274 267 267 275 275 276 276 268 268 277 277 269 269 277 277 268 268 277 277 269 269 278 278 270 270 278 278 269 269 278 278 270 270 279 279 271 271 279 279 270 270 279 279 271 271 280 280 272 272 280 280 271 271 280 280 272 272 281 281 273 273 281 281 272 272 281 281 273 273 282 282 274 274 282 282 273 273 282 282 274 274 283 283 275 275 283 283 274 274 283 283 275 275 284 284 132 132 160 160 133 133 162 162 133 133 160 160 133 133 162 162 92 92 164 164 92 92 162 162 92 92 164 164 90 90 285 285 90 90 164 164 90 90 285 285 168 168 286 286 168 168 285 285 168 168 286 286 287 287 288 288 287 287 286 286 287 287 288 288 289 289 290 290 289 289 288 288 289 289 290 290 291 291 292 292 291 291 290 290 291 291 292 292 293 293 294 294 293 293 292 292 293 293 294 294 295 295 296 296 295 295 294 294 295 295 296 296 297 297 78 78 298 298 299 299 296 296 299 299 297 297 298 298 297 297 299 299 297 297 298 298 300 300 77 77 300 300 298 298 78 78 77 77 298 298 193 193 130 130 194 194 113 113 194 194 130 130 194 194 113 113 195 195 115 115 195 195 113 113 195 195 115 115 196 196 107 107 196 196 115 115 196 196 107 107 197 197 109 109 197 197 107 107 197 197 109 109 198 198 165 165 198 198 109 109 198 198 165 165 199 199 166 166 199 199 165 165 199 199 166 166 200 200 167 167 200 200 166 166 200 200 167 167 201 201 168 168 201 201 167 167 201 201 168 168 202 202 287 287 202 202 168 168 202 202 287 287 203 203 289 289 203 203 287 287 203 203 289 289 204 204 291 291 204 204 289 289 204 204 291 291 205 205 293 293 205 205 291 291 205 205 293 293 206 206 295 295 206 206 293 293 206 206 295 295 234 234 297 297 234 234 295 295 234 234 297 297 255 255 300 300 255 255 297 297 255 255 300 300 77 77 301 301 302 302 303 303 304 304 303 303 302 302 303 303 304 304 305 305 306 306 307 307 308 308 309 309 308 308 307 307 308 308 309 309 310 310 311 311 312 312 313 313 314 314 313 313 312 312 313 313 314 314 315 315 316 316 315 315 314 314 315 315 316 316 317 317 318 318 317 317 316 316 317 317 318 318 319 319 320 320 319 319 318 318 319 319 320 320 321 321 322 322 321 321 320 320 323 323 324 324 325 325 326 326 325 325 324 324 325 325 326 326 327 327 328 328 329 329 330 330 331 331 330 330 329 329 330 330 331 331 332 332 333 333 328 328 334 334 330 330 334 334 328 328 334 334 330 330 335 335 332 332 335 335 330 330 335 335 332 332 336 336 235 235 337 337 338 338 339 339 338 338 337 337 338 338 339 339 340 340 341 341 340 340 339 339 340 340 341 341 342 342 343 343 342 342 341 341 342 342 343 343 344 344 345 345 333 333 346 346 334 334 346 346 333 333 346 346 334 334 347 347 335 335 347 347 334 334 347 347 335 335 348 348 336 336 348 348 335 335 348 348 336 336 349 349 235 235 123 123 337 337 125 125 337 337 123 123 337 337 125 125 339 339 119 119 339 339 125 125 339 339 119 119 341 341 118 118 341 341 119 119 341 341 118 118 343 343 350 350 306 306 351 351 308 308 351 351 306 306 351 351 308 308 352 352 310 310 352 352 308 308 352 352 310 310 353 353 354 354 353 353 310 310 353 353 354 354 355 355 356 356 355 355 354 354 355 355 356 356 357 357 358 358 357 357 356 356 359 359 360 360 361 361 362 362 361 361 360 360 361 361 362 362 363 363 170 170 364 364 172 172 365 365 172 172 364 364 172 172 365 365 173 173 366 366 173 173 365 365 173 173 366 366 367 367 368 368 367 367 366 366 367 367 368 368 363 363 369 369 363 363 368 368 363 363 369 369 361 361 370 370 361 361 369 369 361 361 370 370 359 359 371 371 359 359 370 370 359 359 371 371 372 372 373 373 372 372 371 371 372 372 373 373 374 374 375 375 374 374 373 373 376 376 301 301 377 377 303 303 377 377 301 301 377 377 303 303 378 378 305 305 378 378 303 303 378 378 305 305 379 379 380 380 379 379 305 305 379 379 380 380 381 381 382 382 381 381 380 380 381 381 382 382 383 383 384 384 383 383 382 382 383 383 384 384 385 385 386 386 385 385 384 384 385 385 386 386 387 387 388 388 387 387 386 386 387 387 388 388 389 389 390 390 389 389 388 388 391 391 392 392 393 393 394 394 393 393 392 392 393 393 394 394 395 395 396 396 395 395 394 394 395 395 396 396 397 397 398 398 397 397 396 396 397 397 398 398 399 399 400 400 399 399 398 398 399 399 400 400 401 401 402 402 401 401 400 400 401 401 402 402 403 403 404 404 403 403 402 402 403 403 404 404 405 405 406 406 391 391 407 407 393 393 407 407 391 391 407 407 393 393 408 408 395 395 408 408 393 393 408 408 395 395 409 409 397 397 409 409 395 395 409 409 397 397 410 410 399 399 410 410 397 397 410 410 399 399 411 411 401 401 411 411 399 399 411 411 401 401 412 412 403 403 412 412 401 401 412 412 403 403 413 413 405 405 413 413 403 403 413 413 405 405 414 414 302 302 406 406 304 304 407 407 304 304 406 406 304 304 407 407 305 305 408 408 305 305 407 407 305 305 408 408 380 380 409 409 380 380 408 408 380 380 409 409 382 382 410 410 382 382 409 409 382 382 410 410 384 384 411 411 384 384 410 410 384 384 411 411 386 386 412 412 386 386 411 411 386 386 412 412 388 388 413 413 388 388 412 412 388 388 413 413 390 390 414 414 390 390 413 413 415 415 311 311 416 416 313 313 416 416 311 311 416 416 313 313 417 417 315 315 417 417 313 313 417 417 315 315 418 418 317 317 418 418 315 315 418 418 317 317 419 419 319 319 419 419 317 317 419 419 319 319 420 420 321 321 420 420 319 319 420 420 321 321 421 421 322 322 421 421 321 321 421 421 322 322 422 422 423 423 424 424 425 425 426 426 276 276 427 427 277 277 427 427 276 276 427 427 277 277 428 428 278 278 428 428 277 277 428 428 278 278 429 429 279 279 429 429 278 278 429 429 279 279 430 430 280 280 430 430 279 279 430 430 280 280 431 431 281 281 431 431 280 280 431 431 281 281 432 432 282 282 432 432 281 281 432 432 282 282 433 433 283 283 433 433 282 282 433 433 283 283 434 434 284 284 434 434 283 283 434 434 284 284 423 423 435 435 423 423 284 284 423 423 435 435 424 424 436 436 424 424 435 435 424 424 436 436 425 425 437 437 425 425 436 436 175 175 169 169 177 177 171 171 177 177 169 169 177 177 171 171 179 179 173 173 179 179 171 171 179 179 173 173 181 181 367 367 181 181 173 173 181 181 367 367 183 183 363 363 183 183 367 367 183 183 363 363 267 267 362 362 267 267 363 363 267 267 362 362 275 275 360 360 275 275 362 362 275 275 360 360 284 284 359 359 284 284 360 360 284 284 359 359 435 435 372 372 435 435 359 359 435 435 372 372 436 436 374 374 436 436 372 372 436 436 374 374 437 437 375 375 437 437 374 374 437 437 375 375 438 438 439 439 440 440 441 441 442 442 441 441 440 440 441 441 442 442 443 443 444 444 443 443 442 442 445 445 446 446 447 447 448 448 447 447 446 446 447 447 448 448 449 449 450 450 449 449 448 448 451 451 452 452 453 453 454 454 453 453 452 452 453 453 454 454 455 455 456 456 455 455 454 454 455 455 456 456 457 457 458 458 457 457 456 456 457 457 458 458 459 459 460 460 459 459 458 458 459 459 460 460 461 461 462 462 461 461 460 460 461 461 462 462 463 463 464 464 463 463 462 462 463 463 464 464 465 465 466 466 465 465 464 464 465 465 466 466 467 467 468 468 467 467 466 466 467 467 468 468 469 469 470 470 469 469 468 468 469 469 470 470 471 471 444 444 471 471 470 470 471 471 444 444 450 450 442 442 450 450 444 444 450 450 442 442 449 449 440 440 449 449 442 442 449 449 440 440 447 447 439 439 447 447 440 440 447 447 439 439 445 445 404 404 472 472 405 405 473 473 405 405 472 472 405 405 473 473 414 414 474 474 414 414 473 473 414 414 474 474 390 390 438 438 390 390 474 474 390 390 438 438 389 389 375 375 389 389 438 438 389 389 375 375 387 387 373 373 387 387 375 375 387 387 373 373 385 385 371 371 385 385 373 373 385 385 371 371 383 383 370 370 383 383 371 371 383 383 370 370 381 381 369 369 381 381 370 370 381 381 369 369 379 379 368 368 379 379 369 369 379 379 368 368 378 378 366 366 378 378 368 368 378 378 366 366 377 377 365 365 377 377 366 366 377 377 365 365 376 376 364 364 376 376 365 365 452 452 426 426 454 454 427 427 454 454 426 426 454 454 427 427 456 456 428 428 456 456 427 427 456 456 428 428 458 458 429 429 458 458 428 428 458 458 429 429 460 460 430 430 460 460 429 429 460 460 430 430 462 462 431 431 462 462 430 430 462 462 431 431 464 464 432 432 464 464 431 431 464 464 432 432 466 466 433 433 466 466 432 432 466 466 433 433 468 468 434 434 468 468 433 433 468 468 434 434 470 470 423 423 470 470 434 434 470 470 423 423 444 444 425 425 444 444 423 423 444 444 425 425 443 443 437 437 443 443 425 425 443 443 437 437 441 441 438 438 441 441 437 437 441 441 438 438 439 439 474 474 439 439 438 438 475 475 476 476 477 477 478 478 477 477 476 476 477 477 478 478 479 479 77 77 480 480 481 481 482 482 77 77 481 481 483 483 480 480 77 77 479 479 484 484 477 477 485 485 477 477 484 484 477 477 485 485 475 475 86 86 483 483 77 77 312 312 350 350 314 314 351 351 314 314 350 350 314 314 351 351 316 316 352 352 316 316 351 351 316 316 352 352 318 318 353 353 318 318 352 352 318 318 353 353 320 320 355 355 320 320 353 353 320 320 355 355 322 322 357 357 322 322 355 355 322 322 357 357 422 422 358 358 422 422 357 357 422 422 358 358 486 486 487 487 415 415 488 488 416 416 488 488 415 415 488 488 416 416 489 489 417 417 489 489 416 416 489 489 417 417 490 490 418 418 490 490 417 417 490 490 418 418 491 491 419 419 491 491 418 418 491 491 419 419 492 492 420 420 492 492 419 419 492 492 420 420 493 493 421 421 493 493 420 420 493 493 421 421 494 494 422 422 494 494 421 421 494 494 422 422 495 495 486 486 495 495 422 422 495 495 486 486 496 496 497 497 496 496 486 486 496 496 497 497 498 498 499 499 498 498 497 497 498 498 499 499 500 500 332 332 501 501 336 336 502 502 336 336 501 501 336 336 502 502 349 349 503 503 349 349 502 502 349 349 503 503 504 504 505 505 504 504 503 503 504 504 505 505 506 506 507 507 506 506 505 505 506 506 507 507 508 508 509 509 508 508 507 507 508 508 509 509 510 510 511 511 510 510 509 509 512 512 513 513 514 514 515 515 514 514 513 513 514 514 515 515 516 516 517 517 516 516 515 515 516 516 517 517 518 518 519 519 518 518 517 517 518 518 519 519 520 520 521 521 520 520 519 519 520 520 521 521 522 522 523 523 522 522 521 521 522 522 523 523 524 524 525 525 524 524 523 523 524 524 525 525 526 526 527 527 526 526 525 525 526 526 527 527 528 528 529 529 528 528 527 527 530 530 531 531 532 532 533 533 532 532 531 531 532 532 533 533 534 534 535 535 534 534 533 533 534 534 535 535 536 536 537 537 536 536 535 535 536 536 537 537 538 538 539 539 538 538 537 537 538 538 539 539 540 540 541 541 540 540 539 539 540 540 541 541 542 542 543 543 542 542 541 541 542 542 543 543 544 544 545 545 544 544 543 543 544 544 545 545 546 546 547 547 546 546 545 545 548 548 549 549 550 550 551 551 550 550 549 549 550 550 551 551 552 552 553 553 552 552 551 551 552 552 553 553 554 554 555 555 554 554 553 553 554 554 555 555 556 556 557 557 556 556 555 555 556 556 557 557 558 558 559 559 558 558 557 557 558 558 559 559 560 560 561 561 560 560 559 559 560 560 561 561 562 562 563 563 562 562 561 561 562 562 563 563 564 564 139 139 564 564 563 563 564 564 139 139 565 565 100 100 565 565 139 139 565 565 100 100 566 566 102 102 566 566 100 100 566 566 102 102 567 567 140 140 567 567 102 102 567 567 140 140 568 568 141 141 568 568 140 140 549 549 345 345 551 551 346 346 551 551 345 345 551 551 346 346 553 553 347 347 553 553 346 346 553 553 347 347 555 555 348 348 555 555 347 347 555 555 348 348 557 557 349 349 557 557 348 348 557 557 349 349 559 559 504 504 559 559 349 349 559 559 504 504 561 561 506 506 561 561 504 504 561 561 506 506 563 563 508 508 563 563 506 506 563 563 508 508 139 139 510 510 139 139 508 508 139 139 510 510 138 138 511 511 138 138 510 510 138 138 511 511 106 106 569 569 570 570 571 571 572 572 571 571 570 570 571 571 572 572 573 573 574 574 573 573 572 572 573 573 574 574 575 575 576 576 575 575 574 574 575 575 576 576 577 577 578 578 577 577 576 576 577 577 578 578 579 579 580 580 579 579 578 578 579 579 580 580 581 581 582 582 581 581 580 580 581 581 582 582 583 583 584 584 583 583 582 582 583 583 584 584 585 585 586 586 585 585 584 584 585 585 586 586 587 587 588 588 589 589 85 85 479 479 85 85 589 589 85 85 479 479 83 83 478 478 83 83 479 479 83 83 478 478 590 590 476 476 590 590 478 478 307 307 569 569 309 309 571 571 309 309 569 569 309 309 571 571 310 310 573 573 310 310 571 571 310 310 573 573 354 354 575 575 354 354 573 573 354 354 575 575 356 356 577 577 356 356 575 575 356 356 577 577 358 358 579 579 358 358 577 577 358 358 579 579 486 486 581 581 486 486 579 579 486 486 581 581 497 497 583 583 497 497 581 581 497 497 583 583 499 499 585 585 499 499 583 583 499 499 585 585 500 500 587 587 500 500 585 585 500 500 587 587 591 591 592 592 591 591 587 587 591 591 592 592 593 593 589 589 594 594 479 479 595 595 479 479 594 594 479 479 595 595 484 484 596 596 484 484 595 595 484 484 596 596 597 597 472 472 84 84 473 473 83 83 473 473 84 84 473 473 83 83 474 474 590 590 474 474 83 83 474 474 590 590 439 439 476 476 439 439 590 590 439 439 476 476 445 445 475 475 445 445 476 476 445 445 475 475 598 598 485 485 598 598 475 475 598 598 485 485 599 599 484 484 599 599 485 485 599 599 484 484 82 82 597 597 82 82 484 484 82 82 597 597 81 81 80 80 79 79 600 600 601 601 600 600 79 79 600 600 601 601 602 602 324 324 512 512 326 326 514 514 326 326 512 512 326 326 514 514 327 327 516 516 327 327 514 514 327 327 516 516 603 603 518 518 603 603 516 516 603 603 518 518 604 604 520 520 604 604 518 518 604 604 520 520 605 605 522 522 605 605 520 520 605 605 522 522 606 606 524 524 606 606 522 522 606 606 524 524 607 607 526 526 607 607 524 524 607 607 526 526 608 608 528 528 608 608 526 526 608 608 528 528 609 609 529 529 609 609 528 528 609 609 529 529 610 610 611 611 600 600 592 592 602 602 592 592 600 600 592 592 602 602 593 593 612 612 613 613 610 610 614 614 610 610 613 613 610 610 614 614 609 609 513 513 530 530 515 515 532 532 515 515 530 530 515 515 532 532 517 517 534 534 517 517 532 532 517 517 534 534 519 519 536 536 519 519 534 534 519 519 536 536 521 521 538 538 521 521 536 536 521 521 538 538 523 523 540 540 523 523 538 538 523 523 540 540 525 525 542 542 525 525 540 540 525 525 542 542 527 527 544 544 527 527 542 542 527 527 544 544 529 529 546 546 529 529 544 544 529 529 546 546 610 610 547 547 610 610 546 546 610 610 547 547 612 612 615 615 612 612 547 547 612 612 615 615 103 103 616 616 103 103 615 615 103 103 616 616 104 104 617 617 104 104 616 616 104 104 617 617 142 142 94 94 142 142 617 617 142 142 94 94 77 77 618 618 619 619 620 620 621 621 620 620 619 619 620 620 621 621 622 622 623 623 622 622 621 621 622 622 623 623 624 624 611 611 624 624 623 623 611 611 623 623 600 600 621 621 600 600 623 623 600 600 621 621 80 80 619 619 80 80 621 621 80 80 619 619 77 77 618 618 77 77 619 619 570 570 323 323 572 572 325 325 572 572 323 323 572 572 325 325 574 574 327 327 574 574 325 325 574 574 327 327 576 576 603 603 576 576 327 327 576 576 603 603 578 578 604 604 578 578 603 603 578 578 604 604 580 580 605 605 580 580 604 604 580 580 605 605 582 582 606 606 582 582 605 605 582 582 606 606 584 584 607 607 584 584 606 606 584 584 607 607 586 586 608 608 586 586 607 607 586 586 608 608 587 587 609 609 587 587 608 608 587 587 609 609 592 592 614 614 592 592 609 609 592 592 614 614 611 611 613 613 611 611 614 614 611 611 613 613 624 624 612 612 624 624 613 613 624 624 612 612 622 622 103 103 622 622 612 612 622 622 103 103 620 620 99 99 620 620 103 103 620 620 99 99 618 618 77 77 618 618 99 99 531 531 548 548 533 533 550 550 533 533 548 548 533 533 550 550 535 535 552 552 535 535 550 550 535 535 552 552 537 537 554 554 537 537 552 552 537 537 554 554 539 539 556 556 539 539 554 554 539 539 556 556 541 541 558 558 541 541 556 556 541 541 558 558 543 543 560 560 543 543 558 558 543 543 560 560 545 545 562 562 545 545 560 560 545 545 562 562 547 547 564 564 547 547 562 562 547 547 564 564 615 615 565 565 615 615 564 564 615 615 565 565 616 616 566 566 616 616 565 565 616 616 566 566 617 617 567 567 617 617 566 566 617 617 567 567 94 94 568 568 94 94 567 567 94 94 568 568 93 93 392 392 487 487 394 394 488 488 394 394 487 487 394 394 488 488 396 396 489 489 396 396 488 488 396 396 489 489 398 398 490 490 398 398 489 489 398 398 490 490 400 400 491 491 400 400 490 490 400 400 491 491 402 402 492 492 402 402 491 491 402 402 492 492 404 404 493 493 404 404 492 492 404 404 493 493 472 472 494 494 472 472 493 493 472 472 494 494 84 84 495 495 84 84 494 494 84 84 495 495 85 85 496 496 85 85 495 495 85 85 496 496 588 588 498 498 588 588 496 496 588 588 498 498 589 589 500 500 589 589 498 498 589 589 500 500 594 594 591 591 594 594 500 500 594 594 591 591 595 595 593 593 595 595 591 591 595 595 593 593 596 596 602 602 596 596 593 593 596 596 602 602 597 597 601 601 597 597 602 602 597 597 601 601 81 81 79 79 81 81 601 601 81 81 79 79 77 77 161 161 451 451 163 163 453 453 163 163 451 451 163 163 453 453 164 164 455 455 164 164 453 453 164 164 455 455 285 285 457 457 285 285 455 455 285 285 457 457 286 286 459 459 286 286 457 457 286 286 459 459 288 288 461 461 288 288 459 459 288 288 461 461 290 290 463 463 290 290 461 461 290 290 463 463 292 292 465 465 292 292 463 463 292 292 465 465 294 294 467 467 294 294 465 465 294 294 467 467 296 296 469 469 296 296 467 467 296 296 469 469 299 299 471 471 299 299 469 469 299 299 471 471 78 78 450 450 78 78 471 471 78 78 450 450 76 76 448 448 76 76 450 450 76 76 448 448 86 86 446 446 86 86 448 448 86 86 446 446 483 483 445 445 483 483 446 446 483 483 445 445 480 480 598 598 480 480 445 445 480 480 598 598 481 481 599 599 481 481 598 598 481 481 599 599 482 482 82 82 482 482 599 599 482 482 82 82 77 77 329 329 344 344 331 331 343 343 331 331 344 344 331 331 343 343 332 332 118 118 332 332 343 343 332 332 118 118 501 501 120 120 501 501 118 118 501 501 120 120 502 502 122 122 502 502 120 120 502 502 122 122 503 503 128 128 503 503 122 122 503 503 128 128 505 505 127 127 505 505 128 128 505 505 127 127 507 507 126 126 507 507 127 127 507 507 126 126 509 509 256 256 509 509 126 126 509 509 256 256 511 511 257 257 511 511 256 256 511 511 257 257 106 106 258 258 106 106 257 257 106 106 258 258 105 105 259 259 105 105 258 258 105 105 259 259 141 141 260 260 141 141 259 259 141 141 260 260 568 568 97 97 568 568 260 260 568 568 97 97 93 93 96 96 93 93 97 97 93 93 96 96 77 77 625 625 626 626 627 627 628 628 627 627 626 626 627 627 628 628 629 629 630 630 629 629 628 628 629 629 630 630 631 631 632 632 631 631 630 630 633 633 634 634 635 635 636 636 635 635 634 634 635 635 636 636 637 637 638 638 637 637 636 636 637 637 638 638 639 639 640 640 639 639 638 638 639 639 640 640 625 625 641 641 625 625 640 640 625 625 641 641 626 626 642 642 643 643 633 633 644 644 633 633 643 643 633 633 644 644 634 634 645 645 646 646 647 647 648 648 647 647 646 646 647 647 648 648 642 642 649 649 642 642 648 648 642 642 649 649 643 643 650 650 651 651 652 652 653 653 652 652 651 651 652 652 653 653 645 645 654 654 645 645 653 653 645 645 654 654 646 646 655 655 656 656 657 657 658 658 659 659 660 660 655 655 661 661 656 656 662 662 656 656 661 661 656 656 662 662 660 660 663 663 660 660 662 662 660 660 663 663 658 658 658 658 664 664 659 659 665 665 659 659 664 664 659 659 665 665 666 666 665 665 667 667 666 666 668 668 666 666 667 667 666 666 668 668 669 669 670 670 671 671 672 672 668 668 673 673 669 669 674 674 669 669 673 673 669 669 674 674 671 671 675 675 671 671 674 674 671 671 675 675 672 672 652 652 676 676 650 650 677 677 650 650 676 676 650 650 677 677 678 678 679 679 678 678 677 677 678 678 679 679 680 680 681 681 680 680 679 679 680 680 681 681 682 682 683 683 682 682 681 681 682 682 683 683 684 684 685 685 684 684 683 683 684 684 685 685 686 686 687 687 688 688 689 689 690 690 689 689 688 688 689 689 690 690 691 691 692 692 691 691 690 690 691 691 692 692 693 693 694 694 693 693 692 692 693 693 694 694 695 695 685 685 696 696 686 686 697 697 686 686 696 696 686 686 697 697 698 698 699 699 698 698 697 697 698 698 699 699 700 700 701 701 700 700 699 699 700 700 701 701 702 702 695 695 702 702 701 701 702 702 695 695 703 703 694 694 703 703 695 695 704 704 705 705 687 687 706 706 687 687 705 705 687 687 706 706 688 688 707 707 708 708 709 709 710 710 709 709 708 708 709 709 710 710 704 704 711 711 704 704 710 710 704 704 711 711 705 705 712 712 713 713 714 714 715 715 714 714 713 713 714 714 715 715 707 707 716 716 707 707 715 715 707 707 716 716 708 708 672 672 717 717 670 670 718 718 670 670 717 717 670 670 718 718 719 719 720 720 719 719 718 718 719 719 720 720 721 721 722 722 721 721 720 720 721 721 722 722 723 723 724 724 723 723 722 722 723 723 724 724 725 725 726 726 725 725 724 724 725 725 726 726 727 727 728 728 727 727 726 726 727 727 728 728 729 729 730 730 729 729 728 728 729 729 730 730 731 731 730 730 732 732 731 731 733 733 731 731 732 732 731 731 733 733 734 734 735 735 736 736 737 737 733 733 738 738 734 734 739 739 734 734 738 738 734 734 739 739 737 737 740 740 737 737 739 739 737 737 740 740 735 735 735 735 741 741 736 736 742 742 736 736 741 741 736 736 742 742 743 743 742 742 744 744 743 743 745 745 743 743 744 744 743 743 745 745 746 746 747 747 748 748 749 749 745 745 750 750 746 746 751 751 746 746 750 750 746 746 751 751 748 748 752 752 748 748 751 751 748 748 752 752 749 749 714 714 753 753 712 712 754 754 712 712 753 753 712 712 754 754 755 755 756 756 755 755 754 754 755 755 756 756 757 757 758 758 757 757 756 756 757 757 758 758 759 759 760 760 759 759 758 758 759 759 760 760 761 761 762 762 761 761 760 760 761 761 762 762 763 763 764 764 765 765 766 766 767 767 766 766 765 765 766 766 767 767 768 768 769 769 768 768 767 767 768 768 769 769 770 770 771 771 770 770 769 769 770 770 771 771 772 772 771 771 773 773 772 772 774 774 772 772 773 773 772 772 774 774 775 775 776 776 775 775 774 774 775 775 776 776 777 777 778 778 777 777 776 776 777 777 778 778 779 779 763 763 779 779 778 778 779 779 763 763 780 780 762 762 780 780 763 763 781 781 782 782 764 764 783 783 764 764 782 782 764 764 783 783 765 765 784 784 785 785 786 786 787 787 786 786 785 785 786 786 787 787 781 781 788 788 781 781 787 787 781 781 788 788 782 782 789 789 790 790 791 791 792 792 791 791 790 790 791 791 792 792 784 784 793 793 784 784 792 792 784 784 793 793 785 785 791 791 794 794 789 789 795 795 789 789 794 794 789 789 795 795 796 796 797 797 796 796 795 795 796 796 797 797 798 798 799 799 798 798 797 797 798 798 799 799 800 800 801 801 800 800 799 799 800 800 801 801 802 802 803 803 802 802 801 801 802 802 803 803 804 804 805 805 806 806 807 807 808 808 807 807 806 806 807 807 808 808 809 809 810 810 809 809 808 808 809 809 810 810 811 811 812 812 811 811 810 810 811 811 812 812 813 813 812 812 814 814 813 813 815 815 813 813 814 814 813 813 815 815 816 816 817 817 816 816 815 815 816 816 817 817 818 818 819 819 818 818 817 817 818 818 819 819 820 820 804 804 820 820 819 819 820 820 804 804 821 821 803 803 821 821 804 804 822 822 823 823 805 805 824 824 805 805 823 823 805 805 824 824 806 806 825 825 826 826 827 827 828 828 827 827 826 826 827 827 828 828 822 822 829 829 822 822 828 828 822 822 829 829 823 823 830 830 831 831 832 832 833 833 832 832 831 831 832 832 833 833 825 825 834 834 825 825 833 833 825 825 834 834 826 826 832 832 835 835 830 830 836 836 830 830 835 835 830 830 836 836 837 837 838 838 837 837 836 836 837 837 838 838 839 839 840 840 839 839 838 838 839 839 840 840 841 841 842 842 841 841 840 840 841 841 842 842 843 843 844 844 843 843 842 842 843 843 844 844 632 632 845 845 632 632 844 844 632 632 845 845 631 631 846 846 847 847 848 848 849 849 848 848 847 847 848 848 849 849 850 850 851 851 850 850 849 849 850 850 851 851 852 852 853 853 852 852 851 851 852 852 853 853 854 854 855 855 854 854 853 853 854 854 855 855 856 856 857 857 856 856 855 855 856 856 857 857 858 858 859 859 858 858 857 857 858 858 859 859 860 860 861 861 860 860 859 859 860 860 861 861 862 862 863 863 862 862 861 861 862 862 863 863 864 864 865 865 864 864 863 863 864 864 865 865 866 866 867 867 866 866 865 865 866 866 867 867 868 868 869 869 868 868 867 867 868 868 869 869 870 870 871 871 870 870 869 869 870 870 871 871 872 872 873 873 872 872 871 871 872 872 873 873 874 874 875 875 874 874 873 873 874 874 875 875 876 876 877 877 876 876 875 875 876 876 877 877 878 878 879 879 878 878 877 877 878 878 879 879 880 880 881 881 880 880 879 879 880 880 881 881 882 882 883 883 882 882 881 881 882 882 883 883 884 884 885 885 884 884 883 883 884 884 885 885 886 886 887 887 886 886 885 885 886 886 887 887 888 888 889 889 888 888 887 887 888 888 889 889 890 890 891 891 890 890 889 889 890 890 891 891 892 892 893 893 892 892 891 891 892 892 893 893 894 894 895 895 894 894 893 893 894 894 895 895 896 896 897 897 896 896 895 895 896 896 897 897 898 898 899 899 898 898 897 897 898 898 899 899 900 900 901 901 900 900 899 899 900 900 901 901 902 902 903 903 902 902 901 901 902 902 903 903 904 904 905 905 904 904 903 903 904 904 905 905 906 906 907 907 906 906 905 905 906 906 907 907 908 908 909 909 908 908 907 907 908 908 909 909 910 910 911 911 910 910 909 909 910 910 911 911 912 912 913 913 912 912 911 911 912 912 913 913 914 914 915 915 914 914 913 913 914 914 915 915 916 916 917 917 916 916 915 915 916 916 917 917 918 918 919 919 918 918 917 917 918 918 919 919 920 920 921 921 920 920 919 919 920 920 921 921 922 922 923 923 922 922 921 921 922 922 923 923 924 924 925 925 924 924 923 923 924 924 925 925 926 926 927 927 926 926 925 925 926 926 927 927 928 928 929 929 928 928 927 927 928 928 929 929 930 930 931 931 930 930 929 929 930 930 931 931 932 932 933 933 932 932 931 931 932 932 933 933 934 934 935 935 934 934 933 933 934 934 935 935 936 936 937 937 936 936 935 935 936 936 937 937 938 938 939 939 938 938 937 937 938 938 939 939 940 940 941 941 940 940 939 939 940 940 941 941 942 942 943 943 942 942 941 941 942 942 943 943 944 944 945 945 944 944 943 943 944 944 945 945 946 946 947 947 946 946 945 945 946 946 947 947 948 948 949 949 948 948 947 947 948 948 949 949 950 950 951 951 950 950 949 949 950 950 951 951 952 952 953 953 952 952 951 951 952 952 953 953 954 954 955 955 954 954 953 953 954 954 955 955 956 956 957 957 956 956 955 955 956 956 957 957 958 958 959 959 958 958 957 957 958 958 959 959 960 960 961 961 960 960 959 959 960 960 961 961 962 962 963 963 962 962 961 961 962 962 963 963 964 964 965 965 964 964 963 963 964 964 965 965 966 966 967 967 966 966 965 965 966 966 967 967 968 968 969 969 968 968 967 967 968 968 969 969 970 970 971 971 970 970 969 969 970 970 971 971 972 972 973 973 972 972 971 971 972 972 973 973 974 974 975 975 974 974 973 973 974 974 975 975 976 976 977 977 976 976 975 975 976 976 977 977 978 978 979 979 978 978 977 977 978 978 979 979 980 980 981 981 980 980 979 979 980 980 981 981 982 982 983 983 982 982 981 981 982 982 983 983 984 984 985 985 984 984 983 983 984 984 985 985 986 986 987 987 986 986 985 985 986 986 987 987 988 988 989 989 988 988 987 987 988 988 989 989 990 990 991 991 990 990 989 989 990 990 991 991 992 992 993 993 992 992 991 991 992 992 993 993 994 994 995 995 994 994 993 993 994 994 995 995 996 996 997 997 996 996 995 995 996 996 997 997 998 998 999 999 998 998 997 997 998 998 999 999 1000 1000 1001 1001 1000 1000 999 999 1000 1000 1001 1001 1002 1002 1003 1003 1002 1002 1001 1001 1002 1002 1003 1003 1004 1004 1005 1005 1004 1004 1003 1003 1004 1004 1005 1005 1006 1006 1007 1007 1006 1006 1005 1005 1006 1006 1007 1007 1008 1008 1009 1009 1008 1008 1007 1007 1008 1008 1009 1009 1010 1010 1011 1011 1010 1010 1009 1009 1010 1010 1011 1011 1012 1012 1013 1013 1012 1012 1011 1011 1012 1012 1013 1013 1014 1014 1015 1015 1014 1014 1013 1013 1014 1014 1015 1015 1016 1016 1017 1017 1016 1016 1015 1015 1016 1016 1017 1017 1018 1018 1019 1019 1018 1018 1017 1017 1018 1018 1019 1019 1020 1020 1021 1021 1020 1020 1019 1019 1020 1020 1021 1021 846 846 847 847 846 846 1021 1021 839 839 846 846 837 837 848 848 837 837 846 846 837 837 848 848 830 830 850 850 830 830 848 848 830 830 850 850 831 831 852 852 831 831 850 850 831 831 852 852 833 833 854 854 833 833 852 852 833 833 854 854 834 834 856 856 834 834 854 854 834 834 856 856 826 826 858 858 826 826 856 856 826 826 858 858 828 828 860 860 828 828 858 858 828 828 860 860 829 829 862 862 829 829 860 860 829 829 862 862 823 823 864 864 823 823 862 862 823 823 864 864 824 824 866 866 824 824 864 864 824 824 866 866 806 806 868 868 806 806 866 866 806 806 868 868 808 808 870 870 808 808 868 868 808 808 870 870 810 810 872 872 810 810 870 870 810 810 872 872 812 812 874 874 812 812 872 872 812 812 874 874 814 814 876 876 814 814 874 874 814 814 876 876 815 815 878 878 815 815 876 876 815 815 878 878 817 817 880 880 817 817 878 878 817 817 880 880 819 819 882 882 819 819 880 880 819 819 882 882 804 804 884 884 804 804 882 882 804 804 884 884 802 802 886 886 802 802 884 884 802 802 886 886 800 800 888 888 800 800 886 886 800 800 888 888 798 798 890 890 798 798 888 888 798 798 890 890 796 796 892 892 796 796 890 890 796 796 892 892 789 789 894 894 789 789 892 892 789 789 894 894 790 790 896 896 790 790 894 894 790 790 896 896 792 792 898 898 792 792 896 896 792 792 898 898 793 793 900 900 793 793 898 898 793 793 900 900 785 785 902 902 785 785 900 900 785 785 902 902 787 787 904 904 787 787 902 902 787 787 904 904 788 788 906 906 788 788 904 904 788 788 906 906 782 782 908 908 782 782 906 906 782 782 908 908 783 783 910 910 783 783 908 908 783 783 910 910 765 765 912 912 765 765 910 910 765 765 912 912 767 767 914 914 767 767 912 912 767 767 914 914 769 769 916 916 769 769 914 914 769 769 916 916 771 771 918 918 771 771 916 916 771 771 918 918 773 773 920 920 773 773 918 918 773 773 920 920 774 774 922 922 774 774 920 920 774 774 922 922 776 776 924 924 776 776 922 922 776 776 924 924 778 778 926 926 778 778 924 924 778 778 926 926 763 763 928 928 763 763 926 926 763 763 928 928 761 761 930 930 761 761 928 928 761 761 930 930 759 759 932 932 759 759 930 930 759 759 932 932 757 757 934 934 757 757 932 932 757 757 934 934 755 755 936 936 755 755 934 934 755 755 936 936 712 712 938 938 712 712 936 936 712 712 938 938 713 713 940 940 713 713 938 938 713 713 940 940 715 715 942 942 715 715 940 940 715 715 942 942 716 716 944 944 716 716 942 942 716 716 944 944 708 708 946 946 708 708 944 944 708 708 946 946 710 710 948 948 710 710 946 946 710 710 948 948 711 711 950 950 711 711 948 948 711 711 950 950 705 705 952 952 705 705 950 950 705 705 952 952 706 706 954 954 706 706 952 952 706 706 954 954 688 688 956 956 688 688 954 954 688 688 956 956 690 690 958 958 690 690 956 956 690 690 958 958 692 692 960 960 692 692 958 958 692 692 960 960 694 694 962 962 694 694 960 960 694 694 962 962 703 703 964 964 703 703 962 962 703 703 964 964 702 702 966 966 702 702 964 964 702 702 966 966 700 700 968 968 700 700 966 966 700 700 968 968 698 698 970 970 698 698 968 968 698 698 970 970 686 686 972 972 686 686 970 970 686 686 972 972 684 684 974 974 684 684 972 972 684 684 974 974 682 682 976 976 682 682 974 974 682 682 976 976 680 680 978 978 680 680 976 976 680 680 978 978 678 678 980 980 678 678 978 978 678 678 980 980 650 650 982 982 650 650 980 980 650 650 982 982 651 651 984 984 651 651 982 982 651 651 984 984 653 653 986 986 653 653 984 984 653 653 986 986 654 654 988 988 654 654 986 986 654 654 988 988 646 646 990 990 646 646 988 988 646 646 990 990 648 648 992 992 648 648 990 990 648 648 992 992 649 649 994 994 649 649 992 992 649 649 994 994 643 643 996 996 643 643 994 994 643 643 996 996 644 644 998 998 644 644 996 996 644 644 998 998 634 634 1000 1000 634 634 998 998 634 634 1000 1000 636 636 1002 1002 636 636 1000 1000 636 636 1002 1002 638 638 1004 1004 638 638 1002 1002 638 638 1004 1004 640 640 1006 1006 640 640 1004 1004 640 640 1006 1006 641 641 1008 1008 641 641 1006 1006 641 641 1008 1008 626 626 1010 1010 626 626 1008 1008 626 626 1010 1010 628 628 1012 1012 628 628 1010 1010 628 628 1012 1012 630 630 1014 1014 630 630 1012 1012 630 630 1014 1014 632 632 1016 1016 632 632 1014 1014 632 632 1016 1016 843 843 1018 1018 843 843 1016 1016 843 843 1018 1018 841 841 1020 1020 841 841 1018 1018 841 841 1020 1020 839 839 846 846 839 839 1020 1020 1022 1022 1023 1023 1024 1024 1025 1025 1026 1026 1027 1027 1022 1022 1028 1028 1023 1023 1029 1029 1023 1023 1028 1028 1023 1023 1029 1029 1027 1027 1030 1030 1027 1027 1029 1029 1027 1027 1030 1030 1025 1025 749 749 1031 1031 747 747 1032 1032 747 747 1031 1031 747 747 1032 1032 1033 1033 1034 1034 1033 1033 1032 1032 1033 1033 1034 1034 1035 1035 1036 1036 1035 1035 1034 1034 1035 1035 1036 1036 1037 1037 1038 1038 1037 1037 1036 1036 1037 1037 1038 1038 1039 1039 1040 1040 1039 1039 1038 1038 1039 1039 1040 1040 1041 1041 1042 1042 1041 1041 1040 1040 1041 1041 1042 1042 1043 1043 1044 1044 1043 1043 1042 1042 1043 1043 1044 1044 1024 1024 1045 1045 1024 1024 1044 1044 1024 1024 1045 1045 1022 1022 1025 1025 1046 1046 1026 1026 1047 1047 1026 1026 1046 1046 1026 1026 1047 1047 1048 1048 1047 1047 1049 1049 1048 1048 1050 1050 1048 1048 1049 1049 1048 1048 1050 1050 1051 1051 1052 1052 1053 1053 1054 1054 1050 1050 1055 1055 1051 1051 1056 1056 1051 1051 1055 1055 1051 1051 1056 1056 1053 1053 1057 1057 1053 1053 1056 1056 1053 1053 1057 1057 1054 1054 1058 1058 1059 1059 1060 1060 1061 1061 1062 1062 1063 1063 1058 1058 1064 1064 1059 1059 1065 1065 1059 1059 1064 1064 1059 1059 1065 1065 1063 1063 1066 1066 1063 1063 1065 1065 1063 1063 1066 1066 1061 1061 1054 1054 1067 1067 1052 1052 1068 1068 1052 1052 1067 1067 1052 1052 1068 1068 1069 1069 1070 1070 1069 1069 1068 1068 1069 1069 1070 1070 1071 1071 1072 1072 1071 1071 1070 1070 1071 1071 1072 1072 1073 1073 1074 1074 1073 1073 1072 1072 1073 1073 1074 1074 1075 1075 1076 1076 1075 1075 1074 1074 1075 1075 1076 1076 1077 1077 1078 1078 1077 1077 1076 1076 1077 1077 1078 1078 1079 1079 1080 1080 1079 1079 1078 1078 1079 1079 1080 1080 1060 1060 1081 1081 1060 1060 1080 1080 1060 1060 1081 1081 1058 1058 1061 1061 1082 1082 1062 1062 1083 1083 1062 1062 1082 1082 1062 1062 1083 1083 1084 1084 1083 1083 1085 1085 1084 1084 1086 1086 1084 1084 1085 1085 1084 1084 1086 1086 1087 1087 1088 1088 1089 1089 1090 1090 1086 1086 1091 1091 1087 1087 1092 1092 1087 1087 1091 1091 1087 1087 1092 1092 1089 1089 1093 1093 1089 1089 1092 1092 1089 1089 1093 1093 1090 1090 1090 1090 1094 1094 1088 1088 1095 1095 1088 1088 1094 1094 1088 1088 1095 1095 1096 1096 1097 1097 1096 1096 1095 1095 1096 1096 1097 1097 1098 1098 1099 1099 1098 1098 1097 1097 1098 1098 1099 1099 1100 1100 1101 1101 1100 1100 1099 1099 1100 1100 1101 1101 1102 1102 1103 1103 1102 1102 1101 1101 1102 1102 1103 1103 1104 1104 1105 1105 1104 1104 1103 1103 1104 1104 1105 1105 1106 1106 1107 1107 1106 1106 1105 1105 1106 1106 1107 1107 657 657 1108 1108 657 657 1107 1107 657 657 1108 1108 655 655 1109 1109 1110 1110 1111 1111 1112 1112 1111 1111 1110 1110 1111 1111 1112 1112 1113 1113 1114 1114 1113 1113 1112 1112 1113 1113 1114 1114 1115 1115 1116 1116 1115 1115 1114 1114 1115 1115 1116 1116 1117 1117 1118 1118 1117 1117 1116 1116 1117 1117 1118 1118 1119 1119 1120 1120 1119 1119 1118 1118 1119 1119 1120 1120 1121 1121 1122 1122 1121 1121 1120 1120 1121 1121 1122 1122 1123 1123 1124 1124 1123 1123 1122 1122 1123 1123 1124 1124 1125 1125 1126 1126 1125 1125 1124 1124 1125 1125 1126 1126 1127 1127 1128 1128 1127 1127 1126 1126 1127 1127 1128 1128 1129 1129 1130 1130 1129 1129 1128 1128 1129 1129 1130 1130 1131 1131 1132 1132 1131 1131 1130 1130 1131 1131 1132 1132 1133 1133 1134 1134 1133 1133 1132 1132 1133 1133 1134 1134 1135 1135 1136 1136 1135 1135 1134 1134 1135 1135 1136 1136 1137 1137 1138 1138 1137 1137 1136 1136 1137 1137 1138 1138 1139 1139 1140 1140 1139 1139 1138 1138 1139 1139 1140 1140 1141 1141 1142 1142 1141 1141 1140 1140 1141 1141 1142 1142 1143 1143 1144 1144 1143 1143 1142 1142 1143 1143 1144 1144 1145 1145 1146 1146 1145 1145 1144 1144 1145 1145 1146 1146 1147 1147 1148 1148 1147 1147 1146 1146 1147 1147 1148 1148 1149 1149 1150 1150 1149 1149 1148 1148 1149 1149 1150 1150 1151 1151 1152 1152 1151 1151 1150 1150 1151 1151 1152 1152 1153 1153 1154 1154 1153 1153 1152 1152 1153 1153 1154 1154 1155 1155 1156 1156 1155 1155 1154 1154 1155 1155 1156 1156 1157 1157 1158 1158 1157 1157 1156 1156 1157 1157 1158 1158 1159 1159 1160 1160 1159 1159 1158 1158 1159 1159 1160 1160 1161 1161 1162 1162 1161 1161 1160 1160 1161 1161 1162 1162 1163 1163 1164 1164 1163 1163 1162 1162 1163 1163 1164 1164 1165 1165 1166 1166 1165 1165 1164 1164 1165 1165 1166 1166 1167 1167 1168 1168 1167 1167 1166 1166 1167 1167 1168 1168 1169 1169 1170 1170 1169 1169 1168 1168 1169 1169 1170 1170 1171 1171 1172 1172 1171 1171 1170 1170 1171 1171 1172 1172 1173 1173 1174 1174 1173 1173 1172 1172 1173 1173 1174 1174 1175 1175 1176 1176 1175 1175 1174 1174 1175 1175 1176 1176 1177 1177 1178 1178 1177 1177 1176 1176 1177 1177 1178 1178 1179 1179 1180 1180 1179 1179 1178 1178 1179 1179 1180 1180 1181 1181 1182 1182 1181 1181 1180 1180 1181 1181 1182 1182 1183 1183 1184 1184 1183 1183 1182 1182 1183 1183 1184 1184 1185 1185 1186 1186 1185 1185 1184 1184 1185 1185 1186 1186 1187 1187 1188 1188 1187 1187 1186 1186 1187 1187 1188 1188 1189 1189 1190 1190 1189 1189 1188 1188 1189 1189 1190 1190 1191 1191 1192 1192 1191 1191 1190 1190 1191 1191 1192 1192 1193 1193 1194 1194 1193 1193 1192 1192 1193 1193 1194 1194 1195 1195 1196 1196 1195 1195 1194 1194 1195 1195 1196 1196 1197 1197 1198 1198 1197 1197 1196 1196 1197 1197 1198 1198 1199 1199 1200 1200 1199 1199 1198 1198 1199 1199 1200 1200 1201 1201 1202 1202 1201 1201 1200 1200 1201 1201 1202 1202 1203 1203 1204 1204 1203 1203 1202 1202 1203 1203 1204 1204 1205 1205 1206 1206 1205 1205 1204 1204 1205 1205 1206 1206 1207 1207 1208 1208 1207 1207 1206 1206 1207 1207 1208 1208 1209 1209 1210 1210 1209 1209 1208 1208 1209 1209 1210 1210 1211 1211 1212 1212 1211 1211 1210 1210 1211 1211 1212 1212 1213 1213 1214 1214 1213 1213 1212 1212 1213 1213 1214 1214 1215 1215 1216 1216 1215 1215 1214 1214 1215 1215 1216 1216 1217 1217 1218 1218 1217 1217 1216 1216 1217 1217 1218 1218 1219 1219 1220 1220 1219 1219 1218 1218 1219 1219 1220 1220 1109 1109 1110 1110 1109 1109 1220 1220 1100 1100 1109 1109 1098 1098 1111 1111 1098 1098 1109 1109 1098 1098 1111 1111 1096 1096 1113 1113 1096 1096 1111 1111 1096 1096 1113 1113 1088 1088 1115 1115 1088 1088 1113 1113 1088 1088 1115 1115 1089 1089 1117 1117 1089 1089 1115 1115 1089 1089 1117 1117 1087 1087 1119 1119 1087 1087 1117 1117 1087 1087 1119 1119 1084 1084 1121 1121 1084 1084 1119 1119 1084 1084 1121 1121 1062 1062 1123 1123 1062 1062 1121 1121 1062 1062 1123 1123 1063 1063 1125 1125 1063 1063 1123 1123 1063 1063 1125 1125 1059 1059 1127 1127 1059 1059 1125 1125 1059 1059 1127 1127 1060 1060 1129 1129 1060 1060 1127 1127 1060 1060 1129 1129 1079 1079 1131 1131 1079 1079 1129 1129 1079 1079 1131 1131 1077 1077 1133 1133 1077 1077 1131 1131 1077 1077 1133 1133 1075 1075 1135 1135 1075 1075 1133 1133 1075 1075 1135 1135 1073 1073 1137 1137 1073 1073 1135 1135 1073 1073 1137 1137 1071 1071 1139 1139 1071 1071 1137 1137 1071 1071 1139 1139 1069 1069 1141 1141 1069 1069 1139 1139 1069 1069 1141 1141 1052 1052 1143 1143 1052 1052 1141 1141 1052 1052 1143 1143 1053 1053 1145 1145 1053 1053 1143 1143 1053 1053 1145 1145 1051 1051 1147 1147 1051 1051 1145 1145 1051 1051 1147 1147 1048 1048 1149 1149 1048 1048 1147 1147 1048 1048 1149 1149 1026 1026 1151 1151 1026 1026 1149 1149 1026 1026 1151 1151 1027 1027 1153 1153 1027 1027 1151 1151 1027 1027 1153 1153 1023 1023 1155 1155 1023 1023 1153 1153 1023 1023 1155 1155 1024 1024 1157 1157 1024 1024 1155 1155 1024 1024 1157 1157 1043 1043 1159 1159 1043 1043 1157 1157 1043 1043 1159 1159 1041 1041 1161 1161 1041 1041 1159 1159 1041 1041 1161 1161 1039 1039 1163 1163 1039 1039 1161 1161 1039 1039 1163 1163 1037 1037 1165 1165 1037 1037 1163 1163 1037 1037 1165 1165 1035 1035 1167 1167 1035 1035 1165 1165 1035 1035 1167 1167 1033 1033 1169 1169 1033 1033 1167 1167 1033 1033 1169 1169 747 747 1171 1171 747 747 1169 1169 747 747 1171 1171 748 748 1173 1173 748 748 1171 1171 748 748 1173 1173 746 746 1175 1175 746 746 1173 1173 746 746 1175 1175 743 743 1177 1177 743 743 1175 1175 743 743 1177 1177 736 736 1179 1179 736 736 1177 1177 736 736 1179 1179 737 737 1181 1181 737 737 1179 1179 737 737 1181 1181 734 734 1183 1183 734 734 1181 1181 734 734 1183 1183 731 731 1185 1185 731 731 1183 1183 731 731 1185 1185 729 729 1187 1187 729 729 1185 1185 729 729 1187 1187 727 727 1189 1189 727 727 1187 1187 727 727 1189 1189 725 725 1191 1191 725 725 1189 1189 725 725 1191 1191 723 723 1193 1193 723 723 1191 1191 723 723 1193 1193 721 721 1195 1195 721 721 1193 1193 721 721 1195 1195 719 719 1197 1197 719 719 1195 1195 719 719 1197 1197 670 670 1199 1199 670 670 1197 1197 670 670 1199 1199 671 671 1201 1201 671 671 1199 1199 671 671 1201 1201 669 669 1203 1203 669 669 1201 1201 669 669 1203 1203 666 666 1205 1205 666 666 1203 1203 666 666 1205 1205 659 659 1207 1207 659 659 1205 1205 659 659 1207 1207 660 660 1209 1209 660 660 1207 1207 660 660 1209 1209 656 656 1211 1211 656 656 1209 1209 656 656 1211 1211 657 657 1213 1213 657 657 1211 1211 657 657 1213 1213 1106 1106 1215 1215 1106 1106 1213 1213 1106 1106 1215 1215 1104 1104 1217 1217 1104 1104 1215 1215 1104 1104 1217 1217 1102 1102 1219 1219 1102 1102 1217 1217 1102 1102 1219 1219 1100 1100 1109 1109 1100 1100 1219 1219 847 847 1101 1101 849 849 1099 1099 849 849 1101 1101 849 849 1099 1099 851 851 1097 1097 851 851 1099 1099 851 851 1097 1097 853 853 1095 1095 853 853 1097 1097 853 853 1095 1095 855 855 1094 1094 855 855 1095 1095 855 855 1094 1094 857 857 1090 1090 857 857 1094 1094 857 857 1090 1090 859 859 1093 1093 859 859 1090 1090 859 859 1093 1093 861 861 1092 1092 861 861 1093 1093 861 861 1092 1092 863 863 1091 1091 863 863 1092 1092 863 863 1091 1091 865 865 1086 1086 865 865 1091 1091 865 865 1086 1086 867 867 1085 1085 867 867 1086 1086 867 867 1085 1085 869 869 1083 1083 869 869 1085 1085 869 869 1083 1083 871 871 1082 1082 871 871 1083 1083 871 871 1082 1082 873 873 1061 1061 873 873 1082 1082 873 873 1061 1061 875 875 1066 1066 875 875 1061 1061 875 875 1066 1066 877 877 1065 1065 877 877 1066 1066 877 877 1065 1065 879 879 1064 1064 879 879 1065 1065 879 879 1064 1064 881 881 1058 1058 881 881 1064 1064 881 881 1058 1058 883 883 1081 1081 883 883 1058 1058 883 883 1081 1081 885 885 1080 1080 885 885 1081 1081 885 885 1080 1080 887 887 1078 1078 887 887 1080 1080 887 887 1078 1078 889 889 1076 1076 889 889 1078 1078 889 889 1076 1076 891 891 1074 1074 891 891 1076 1076 891 891 1074 1074 893 893 1072 1072 893 893 1074 1074 893 893 1072 1072 895 895 1070 1070 895 895 1072 1072 895 895 1070 1070 897 897 1068 1068 897 897 1070 1070 897 897 1068 1068 899 899 1067 1067 899 899 1068 1068 899 899 1067 1067 901 901 1054 1054 901 901 1067 1067 901 901 1054 1054 903 903 1057 1057 903 903 1054 1054 903 903 1057 1057 905 905 1056 1056 905 905 1057 1057 905 905 1056 1056 907 907 1055 1055 907 907 1056 1056 907 907 1055 1055 909 909 1050 1050 909 909 1055 1055 909 909 1050 1050 911 911 1049 1049 911 911 1050 1050 911 911 1049 1049 913 913 1047 1047 913 913 1049 1049 913 913 1047 1047 915 915 1046 1046 915 915 1047 1047 915 915 1046 1046 917 917 1025 1025 917 917 1046 1046 917 917 1025 1025 919 919 1030 1030 919 919 1025 1025 919 919 1030 1030 921 921 1029 1029 921 921 1030 1030 921 921 1029 1029 923 923 1028 1028 923 923 1029 1029 923 923 1028 1028 925 925 1022 1022 925 925 1028 1028 925 925 1022 1022 927 927 1045 1045 927 927 1022 1022 927 927 1045 1045 929 929 1044 1044 929 929 1045 1045 929 929 1044 1044 931 931 1042 1042 931 931 1044 1044 931 931 1042 1042 933 933 1040 1040 933 933 1042 1042 933 933 1040 1040 935 935 1038 1038 935 935 1040 1040 935 935 1038 1038 937 937 1036 1036 937 937 1038 1038 937 937 1036 1036 939 939 1034 1034 939 939 1036 1036 939 939 1034 1034 941 941 1032 1032 941 941 1034 1034 941 941 1032 1032 943 943 1031 1031 943 943 1032 1032 943 943 1031 1031 945 945 749 749 945 945 1031 1031 945 945 749 749 947 947 752 752 947 947 749 749 947 947 752 752 949 949 751 751 949 949 752 752 949 949 751 751 951 951 750 750 951 951 751 751 951 951 750 750 953 953 745 745 953 953 750 750 953 953 745 745 955 955 744 744 955 955 745 745 955 955 744 744 957 957 742 742 957 957 744 744 957 957 742 742 959 959 741 741 959 959 742 742 959 959 741 741 961 961 735 735 961 961 741 741 961 961 735 735 963 963 740 740 963 963 735 735 963 963 740 740 965 965 739 739 965 965 740 740 965 965 739 739 967 967 738 738 967 967 739 739 967 967 738 738 969 969 733 733 969 969 738 738 969 969 733 733 971 971 732 732 971 971 733 733 971 971 732 732 973 973 730 730 973 973 732 732 973 973 730 730 975 975 728 728 975 975 730 730 975 975 728 728 977 977 726 726 977 977 728 728 977 977 726 726 979 979 724 724 979 979 726 726 979 979 724 724 981 981 722 722 981 981 724 724 981 981 722 722 983 983 720 720 983 983 722 722 983 983 720 720 985 985 718 718 985 985 720 720 985 985 718 718 987 987 717 717 987 987 718 718 987 987 717 717 989 989 672 672 989 989 717 717 989 989 672 672 991 991 675 675 991 991 672 672 991 991 675 675 993 993 674 674 993 993 675 675 993 993 674 674 995 995 673 673 995 995 674 674 995 995 673 673 997 997 668 668 997 997 673 673 997 997 668 668 999 999 667 667 999 999 668 668 999 999 667 667 1001 1001 665 665 1001 1001 667 667 1001 1001 665 665 1003 1003 664 664 1003 1003 665 665 1003 1003 664 664 1005 1005 658 658 1005 1005 664 664 1005 1005 658 658 1007 1007 663 663 1007 1007 658 658 1007 1007 663 663 1009 1009 662 662 1009 1009 663 663 1009 1009 662 662 1011 1011 661 661 1011 1011 662 662 1011 1011 661 661 1013 1013 655 655 1013 1013 661 661 1013 1013 655 655 1015 1015 1108 1108 1015 1015 655 655 1015 1015 1108 1108 1017 1017 1107 1107 1017 1017 1108 1108 1017 1017 1107 1107 1019 1019 1105 1105 1019 1019 1107 1107 1019 1019 1105 1105 1021 1021 1103 1103 1021 1021 1105 1105 1021 1021 1103 1103 847 847 1101 1101 847 847 1103 1103 1110 1110 301 301 1112 1112 376 376 1112 1112 301 301 1112 1112 376 376 1114 1114 364 364 1114 1114 376 376 1114 1114 364 364 1116 1116 170 170 1116 1116 364 364 1116 1116 170 170 1118 1118 169 169 1118 1118 170 170 1118 1118 169 169 1120 1120 175 175 1120 1120 169 169 1120 1120 175 175 1122 1122 174 174 1122 1122 175 175 1122 1122 174 174 1124 1124 261 261 1124 1124 174 174 1124 1124 261 261 1126 1126 268 268 1126 1126 261 261 1126 1126 268 268 1128 1128 276 276 1128 1128 268 268 1128 1128 276 276 1130 1130 426 426 1130 1130 276 276 1130 1130 426 426 1132 1132 452 452 1132 1132 426 426 1132 1132 452 452 1134 1134 451 451 1134 1134 452 452 1134 1134 451 451 1136 1136 161 161 1136 1136 451 451 1136 1136 161 161 1138 1138 160 160 1138 1138 161 161 1138 1138 160 160 1140 1140 132 132 1140 1140 160 160 1140 1140 132 132 1142 1142 111 111 1142 1142 132 132 1142 1142 111 111 1144 1144 110 110 1144 1144 111 111 1144 1144 110 110 1146 1146 117 117 1146 1146 110 110 1146 1146 117 117 1148 1148 129 129 1148 1148 117 117 1148 1148 129 129 1150 1150 130 130 1150 1150 129 129 1150 1150 130 130 1152 1152 193 193 1152 1152 130 130 1152 1152 193 193 1154 1154 144 144 1154 1154 193 193 1154 1154 144 144 1156 1156 143 143 1156 1156 144 144 1156 1156 143 143 1158 1158 208 208 1158 1158 143 143 1158 1158 208 208 1160 1160 207 207 1160 1160 208 208 1160 1160 207 207 1162 1162 235 235 1162 1162 207 207 1162 1162 235 235 1164 1164 338 338 1164 1164 235 235 1164 1164 338 338 1166 1166 340 340 1166 1166 338 338 1166 1166 340 340 1168 1168 342 342 1168 1168 340 340 1168 1168 342 342 1170 1170 344 344 1170 1170 342 342 1170 1170 344 344 1172 1172 329 329 1172 1172 344 344 1172 1172 329 329 1174 1174 328 328 1174 1174 329 329 1174 1174 328 328 1176 1176 333 333 1176 1176 328 328 1176 1176 333 333 1178 1178 345 345 1178 1178 333 333 1178 1178 345 345 1180 1180 549 549 1180 1180 345 345 1180 1180 549 549 1182 1182 548 548 1182 1182 549 549 1182 1182 548 548 1184 1184 531 531 1184 1184 548 548 1184 1184 531 531 1186 1186 530 530 1186 1186 531 531 1186 1186 530 530 1188 1188 513 513 1188 1188 530 530 1188 1188 513 513 1190 1190 512 512 1190 1190 513 513 1190 1190 512 512 1192 1192 324 324 1192 1192 512 512 1192 1192 324 324 1194 1194 323 323 1194 1194 324 324 1194 1194 323 323 1196 1196 570 570 1196 1196 323 323 1196 1196 570 570 1198 1198 569 569 1198 1198 570 570 1198 1198 569 569 1200 1200 307 307 1200 1200 569 569 1200 1200 307 307 1202 1202 306 306 1202 1202 307 307 1202 1202 306 306 1204 1204 350 350 1204 1204 306 306 1204 1204 350 350 1206 1206 312 312 1206 1206 350 350 1206 1206 312 312 1208 1208 311 311 1208 1208 312 312 1208 1208 311 311 1210 1210 415 415 1210 1210 311 311 1210 1210 415 415 1212 1212 487 487 1212 1212 415 415 1212 1212 487 487 1214 1214 392 392 1214 1214 487 487 1214 1214 392 392 1216 1216 391 391 1216 1216 392 392 1216 1216 391 391 1218 1218 406 406 1218 1218 391 391 1218 1218 406 406 1220 1220 302 302 1220 1220 406 406 1220 1220 302 302 1110 1110 301 301 1110 1110 302 302</p>
        </triangles>
      </mesh>
    </geometry>
  </library_geometries>
  <library_materials>
    <material id="11736757e4154cd1ba0f4e9fce0d7c74" name="defaultmaterial">
      <instance_effect url="#8440455d7b4e4b22ab05e7ee1ba820eb"/>
    </material>
  </library_materials>
  <library_visual_scenes>
    <visual_scene id="scene">
      <node id="node0" name="node0">
        <instance_geometry url="#5709d37d37024e0c9cf2e30a91a3aa8a">
          <bind_material>
            <technique_common>
              <instance_material symbol="material0" target="#11736757e4154cd1ba0f4e9fce0d7c74"/>
            </technique_common>
          </bind_material>
        </instance_geometry>
      </node>
    </visual_scene>
  </library_visual_scenes>
  <scene>
    <instance_visual_scene url="#scene"/>
  </scene>
</COLLADA>
