<COLLADA xmlns="http://www.collada.org/2005/11/COLLADASchema" version="1.4.1">
  <asset>
    <created>2026-09-27T19:05:54.529151</created>
    <modified>2026-09-27T19:05:54.529151</modified>
    <up_axis>Y_UP</up_axis>
  </asset>
  <library_effects>
    <effect id="c9092acd96e4471aad6eacb0e69a1c8c" name="c9092acd96e4471aad6eacb0e69a1c8c">
      <profile_COMMON>
        <technique sid="common">
          <phong>
            <emission>
              <color>0.0 0.0 0.0 1.0</color>
            </emission>
            <ambient>
              <color>0.0 0.0 0.0 1.0</color>
            </ambient>
            <diffuse>
              <color>0.8941176470588236 0.8941176470588236 0.8941176470588236 1.0</color>
            </diffuse>
            <specular>
              <color>0.0 0.0 0.0 1.0</color>
            </specular>
            <shininess>
              <float>0.0</float>
            </shininess>
            <reflective>
              <color>0.0 0.0 0.0 1.0</color>
            </reflective>
            <reflectivity>
              <float>0.0</float>
            </reflectivity>
            <transparent>
              <color>0.0 0.0 0.0 1.0</color>
            </transparent>
            <transparency>
              <float>1.0</float>
            </transparency>
          </phong>
        </technique>
        <extra>
          <technique profile="GOOGLEEARTH">
            <double_sided>0</double_sided>
          </technique>
        </extra>
      </profile_COMMON>
    </effect>
  </library_effects>
  <library_geometries>
    <geometry id="67973f611d9b41b89507d5336b251b95" name="d91c2866b6d7463788f7fdbace9338ae">
      <mesh>
        <source id="verts-array">
          <float_array count="3144" id="verts-array-array">0.001285894 0.02220647 0.004972356 0.002248902 0.02218167 0.004972586 0.002259225 0.02258223 0.004937825 -0.0006641524 0.02225668 0.004971889 0.002368085 0.02677566 0.001281911 0.002370273 0.02685736 0.0009289975 -0.0009852742 0.02694377 0.0009281952 -0.0009874624 0.02686207 0.001281109 -0.0009939138 0.026618 0.001976455 0.002361634 0.02653159 0.001977257 -0.001002916 0.02627446 0.002628373 0.002352631 0.02618805 0.002629175 0.002346993 0.02597206 0.002946845 -0.001008554 0.02605847 0.002946042 0.002341273 0.02575249 0.003223495 -0.001014275 0.0258389 0.003222693 -0.001017768 0.02570464 0.003373766 0.002327804 0.02523431 0.003747309 -0.001027744 0.02532072 0.003746507 -0.001039532 0.02486622 0.004098822 0.002312517 0.02464478 0.004189242 -0.00104303 0.02473119 0.00418844 0.002303736 0.02430563 0.00438802 -0.001051812 0.02439203 0.004387217 0.002295745 0.02399672 0.004539684 -0.001059802 0.02408313 0.004538882 -0.001064828 0.02388875 0.00462124 0.002277851 0.02330416 0.004791036 -0.001106646 0.02226808 0.004971784 -0.001096322 0.02266864 0.004937023 -0.001092415 0.02282019 0.004915335 -0.001077697 0.02339057 0.004790233 -0.0004907393 0.02700138 0.000434866 -0.000983346 0.02701407 0.0004347482 1.355063e-05 0.02700913 -6.902765e-05 -0.0009826921 0.02703478 -6.926586e-05 0.002372202 0.02692766 0.0004355505 0.001879595 0.02694034 0.0004354328 0.002372855 0.02694837 -6.846351e-05 0.001376613 0.02697403 -6.870172e-05 0.002370273 0.02683548 -0.001427561 0.001879595 0.02692761 -0.0009356221 0.002372202 0.02691493 -0.0009355044 0.001376613 0.02697065 -0.0004322001 0.002372855 0.026945 -0.0004319618 0.002370273 0.02685736 0.0009289975 0.002370273 0.02683548 -0.001427561 0.002372202 0.02691493 -0.0009355044 0.002372855 0.026945 -0.0004319618 0.002372855 0.02694837 -6.846351e-05 0.002372202 0.02692766 0.0004355505 -0.0009852742 0.02692189 -0.001428363 -0.000983346 0.02700134 -0.0009363067 -0.0004907393 0.02698865 -0.0009361889 -0.0009826921 0.02703141 -0.0004327642 1.355063e-05 0.02700575 -0.000432526 0.002248902 0.02208551 -0.005383628 -0.001106646 0.02217191 -0.00538443 0.002259163 0.02248424 -0.005356569 -0.001096384 0.02257065 -0.005357371 0.002263133 0.02263857 -0.005337441 -0.0009877276 0.02682302 -0.001815772 0.002277681 0.02320456 -0.005224661 -0.001077867 0.02329097 -0.005225464 0.00229072 0.02371241 -0.00506324 -0.001060068 0.02398436 -0.004989692 0.00229548 0.02389795 -0.004988889 0.002303736 0.02421995 -0.004838603 -0.001051812 0.02430636 -0.004839405 0.002312175 0.02454937 -0.004654293 -0.001043373 0.02463578 -0.004655096 0.002316016 0.02469941 -0.004559062 0.002327413 0.02514506 -0.004228076 -0.001028135 0.02523147 -0.004228878 0.00233778 0.02555115 -0.0038497 -0.001014689 0.02575834 -0.003720168 0.002340859 0.02567193 -0.003719366 0.002346993 0.02591286 -0.003428621 -0.001008554 0.02599927 -0.003429423 0.002352232 0.02611899 -0.003139102 0.00236782 0.02673661 -0.00181497 0.002361284 0.02647643 -0.002499723 -0.0009942639 0.02656283 -0.002500526 -0.001003315 0.0262054 -0.003139904 -0.0009852742 0.02692189 -0.001428363 -0.0009852742 0.02694377 0.0009281952 -0.000983346 0.02701407 0.0004347482 -0.0009826921 0.02703478 -6.926586e-05 -0.0009826921 0.02703141 -0.0004327642 -0.000983346 0.02700134 -0.0009363067 1.355063e-05 0.02701838 0.0009275024 0.001376613 0.02698328 0.0009278283 0.001376613 0.0269614 -0.00142873 1.355063e-05 0.0269965 -0.001429056 -0.006497846 0.0001789117 0.001246033 -0.006497846 0.0001487571 -0.002001467 0.006497846 -0.0001857062 -0.001977771 -0.005905372 0.0001140474 -0.004096296 -0.005856708 0.000112077 -0.004173531 -0.001171692 -2.553798e-05 -0.006000022 -0.004164319 5.490153e-05 -0.005637183 -0.004136898 5.40799e-05 -0.005649616 0.001937648 -0.0001056072 -0.005999278 0.005905372 -0.0001140474 0.004096296 0.005856708 -0.000112077 0.004173531 0.002499171 -8.64621e-06 0.006000339 -0.006349005 0.0001348745 -0.003083745 -0.006291654 0.0001316716 -0.003269624 0.004123673 -0.0001586946 -0.00565356 0.004424083 -0.0001650475 -0.005504545 0.004648289 -0.0001695886 -0.005371757 0.004681418 -0.0001702437 -0.00535042 0.005567584 -0.000185758 -0.004563442 0.005749874 -0.0001882646 -0.004327809 0.004164319 -5.490153e-05 0.005637183 0.004136898 -5.40799e-05 0.005649616 -0.002499171 0.0001200671 0.005999144 -0.006497846 0.0001857062 0.001977771 -0.001937648 0.0001056072 0.005999278 0.001171692 2.553798e-05 0.006000022 -0.006141994 0.0001242825 -0.003650301 -0.006053363 0.0001202977 -0.003833632 -0.005498877 9.847291e-05 -0.004646175 -0.005134728 8.572302e-05 -0.005009302 -0.005739297 0.0001074586 -0.004345265 -0.004910692 7.82594e-05 -0.00519173 -0.004669382 7.047815e-05 -0.005360455 -0.003853402 4.571417e-05 -0.005764283 -0.003633895 3.939131e-05 -0.005836417 -0.003251562 2.868059e-05 -0.005929502 -0.006468216 0.000143455 -0.002490299 -0.003082598 2.40641e-05 -0.00595805 -0.002499171 8.64621e-06 -0.006000339 0.005122802 -0.0001785172 -0.005017259 0.005509323 -0.0001848908 -0.004631633 0.00633405 -0.0001922092 -0.0031324 0.00645547 -0.0001902245 -0.002581895 0.006497846 -0.0001858974 -0.00199836 0.002499171 -0.0001200671 -0.005999144 0.002963048 -0.0001317644 -0.005972324 0.003270476 -0.0001392356 -0.005924273 0.003556371 -0.0001459726 -0.005856877 0.003870957 -0.000153138 -0.005756056 0.006349005 -0.0001348745 0.003083745 0.006291654 -0.0001316716 0.003269624 0.005498877 -9.847291e-05 0.004646175 0.005134728 -8.572302e-05 0.005009302 0.005739297 -0.0001074586 0.004345265 0.004910692 -7.82594e-05 0.00519173 0.004669382 -7.047815e-05 0.005360455 0.003853402 -4.571417e-05 0.005764283 0.003633895 -3.939131e-05 0.005836417 0.003251562 -2.868059e-05 0.005929502 -0.004123673 0.0001586946 0.00565356 -0.004424083 0.0001650475 0.005504545 -0.004648289 0.0001695886 0.005371757 -0.004681418 0.0001702437 0.00535042 -0.005567584 0.000185758 0.004563442 -0.005749874 0.0001882646 0.004327809 0.005859537 -0.0001895896 -0.004166349 0.00606174 -0.0001915287 -0.003814366 0.006135376 -0.0001920093 -0.003661895 0.006468216 -0.000143455 0.002490299 0.006141994 -0.0001242825 0.003650301 0.006053363 -0.0001202977 0.003833632 0.003082598 -2.40641e-05 0.00595805 0.002606756 -1.142982e-05 0.005998945 0.006497846 -0.0001789117 -0.001246033 0.006497846 -0.0001487571 0.002001467 -0.005122802 0.0001785172 0.005017259 -0.005509323 0.0001848908 0.004631633 -0.00633405 0.0001922092 0.0031324 -0.00645547 0.0001902245 0.002581895 -0.006497846 0.0001858974 0.00199836 -0.002626919 0.0001233382 0.005997113 -0.002963048 0.0001317644 0.005972324 -0.003270476 0.0001392356 0.005924273 -0.003556371 0.0001459726 0.005856877 -0.003870957 0.000153138 0.005756056 -0.005859537 0.0001895896 0.004166349 -0.00606174 0.0001915287 0.003814366 -0.006135376 0.0001920093 0.003661895 0.006468216 -0.000143455 0.002490299 0.006497846 -0.0001487571 0.002001467 0.006247576 0.02204156 0.0009737145 -0.006468216 0.000143455 -0.002490299 -0.006497846 0.0001487571 -0.002001467 -0.00510532 0.02231203 -0.001385558 0.003343709 0.02215206 0.004820014 0.00285607 0.0221656 0.004926353 0.003251562 -2.868059e-05 0.005929502 -0.003243827 0.02231736 0.004352039 -0.003457007 0.02232151 0.004207325 -0.005122802 0.0001785172 0.005017259 -0.003843928 0.0223285 0.003887056 -0.005509323 0.0001848908 0.004631633 0.004386083 0.02203622 -0.004763883 0.004599263 0.02203207 -0.004619169 0.005122802 -0.0001785172 -0.005017259 0.004986184 0.02202508 -0.0042989 0.005509323 -0.0001848908 -0.004631633 0.00633405 -0.0001922092 -0.0031324 0.00617675 0.02201454 -0.002132358 0.00645547 -0.0001902245 -0.002581895 0.006239689 0.02201755 -0.001633995 0.006497846 -0.0001858974 -0.00199836 0.006247576 0.02201968 -0.001382844 0.006247576 0.02202453 -0.0008598864 0.006497846 -0.0001789117 -0.001246033 0.006497846 -0.0001857062 -0.001977771 0.005567584 -0.000185758 -0.004563442 0.00532993 0.02201963 -0.003932653 0.005749874 -0.0001882646 -0.004327809 0.005625092 0.0220158 -0.00352621 0.005859537 -0.0001895896 -0.004166349 0.002750066 0.02207289 -0.005351969 0.002963048 -0.0001317644 -0.005972324 0.003720914 0.02205021 -0.005102398 0.003870957 -0.000153138 -0.005756056 0.003243332 0.02206106 -0.005257725 0.003556371 -0.0001459726 -0.005856877 0.003270476 -0.0001392356 -0.005924273 0.004681418 -0.0001702437 -0.00535042 0.004648289 -0.0001695886 -0.005371757 0.004175283 0.02204049 -0.004888418 0.004424083 -0.0001650475 -0.005504545 0.004123673 -0.0001586946 -0.00565356 0.00606174 -0.0001915287 -0.003814366 0.005867012 0.02201366 -0.003085981 0.006135376 -0.0001920093 -0.003661895 0.005979815 0.02201321 -0.002821976 0.006051871 0.02201324 -0.002618907 0.002499171 -0.0001200671 -0.005999144 0.001937648 -0.0001056072 -0.005999278 -0.001171692 -2.553798e-05 -0.006000022 -0.001216729 0.02217476 -0.005382946 -0.002499171 8.64621e-06 -0.006000339 -0.001490409 0.02218197 -0.005366062 -0.003082598 2.40641e-05 -0.00595805 -0.001713824 0.02218798 -0.005338197 -0.003251562 2.868059e-05 -0.005929502 -0.002201453 0.02220153 -0.005231858 -0.003633895 3.939131e-05 -0.005836417 -0.003853402 4.571417e-05 -0.005764283 -0.002672037 0.02221519 -0.005065568 -0.004136898 5.40799e-05 -0.005649616 -0.003118219 0.02222876 -0.004841944 -0.004164319 5.490153e-05 -0.005637183 -0.004669382 7.047815e-05 -0.005360455 -0.003533071 0.02224202 -0.004564445 -0.004910692 7.82594e-05 -0.00519173 -0.003742362 0.022249 -0.004393153 -0.005134728 8.572302e-05 -0.005009302 -0.003910116 0.02225476 -0.00423741 -0.005498877 9.847291e-05 -0.004646175 -0.004243486 0.0222668 -0.003865925 -0.005739297 0.0001074586 -0.004345265 -0.005856708 0.000112077 -0.004173531 -0.004527971 0.02227793 -0.003455781 -0.005905372 0.0001140474 -0.004096296 -0.004759165 0.022288 -0.003013366 -0.00633405 0.0001922092 0.0031324 -0.005034494 0.02233904 0.001720515 -0.00645547 0.0001902245 0.002581895 -0.005097433 0.02233604 0.001222151 -0.006497846 0.0001858974 0.00199836 -0.00510532 0.02233391 0.0009709999 -0.00510532 0.02232905 0.0004480425 -0.006497846 0.0001789117 0.001246033 -0.006497846 0.0001857062 0.001977771 -0.005567584 0.000185758 0.004563442 -0.004187674 0.02233395 0.003520809 -0.005749874 0.0001882646 0.004327809 -0.004482836 0.02233778 0.003114366 -0.005859537 0.0001895896 0.004166349 -0.001216839 0.0222709 0.004970237 -0.00160781 0.02228069 0.004940125 -0.002963048 0.0001317644 0.005972324 -0.002578658 0.02230338 0.004690554 -0.003870957 0.000153138 0.005756056 -0.002101076 0.02229252 0.004845881 -0.003556371 0.0001459726 0.005856877 -0.003270476 0.0001392356 0.005924273 -0.004681418 0.0001702437 0.00535042 -0.004648289 0.0001695886 0.005371757 -0.003033027 0.02231309 0.004476574 -0.004424083 0.0001650475 0.005504545 -0.004123673 0.0001586946 0.00565356 -0.00606174 0.0001915287 0.003814366 -0.004724756 0.02233992 0.002674138 -0.006135376 0.0001920093 0.003661895 -0.004837559 0.02234037 0.002410132 -0.004909615 0.02234034 0.002207063 0.003082598 -2.40641e-05 0.00595805 0.002632665 0.02217161 0.004954219 0.002606756 -1.142982e-05 0.005998945 0.002358985 0.02217882 0.004971102 0.002499171 -8.64621e-06 0.006000339 0.001171692 2.553798e-05 0.006000022 -0.001937648 0.0001056072 0.005999278 0.003633895 -3.939131e-05 0.005836417 0.003853402 -4.571417e-05 0.005764283 0.003814283 0.02213839 0.004653734 0.004136898 -5.40799e-05 0.005649616 0.004260475 0.02212483 0.0044301 0.004164319 -5.490153e-05 0.005637183 0.004669382 -7.047815e-05 0.005360455 0.004675327 0.02211157 0.004152602 0.004910692 -7.82594e-05 0.00519173 0.004884618 0.02210458 0.003981309 0.005134728 -8.572302e-05 0.005009302 0.005052372 0.02209882 0.003825566 0.005498877 -9.847291e-05 0.004646175 0.005385732 0.02208678 0.003454082 0.005739297 -0.0001074586 0.004345265 0.005856708 -0.000112077 0.004173531 0.005670227 0.02207565 0.003043937 0.005905372 -0.0001140474 0.004096296 0.005901421 0.02206559 0.002601522 -0.002499171 0.0001200671 0.005999144 -0.002626919 0.0001233382 0.005997113 -0.006053363 0.0001202977 -0.003833632 -0.006141994 0.0001242825 -0.003650301 -0.004933447 0.02229683 -0.002545577 -0.006291654 0.0001316716 -0.003269624 -0.005009062 0.02230145 -0.002257868 -0.006349005 0.0001348745 -0.003083745 -0.005048119 0.02230429 -0.002059706 -0.005101371 0.02231027 -0.00156331 0.006053363 -0.0001202977 0.003833632 0.006141994 -0.0001242825 0.003650301 0.006075703 0.02205675 0.002133733 0.006291654 -0.0001316716 0.003269624 0.006151318 0.02205214 0.001846024 0.006349005 -0.0001348745 0.003083745 0.006190375 0.02204929 0.001647862 0.006243627 0.02204331 0.001151466 -0.0009852742 0.02694377 0.0009281952 -0.0004907393 0.02700596 0.0009276177 -0.0004907393 0.02700138 0.000434866 0.00622687 0.02242132 -0.001386573 0.002720108 0.02674145 -0.001426688 0.002370273 0.02683548 -0.001427561 0.002370273 0.02685736 0.0009289975 0.002720108 0.02676333 0.0009298707 0.003406477 0.02649498 0.0009323624 0.003406477 0.0264731 -0.001424196 0.00404596 0.02612871 0.0009357634 0.00404596 0.02610683 -0.001420795 0.004355867 0.02587979 -0.001418687 0.004355867 0.02590167 0.0009378716 0.004624656 0.0256506 -0.001416559 0.005551004 0.02453131 0.000950596 0.005129995 0.02511424 -0.001411578 0.005129995 0.02513612 0.0009449801 0.004624656 0.02567248 0.0009399997 0.00622687 0.02244321 0.000969985 0.006105462 0.02314816 -0.001393322 0.006105462 0.02317004 0.000963236 0.005954025 0.0236521 -0.001398002 0.005878527 0.02387119 0.0009567256 0.005878527 0.0238493 -0.001399833 0.005737777 0.0241853 0.0009538089 0.005737777 0.02416342 -0.00140275 0.005551004 0.02450943 -0.001405962 -0.0004907393 0.02698408 -0.001428941 1.355063e-05 0.0269965 -0.001429056 -0.0009852742 0.02692189 -0.001428363 0.001376613 0.0269614 -0.00142873 0.002370273 0.02683548 -0.001427561 0.001879595 0.02692304 -0.001428374 -0.0009852742 0.02692189 -0.001428363 -0.0004907393 0.02698865 -0.0009361889 -0.0004907393 0.02698408 -0.001428941 -0.005064309 0.02273157 0.0009673075 -0.001375909 0.0268585 0.0009289869 -0.005064309 0.02270968 -0.001389251 -0.004907247 0.02344703 0.0009606641 -0.004907247 0.02342515 -0.001395894 -0.004647328 0.02413194 0.0009543044 -0.004647328 0.02411005 -0.001402254 -0.004485853 0.02442669 -0.001405194 -0.004485853 0.02444857 0.0009513643 -0.004290116 0.02474954 -0.001408192 -0.004290116 0.02477142 0.0009483664 -0.003843292 0.02535199 0.0009429756 -0.003843292 0.02533011 -0.001413583 -0.003316436 0.02586087 0.0009382504 -0.003316436 0.02583899 -0.001418308 -0.003017428 0.02606966 -0.00142045 -0.003017428 0.02609154 0.0009361085 -0.002720866 0.02626558 -0.001422269 -0.001375909 0.02683662 -0.001427571 -0.002069357 0.02660051 -0.001425379 -0.002069357 0.02662239 0.0009311794 -0.002720866 0.02628746 0.0009342893 1.355063e-05 0.02701838 0.0009275024 -0.0004907393 0.02700596 0.0009276177 -0.0009852742 0.02694377 0.0009281952 0.001376613 0.02698328 0.0009278283 0.002370273 0.02685736 0.0009289975 0.001879595 0.02694492 0.0009281845 0.001879595 0.02692304 -0.001428374 0.001879595 0.02692761 -0.0009356221 0.001879595 0.02694034 0.0004354328 0.001879595 0.02694492 0.0009281845 0.005979815 0.02201321 -0.002821976 0.005867012 0.02201366 -0.003085981 0.005834829 0.02256765 -0.003069275 0.004386083 0.02203622 -0.004763883 0.004175283 0.02204049 -0.004888418 0.004164792 0.02259414 -0.004848587 0.002734133 0.02420912 -0.004811411 0.002710835 0.02468947 -0.004534119 0.002433939 0.02668815 -0.001959036 0.005946798 0.02365015 -0.001628094 0.006104691 0.02311793 -0.001633942 0.006202717 0.02257149 -0.001635918 0.005731 0.02416159 -0.001618442 0.005459953 0.02464587 -0.001605108 0.005137011 0.02509721 -0.001588248 0.004766134 0.0255098 -0.001568088 0.004351909 0.02587872 -0.001544862 0.003899436 0.02619933 -0.001518858 0.003414299 0.02646778 -0.001490409 0.002902474 0.02668072 -0.001459845 0.002370273 0.02683548 -0.001427561 0.002548893 0.02622075 -0.002957779 0.002493724 0.02648238 -0.002471217 0.002623851 0.02647926 -0.002446357 0.002500167 0.02668656 -0.001946391 0.002564296 0.02668511 -0.001925536 0.002370273 0.02683548 -0.001427561 0.00259877 0.02590652 -0.003412721 0.0027398 0.02621617 -0.002921305 0.002749839 0.0264764 -0.002405379 0.002625295 0.0266838 -0.001896803 0.002370273 0.02683548 -0.001427561 0.002370273 0.02683548 -0.001427561 0.002642738 0.02554348 -0.003830438 0.002846578 0.02590058 -0.003365374 0.002924629 0.02621197 -0.002861183 0.002869699 0.02647384 -0.002348933 0.002682227 0.02668267 -0.001860651 0.002370273 0.02683548 -0.001427561 0.002370273 0.02683548 -0.001427561 0.002734169 0.02668173 -0.00181765 0.002981552 0.02647161 -0.002277899 0.003100481 0.02620821 -0.002778375 0.003086508 0.02589513 -0.00328734 0.002942879 0.02553628 -0.003773089 0.002680246 0.02513618 -0.004205782 0.002370273 0.02683548 -0.001427561 0.002780324 0.026681 -0.001768471 0.003083618 0.02646977 -0.002193408 0.003264566 0.02620495 -0.00267417 0.003314782 0.02589025 -0.00317984 0.003233483 0.02552967 -0.003678573 0.00302751 0.02512785 -0.004139432 0.003099426 0.02468016 -0.004459879 0.003363739 0.02512021 -0.004030077 0.003509961 0.02552376 -0.003548373 0.003527782 0.02588602 -0.003044575 0.003414307 0.02620224 -0.00255022 0.003174298 0.02646833 -0.002096801 0.002819951 0.02668049 -0.001713904 0.002370273 0.02683548 -0.001427561 0.002749858 0.02370086 -0.005034241 0.003157753 0.02419896 -0.004730483 0.003475671 0.0246716 -0.004337505 0.003683623 0.02511337 -0.003879427 0.003767955 0.02551864 -0.003384538 0.003722167 0.0258825 -0.002883665 0.003547342 0.02620014 -0.002408474 0.003252163 0.02646732 -0.001989577 0.00285244 0.0266802 -0.001654799 0.002370273 0.02683548 -0.001427561 0.0027578 0.02317102 -0.005199839 0.002757869 0.02262612 -0.005306194 0.003244807 0.02261445 -0.005213161 0.003230884 0.02315967 -0.005109459 0.003201748 0.02369002 -0.004947897 0.003720914 0.02205021 -0.005102398 0.003716261 0.02260373 -0.005059815 0.003688932 0.02314926 -0.004960476 0.003639273 0.02368007 -0.004805598 0.003567897 0.02418964 -0.004597081 0.004124717 0.02313994 -0.004755251 0.004055535 0.02367117 -0.004609567 0.003958098 0.0241813 -0.004413315 0.003833613 0.02466395 -0.004168936 0.004599263 0.02203207 -0.004619169 0.004583344 0.02258583 -0.004582789 0.004531362 0.02313187 -0.004497015 0.004443956 0.02366346 -0.004362895 0.004322217 0.02417407 -0.004182088 0.004167632 0.02465732 -0.003956826 0.003982114 0.02510744 -0.003689873 0.004986184 0.02202508 -0.0042989 0.004965297 0.02257893 -0.004266631 0.004902449 0.02312516 -0.004189839 0.004798429 0.02365706 -0.004069483 0.004654497 0.02416806 -0.003907041 0.004472451 0.02465181 -0.003704514 0.004254514 0.02510252 -0.003464398 0.004003387 0.02551439 -0.00318965 0.00532993 0.02201963 -0.003932653 0.005304635 0.02257355 -0.003905085 0.00523214 0.02311993 -0.003838576 0.005113344 0.02365206 -0.003733952 0.004949709 0.02416338 -0.003592514 0.004743251 0.02464751 -0.003415981 0.004496523 0.02509868 -0.003206551 0.004212558 0.02551107 -0.0029668 0.00389486 0.02587977 -0.002699672 0.005625092 0.0220158 -0.00352621 0.005596008 0.02256977 -0.003503853 0.005515236 0.02311626 -0.003448755 0.005383755 0.02364856 -0.003361603 0.005203195 0.02416009 -0.003243458 0.004975784 0.0246445 -0.003095789 0.004704325 0.02509598 -0.002920404 0.004392158 0.02550874 -0.002719478 0.004043141 0.02587784 -0.002495485 0.003661575 0.02619865 -0.002251173 0.005747249 0.02311421 -0.003026538 0.005605381 0.02364659 -0.002958298 0.005410956 0.02415825 -0.002865395 0.005166361 0.02464281 -0.002748979 0.004874638 0.02509448 -0.002610477 0.00453936 0.02550744 -0.002451604 0.004164681 0.02587677 -0.002274316 0.003755204 0.02619782 -0.002080798 0.003315981 0.02646676 -0.001873446 0.006051871 0.02201324 -0.002618907 0.006017308 0.02256723 -0.002608191 0.005924551 0.0231138 -0.002578564 0.005774735 0.02364621 -0.002530396 0.005569703 0.02415789 -0.002464274 0.005311993 0.02464248 -0.00238102 0.005004785 0.02509418 -0.00228165 0.004651852 0.02550718 -0.002167399 0.00425755 0.02587655 -0.002039664 0.00382675 0.02619766 -0.001900039 0.003364745 0.02646665 -0.00175023 0.002877252 0.02668014 -0.001592086 0.002894026 0.02668032 -0.001526764 0.003397694 0.02646699 -0.001621878 0.003875074 0.02619816 -0.001711736 0.004320289 0.02587721 -0.001795229 0.004727837 0.02550797 -0.001871334 0.005092696 0.02509509 -0.001939103 0.00541038 0.0246435 -0.001997713 0.005676958 0.02415901 -0.002046426 0.005889137 0.0236474 -0.002084648 0.006044321 0.02311505 -0.002111916 0.006140587 0.02256852 -0.002127882 0.002370273 0.02683548 -0.001427561 0.002370273 0.02683548 -0.001427561 0.002370273 0.02683548 -0.001427561 -0.001691806 0.02274084 -0.005292609 -0.003742362 0.022249 -0.004393153 -0.003910116 0.02225476 -0.00423741 -0.003859917 0.02280677 -0.004205934 -0.005048119 0.02230429 -0.002059706 -0.004983315 0.02285566 -0.002056175 -0.001070419 0.02677841 -0.001957884 -0.00103962 0.02679035 -0.001922423 -0.00102307 0.02657287 -0.002479978 -0.0009852742 0.02692189 -0.001428363 -0.0009852742 0.02692189 -0.001428363 -0.001199077 0.02678207 -0.001921286 -0.001258977 0.02678389 -0.001891252 -0.001135888 0.02678023 -0.00194361 -0.0009852742 0.02692189 -0.001428363 -0.0009852742 0.02692189 -0.001428363 -0.0009852742 0.02692189 -0.001428363 -0.001365302 0.02678738 -0.001810091 -0.001410067 0.026789 -0.001760214 -0.001314678 0.02678567 -0.001853997 -0.0009852742 0.02692189 -0.001428363 -0.0009852742 0.02692189 -0.001428363 -0.0009852742 0.02692189 -0.001428363 -0.001479304 0.02679184 -0.001645745 -0.001502706 0.02679303 -0.001582933 -0.001448264 0.02679049 -0.001705145 -0.0009852742 0.02692189 -0.001428363 -0.0009852742 0.02692189 -0.001428363 -0.00204785 0.02660862 -0.001472346 -0.002546627 0.02636559 -0.001492001 -0.001525249 0.02679483 -0.001451054 -0.001518101 0.02679403 -0.0015177 -0.0009852742 0.02692189 -0.001428363 -0.0009852742 0.02692189 -0.001428363 -0.001201089 0.0227278 -0.005336779 -0.001184003 0.02327226 -0.00522958 -0.001165674 0.02380143 -0.005062676 -0.00114635 0.02430881 -0.004838128 -0.001126253 0.02478806 -0.004558695 -0.001105639 0.02523347 -0.004227827 -0.001084756 0.0256393 -0.003849599 -0.001063856 0.0260007 -0.003428676 -0.001043216 0.02631314 -0.002970257 -0.0009852742 0.02692189 -0.001428363 -0.003015449 0.02606878 -0.001509746 -0.003448522 0.02572175 -0.001525384 -0.003840503 0.02532887 -0.001538727 -0.004186578 0.02489482 -0.001549587 -0.004482464 0.02442518 -0.001557847 -0.004724514 0.02392558 -0.001563398 -0.004909757 0.02340222 -0.001566179 -0.005035887 0.02286157 -0.001566149 -0.002033795 0.02660704 -0.001603297 -0.002526024 0.02636327 -0.001684107 -0.002988688 0.02606577 -0.001759128 -0.003416113 0.02571811 -0.001827443 -0.003803015 0.02532466 -0.001888193 -0.004144622 0.02489011 -0.00194064 -0.004436729 0.02442005 -0.001984147 -0.00467573 0.0239201 -0.002018157 -0.004858674 0.02339649 -0.002042266 -0.004933447 0.02229683 -0.002545577 -0.004870122 0.02284829 -0.002535817 -0.004748701 0.02338933 -0.00250827 -0.004570675 0.02391326 -0.002463283 -0.004338252 0.02441364 -0.002401416 -0.004054292 0.02488423 -0.002323422 -0.003722292 0.02531941 -0.002230259 -0.003346346 0.02571357 -0.002123094 -0.002931087 0.02606202 -0.002003224 -0.002481639 0.02636038 -0.001872149 -0.002003545 0.02660507 -0.001731475 -0.00195757 0.02660274 -0.001854878 -0.002414191 0.02635696 -0.002053195 -0.002843526 0.02605759 -0.002238233 -0.003240291 0.0257082 -0.002407736 -0.003599592 0.02531319 -0.002559595 -0.003916988 0.02487727 -0.002691943 -0.004188582 0.02440605 -0.002803143 -0.004411008 0.02390517 -0.002891836 -0.004581546 0.02338086 -0.00295692 -0.004698079 0.02283958 -0.002997596 -0.004759165 0.022288 -0.003013366 -0.00189658 0.02660009 -0.001971589 -0.002324721 0.02635307 -0.002224416 -0.002727384 0.02605253 -0.002460496 -0.003099618 0.02570207 -0.002676941 -0.003436826 0.02530611 -0.002871063 -0.003734858 0.02486934 -0.003040475 -0.003990037 0.02439741 -0.003183089 -0.004199208 0.02389595 -0.003297148 -0.00435981 0.02337121 -0.003381239 -0.004469855 0.02282964 -0.003434333 -0.004527971 0.02227793 -0.003455781 -0.001821535 0.02659715 -0.002079786 -0.002214617 0.02634876 -0.002383143 -0.002584452 0.02604694 -0.002666553 -0.002926505 0.0256953 -0.002926509 -0.003236533 0.02529827 -0.003159812 -0.003510732 0.02486057 -0.003363587 -0.003745708 0.02438785 -0.003535315 -0.003938575 0.02388575 -0.003672889 -0.00408695 0.02336053 -0.003774607 -0.004189008 0.02281865 -0.003839218 -0.004243486 0.0222668 -0.003865925 -0.001733594 0.02659398 -0.002177781 -0.0020856 0.0263441 -0.002526916 -0.002416977 0.02604089 -0.002853175 -0.002723652 0.02568798 -0.003152551 -0.003001841 0.02528979 -0.003421345 -0.00324811 0.02485109 -0.003656242 -0.003459413 0.02437751 -0.003854343 -0.003633166 0.02387472 -0.004013222 -0.003767216 0.02334898 -0.004130895 -0.003533071 0.02224202 -0.004564445 -0.00348771 0.02279419 -0.004528781 -0.003405596 0.02333676 -0.004444565 -0.003287751 0.02386304 -0.004312826 -0.003135611 0.02436657 -0.004135204 -0.002951068 0.02484105 -0.00391388 -0.002736389 0.02528082 -0.003651582 -0.002494228 0.02568022 -0.003351547 -0.00222756 0.02603449 -0.003017472 -0.001939678 0.02633917 -0.002653485 -0.001634127 0.02659061 -0.002264053 -0.001524684 0.02658711 -0.002337264 -0.001779122 0.02633404 -0.002760882 -0.002019139 0.02602783 -0.003156886 -0.002241792 0.02567215 -0.0035204 -0.002444325 0.02527148 -0.003846953 -0.002624256 0.0248306 -0.004132492 -0.002779349 0.02435518 -0.004373518 -0.002907697 0.0238509 -0.004567054 -0.003007718 0.02332404 -0.004710708 -0.003078186 0.0227811 -0.004802711 -0.003118219 0.02222876 -0.004841944 -0.001406983 0.02658354 -0.002396253 -0.001606439 0.02632879 -0.002847427 -0.001794984 0.02602101 -0.003269238 -0.001970292 0.02566389 -0.003656479 -0.0021302 0.02526193 -0.004004391 -0.002272743 0.02481991 -0.00430867 -0.002396156 0.02434353 -0.004565568 -0.002498932 0.02383847 -0.004771928 -0.00257978 0.02331103 -0.004925197 -0.002637722 0.0227677 -0.005023476 -0.002672037 0.02221519 -0.005065568 -0.001282844 0.02657993 -0.002440122 -0.001424319 0.0263235 -0.002911781 -0.001558572 0.02601415 -0.003352778 -0.001683947 0.02565558 -0.003757666 -0.001798909 0.02525231 -0.004121457 -0.001902026 0.02480915 -0.004439666 -0.00199203 0.02433179 -0.004708375 -0.002067815 0.02382595 -0.004924268 -0.00212845 0.02329792 -0.005084672 -0.002173176 0.02275422 -0.005187628 -0.002201453 0.02220153 -0.005231858 -0.001154207 0.02657636 -0.00246817 -0.001235602 0.02631826 -0.002952934 -0.001313593 0.02600734 -0.003406197 -0.001387225 0.02564734 -0.003822372 -0.001455603 0.02524278 -0.004196322 -0.001517863 0.02479848 -0.004523441 -0.001573249 0.02432016 -0.004799701 -0.001621083 0.02381354 -0.005021687 -0.001660765 0.02328493 -0.005186666 -0.004837559 0.02234037 0.002410132 -0.004724756 0.02233992 0.002674138 -0.00466411 0.02289112 0.002647168 -0.001482209 0.02440287 0.004360026 -0.001434351 0.02487616 0.004073879 -0.001056184 0.0268098 0.001462282 -0.0009852742 0.02694377 0.0009281952 -0.001524719 0.02681723 0.0009630916 -0.002046811 0.02663152 0.0009973574 -0.002545108 0.02638897 0.001030551 -0.00301347 0.02609261 0.001062284 -0.003446123 0.025746 0.001092154 -0.003837733 0.02535349 0.001119789 -0.004183469 0.02491976 0.001144868 -0.004479075 0.0244504 0.001167057 -0.004720905 0.02395101 0.001186094 -0.004905979 0.02342783 0.001201743 -0.005031998 0.02288728 0.001213812 -0.001194565 0.02636755 0.002469472 -0.001126236 0.02661692 0.001978165 -0.001256363 0.02662004 0.001953305 -0.001122412 0.02681139 0.001449637 -0.001186541 0.02681285 0.001428782 -0.0009852742 0.02694377 0.0009281952 -0.001260331 0.0260648 0.002930143 -0.001385472 0.02637213 0.002432998 -0.001382351 0.02662291 0.001912327 -0.001247541 0.02681415 0.001400049 -0.0009852742 0.02694377 0.0009281952 -0.0009852742 0.02694377 0.0009281952 -0.001322727 0.02571232 0.003354504 -0.001508139 0.02607075 0.002882796 -0.001570301 0.02637633 0.002372876 -0.001502211 0.02662547 0.001855881 -0.001304472 0.02681528 0.001363897 -0.0009852742 0.02694377 0.0009281952 -0.0009852742 0.02694377 0.0009281952 -0.001356414 0.02681622 0.001320896 -0.001614064 0.02662769 0.001784847 -0.001746153 0.02638009 0.002290068 -0.001748069 0.0260762 0.002804762 -0.001622867 0.02571952 0.003297155 -0.001380968 0.02531452 0.003737324 -0.0009852742 0.02694377 0.0009281952 -0.001402569 0.02681695 0.001271717 -0.00171613 0.02662954 0.001700356 -0.001910238 0.02638335 0.002185863 -0.001976343 0.02608108 0.002697262 -0.001913471 0.02572612 0.003202639 -0.001728233 0.02532285 0.003670974 -0.001822942 0.02488547 0.003999639 -0.002064461 0.02533049 0.003561618 -0.002189949 0.02573203 0.003072439 -0.002189343 0.02608531 0.002561996 -0.002059979 0.02638605 0.002061912 -0.00180681 0.02663097 0.001603749 -0.001442196 0.02681747 0.00121715 -0.0009852742 0.02694377 0.0009281952 -0.001523965 0.02390031 0.004592242 -0.001905828 0.02441302 0.004279098 -0.002199187 0.02489403 0.003877264 -0.002384345 0.02533733 0.003410968 -0.002447944 0.02573716 0.002908604 -0.002383728 0.02608882 0.002401087 -0.002193014 0.02638816 0.001920167 -0.001884674 0.02663198 0.001496525 -0.001474685 0.02681776 0.001158045 -0.0009852742 0.02694377 0.0009281952 -0.001587151 0.02283264 0.004884088 -0.001559088 0.02337474 0.004767639 -0.002074089 0.02284432 0.004791055 -0.002032171 0.02338609 0.00467726 -0.001975856 0.02391114 0.004505898 -0.002545543 0.02285504 0.004637709 -0.00249022 0.0233965 0.004528277 -0.00241338 0.02392109 0.004363599 -0.002315972 0.02442235 0.004145695 -0.002994074 0.02286463 0.004426481 -0.002926005 0.02340582 0.004323052 -0.002829642 0.02392999 0.004167568 -0.002706173 0.02443069 0.00396193 -0.002557129 0.02490168 0.003708696 -0.003243827 0.02231736 0.004352039 -0.003033027 0.02231309 0.004476574 -0.002578658 0.02230338 0.004690554 -0.003457007 0.02232151 0.004207325 -0.003412625 0.02287294 0.004160682 -0.00333265 0.02341389 0.004064816 -0.003218064 0.0239377 0.003920896 -0.003070292 0.02443792 0.003730703 -0.002891148 0.02490831 0.003496585 -0.002682836 0.02534326 0.003221415 -0.003843928 0.0223285 0.003887056 -0.003794579 0.02287984 0.003844525 -0.003703737 0.0234206 0.00375764 -0.003572536 0.02394411 0.003627484 -0.003402572 0.02444393 0.003455655 -0.003195967 0.02491382 0.003244273 -0.002955236 0.02534818 0.002995939 -0.002683376 0.02574141 0.002713716 -0.004187674 0.02233395 0.003520809 -0.004133916 0.02288522 0.003482979 -0.004033428 0.02342583 0.003406376 -0.003887452 0.0239491 0.003291953 -0.003697784 0.02444861 0.003141128 -0.003466767 0.02491812 0.002955741 -0.003197246 0.02535202 0.002738093 -0.002892546 0.02574473 0.002490866 -0.002556421 0.02609156 0.002217094 -0.004482836 0.02233778 0.003114366 -0.00442529 0.022889 0.003081747 -0.004316524 0.0234295 0.003016555 -0.004157862 0.02395261 0.002919604 -0.00395127 0.02445189 0.002792073 -0.0036993 0.02492113 0.002635549 -0.003405047 0.02535471 0.002451945 -0.003072147 0.02574706 0.002243543 -0.002704702 0.02609349 0.002012907 -0.002307247 0.02638964 0.001762866 -0.004548537 0.02343155 0.002594338 -0.004379489 0.02395457 0.002516299 -0.004159031 0.02445373 0.002414009 -0.003889877 0.02492282 0.002288739 -0.00357536 0.02535622 0.002142018 -0.003219348 0.02574836 0.00197567 -0.002826242 0.02609456 0.001791737 -0.002400876 0.02639047 0.001592491 -0.001948493 0.02663255 0.001380394 -0.004909615 0.02234034 0.002207063 -0.00484659 0.02289153 0.002186085 -0.004725838 0.02343196 0.002146365 -0.004548842 0.02395496 0.002088397 -0.004317779 0.0244541 0.002012889 -0.004035508 0.02492315 0.00192078 -0.003705507 0.02535652 0.001813191 -0.003331841 0.02574862 0.001691465 -0.002919111 0.02609477 0.001557085 -0.002472422 0.02639064 0.001411732 -0.001997257 0.02663266 0.001257178 -0.001499497 0.02681781 0.001095332 -0.001516271 0.02681764 0.001030011 -0.002030206 0.02663232 0.001128826 -0.002520746 0.02639013 0.001223428 -0.00298185 0.02609412 0.001312651 -0.003407826 0.02574783 0.0013954 -0.003793418 0.0253556 0.001470645 -0.004133896 0.02492213 0.001537473 -0.004425033 0.02445298 0.001595041 -0.004663245 0.02395377 0.001642648 -0.004845609 0.02343071 0.001679717 -0.004969869 0.02289025 0.001705776 -0.0009852742 0.02694377 0.0009281952 -0.0009852742 0.02694377 0.0009281952 -0.0009852742 0.02694377 0.0009281952 0.002862514 0.02271792 0.004870502 0.004884618 0.02210458 0.003981309 0.005052372 0.02209882 0.003825566 0.005030635 0.022652 0.003783838 0.006190375 0.02204929 0.001647862 0.006154033 0.0226031 0.001634069 0.002448174 0.02671954 0.00146113 0.002420721 0.026733 0.001423173 0.002390558 0.02652644 0.001986926 0.002370273 0.02685736 0.0009289975 0.002513642 0.02671773 0.001446856 0.002370273 0.02685736 0.0009289975 0.002370273 0.02685736 0.0009289975 0.002636732 0.02671407 0.001394498 0.002692433 0.02671229 0.001357243 0.002576832 0.02671589 0.001424532 0.002370273 0.02685736 0.0009289975 0.002370273 0.02685736 0.0009289975 0.002370273 0.02685736 0.0009289975 0.002787822 0.02670896 0.00126346 0.002826019 0.02670747 0.001208391 0.002743056 0.02671058 0.001313337 0.002370273 0.02685736 0.0009289975 0.002370273 0.02685736 0.0009289975 0.002370273 0.02685736 0.0009289975 0.002880461 0.02670493 0.00108618 0.002895856 0.02670393 0.001020946 0.002857059 0.02670612 0.001148991 0.002370273 0.02685736 0.0009289975 0.002370273 0.02685736 0.0009289975 0.002371797 0.02273097 0.004914673 0.002382705 0.02327351 0.004797381 0.002391567 0.02379973 0.004620677 0.002398275 0.02430318 0.004386742 0.002402737 0.02477757 0.004098455 0.002404907 0.02521723 0.003759368 0.002404767 0.0256165 0.003373664 0.002402295 0.02597063 0.002946098 0.002397544 0.02627516 0.00248195 0.002370273 0.02685736 0.0009289975 0.003415339 0.02649069 0.0009792943 0.003900955 0.02622271 0.001003694 0.004353888 0.02590255 0.001027167 0.004768534 0.02553404 0.00104946 0.00513978 0.02512183 0.001070268 0.005463062 0.02467081 0.001089347 0.005734389 0.0241868 0.001106461 0.005950407 0.02367559 0.001121399 0.00610847 0.02314354 0.001133979 0.006206606 0.0225972 0.001144043 0.006057387 0.02314927 0.001610067 0.005901623 0.02368107 0.001576158 0.005688654 0.02419194 0.001532762 0.005421106 0.02467552 0.00148041 0.005102293 0.02512604 0.001419734 0.004736124 0.02553768 0.001351509 0.004327127 0.02590555 0.00127655 0.003880352 0.02622503 0.0011958 0.003401283 0.02649227 0.001110245 0.002858955 0.02671771 0.0009911169 0.006075703 0.02205675 0.002133733 0.00604084 0.02261047 0.002113711 0.005947413 0.02315643 0.00207607 0.005796568 0.02368791 0.002021283 0.005590176 0.02419835 0.001950031 0.005330776 0.0246814 0.001863182 0.005021559 0.02513129 0.0017618 0.004666358 0.02554223 0.00164716 0.004269526 0.0259093 0.001520646 0.003835967 0.02622792 0.001383842 0.003371033 0.02649423 0.001238423 0.003325058 0.02649656 0.001361826 0.003768519 0.02623133 0.001564888 0.004181965 0.02591374 0.001755665 0.004560303 0.0255476 0.001931802 0.00489886 0.02513751 0.002091137 0.005193472 0.02468836 0.002231703 0.005440506 0.02420594 0.002351768 0.005636901 0.023696 0.002449847 0.005780258 0.0231649 0.002524731 0.005868798 0.02261919 0.0025755 0.005901421 0.02206559 0.002601522 0.003264069 0.02649922 0.001478537 0.003679049 0.02623523 0.001736109 0.004065823 0.0259188 0.001977917 0.004419629 0.02555372 0.002201007 0.004736104 0.02514459 0.002402604 0.005011342 0.02469629 0.002580234 0.005241952 0.02421458 0.002731704 0.005425101 0.02370522 0.002855148 0.005558522 0.02317456 0.00294905 0.005640563 0.02262913 0.003012237 0.005670227 0.02207565 0.003043937 0.003189024 0.02650216 0.001586734 0.003568945 0.02623954 0.001894836 0.003922891 0.02592439 0.002183974 0.004246517 0.0255605 0.002450575 0.00453581 0.02515243 0.002691354 0.004787216 0.02470506 0.002903347 0.004997633 0.02422414 0.00308393 0.005164467 0.02371542 0.00323089 0.005285662 0.02318523 0.003342418 0.005359726 0.02264012 0.003417112 0.005385732 0.02208678 0.003454082 0.003101083 0.02650533 0.001684729 0.003439918 0.02624419 0.002038609 0.003755416 0.02593044 0.002370596 0.004043664 0.02556782 0.002676616 0.004301108 0.02516091 0.002952886 0.004524584 0.02471454 0.003196001 0.004711338 0.02423448 0.003402968 0.004859058 0.02372644 0.003571222 0.004965928 0.02319678 0.003698706 0.004675327 0.02211157 0.004152602 0.004658429 0.02266458 0.004106675 0.004604308 0.023209 0.004012366 0.004513633 0.02373812 0.003870827 0.004387535 0.02424542 0.003683818 0.004227552 0.02472458 0.003453639 0.004035666 0.02516988 0.003183133 0.00381423 0.02557558 0.002875613 0.003565989 0.02593684 0.002534904 0.003293996 0.02624913 0.002165178 0.003001616 0.02650869 0.001771001 0.002892172 0.02651219 0.001844212 0.00313345 0.02625426 0.002272575 0.003357578 0.0259435 0.002674308 0.003561804 0.02558365 0.003044475 0.003743603 0.02517921 0.003378495 0.00390073 0.02473503 0.003672252 0.004031263 0.02425681 0.003922133 0.004133579 0.02375027 0.004125055 0.00420643 0.02322172 0.004278509 0.004248895 0.02267767 0.004380615 0.004260475 0.02212483 0.0044301 0.002774471 0.02651577 0.001903201 0.002960767 0.02625951 0.00235912 0.003133423 0.02595032 0.00278666 0.003290304 0.0255919 0.003180544 0.003429477 0.02518877 0.003535933 0.003549227 0.02474572 0.00384843 0.00364808 0.02426846 0.004114183 0.003724814 0.0237627 0.004329928 0.003778492 0.02323473 0.004492998 0.003808431 0.02269106 0.00460137 0.003814283 0.02213839 0.004653734 0.002650332 0.02651938 0.00194707 0.002778647 0.0262648 0.002423474 0.002897011 0.02595718 0.002870199 0.003003959 0.02560022 0.003281732 0.003098177 0.02519839 0.003652999 0.00317851 0.02475648 0.003979426 0.003243954 0.0242802 0.00425699 0.003293707 0.02377522 0.004482269 0.003327162 0.02324784 0.004652473 0.003343895 0.02270455 0.004765522 0.003343709 0.02215206 0.004820014 0.002521695 0.02652295 0.001975118 0.00258992 0.02627004 0.002464627 0.002652032 0.02596399 0.002923619 0.002707237 0.02560846 0.003346438 0.002754881 0.02520792 0.003727863 0.002794347 0.02476715 0.0040632 0.002825173 0.02429183 0.004348316 0.002846966 0.02378763 0.004579688 0.002859467 0.02326083 0.004754466 0.002370273 0.02685736 0.0009289975</float_array>
          <technique_common>
            <accessor count="1048" source="#verts-array-array" stride="3">
              <param type="float" name="X"/>
              <param type="float" name="Y"/>
              <param type="float" name="Z"/>
            </accessor>
          </technique_common>
        </source>
        <source id="normals-array">
          <float_array count="3144" id="normals-array-array">0.001470103 0.06635372 0.9977951 0.01072358 0.06957871 0.9975188 0.0339583 0.1255235 0.9915093 0.001470103 0.06635372 0.9977951 0.08509967 0.9623911 0.2579951 0.02518713 0.979932 0.1977346 0.0165919 0.9798386 0.1991006 -0.04481584 0.96518 0.257719 0.01613004 0.9159889 0.4008793 0.02401385 0.918803 0.3939852 0.002971473 0.8530948 0.5217475 0.0781269 0.8463601 0.5268498 0.02471453 0.8051216 0.5925946 0.001712449 0.8053048 0.5928585 0.06438629 0.7555141 0.6519608 -0.006871163 0.7660973 0.6426879 -0.003725889 0.7219692 0.6919151 0.01984286 0.6565498 0.7540217 -0.007501366 0.6556784 0.755003 -0.0107947 0.583027 0.8123811 0.05571935 0.5357793 0.8425176 -0.01625075 0.5292755 0.8482944 0.02068306 0.4761386 0.879127 -0.01583618 0.4734658 0.8806698 0.03784679 0.4014314 0.9151068 -0.0210166 0.4160111 0.9091166 -0.02079445 0.3557006 0.9343686 0.01113863 0.2705136 0.9626517 -0.005325709 0.06664644 0.9977624 -0.02943617 0.1163599 0.9927708 -0.02648841 0.1785526 0.9835738 -0.02401375 0.2690233 0.9628343 0.0256702 0.9974704 0.06628649 0.02561359 0.9955032 0.09119926 0.01944517 0.9998065 -0.002983755 0.0257356 0.9995423 0.01590429 0.02561359 0.9955032 0.09119926 0.0256702 0.9974704 0.06628649 0.0257356 0.9995423 0.01590429 0.03204032 0.9994821 -0.002980743 0.03221595 0.9750106 -0.2198099 0.0256702 0.9960675 -0.08479743 0.02561359 0.993638 -0.1096694 0.03204032 0.9993651 -0.0155795 0.0257356 0.9990746 -0.03446239 0.9996686 -0.02574266 0.0002390327 0.9996686 -0.02574266 0.0002390327 0.9996686 -0.02574266 0.0002390327 0.9996686 -0.02574266 0.0002390327 0.9996686 -0.02574266 0.0002390327 0.9996686 -0.02574266 0.0002390327 0.02517347 0.9755375 -0.2183871 0.02561359 0.993638 -0.1096694 0.0256702 0.9960675 -0.08479743 0.0257356 0.9990746 -0.03446239 0.01944517 0.9996895 -0.01558251 0.03242827 0.04744725 -0.9983472 -0.007779335 0.05125092 -0.9986555 0.03582949 0.09411952 -0.994916 -0.02801236 0.1085566 -0.9936955 0.0343961 0.1587731 -0.9867158 -0.02223007 0.9591782 -0.2819272 0.03649644 0.2482081 -0.968019 0.002958842 0.2503347 -0.9681548 0.03852707 0.3360207 -0.9410663 -0.01665056 0.384597 -0.9229344 0.04186873 0.3964443 -0.9171036 0.03975202 0.4544382 -0.8898908 0.003176525 0.4593105 -0.8882701 0.04320861 0.5105273 -0.8587752 -0.03265887 0.5202959 -0.8533613 0.0395011 0.5654768 -0.8238177 0.03975856 0.6378374 -0.7691442 0.01342435 0.6360497 -0.7715313 0.04027452 0.7066092 -0.706457 -0.02149808 0.7437763 -0.6680828 0.04545075 0.7511776 -0.6585335 0.0394806 0.7914894 -0.6099064 0.01641483 0.7924967 -0.6096553 0.04158135 0.839835 -0.5412468 0.07895742 0.9562594 -0.2816623 0.03135524 0.9045318 -0.4252519 0.01711046 0.9025185 -0.430311 -0.04025667 0.8375671 -0.5448493 -0.9996686 0.02574266 -0.0002390327 -0.9996686 0.02574266 -0.0002390327 -0.9996686 0.02574266 -0.0002390327 -0.9996686 0.02574266 -0.0002390327 -0.9996686 0.02574266 -0.0002390327 -0.9996686 0.02574266 -0.0002390327 0.0005596702 0.9999567 -0.00928507 0.05091153 0.9986601 -0.00927303 0.05091153 0.9986601 -0.00927303 0.0005596702 0.9999567 -0.00928507 -0.02574377 -0.9996255 0.009281994 -0.02574377 -0.9996255 0.009281994 -0.02574377 -0.9996255 0.009281994 -0.02574377 -0.9996255 0.009281994 -0.02574377 -0.9996255 0.009281994 -0.02574377 -0.9996255 0.009281994 -0.02574377 -0.9996255 0.009281994 -0.02574377 -0.9996255 0.009281994 -0.02574377 -0.9996255 0.009281994 -0.02574377 -0.9996255 0.009281994 -0.02574377 -0.9996255 0.009281994 -0.02574377 -0.9996255 0.009281994 -0.02574377 -0.9996255 0.009281994 -0.02574377 -0.9996255 0.009281994 -0.02574377 -0.9996255 0.009281994 -0.02574377 -0.9996255 0.009281994 -0.02574377 -0.9996255 0.009281994 -0.02574377 -0.9996255 0.009281994 -0.02574377 -0.9996255 0.009281994 -0.02574377 -0.9996255 0.009281994 -0.02574377 -0.9996255 0.009281994 -0.02574377 -0.9996255 0.009281994 -0.02574377 -0.9996255 0.009281994 -0.02574377 -0.9996255 0.009281994 -0.02574377 -0.9996255 0.009281994 -0.02574377 -0.9996255 0.009281994 -0.02574377 -0.9996255 0.009281994 -0.02574377 -0.9996255 0.009281994 -0.02574377 -0.9996255 0.009281994 -0.02574377 -0.9996255 0.009281994 -0.02574377 -0.9996255 0.009281994 -0.02574377 -0.9996255 0.009281994 -0.02574377 -0.9996255 0.009281994 -0.02574377 -0.9996255 0.009281994 -0.02574377 -0.9996255 0.009281994 -0.02574377 -0.9996255 0.009281994 -0.02574377 -0.9996255 0.009281994 -0.02574377 -0.9996255 0.009281994 -0.02574377 -0.9996255 0.009281994 -0.02574377 -0.9996255 0.009281994 -0.02574377 -0.9996255 0.009281994 -0.02574377 -0.9996255 0.009281994 -0.02574377 -0.9996255 0.009281994 -0.02574377 -0.9996255 0.009281994 -0.02574377 -0.9996255 0.009281994 -0.02574377 -0.9996255 0.009281994 -0.02574377 -0.9996255 0.009281994 -0.02574377 -0.9996255 0.009281994 -0.02574377 -0.9996255 0.009281994 -0.02574377 -0.9996255 0.009281994 -0.02574377 -0.9996255 0.009281994 -0.02574377 -0.9996255 0.009281994 -0.02574377 -0.9996255 0.009281994 -0.02574377 -0.9996255 0.009281994 -0.02574377 -0.9996255 0.009281994 -0.02574377 -0.9996255 0.009281994 -0.02574377 -0.9996255 0.009281994 -0.02574377 -0.9996255 0.009281994 -0.02574377 -0.9996255 0.009281994 -0.02574377 -0.9996255 0.009281994 -0.02574377 -0.9996255 0.009281994 -0.02574377 -0.9996255 0.009281994 -0.02574377 -0.9996255 0.009281994 -0.02574377 -0.9996255 0.009281994 -0.02574377 -0.9996255 0.009281994 -0.02574377 -0.9996255 0.009281994 -0.02574377 -0.9996255 0.009281994 -0.02574377 -0.9996255 0.009281994 -0.02574377 -0.9996255 0.009281994 -0.02574377 -0.9996255 0.009281994 -0.02574377 -0.9996255 0.009281994 -0.02574377 -0.9996255 0.009281994 -0.02574377 -0.9996255 0.009281994 -0.02574377 -0.9996255 0.009281994 -0.02574377 -0.9996255 0.009281994 -0.02574377 -0.9996255 0.009281994 -0.02574377 -0.9996255 0.009281994 -0.02574377 -0.9996255 0.009281994 -0.02574377 -0.9996255 0.009281994 -0.02574377 -0.9996255 0.009281994 -0.02574377 -0.9996255 0.009281994 -0.02574377 -0.9996255 0.009281994 -0.02574377 -0.9996255 0.009281994 -0.02574377 -0.9996255 0.009281994 -0.02574377 -0.9996255 0.009281994 -0.02574377 -0.9996255 0.009281994 -0.02574377 -0.9996255 0.009281994 -0.02574377 -0.9996255 0.009281994 0.9913625 0.01698749 0.1300455 0.9994441 0.01269971 0.03082463 0.9994461 0.03147832 0.0108004 -0.9892363 0.06557248 -0.1308121 -0.9974805 0.06354832 -0.03153262 -0.9965161 0.08255347 -0.01185932 0.2736072 0.04790493 0.9606478 0.1695746 0.07239641 0.9828546 0.2033568 0.04755238 0.9779493 -0.5331204 0.07202984 0.8429676 -0.5972197 0.07414059 0.7986437 -0.6532625 0.07593473 0.753314 -0.6820371 0.07679632 0.7272742 -0.7313518 0.07778668 0.6775499 0.5357182 0.0288402 -0.8439042 0.5998623 0.02847123 -0.7995965 0.6559449 0.02821944 -0.7542811 0.6847381 0.02808199 -0.728248 0.7340621 0.02745546 -0.6785271 0.958327 0.0183062 -0.2850863 0.9815499 0.04095386 -0.186769 0.9892037 0.01478417 -0.1457992 0.9961535 0.03978965 -0.07807098 0.9992423 0.01205177 -0.03700879 0.9992485 0.03428119 -0.01809052 0.9995074 0.03138315 -0.0002914074 0.9999365 0.01127276 -0.0001046729 0.9999365 0.01127276 -0.0001046729 0.7754522 0.02674153 -0.6308397 0.7706186 0.02653829 -0.6367438 0.809245 0.02539441 -0.5869222 0.8445157 0.02464766 -0.5349633 0.8474288 0.0242363 -0.5303556 0.127858 0.05268063 -0.9903924 0.1078544 0.02873972 -0.9937512 0.3681059 0.03002821 -0.9292988 0.3416182 0.02991564 -0.9393626 0.2492031 0.05331022 -0.9669828 0.2684514 0.0302284 -0.9628188 0.1936672 0.02980333 -0.9806145 0.5727176 0.02925509 -0.8192306 0.5259469 0.02948487 -0.8500062 0.467738 0.02974473 -0.8833665 0.4777534 0.02993845 -0.8779837 0.4113173 0.03006761 -0.9109962 0.8840103 0.02285399 -0.4669084 0.8991439 0.02239983 -0.4370795 0.9188632 0.02103953 -0.394015 0.931451 0.02049677 -0.3632891 0.956466 0.01888907 -0.2912317 0.03035039 0.02803739 -0.999146 0.0009528191 0.02771907 -0.9996153 0.0009320507 0.0277525 -0.9996144 -0.03562213 0.05680962 -0.9977493 -0.03592205 0.0298337 -0.9989092 -0.09050589 0.06121846 -0.9940126 -0.1196842 0.03488412 -0.992199 -0.1660927 0.06277675 -0.9841099 -0.2011073 0.03979971 -0.9787604 -0.2712459 0.04408895 -0.9614998 -0.2738239 0.04390748 -0.9607771 -0.3425428 0.0475817 -0.9382965 -0.3889608 0.05026395 -0.9198821 -0.3927958 0.05060149 -0.9182325 -0.5004314 0.05569865 -0.8639827 -0.4451039 0.0530576 -0.8939057 -0.5258949 0.05644178 -0.8486748 -0.5929452 0.05971932 -0.8030253 -0.6004219 0.05990454 -0.7974365 -0.6546695 0.06205606 -0.7533637 -0.6671151 0.06236416 -0.7423396 -0.7104047 0.06428245 -0.7008516 -0.7422192 0.06488836 -0.6670084 -0.7819643 0.0666519 -0.6197495 -0.80123 0.06694713 -0.5945994 -0.8330641 0.06779108 -0.5490068 -0.8532334 0.068058 -0.5170695 -0.8561581 0.06835491 -0.5121727 -0.9110916 0.06845895 -0.4064795 -0.9559783 0.07289255 0.2842395 -0.9780518 0.09487705 0.1855077 -0.987062 0.06838021 0.145027 -0.9927479 0.0924491 0.07684308 -0.9972798 0.06414974 0.03630122 -0.9961567 0.0859212 0.01700955 -0.9965769 0.08266736 -0.0007676055 -0.9980308 0.0627228 -0.0005824108 -0.9980308 0.0627228 -0.0005824108 -0.7727465 0.07831916 0.6298642 -0.767927 0.07797701 0.6357733 -0.8065849 0.07789833 0.5859631 -0.8418721 0.07800382 0.5340101 -0.8448047 0.0776575 0.5294095 -0.04547504 0.07296634 0.9962971 -0.1295741 0.07946042 0.9883808 -0.1134373 0.05314861 0.9921226 -0.3656284 0.06617403 0.9284056 -0.3391768 0.06488512 0.9384823 -0.2456669 0.08400076 0.9657078 -0.2660796 0.06186691 0.9619637 -0.1914079 0.0579237 0.9797999 -0.5700612 0.07389054 0.8182728 -0.523326 0.07228386 0.8490612 -0.465165 0.0701665 0.8824388 -0.4751596 0.07077552 0.8770485 -0.4087892 0.06809775 0.9100847 -0.8814392 0.07698266 0.4659814 -0.8965903 0.07675455 0.4361588 -0.9163741 0.07561205 0.3931175 -0.9289878 0.07514778 0.362401 -0.9540869 0.0734928 0.2903739 0.1282452 0.0471781 0.9906197 0.09405286 0.07497527 0.99274 0.05120333 0.04662895 0.9975991 0.03907492 0.07366521 0.9965172 0.007704302 0.04635243 0.9988954 0.0009528191 0.04627649 0.9989282 0.0009528191 0.04627649 0.9989282 0.2761799 0.04757765 0.9599276 0.3449861 0.04729223 0.9374156 0.3914702 0.04723967 0.9189774 0.3953184 0.04734874 0.917323 0.5030516 0.04589171 0.8630371 0.4476719 0.04665766 0.8929798 0.5285084 0.04503924 0.8477325 0.5956167 0.04401379 0.8020621 0.6030903 0.04371021 0.7964744 0.6573557 0.04224862 0.7523952 0.6697954 0.04171113 0.7413732 0.7131117 0.04062852 0.6998721 0.7448939 0.03896832 0.6660439 0.7846539 0.03780661 0.6187802 0.8038978 0.03664331 0.5936375 0.8357113 0.03500132 0.5480525 0.8558482 0.03363723 0.5161321 0.8587862 0.03369198 0.5112252 0.9136016 0.02900718 0.4055744 -0.007035956 0.04677186 0.9988808 -0.0441065 0.04907231 0.9978209 -0.8832291 0.0687296 -0.4638777 -0.9133145 0.06871548 -0.4014161 -0.9510013 0.06796642 -0.301624 -0.9409872 0.06876161 -0.3313835 -0.9701474 0.09286381 -0.2240319 -0.9664547 0.06766824 -0.2477628 -0.9864605 0.06608203 -0.1500963 -0.9938901 0.08783341 -0.06684067 0.8858175 0.0317766 0.4629445 0.9158324 0.02905496 0.4005083 0.9533831 0.02451549 0.3007652 0.9434373 0.02637716 0.3305001 0.9737481 0.0469503 0.2227337 0.9687748 0.0224229 0.2469262 0.9886258 0.017997 0.1493156 0.9971262 0.0378258 0.06564025 -0.184077 0.9828695 -0.009126407 -0.07479207 0.9971562 -0.009259066 -0.04984988 0.9987137 -0.009273528 0.9947891 0.09934772 -0.02290531 0.2868571 0.9463429 -0.1488228 0.2319436 0.9726873 -0.009031861 0.2332765 0.9724079 -0.002235334 0.2929669 0.9550827 0.04458115 0.4245333 0.9054017 -0.004395009 0.4335599 0.9010523 -0.01142751 0.5554273 0.8311887 0.0250162 0.5595452 0.8273384 -0.04919657 0.6175927 0.7862609 -0.01931423 0.6239955 0.7814233 0.002674563 0.6821321 0.7307405 -0.02672328 0.8567296 0.5156319 0.01175422 0.7780625 0.6280286 -0.01410154 0.7725989 0.6348928 0.001441751 0.6762136 0.7358111 0.03629289 0.9948907 0.1000373 0.01360067 0.9734754 0.2281893 -0.01658965 0.970196 0.2421587 0.008880989 0.9463875 0.3225597 -0.01748904 0.9275248 0.3725942 0.02951804 0.9205953 0.3888065 -0.03652178 0.8987859 0.4382936 0.009085975 0.8971737 0.4410417 -0.02369781 0.8573454 0.5139502 -0.02853143 -1.602506e-14 -0.009285072 -0.9999569 -1.620654e-14 -0.009285072 -0.9999569 -1.614833e-14 -0.009285072 -0.9999569 -1.62166e-14 -0.009285072 -0.9999569 -1.631469e-14 -0.009285072 -0.9999569 -1.651918e-14 -0.009285072 -0.9999569 -0.1845995 0.982688 -0.01572784 -0.04984988 0.9987137 -0.009273528 -0.07479207 0.9971562 -0.009259066 -0.9884233 0.1502809 0.02085561 -0.2435957 0.964492 0.1020607 -0.9885103 0.1502955 -0.01608398 -0.9590455 0.2831111 0.008933796 -0.9568499 0.2903272 -0.01218062 -0.9112826 0.4115777 0.01295737 -0.9082851 0.4169742 -0.03392113 -0.8755586 0.4827962 -0.01746273 -0.8718708 0.4895885 0.01201801 -0.8304171 0.5566828 -0.02262066 -0.8312893 0.5554631 0.02046548 -0.7483164 0.6633345 0.003151555 -0.7433106 0.6688412 -0.01187035 -0.6462283 0.7630603 0.01130832 -0.6407139 0.7665222 -0.04392513 -0.5847563 0.8110293 -0.01707447 -0.5780273 0.8160026 0.00493041 -0.5148136 0.856163 -0.04417886 -0.2414002 0.9560508 -0.1664117 -0.3964728 0.9179794 -0.01109916 -0.4007273 0.9161972 0.0004539607 -0.5202066 0.8529937 0.04227123 1.620654e-14 0.009285072 0.9999569 1.602503e-14 0.009285072 0.9999569 1.614831e-14 0.009285072 0.9999569 1.62166e-14 0.009285072 0.9999569 1.631469e-14 0.009285072 0.9999569 1.651918e-14 0.009285072 0.9999569 0.1260192 0.991985 -0.009211049 0.1011903 0.9948242 -0.009237412 0.1011903 0.9948242 -0.009237412 0.1260192 0.991985 -0.009211049 0.9292287 0.06880264 -0.363043 0.8972593 0.06529338 -0.4366492 0.8973118 0.1226636 -0.4240107 0.534995 0.07459582 -0.8415556 0.4678528 0.07223599 -0.8808494 0.4781335 0.1295112 -0.8686859 0.1273766 0.4508958 -0.8834411 0.1214186 0.5488548 -0.8270526 0.01458446 0.9439714 -0.329705 0.9389891 0.3344465 -0.08028064 0.9712996 0.2256492 -0.0752296 0.9892929 0.1294452 -0.06740528 0.895595 0.4387335 -0.07363713 0.8370785 0.5444335 -0.0537754 0.7807107 0.6217305 -0.06278579 0.7100195 0.7029907 -0.04094444 0.617534 0.7844368 -0.05753833 0.5185532 0.8550286 -0.005348726 0.4402863 0.8970914 -0.03708119 0.3439499 0.9336117 0.1003377 0.2467824 0.9151539 -0.3187345 0.07299164 0.8577281 -0.5088956 0.07468866 0.9068307 -0.4148249 0.12594 0.9043857 -0.4077079 0.1012258 0.9460262 -0.3078764 0.1381217 0.9451865 -0.2958797 0.1033202 0.9626077 -0.2504224 0.1013018 0.789796 -0.6049464 0.1490713 0.8516617 -0.5024442 0.1751625 0.9032662 -0.3916993 0.1731972 0.9444373 -0.2793581 0.1329873 0.9619527 -0.2386657 0.07243171 0.9633288 -0.2583626 0.1085056 0.7152591 -0.6903846 0.1703584 0.7884574 -0.591027 0.2100187 0.8502775 -0.4826183 0.2219898 0.9022654 -0.3696452 0.2059246 0.9437869 -0.2585754 0.160896 0.9613763 -0.2233116 0.1866982 0.9608859 -0.2045533 0.2357982 0.9432471 -0.2338464 0.2656933 0.9013977 -0.3418907 0.2680122 0.8490382 -0.455306 0.242299 0.7868227 -0.5676277 0.1895593 0.7155627 -0.6723372 0.1122902 0.6361109 -0.7633831 0.2099306 0.9604899 -0.1827249 0.2623258 0.9428267 -0.2055794 0.3055603 0.9006781 -0.308888 0.3221375 0.8479635 -0.4209338 0.3107575 0.7853586 -0.5353892 0.2716049 0.7136978 -0.6456518 0.2064282 0.6338553 -0.7453958 0.2207517 0.5444007 -0.8092568 0.2975835 0.6317815 -0.7157487 0.3496757 0.7120269 -0.608888 0.3746388 0.7840909 -0.4948204 0.3715231 0.8470704 -0.3800556 0.3409869 0.9001157 -0.2711452 0.285095 0.9425322 -0.1742236 0.2302418 0.9601947 -0.1581606 0.128947 0.3471528 -0.9289013 0.2323642 0.4483014 -0.8631528 0.3198845 0.5421468 -0.777014 0.3843092 0.6299258 -0.6749073 0.4225319 0.7105794 -0.5626222 0.4329289 0.7830377 -0.4465698 0.4153975 0.8463742 -0.3333101 0.3714084 0.8997206 -0.2292568 0.3037838 0.9423651 -0.1402261 0.2473041 0.9600055 -0.1312633 0.1273359 0.2431398 -0.9615969 0.1299627 0.1370513 -0.9820013 0.2496934 0.1319637 -0.9592908 0.2469183 0.2407936 -0.9386425 0.2411259 0.3466556 -0.9064702 0.3687987 0.07437671 -0.9265288 0.3677813 0.1292844 -0.9208814 0.3623462 0.2381616 -0.9011017 0.3524563 0.3441281 -0.8702588 0.3382499 0.445894 -0.8287132 0.472159 0.2358148 -0.8493864 0.4583897 0.3418625 -0.8203712 0.4389797 0.4437433 -0.7812737 0.4141896 0.5401305 -0.7326022 0.5996691 0.06961372 -0.7972145 0.5865409 0.1273146 -0.7998505 0.5746345 0.2337817 -0.7843095 0.5572336 0.3398998 -0.7576007 0.5329818 0.4418713 -0.7215817 0.5021915 0.5383829 -0.6767183 0.4652282 0.6283222 -0.6235174 0.6837692 0.06811494 -0.7265123 0.6806492 0.1230767 -0.7221971 0.668146 0.2320944 -0.7069039 0.647435 0.3382676 -0.682937 0.6187628 0.440322 -0.650576 0.5825128 0.5369279 -0.6102354 0.5390763 0.6269902 -0.5623877 0.4890036 0.7093815 -0.5075957 0.7693435 0.06675607 -0.6353379 0.7656546 0.1217233 -0.63163 0.7512179 0.23078 -0.6183949 0.7275689 0.3369962 -0.5975592 0.6949717 0.4391137 -0.5693799 0.6538575 0.5357985 -0.5342194 0.6046939 0.6259453 -0.4924812 0.5480647 0.7084447 -0.4446697 0.4847092 0.7822179 -0.3913976 0.8428109 0.06580567 -0.5341718 0.8386365 0.1207763 -0.5311327 0.8225595 0.2298463 -0.5201601 0.7963745 0.336107 -0.5028117 0.7604079 0.4382664 -0.4792728 0.7151199 0.5350047 -0.4498594 0.661025 0.6252182 -0.4149073 0.5987812 0.7077863 -0.3748328 0.5291764 0.7816406 -0.3301673 0.4530662 0.8458864 -0.2814379 0.8810246 0.2293328 -0.4137657 0.8527784 0.3356026 -0.4001749 0.8140439 0.4377927 -0.3816675 0.7653328 0.5345608 -0.3584837 0.7071971 0.6248085 -0.3308877 0.6403362 0.7074208 -0.2992079 0.5656243 0.7813152 -0.2638477 0.4839407 0.8456134 -0.2252539 0.3963413 0.8994998 -0.1838848 0.9544056 0.06517747 -0.2913105 0.9445177 0.1227888 -0.304646 0.925703 0.2292301 -0.3008778 0.895873 0.3355053 -0.2912864 0.8550267 0.437698 -0.2781182 0.803702 0.5344723 -0.2615386 0.7424875 0.624723 -0.2417303 0.6720991 0.7073481 -0.2189554 0.5934714 0.7812534 -0.1934807 0.5075427 0.8455579 -0.1656268 0.4153877 0.8994577 -0.1357533 0.3180488 0.9423338 -0.1041726 0.3276905 0.9424333 -0.06662129 0.4282604 0.8995909 -0.08561097 0.5234825 0.845724 -0.1035228 0.6122841 0.7814505 -0.1201803 0.6935618 0.7075681 -0.1353493 0.766318 0.6249762 -0.148867 0.8296225 0.5347446 -0.1605451 0.8827169 0.4379822 -0.1702426 0.924987 0.3358071 -0.1778557 0.9558829 0.229547 -0.1832921 0.975048 0.120465 -0.1864659 0.2767139 0.9600891 -0.04072335 0.2707323 0.9599517 -0.07208886 0.2609016 0.9599238 -0.1023554 -0.1483184 0.1446436 -0.9783046 -0.6514049 0.1058973 -0.7513038 -0.7073427 0.1041916 -0.6991498 -0.6906062 0.1611425 -0.7050505 -0.9817101 0.1163485 -0.1506928 -0.9707304 0.1733696 -0.1662094 -0.007857049 0.944887 -0.3273023 0.02485469 0.951237 -0.3074581 0.0141675 0.913472 -0.4066548 -0.08967062 0.964854 -0.2470142 -0.08887889 0.9676929 -0.2359471 -0.09635984 0.9512563 -0.292961 -0.130803 0.9523052 -0.2756909 -0.06000771 0.950201 -0.3058058 -0.05967483 0.9668258 -0.2483683 -0.02920801 0.9659603 -0.2570362 -0.163981 0.9701597 -0.1786069 -0.1919051 0.9543107 -0.229049 -0.2176445 0.9552395 -0.2003705 -0.162801 0.9533266 -0.2542915 -0.1413961 0.9693715 -0.2008134 -0.1162114 0.968544 -0.2200394 -0.2129298 0.9721718 -0.09768812 -0.2574563 0.956876 -0.134553 -0.2709092 0.9575576 -0.09844656 -0.2396114 0.9560994 -0.1687016 -0.200038 0.9715711 -0.1266271 -0.1836398 0.9708971 -0.1537374 -0.3802719 0.9243317 -0.03168757 -0.4760719 0.8792112 0.01852373 -0.297383 0.9454255 0.1331691 -0.2797602 0.9581342 -0.06093606 -0.2274591 0.9731176 -0.0361183 -0.2221179 0.97269 -0.06736272 -0.009635276 0.156586 -0.9876173 -0.0397227 0.2411907 -0.9696645 -0.003195406 0.3432117 -0.9392527 -0.03701884 0.4589083 -0.8877121 0.02782785 0.5645418 -0.8249353 -0.02024987 0.6366528 -0.7708847 0.03894719 0.7102475 -0.7028739 -0.01666948 0.7930012 -0.6089919 0.1003817 0.8577426 -0.5041837 -0.1025402 0.9639915 -0.245369 -0.5835594 0.8105533 -0.04961737 -0.6811585 0.7321256 -0.003893997 -0.742221 0.6680867 -0.05261332 -0.8088045 0.5867852 -0.03896636 -0.8741277 0.4814107 -0.06437755 -0.9278914 0.3715519 -0.03109398 -0.9574185 0.2820449 -0.06164865 -0.9820655 0.1807766 -0.0535457 -0.3827455 0.9205518 -0.0780401 -0.4809383 0.8716844 -0.09415213 -0.5732397 0.81209 -0.1091146 -0.6584892 0.7425157 -0.1227289 -0.7356609 0.6637929 -0.1348407 -0.8037486 0.5769553 -0.1452956 -0.8619372 0.4830734 -0.1539623 -0.9095638 0.3832182 -0.1607407 -0.9460066 0.2786893 -0.1655409 -0.9465177 0.1140302 -0.3018299 -0.9415134 0.1711566 -0.2902722 -0.9182935 0.2768921 -0.2829627 -0.8828318 0.381478 -0.274012 -0.836517 0.4814144 -0.2616859 -0.7799504 0.5754026 -0.2461488 -0.713776 0.6623679 -0.2275798 -0.6387877 0.7412333 -0.2062122 -0.5559643 0.8109675 -0.182306 -0.4663022 0.8707321 -0.1561661 -0.3709297 0.9197828 -0.1281044 -0.3529696 0.9188725 -0.1763119 -0.4440613 0.8696054 -0.2158611 -0.5297105 0.8096356 -0.2527786 -0.6088431 0.7397171 -0.2865812 -0.6805105 0.6606814 -0.3168683 -0.7437754 0.5735688 -0.3432447 -0.7978806 0.4794571 -0.3653867 -0.842204 0.37942 -0.3830573 -0.8761717 0.2747584 -0.3960189 -0.8993865 0.1667173 -0.4041155 -0.9068425 0.112045 -0.4063036 -0.329144 0.9178366 -0.2219014 -0.4145518 0.8683201 -0.272336 -0.4948829 0.8081195 -0.3194273 -0.5691239 0.7379872 -0.3625919 -0.6363836 0.6587592 -0.4013132 -0.6957884 0.5714841 -0.4350684 -0.7466224 0.477225 -0.4634773 -0.7883062 0.3770731 -0.4861988 -0.8202958 0.2723251 -0.5029451 -0.8422179 0.1642301 -0.5135148 -0.8492927 0.1095441 -0.5164319 -0.2998238 0.9166888 -0.264173 -0.3782387 0.8668987 -0.3246877 -0.4520196 0.8064418 -0.3812217 -0.5202416 0.7360722 -0.4330662 -0.5820841 0.6566364 -0.4795902 -0.6367389 0.5691706 -0.5202003 -0.6835462 0.4747551 -0.5544116 -0.7219817 0.3744803 -0.5818135 -0.7515369 0.2696338 -0.6020714 -0.7718677 0.1614827 -0.6149338 -0.7784739 0.1067837 -0.618527 -0.265462 0.9154485 -0.3024632 -0.3356911 0.8653629 -0.3721003 -0.4018005 0.8046278 -0.4371847 -0.4629658 0.7340057 -0.4968887 -0.5184531 0.6543403 -0.5504954 -0.5675419 0.566669 -0.5973128 -0.6096402 0.4720901 -0.636765 -0.6442663 0.3716733 -0.6684159 -0.6709716 0.2667243 -0.6918491 -0.5902851 0.1002269 -0.8009482 -0.5942617 0.1577417 -0.7886511 -0.5798488 0.263644 -0.7708873 -0.5563721 0.3687042 -0.7446525 -0.5260531 0.4692684 -0.709264 -0.4892841 0.5640265 -0.6651881 -0.4464894 0.6519071 -0.6129147 -0.3981838 0.7318136 -0.553081 -0.3449995 0.802707 -0.4864533 -0.2875645 0.8637356 -0.4138448 -0.2266065 0.9141359 -0.3361623 -0.1838536 0.9127685 -0.3647622 -0.2346096 0.8620424 -0.4492674 -0.282503 0.8007091 -0.5282585 -0.3269116 0.7295368 -0.6007536 -0.3673136 0.6493781 -0.6658745 -0.4031791 0.5612757 -0.7227836 -0.4340744 0.4663272 -0.7707908 -0.4596551 0.3656119 -0.8093486 -0.4795826 0.2604337 -0.8379587 -0.4936208 0.1520695 -0.8562788 -0.4983589 0.0973094 -0.8614925 -0.1378711 0.9113697 -0.3878104 -0.1776615 0.8603117 -0.4778076 -0.2152878 0.7986658 -0.5619467 -0.2502567 0.7272061 -0.6391736 -0.2821495 0.6467866 -0.7085611 -0.3105634 0.5584572 -0.7692047 -0.3351522 0.4633207 -0.82037 -0.3556379 0.3624528 -0.8614811 -0.3717444 0.2571542 -0.8920077 -0.3832903 0.1487119 -0.9115774 -0.3872909 0.09392652 -0.9171606 -0.089371 0.9099613 -0.4049486 -0.117599 0.8585687 -0.4990293 -0.1443863 0.7966076 -0.587 -0.1694016 0.7248579 -0.6677456 -0.1923326 0.6441772 -0.7402999 -0.2128898 0.5556225 -0.8037174 -0.2308281 0.4602937 -0.8572328 -0.245929 0.3592614 -0.9002501 -0.2580113 0.2538529 -0.9321957 -0.2669329 0.1453395 -0.9526926 -0.2701567 0.09052875 -0.9585509 -0.03911914 0.9085657 -0.4159063 -0.05536626 0.8568402 -0.5126006 -0.07092182 0.794567 -0.6030202 -0.08561627 0.7225305 -0.6860172 -0.0992622 0.6415917 -0.7605965 -0.1116788 0.5528136 -0.8257875 -0.122714 0.4572882 -0.8808114 -0.1322464 0.3561026 -0.9250415 -0.1401609 0.2505857 -0.9578944 -0.9242824 0.1232624 0.3612596 -0.8925008 0.1194789 0.4349335 -0.8896066 0.1765313 0.4212326 -0.1035289 0.4733358 0.8747771 -0.09227225 0.5698169 0.8165749 0.04521105 0.949542 0.3103643 -0.2062223 0.9470411 0.2461413 -0.2986027 0.9494479 -0.09687661 -0.3859357 0.9223102 0.01994073 -0.4733572 0.8806105 -0.02140201 -0.5766922 0.8158648 0.04231581 -0.6732346 0.7388168 0.0300824 -0.7467024 0.6631957 0.05105857 -0.8076327 0.588304 0.04034666 -0.8700021 0.4883603 0.06782688 -0.9228595 0.3803707 0.06040307 -0.9582591 0.2770366 0.07064191 -0.9812872 0.181533 0.06419678 -0.02993082 0.8700111 0.4921227 -0.02805419 0.9152651 0.401874 -0.07903112 0.9170788 0.3907947 -0.0522542 0.9555324 0.2902195 -0.08915012 0.9563704 0.2782229 -0.05351984 0.9711307 0.2324667 -0.06011847 0.8054431 0.5896162 -0.1048001 0.8673824 0.4864821 -0.1282536 0.9181973 0.3747862 -0.1242256 0.9571209 0.2617013 -0.08318692 0.9717855 0.22071 -0.02263138 0.9704083 0.2404069 -0.07127257 0.732485 0.6770421 -0.1292696 0.8070122 0.5762123 -0.1657474 0.8687692 0.4666561 -0.1750809 0.919199 0.3527321 -0.156953 0.9577703 0.2409186 -0.1110957 0.9723614 0.2053559 -0.1368979 0.9728516 0.1865976 -0.1868267 0.9583099 0.2161895 -0.2187844 0.9200668 0.3249776 -0.2237409 0.8700098 0.4393439 -0.2012101 0.8086484 0.552813 -0.1521579 0.7367238 0.6588521 -0.0786873 0.6545397 0.7519216 -0.1601302 0.9732468 0.1647692 -0.2133542 0.958731 0.1879226 -0.2586513 0.9207878 0.2919749 -0.2778662 0.8710846 0.4049716 -0.2696687 0.8101117 0.5205745 -0.2342035 0.7385893 0.6321666 -0.173175 0.6573627 0.7334062 -0.192053 0.5699644 0.7989094 -0.2643303 0.6594335 0.7037592 -0.3122744 0.7402568 0.5954028 -0.3335499 0.8113809 0.4800057 -0.3272518 0.8719761 0.3640934 -0.2940779 0.9213491 0.2542321 -0.2361234 0.9590269 0.1565668 -0.1804415 0.9735417 0.1402049 -0.1104869 0.3704669 0.922251 -0.2085704 0.4756069 0.8545739 -0.2911858 0.5722178 0.7666666 -0.3510561 0.6612863 0.6629178 -0.3851307 0.7417027 0.5491371 -0.39184 0.812434 0.4317551 -0.3711262 0.8726716 0.3173479 -0.3244995 0.921743 0.2123437 -0.2548123 0.9591911 0.1225693 -0.1975038 0.9737318 0.1133076 -0.1222535 0.1619639 0.9791945 -0.1140784 0.26701 0.9569179 -0.242112 0.1624189 0.9565573 -0.2337492 0.2705598 0.9338944 -0.2225314 0.3753681 0.8997659 -0.3601996 0.1651087 0.9181478 -0.3491775 0.2731759 0.8963537 -0.3338616 0.3779024 0.8635544 -0.3144561 0.4780137 0.8201343 -0.4704189 0.1700462 0.8659044 -0.4589902 0.2755249 0.8446384 -0.439795 0.3801666 0.8136668 -0.4151858 0.4801703 0.7726948 -0.385491 0.574234 0.7222548 -0.5300444 0.1176361 0.8397706 -0.4630939 0.1125533 0.8791336 -0.364039 0.1104404 0.9248127 -0.5949104 0.1151673 0.7954987 -0.5788285 0.172155 0.7970698 -0.5614657 0.2775614 0.7795614 -0.5386389 0.3821293 0.7508964 -0.5091881 0.4820316 0.7130028 -0.4734928 0.5759813 0.6663709 -0.4319749 0.6628962 0.6115279 -0.6790099 0.1166872 0.7247963 -0.6730674 0.1713261 0.7194635 -0.6549771 0.2792531 0.7021558 -0.6288404 0.3837566 0.6762327 -0.5949691 0.4835819 0.6419971 -0.5538143 0.5774288 0.5998881 -0.5058229 0.6642327 0.5503981 -0.4516022 0.7429066 0.4941105 -0.7645843 0.1180428 0.6336219 -0.758073 0.1726691 0.6288964 -0.7380488 0.2805738 0.6136467 -0.7089744 0.3850271 0.5908549 -0.671178 0.484791 0.560801 -0.6251589 0.5785624 0.523872 -0.5714407 0.6652693 0.4804917 -0.5106633 0.7438433 0.4311845 -0.4436203 0.8132566 0.3765829 -0.8380515 0.1189977 0.5324558 -0.8310549 0.1736148 0.5283992 -0.8093909 0.2814904 0.5154121 -0.7777798 0.3859223 0.4961074 -0.7366141 0.4856407 0.4706939 -0.6864213 0.5793574 0.439512 -0.6277716 0.666003 0.4029177 -0.5613798 0.7445002 0.3613476 -0.4880875 0.8138325 0.3153525 -0.4087948 0.8731606 0.2654757 -0.8678557 0.2820123 0.4090177 -0.8341839 0.386417 0.3934706 -0.7902501 0.486117 0.3730885 -0.7366341 0.5798028 0.3481363 -0.6739438 0.6664111 0.3188981 -0.6029347 0.7448706 0.2857227 -0.5245356 0.8141529 0.249033 -0.4396694 0.8734345 0.2092917 -0.3494324 0.9219639 0.1669717 -0.9496468 0.1196073 0.2895946 -0.9368005 0.1768709 0.3018635 -0.9125342 0.2821145 0.2961297 -0.8772785 0.3865172 0.2845821 -0.831233 0.4862102 0.2695393 -0.7750034 0.5798903 0.2511913 -0.7092344 0.6664876 0.2297408 -0.6346976 0.7449436 0.2054702 -0.5523826 0.8142186 0.178666 -0.4632714 0.8734873 0.1496647 -0.3684788 0.9220089 0.1188402 -0.2690772 0.959225 0.08651572 -0.2787189 0.9591237 0.04896444 -0.3813515 0.921874 0.06869781 -0.4792112 0.8733211 0.08756067 -0.5711952 0.8140234 0.1053655 -0.6561605 0.7447164 0.1218642 -0.7330647 0.6662437 0.1368775 -0.8009237 0.5796221 0.1501977 -0.8589233 0.4859173 0.1616637 -0.9063925 0.3862121 0.1711514 -0.942714 0.2818022 0.1785439 -0.9674664 0.1739288 0.1837323 -0.2269135 0.9736487 0.02276768 -0.2209319 0.9737857 0.0541332 -0.2111013 0.9738136 0.08439972 0.156032 0.1549481 0.975523 0.6563482 0.08614721 0.7495237 0.7121078 0.08059127 0.6974293 0.6983219 0.1384352 0.7022693 0.9864691 0.06844371 0.1489769 0.9784461 0.1262325 0.1634274 0.05362825 0.9490259 0.3106023 0.02140293 0.9581479 0.2854725 0.04182387 0.91214 0.4077393 0.1592876 0.9611097 0.2256006 0.1089795 0.9513641 0.2881488 0.07900841 0.96778 0.2390805 0.1660118 0.9651955 0.2020837 0.1797748 0.9492626 0.2580339 0.2117728 0.9482386 0.2366345 0.1453316 0.9503086 0.2753041 0.1386793 0.9660475 0.2179915 0.1094753 0.9669153 0.2304126 0.2334402 0.9628442 0.1357817 0.2666163 0.9463253 0.1827136 0.2885832 0.9454656 0.1510447 0.2408769 0.9472548 0.2113921 0.2137814 0.9635812 0.1606512 0.1911965 0.9643687 0.1828577 0.2719183 0.9610512 0.04940702 0.319881 0.944007 0.08078964 0.3509662 0.9362996 0.01287778 0.3064281 0.9446889 0.1168961 0.2627302 0.9615693 0.07973242 0.2498385 0.9621701 0.1086714 0.01903861 0.1740355 0.9845553 0.05184239 0.2558732 0.9653193 0.01925629 0.3604055 0.932597 0.06119216 0.4729706 0.8789507 0.009152307 0.5798525 0.81467 0.05133839 0.6459084 0.7616868 -0.008629041 0.72516 0.6885264 0.05768102 0.8029728 0.5932179 -0.04582224 0.8724767 0.4865025 0.1783454 0.9583731 0.2229664 0.4333526 0.9010922 0.01543999 0.5191701 0.8541994 -0.02838508 0.624085 0.7806003 0.03436673 0.718787 0.6949352 -0.02025566 0.7772089 0.6279674 0.04004206 0.8375871 0.5454756 0.03006978 0.8976856 0.4371102 0.05563549 0.9460466 0.3233157 0.02151071 0.9708264 0.2330155 0.056567 0.9900723 0.1311136 0.05065683 0.9591754 0.2326545 0.1607928 0.9281585 0.3388135 0.1540363 0.8857315 0.4408439 0.1453835 0.832446 0.5374214 0.1349515 0.7689137 0.627437 0.1228596 0.695891 0.7097897 0.1092446 0.6143287 0.783395 0.0942999 0.5252099 0.8473729 0.07818987 0.428965 0.9012962 0.0604501 0.3242317 0.9458591 -0.01497995 0.9512769 0.07074315 0.3001127 0.9492143 0.1278288 0.2874927 0.9314637 0.2344653 0.2782111 0.9014276 0.3405536 0.2673041 0.8603113 0.442496 0.2531041 0.8086455 0.5389711 0.235802 0.7470274 0.6288618 0.2155988 0.6761926 0.7110689 0.1927292 0.5970542 0.7845217 0.1674873 0.5105738 0.8483262 0.1402038 0.4178389 0.9016913 0.1111912 0.3998787 0.9026013 0.1593987 0.4883321 0.8494543 0.1998976 0.5707994 0.7858501 0.2379658 0.6462496 0.7125859 0.2730985 0.7137657 0.6305494 0.3048705 0.772472 0.5408042 0.3328931 0.8216712 0.4444541 0.3568151 0.8607969 0.3426154 0.3763554 0.8893417 0.2366018 0.3912684 0.9069668 0.1276721 0.4013864 0.9116002 0.07274041 0.404591 0.3760532 0.9036392 0.2049881 0.4588224 0.8507376 0.256374 0.5359703 0.7873655 0.3046167 0.6065278 0.7143173 0.3491058 0.6696399 0.6324675 0.3893164 0.7244875 0.5428877 0.4247244 0.7704134 0.4466842 0.4549026 0.8068978 0.3449659 0.4794939 0.8334641 0.2390302 0.4981989 0.8497974 0.1301602 0.5107863 0.8540507 0.07525286 0.5147179 0.346733 0.9047867 0.2472597 0.4225055 0.8521577 0.3087335 0.4931073 0.7890445 0.366407 0.5576433 0.7162303 0.4195809 0.6153341 0.6345927 0.4676066 0.6654347 0.5451982 0.5098583 0.7073448 0.4491557 0.5458228 0.7405767 0.3475605 0.5751068 0.7647062 0.2417214 0.5973233 0.779454 0.1329171 0.6121965 0.7832333 0.07802148 0.6168129 0.3123717 0.9060266 0.2855517 0.3799568 0.8536944 0.3561443 0.4428885 0.7908577 0.4223669 0.5003644 0.718296 0.4834112 0.5517095 0.6368919 0.5385029 0.596241 0.5476993 0.5869601 0.6334332 0.4518251 0.628185 0.6628564 0.350362 0.6617159 0.6841357 0.244634 0.6871045 0.5950451 0.08455775 0.7992317 0.6019663 0.1415543 0.7858747 0.5930115 0.2477159 0.7661424 0.5749599 0.3533371 0.7379526 0.5498382 0.454648 0.7006948 0.5179813 0.5503417 0.654843 0.4797494 0.6393242 0.6009202 0.4355921 0.7204897 0.539587 0.3860869 0.7927748 0.4716408 0.3318404 0.8553223 0.3978764 0.2735173 0.9073407 0.3192508 0.2307639 0.9087073 0.3478493 0.2788855 0.857014 0.4333012 0.3235914 0.7947739 0.5134424 0.3643141 0.722768 0.5872663 0.4005615 0.6418514 0.653894 0.4318769 0.5530948 0.7124384 0.457869 0.4575901 0.7622121 0.47825 0.3564288 0.8026428 0.492752 0.250917 0.8332084 0.5011975 0.1423245 0.8535483 0.5031177 0.08750073 0.8597768 0.1847803 0.9101053 0.3708971 0.2219331 0.8587459 0.4618454 0.2563749 0.7968183 0.5471312 0.2876516 0.7250968 0.6256926 0.3154016 0.6444436 0.6965732 0.3392658 0.5559113 0.7588553 0.3589502 0.4605986 0.8117904 0.3742348 0.3595933 0.8547754 0.3849125 0.2541902 0.8872597 0.3908687 0.1456806 0.9088448 0.3920523 0.0908843 0.9154426 0.1362802 0.9115132 0.3880353 0.1618682 0.8604905 0.4830681 0.1854751 0.7988763 0.5721849 0.2068032 0.727444 0.6542612 0.2255848 0.6470511 0.7283106 0.2415891 0.558749 0.793369 0.2546232 0.4636309 0.8486539 0.2645246 0.362772 0.8935453 0.2711788 0.2574913 0.9274482 0.2745137 0.1490647 0.9499589 0.2749082 0.09427676 0.9568372 0.08602826 0.9129094 0.3989933 0.09963632 0.8622196 0.4966386 0.1120112 0.8009173 0.5882049 0.1230185 0.7297719 0.6725321 0.1325167 0.6496365 0.7486065 0.1403776 0.561562 0.8154399 0.146508 0.466632 0.8722328 0.1508395 0.3659279 0.9183378 0.1533282 0.2607721 0.9531466 0.2581741 0.9582076 0.1232243</float_array>
          <technique_common>
            <accessor count="1048" source="#normals-array-array" stride="3">
              <param type="float" name="X"/>
              <param type="float" name="Y"/>
              <param type="float" name="Z"/>
            </accessor>
          </technique_common>
        </source>
        <vertices id="verts-array-vertices">
          <input semantic="POSITION" source="#verts-array"/>
        </vertices>
        <triangles count="1668" material="material0">
          <input offset="0" semantic="VERTEX" source="#verts-array-vertices"/>
          <input offset="1" semantic="NORMAL" source="#normals-array"/>
          <p>0 0 1 1 2 2 0 0 2 2 3 3 4 4 5 5 6 6 6 6 7 7 4 4 8 8 4 4 7 7 4 4 8 8 9 9 10 10 9 9 8 8 9 9 10 10 11 11 11 11 10 10 12 12 13 13 12 12 10 10 12 12 13 13 14 14 13 13 15 15 14 14 16 16 14 14 15 15 14 14 16 16 17 17 16 16 18 18 17 17 19 19 17 17 18 18 17 17 19 19 20 20 21 21 20 20 19 19 20 20 21 21 22 22 23 23 22 22 21 21 22 22 23 23 24 24 23 23 25 25 24 24 26 26 24 24 25 25 24 24 26 26 27 27 28 28 3 3 29 29 2 2 29 29 3 3 29 29 2 2 30 30 27 27 30 30 2 2 30 30 27 27 31 31 26 26 31 31 27 27 6 6 32 32 33 33 34 34 33 33 32 32 33 33 34 34 35 35 5 5 36 36 37 37 38 38 37 37 36 36 37 37 38 38 39 39 40 40 41 41 42 42 43 43 42 42 41 41 42 42 43 43 44 44 45 45 46 46 47 47 47 47 48 48 45 45 49 49 45 45 48 48 45 45 49 49 50 50 51 51 52 52 53 53 54 54 53 53 52 52 53 53 54 54 55 55 56 56 57 57 58 58 59 59 58 58 57 57 58 58 59 59 60 60 61 61 51 51 40 40 60 60 59 59 62 62 63 63 62 62 59 59 62 62 63 63 64 64 65 65 64 64 63 63 64 64 65 65 66 66 66 66 65 65 67 67 68 68 67 67 65 65 67 67 68 68 69 69 70 70 69 69 68 68 69 69 70 70 71 71 71 71 70 70 72 72 73 73 72 72 70 70 72 72 73 73 74 74 75 75 74 74 73 73 74 74 75 75 76 76 76 76 75 75 77 77 78 78 77 77 75 75 77 77 78 78 79 79 40 40 80 80 61 61 81 81 61 61 80 80 61 61 81 81 82 82 79 79 82 82 81 81 82 82 79 79 83 83 78 78 83 83 79 79 84 84 85 85 86 86 86 86 87 87 84 84 88 88 84 84 87 87 84 84 88 88 89 89 54 54 35 35 55 55 34 34 55 55 35 35 90 90 91 91 34 34 39 39 34 34 91 91 38 38 44 44 39 39 43 43 39 39 44 44 39 39 43 43 34 34 92 92 34 34 43 43 34 34 92 92 55 55 93 93 55 55 92 92 94 94 95 95 96 96 97 97 98 98 99 99 100 100 101 101 98 98 99 99 102 102 96 96 103 103 104 104 105 105 106 106 107 107 99 99 108 108 109 109 96 96 110 110 96 96 109 109 96 96 110 110 111 111 96 96 112 112 113 113 114 114 115 115 104 104 116 116 117 117 118 118 94 94 118 118 117 117 118 118 94 94 119 119 107 107 120 120 99 99 121 121 99 99 120 120 99 99 121 121 97 97 122 122 123 123 124 124 125 125 124 124 123 123 124 124 125 125 98 98 126 126 98 98 125 125 98 98 126 126 100 100 101 101 127 127 98 98 128 128 98 98 127 127 98 98 128 128 129 129 96 96 95 95 99 99 130 130 99 99 95 95 99 99 130 130 106 106 129 129 131 131 98 98 132 132 98 98 131 131 98 98 132 132 99 99 111 111 133 133 96 96 134 134 96 96 133 133 96 96 134 134 112 112 135 135 136 136 137 137 102 102 138 138 96 96 139 139 96 96 138 138 96 96 139 139 140 140 140 140 141 141 96 96 142 142 96 96 141 141 96 96 142 142 108 108 143 143 144 144 105 105 145 145 146 146 147 147 148 148 147 147 146 146 147 147 148 148 104 104 149 149 104 104 148 148 104 104 149 149 114 114 115 115 150 150 104 104 151 151 104 104 150 150 104 104 151 151 152 152 153 153 154 154 117 117 155 155 117 117 154 154 117 117 155 155 156 156 117 117 157 157 158 158 113 113 159 159 96 96 160 160 96 96 159 159 96 96 160 160 137 137 161 161 137 137 160 160 137 137 161 161 135 135 143 143 105 105 162 162 144 144 163 163 105 105 164 164 105 105 163 163 105 105 164 164 103 103 152 152 165 165 104 104 166 166 104 104 165 165 104 104 166 166 105 105 94 94 96 96 119 119 167 167 119 119 96 96 119 119 167 167 105 105 168 168 105 105 167 167 105 105 168 168 162 162 156 156 169 169 117 117 170 170 117 117 169 169 117 117 170 170 157 157 171 171 172 172 173 173 116 116 174 174 117 117 175 175 117 117 174 174 117 117 175 175 176 176 176 176 177 177 117 117 178 178 117 117 177 177 117 117 178 178 153 153 158 158 179 179 117 117 180 180 117 117 179 179 117 117 180 180 173 173 181 181 173 173 180 180 173 173 181 181 171 171 182 182 183 183 184 184 185 185 186 186 187 187 188 188 189 189 190 190 191 191 192 192 193 193 194 194 193 193 192 192 193 193 194 194 195 195 196 196 197 197 198 198 199 199 198 198 197 197 198 198 199 199 200 200 201 201 202 202 203 203 204 204 203 203 202 202 203 203 204 204 205 205 206 206 205 205 204 204 184 184 183 183 207 207 208 208 207 207 183 183 207 207 208 208 206 206 209 209 206 206 208 208 206 206 209 209 205 205 200 200 199 199 210 210 211 211 210 210 199 199 210 210 211 211 212 212 213 213 212 212 211 211 212 212 213 213 214 214 56 56 215 215 216 216 217 217 218 218 219 219 220 220 219 219 218 218 219 219 220 220 215 215 221 221 215 215 220 220 215 215 221 221 216 216 198 198 222 222 196 196 223 223 196 196 222 222 196 196 223 223 224 224 225 225 224 224 223 223 224 224 225 225 217 217 226 226 217 217 225 225 217 217 226 226 218 218 214 214 213 213 227 227 228 228 227 227 213 213 227 227 228 228 229 229 230 230 229 229 228 228 229 229 230 230 201 201 231 231 201 201 230 230 201 201 231 231 202 202 216 216 232 232 56 56 233 233 56 56 232 232 56 56 233 233 57 57 234 234 57 57 233 233 57 57 234 234 235 235 236 236 235 235 234 234 235 235 236 236 237 237 238 238 237 237 236 236 237 237 238 238 239 239 240 240 239 239 238 238 239 239 240 240 241 241 240 240 242 242 241 241 243 243 241 241 242 242 241 241 243 243 244 244 245 245 244 244 243 243 244 244 245 245 246 246 245 245 247 247 246 246 248 248 246 246 247 247 246 246 248 248 249 249 250 250 249 249 248 248 249 249 250 250 251 251 252 252 251 251 250 250 251 251 252 252 253 253 254 254 253 253 252 252 253 253 254 254 255 255 254 254 256 256 255 255 257 257 255 255 256 256 255 255 257 257 258 258 259 259 258 258 257 257 258 258 259 259 260 260 261 261 262 262 263 263 264 264 263 263 262 262 263 263 264 264 265 265 266 266 265 265 264 264 187 187 186 186 267 267 268 268 267 267 186 186 267 267 268 268 266 266 269 269 266 266 268 268 266 266 269 269 265 265 195 195 194 194 270 270 271 271 270 270 194 194 270 270 271 271 272 272 273 273 272 272 271 271 272 272 273 273 274 274 275 275 276 276 277 277 278 278 279 279 280 280 281 281 280 280 279 279 280 280 281 281 276 276 282 282 276 276 281 281 276 276 282 282 277 277 193 193 283 283 191 191 284 284 191 191 283 283 191 191 284 284 285 285 286 286 285 285 284 284 285 285 286 286 278 278 287 287 278 278 286 286 278 278 287 287 279 279 274 274 273 273 288 288 289 289 288 288 273 273 288 288 289 289 290 290 291 291 290 290 289 289 290 290 291 291 261 261 292 292 261 261 291 291 261 261 292 292 262 262 190 190 189 189 293 293 294 294 293 293 189 189 293 293 294 294 295 295 296 296 295 295 294 294 295 295 296 296 297 297 1 1 297 297 296 296 297 297 1 1 298 298 0 0 298 298 1 1 298 298 0 0 299 299 190 190 300 300 188 188 301 301 188 188 300 300 188 188 301 301 302 302 303 303 302 302 301 301 302 302 303 303 304 304 303 303 305 305 304 304 306 306 304 304 305 305 304 304 306 306 307 307 308 308 307 307 306 306 307 307 308 308 309 309 310 310 309 309 308 308 309 309 310 310 311 311 312 312 311 311 310 310 311 311 312 312 313 313 312 312 314 314 313 313 315 315 313 313 314 314 313 313 315 315 316 316 317 317 316 316 315 315 316 316 317 317 318 318 0 0 3 3 299 299 28 28 299 299 3 3 299 299 28 28 319 319 275 275 319 319 28 28 319 319 275 275 320 320 277 277 320 320 275 275 259 259 321 321 260 260 322 322 260 260 321 321 260 260 322 322 323 323 324 324 323 323 322 322 323 323 324 324 325 325 326 326 325 325 324 324 325 325 326 326 327 327 185 185 327 327 326 326 327 327 185 185 328 328 187 187 328 328 185 185 317 317 329 329 318 318 330 330 318 318 329 329 318 318 330 330 331 331 332 332 331 331 330 330 331 331 332 332 333 333 334 334 333 333 332 332 333 333 334 334 335 335 182 182 335 335 334 334 335 335 182 182 336 336 184 184 336 336 182 182 337 337 338 338 339 339 90 90 339 339 338 338 339 339 90 90 34 34 207 207 206 206 340 340 207 207 340 340 184 184 341 341 342 342 343 343 343 343 344 344 341 341 345 345 341 341 344 344 341 341 345 345 346 346 347 347 346 346 345 345 346 346 347 347 348 348 348 348 347 347 349 349 350 350 349 349 347 347 349 349 350 350 351 351 352 352 353 353 354 354 351 351 354 354 353 353 354 354 351 351 355 355 350 350 355 355 351 351 184 184 340 340 356 356 357 357 356 356 340 340 356 356 357 357 358 358 359 359 358 358 357 357 358 358 359 359 360 360 361 361 360 360 359 359 360 360 361 361 362 362 363 363 362 362 361 361 362 362 363 363 352 352 364 364 352 352 363 363 352 352 364 364 353 353 365 365 366 366 367 367 368 368 367 367 366 366 367 367 368 368 369 369 370 370 369 369 368 368 371 371 372 372 373 373 55 55 373 373 372 372 373 373 55 55 93 93 267 267 266 266 374 374 267 267 374 374 187 187 375 375 337 337 371 371 187 187 374 374 376 376 377 377 376 376 374 374 376 376 377 377 378 378 379 379 378 378 377 377 378 378 379 379 380 380 380 380 379 379 381 381 382 382 381 381 379 379 381 381 382 382 383 383 382 382 384 384 383 383 385 385 383 383 384 384 383 383 385 385 386 386 387 387 386 386 385 385 386 386 387 387 388 388 388 388 387 387 389 389 390 390 389 389 387 387 389 389 390 390 391 391 371 371 392 392 375 375 393 393 375 375 392 392 375 375 393 393 394 394 391 391 394 394 393 393 394 394 391 391 395 395 390 390 395 395 391 391 396 396 397 397 398 398 396 396 398 398 399 399 400 400 399 399 398 398 399 399 400 400 401 401 342 342 402 402 403 403 92 92 403 403 402 402 403 403 92 92 43 43 343 343 404 404 405 405 39 39 405 405 404 404 405 405 39 39 91 91 406 406 407 407 408 408 409 409 410 410 411 411 66 66 67 67 412 412 69 69 71 71 413 413 40 40 414 414 80 80 415 415 357 357 416 416 340 340 416 416 357 357 416 416 340 340 417 417 206 206 417 417 340 340 417 417 206 206 204 204 363 363 361 361 415 415 359 359 415 415 361 361 415 415 359 359 357 357 415 415 418 418 363 363 419 419 363 363 418 418 363 363 419 419 364 364 420 420 364 364 419 419 364 364 420 420 353 353 421 421 353 353 420 420 353 353 421 421 351 351 422 422 351 351 421 421 351 351 422 422 349 349 423 423 349 349 422 422 349 349 423 423 348 348 424 424 348 348 423 423 348 348 424 424 346 346 425 425 346 346 424 424 346 346 425 425 341 341 426 426 341 341 425 425 80 80 414 414 81 81 427 427 428 428 429 429 430 430 429 429 428 428 429 429 430 430 431 431 432 432 431 431 430 430 433 433 427 427 434 434 429 429 434 434 427 427 434 434 429 429 435 435 431 431 435 435 429 429 435 435 431 431 436 436 437 437 436 436 431 431 76 76 77 77 433 433 79 79 433 433 77 77 433 433 79 79 427 427 81 81 427 427 79 79 427 427 81 81 428 428 414 414 428 428 81 81 428 428 414 414 430 430 438 438 430 430 414 414 74 74 76 76 439 439 433 433 439 439 76 76 439 439 433 433 440 440 434 434 440 440 433 433 440 440 434 434 441 441 435 435 441 441 434 434 441 441 435 435 442 442 436 436 442 442 435 435 442 442 436 436 443 443 444 444 443 443 436 436 445 445 446 446 443 443 447 447 443 443 446 446 443 443 447 447 442 442 448 448 442 442 447 447 442 442 448 448 441 441 449 449 441 441 448 448 441 441 449 449 440 440 450 450 440 440 449 449 440 440 450 450 439 439 451 451 439 439 450 450 439 439 451 451 74 74 72 72 74 74 451 451 452 452 453 453 446 446 454 454 446 446 453 453 446 446 454 454 447 447 455 455 447 447 454 454 447 447 455 455 448 448 456 456 448 448 455 455 448 448 456 456 449 449 457 457 449 449 456 456 449 449 457 457 450 450 458 458 450 450 457 457 450 450 458 458 451 451 413 413 451 451 458 458 451 451 413 413 72 72 71 71 72 72 413 413 67 67 69 69 412 412 413 413 412 412 69 69 412 412 413 413 459 459 458 458 459 459 413 413 459 459 458 458 460 460 457 457 460 460 458 458 460 460 457 457 461 461 456 456 461 461 457 457 461 461 456 456 462 462 455 455 462 462 456 456 462 462 455 455 463 463 454 454 463 463 455 455 463 463 454 454 464 464 453 453 464 464 454 454 464 464 453 453 465 465 466 466 465 465 453 453 64 64 66 66 467 467 412 412 467 467 66 66 467 467 412 412 468 468 459 459 468 468 412 412 468 468 459 459 469 469 460 460 469 469 459 459 469 469 460 460 470 470 461 461 470 470 460 460 470 470 461 461 471 471 462 462 471 471 461 461 471 471 462 462 472 472 463 463 472 472 462 462 472 472 463 463 473 473 464 464 473 473 463 463 473 473 464 464 474 474 465 465 474 474 464 464 474 474 465 465 475 475 476 476 475 475 465 465 477 477 478 478 62 62 60 60 62 62 478 478 60 60 478 478 58 58 215 215 58 58 478 478 58 58 215 215 56 56 219 219 215 215 479 479 478 478 479 479 215 215 479 479 478 478 480 480 477 477 480 480 478 478 480 480 477 477 481 481 482 482 219 219 483 483 479 479 483 483 219 219 483 483 479 479 484 484 480 480 484 484 479 479 484 484 480 480 485 485 481 481 485 485 480 480 485 485 481 481 486 486 410 410 482 482 411 411 483 483 411 411 482 482 411 411 483 483 487 487 484 484 487 487 483 483 487 487 484 484 488 488 485 485 488 488 484 484 488 488 485 485 489 489 486 486 489 489 485 485 489 489 486 486 490 490 491 491 409 409 492 492 411 411 492 492 409 409 492 492 411 411 493 493 487 487 493 493 411 411 493 493 487 487 494 494 488 488 494 494 487 487 494 494 488 488 495 495 489 489 495 495 488 488 495 495 489 489 496 496 490 490 496 496 489 489 496 496 490 490 497 497 498 498 491 491 499 499 492 492 499 499 491 491 499 499 492 492 500 500 493 493 500 500 492 492 500 500 493 493 501 501 494 494 501 501 493 493 501 501 494 494 502 502 495 495 502 502 494 494 502 502 495 495 503 503 496 496 503 503 495 495 503 503 496 496 504 504 497 497 504 504 496 496 504 504 497 497 505 505 506 506 498 498 507 507 499 499 507 507 498 498 507 507 499 499 508 508 500 500 508 508 499 499 508 508 500 500 509 509 501 501 509 509 500 500 509 509 501 501 510 510 502 502 510 510 501 501 510 510 502 502 511 511 503 503 511 511 502 502 511 511 503 503 512 512 504 504 512 512 503 503 512 512 504 504 513 513 505 505 513 513 504 504 513 513 505 505 514 514 515 515 506 506 516 516 507 507 516 516 506 506 516 516 507 507 517 517 508 508 517 517 507 507 517 517 508 508 518 518 509 509 518 518 508 508 518 518 509 509 519 519 510 510 519 519 509 509 519 519 510 510 520 520 511 511 520 520 510 510 520 520 511 511 521 521 512 512 521 521 511 511 521 521 512 512 522 522 513 513 522 522 512 512 522 522 513 513 523 523 514 514 523 523 513 513 523 523 514 514 524 524 407 407 515 515 408 408 516 516 408 408 515 515 408 408 516 516 525 525 517 517 525 525 516 516 525 525 517 517 526 526 518 518 526 526 517 517 526 526 518 518 527 527 519 519 527 527 518 518 527 527 519 519 528 528 520 520 528 528 519 519 528 528 520 520 529 529 521 521 529 529 520 520 529 529 521 521 530 530 522 522 530 530 521 521 530 530 522 522 531 531 523 523 531 531 522 522 531 531 523 523 532 532 524 524 532 532 523 523 532 532 524 524 533 533 534 534 406 406 535 535 408 408 535 535 406 406 535 535 408 408 536 536 525 525 536 536 408 408 536 536 525 525 537 537 526 526 537 537 525 525 537 537 526 526 538 538 527 527 538 538 526 526 538 538 527 527 539 539 528 528 539 539 527 527 539 539 528 528 540 540 529 529 540 540 528 528 540 540 529 529 541 541 530 530 541 541 529 529 541 541 530 530 542 542 531 531 542 542 530 530 542 542 531 531 543 543 532 532 543 543 531 531 543 543 532 532 544 544 533 533 544 544 532 532 544 544 533 533 545 545 545 545 546 546 544 544 547 547 544 544 546 546 544 544 547 547 543 543 548 548 543 543 547 547 543 543 548 548 542 542 549 549 542 542 548 548 542 542 549 549 541 541 550 550 541 541 549 549 541 541 550 550 540 540 551 551 540 540 550 550 540 540 551 551 539 539 552 552 539 539 551 551 539 539 552 552 538 538 553 553 538 538 552 552 538 538 553 553 537 537 554 554 537 537 553 553 537 537 554 554 536 536 555 555 536 536 554 554 536 536 555 555 535 535 556 556 535 535 555 555 535 535 556 556 534 534 202 202 534 534 556 556 204 204 202 202 417 417 556 556 417 417 202 202 417 417 556 556 416 416 555 555 416 416 556 556 416 416 555 555 415 415 554 554 415 415 555 555 415 415 554 554 418 418 553 553 418 418 554 554 418 418 553 553 419 419 552 552 419 419 553 553 419 419 552 552 420 420 551 551 420 420 552 552 420 420 551 551 421 421 550 550 421 421 551 551 421 421 550 550 422 422 549 549 422 422 550 550 422 422 549 549 423 423 548 548 423 423 549 549 423 423 548 548 424 424 547 547 424 424 548 548 424 424 547 547 425 425 546 546 425 425 547 547 425 425 546 546 557 557 545 545 558 558 546 546 62 62 64 64 477 477 467 467 477 477 64 64 477 477 467 467 481 481 468 468 481 481 467 467 481 481 468 468 486 486 469 469 486 486 468 468 486 486 469 469 490 490 470 470 490 490 469 469 490 490 470 470 497 497 471 471 497 497 470 470 497 497 471 471 505 505 472 472 505 505 471 471 505 505 472 472 514 514 473 473 514 514 472 472 514 514 473 473 524 524 474 474 524 524 473 473 524 524 474 474 533 533 475 475 533 533 474 474 533 533 475 475 545 545 559 559 545 545 475 475 237 237 239 239 560 560 561 561 562 562 563 563 325 325 564 564 565 565 566 566 567 567 568 568 567 567 566 566 569 569 570 570 571 571 572 572 573 573 571 571 574 574 566 566 573 573 575 575 576 576 577 577 578 578 579 579 577 577 580 580 572 572 579 579 581 581 582 582 583 583 584 584 585 585 583 583 586 586 578 578 585 585 587 587 393 393 588 588 589 589 371 371 590 590 392 392 591 591 590 590 592 592 584 584 591 591 593 593 57 57 235 235 594 594 57 57 594 594 59 59 595 595 59 59 594 594 59 59 595 595 63 63 596 596 63 63 595 595 63 63 596 596 65 65 597 597 65 65 596 596 65 65 597 597 68 68 598 598 68 68 597 597 68 68 598 598 70 70 599 599 70 70 598 598 70 70 599 599 73 73 600 600 73 73 599 599 73 73 600 600 75 75 601 601 75 75 600 600 75 75 601 601 78 78 78 78 601 601 83 83 602 602 83 83 601 601 83 83 602 602 82 82 603 603 61 61 567 567 82 82 567 567 61 61 567 567 82 82 568 568 602 602 568 568 82 82 393 393 589 589 391 391 604 604 391 391 589 589 391 391 604 604 389 389 605 605 389 389 604 604 389 389 605 605 388 388 606 606 388 388 605 605 388 388 606 606 386 386 607 607 386 386 606 606 386 386 607 607 383 383 608 608 383 383 607 607 383 383 608 608 381 381 609 609 381 381 608 608 381 381 609 609 380 380 610 610 380 380 609 609 380 380 610 610 378 378 611 611 378 378 610 610 378 378 611 611 376 376 328 328 376 376 611 611 376 376 328 328 187 187 588 588 612 612 589 589 613 613 589 589 612 612 589 589 613 613 604 604 614 614 604 604 613 613 604 604 614 614 605 605 615 615 605 605 614 614 605 605 615 615 606 606 616 616 606 606 615 615 606 606 616 616 607 607 617 617 607 607 616 616 607 607 617 617 608 608 618 618 608 608 617 617 608 608 618 618 609 609 619 619 609 609 618 618 609 609 619 619 610 610 620 620 610 610 619 619 610 610 620 620 611 611 565 565 611 611 620 620 611 611 565 565 328 328 564 564 328 328 565 565 621 621 325 325 622 622 565 565 622 622 325 325 622 622 565 565 623 623 620 620 623 623 565 565 623 623 620 620 624 624 619 619 624 624 620 620 624 624 619 619 625 625 618 618 625 625 619 619 625 625 618 618 626 626 617 617 626 626 618 618 626 626 617 617 627 627 616 616 627 627 617 617 627 627 616 616 628 628 615 615 628 628 616 616 628 628 615 615 629 629 614 614 629 629 615 615 629 629 614 614 630 630 613 613 630 630 614 614 630 630 613 613 631 631 612 612 631 631 613 613 631 631 632 632 630 630 633 633 630 630 632 632 630 630 633 633 629 629 634 634 629 629 633 633 629 629 634 634 628 628 635 635 628 628 634 634 628 628 635 635 627 627 636 636 627 627 635 635 627 627 636 636 626 626 637 637 626 626 636 636 626 626 637 637 625 625 638 638 625 625 637 637 625 625 638 638 624 624 639 639 624 624 638 638 624 624 639 639 623 623 640 640 623 623 639 639 623 623 640 640 622 622 641 641 622 622 640 640 622 622 641 641 621 621 642 642 621 621 641 641 632 632 643 643 633 633 644 644 633 633 643 643 633 633 644 644 634 634 645 645 634 634 644 644 634 634 645 645 635 635 646 646 635 635 645 645 635 635 646 646 636 636 647 647 636 636 646 646 636 636 647 647 637 637 648 648 637 637 647 647 637 637 648 648 638 638 649 649 638 638 648 648 638 638 649 649 639 639 650 650 639 639 649 649 639 639 650 650 640 640 651 651 640 640 650 650 640 640 651 651 641 641 652 652 641 641 651 651 641 641 652 652 642 642 653 653 642 642 652 652 643 643 654 654 644 644 655 655 644 644 654 654 644 644 655 655 645 645 656 656 645 645 655 655 645 645 656 656 646 646 657 657 646 646 656 656 646 646 657 657 647 647 658 658 647 647 657 657 647 647 658 658 648 648 659 659 648 648 658 658 648 648 659 659 649 649 660 660 649 649 659 659 649 649 660 660 650 650 661 661 650 650 660 660 650 650 661 661 651 651 662 662 651 651 661 661 651 651 662 662 652 652 663 663 652 652 662 662 652 652 663 663 653 653 664 664 653 653 663 663 654 654 665 665 655 655 666 666 655 655 665 665 655 655 666 666 656 656 667 667 656 656 666 666 656 656 667 667 657 657 668 668 657 657 667 667 657 657 668 668 658 658 669 669 658 658 668 668 658 658 669 669 659 659 670 670 659 659 669 669 659 659 670 670 660 660 671 671 660 660 670 670 660 660 671 671 661 661 672 672 661 661 671 671 661 661 672 672 662 662 673 673 662 662 672 672 662 662 673 673 663 663 563 563 663 663 673 673 663 663 563 563 664 664 562 562 664 664 563 563 674 674 561 561 675 675 563 563 675 675 561 561 675 675 563 563 676 676 673 673 676 676 563 563 676 676 673 673 677 677 672 672 677 677 673 673 677 677 672 672 678 678 671 671 678 678 672 672 678 678 671 671 679 679 670 670 679 679 671 671 679 679 670 670 680 680 669 669 680 680 670 670 680 680 669 669 681 681 668 668 681 681 669 669 681 681 668 668 682 682 667 667 682 682 668 668 682 682 667 667 683 683 666 666 683 683 667 667 683 683 666 666 684 684 665 665 684 684 666 666 684 684 685 685 683 683 686 686 683 683 685 685 683 683 686 686 682 682 687 687 682 682 686 686 682 682 687 687 681 681 688 688 681 681 687 687 681 681 688 688 680 680 689 689 680 680 688 688 680 680 689 689 679 679 690 690 679 679 689 689 679 679 690 690 678 678 691 691 678 678 690 690 678 678 691 691 677 677 692 692 677 677 691 691 677 677 692 692 676 676 693 693 676 676 692 692 676 676 693 693 675 675 694 694 675 675 693 693 675 675 694 694 674 674 695 695 674 674 694 694 685 685 696 696 686 686 697 697 686 686 696 696 686 686 697 697 687 687 698 698 687 687 697 697 687 687 698 698 688 688 699 699 688 688 698 698 688 688 699 699 689 689 700 700 689 689 699 699 689 689 700 700 690 690 701 701 690 690 700 700 690 690 701 701 691 691 702 702 691 691 701 701 691 691 702 702 692 692 703 703 692 692 702 702 692 692 703 703 693 693 704 704 693 693 703 703 693 693 704 704 694 694 705 705 694 694 704 704 694 694 705 705 695 695 706 706 695 695 705 705 696 696 707 707 697 697 708 708 697 697 707 707 697 697 708 708 698 698 709 709 698 698 708 708 698 698 709 709 699 699 710 710 699 699 709 709 699 699 710 710 700 700 711 711 700 700 710 710 700 700 711 711 701 701 712 712 701 701 711 711 701 701 712 712 702 702 713 713 702 702 712 712 702 702 713 713 703 703 714 714 703 703 713 713 703 703 714 714 704 704 715 715 704 704 714 714 704 704 715 715 705 705 716 716 705 705 715 715 705 705 716 716 706 706 717 717 706 706 716 716 707 707 718 718 708 708 719 719 708 708 718 718 708 708 719 719 709 709 720 720 709 709 719 719 709 709 720 720 710 710 721 721 710 710 720 720 710 710 721 721 711 711 722 722 711 711 721 721 711 711 722 722 712 712 723 723 712 712 722 722 712 712 723 723 713 713 724 724 713 713 723 723 713 713 724 724 714 714 725 725 714 714 724 724 714 714 725 725 715 715 726 726 715 715 725 725 715 715 726 726 716 716 560 560 716 716 726 726 716 716 560 560 717 717 239 239 717 717 560 560 235 235 237 237 594 594 560 560 594 594 237 237 594 594 560 560 595 595 726 726 595 595 560 560 595 595 726 726 596 596 725 725 596 596 726 726 596 596 725 725 597 597 724 724 597 597 725 725 597 597 724 724 598 598 723 723 598 598 724 724 598 598 723 723 599 599 722 722 599 599 723 723 599 599 722 722 600 600 721 721 600 600 722 722 600 600 721 721 601 601 720 720 601 601 721 721 601 601 720 720 602 602 719 719 602 602 720 720 602 602 719 719 568 568 718 718 568 568 719 719 568 568 718 718 566 566 707 707 566 566 718 718 566 566 707 707 573 573 696 696 573 573 707 707 573 573 696 696 571 571 685 685 571 571 696 696 571 571 685 685 572 572 684 684 572 572 685 685 572 572 684 684 579 579 665 665 579 579 684 684 579 579 665 665 577 577 654 654 577 577 665 665 577 577 654 654 578 578 643 643 578 578 654 654 578 578 643 643 585 585 632 632 585 585 643 643 585 585 632 632 583 583 631 631 583 583 632 632 583 583 631 631 584 584 612 612 584 584 631 631 584 584 612 612 591 591 588 588 591 591 612 612 591 591 588 588 590 590 393 393 590 590 588 588 590 590 393 393 392 392 727 727 728 728 729 729 25 25 23 23 730 730 21 21 19 19 731 731 6 6 732 732 7 7 733 733 375 375 734 734 394 394 734 734 375 375 734 734 394 394 735 735 395 395 735 735 394 394 735 735 395 395 736 736 390 390 736 736 395 395 736 736 390 390 737 737 387 387 737 737 390 390 737 737 387 387 738 738 385 385 738 738 387 387 738 738 385 385 739 739 384 384 739 739 385 385 739 739 384 384 740 740 382 382 740 740 384 384 740 740 382 382 741 741 379 379 741 741 382 382 741 741 379 379 742 742 377 377 742 742 379 379 742 742 377 377 743 743 374 374 743 743 377 377 743 743 374 374 744 744 266 266 744 744 374 374 744 744 266 266 264 264 7 7 732 732 8 8 745 745 746 746 747 747 748 748 747 747 746 746 747 747 748 748 749 749 750 750 749 749 748 748 751 751 745 745 752 752 747 747 752 752 745 745 752 752 747 747 753 753 749 749 753 753 747 747 753 753 749 749 754 754 755 755 754 754 749 749 15 15 13 13 751 751 10 10 751 751 13 13 751 751 10 10 745 745 8 8 745 745 10 10 745 745 8 8 746 746 732 732 746 746 8 8 746 746 732 732 748 748 756 756 748 748 732 732 16 16 15 15 757 757 751 751 757 757 15 15 757 757 751 751 758 758 752 752 758 758 751 751 758 758 752 752 759 759 753 753 759 759 752 752 759 759 753 753 760 760 754 754 760 760 753 753 760 760 754 754 761 761 762 762 761 761 754 754 763 763 764 764 761 761 765 765 761 761 764 764 761 761 765 765 760 760 766 766 760 760 765 765 760 760 766 766 759 759 767 767 759 759 766 766 759 759 767 767 758 758 768 768 758 758 767 767 758 758 768 768 757 757 769 769 757 757 768 768 757 757 769 769 16 16 18 18 16 16 769 769 770 770 771 771 764 764 772 772 764 764 771 771 764 764 772 772 765 765 773 773 765 765 772 772 765 765 773 773 766 766 774 774 766 766 773 773 766 766 774 774 767 767 775 775 767 767 774 774 767 767 775 775 768 768 776 776 768 768 775 775 768 768 776 776 769 769 731 731 769 769 776 776 769 769 731 731 18 18 19 19 18 18 731 731 23 23 21 21 730 730 731 731 730 730 21 21 730 730 731 731 777 777 776 776 777 777 731 731 777 777 776 776 778 778 775 775 778 778 776 776 778 778 775 775 779 779 774 774 779 779 775 775 779 779 774 774 780 780 773 773 780 780 774 774 780 780 773 773 781 781 772 772 781 781 773 773 781 781 772 772 782 782 771 771 782 782 772 772 782 782 771 771 783 783 784 784 783 783 771 771 26 26 25 25 785 785 730 730 785 785 25 25 785 785 730 730 786 786 777 777 786 786 730 730 786 786 777 777 787 787 778 778 787 787 777 777 787 787 778 778 788 788 779 779 788 788 778 778 788 788 779 779 789 789 780 780 789 789 779 779 789 789 780 780 790 790 781 781 790 790 780 780 790 790 781 781 791 791 782 782 791 791 781 781 791 791 782 782 792 792 783 783 792 792 782 782 792 792 783 783 793 793 794 794 793 793 783 783 29 29 30 30 795 795 31 31 795 795 30 30 795 795 31 31 796 796 797 797 795 795 798 798 796 796 798 798 795 795 798 798 796 796 799 799 800 800 797 797 801 801 798 798 801 801 797 797 801 801 798 798 802 802 799 799 802 802 798 798 802 802 799 799 803 803 804 804 800 800 805 805 801 801 805 805 800 800 805 805 801 801 806 806 802 802 806 806 801 801 806 806 802 802 807 807 803 803 807 807 802 802 807 807 803 803 808 808 809 809 810 810 804 804 811 811 804 804 810 810 804 804 811 811 800 800 280 280 800 800 811 811 800 800 280 280 797 797 276 276 797 797 280 280 797 797 276 276 795 795 275 275 795 795 276 276 795 795 275 275 29 29 28 28 29 29 275 275 812 812 809 809 813 813 804 804 813 813 809 809 813 813 804 804 814 814 805 805 814 814 804 804 814 814 805 805 815 815 806 806 815 815 805 805 815 815 806 806 816 816 807 807 816 816 806 806 816 816 807 807 817 817 808 808 817 817 807 807 817 817 808 808 818 818 819 819 812 812 820 820 813 813 820 820 812 812 820 820 813 813 821 821 814 814 821 821 813 813 821 821 814 814 822 822 815 815 822 822 814 814 822 822 815 815 823 823 816 816 823 823 815 815 823 823 816 816 824 824 817 817 824 824 816 816 824 824 817 817 825 825 818 818 825 825 817 817 825 825 818 818 826 826 827 827 819 819 828 828 820 820 828 828 819 819 828 828 820 820 829 829 821 821 829 829 820 820 829 829 821 821 830 830 822 822 830 830 821 821 830 830 822 822 831 831 823 823 831 831 822 822 831 831 823 823 832 832 824 824 832 832 823 823 832 832 824 824 833 833 825 825 833 833 824 824 833 833 825 825 834 834 826 826 834 834 825 825 834 834 826 826 835 835 836 836 827 827 837 837 828 828 837 837 827 827 837 837 828 828 838 838 829 829 838 838 828 828 838 838 829 829 839 839 830 830 839 839 829 829 839 839 830 830 840 840 831 831 840 840 830 830 840 840 831 831 841 841 832 832 841 841 831 831 841 841 832 832 842 842 833 833 842 842 832 832 842 842 833 833 843 843 834 834 843 843 833 833 843 843 834 834 844 844 835 835 844 844 834 834 844 844 835 835 845 845 728 728 836 836 729 729 837 837 729 729 836 836 729 729 837 837 846 846 838 838 846 846 837 837 846 846 838 838 847 847 839 839 847 847 838 838 847 847 839 839 848 848 840 840 848 848 839 839 848 848 840 840 849 849 841 841 849 849 840 840 849 849 841 841 850 850 842 842 850 850 841 841 850 850 842 842 851 851 843 843 851 851 842 842 851 851 843 843 852 852 844 844 852 852 843 843 852 852 844 844 853 853 845 845 853 853 844 844 853 853 845 845 854 854 855 855 727 727 856 856 729 729 856 856 727 727 856 856 729 729 857 857 846 846 857 857 729 729 857 857 846 846 858 858 847 847 858 858 846 846 858 858 847 847 859 859 848 848 859 859 847 847 859 859 848 848 860 860 849 849 860 860 848 848 860 860 849 849 861 861 850 850 861 861 849 849 861 861 850 850 862 862 851 851 862 862 850 850 862 862 851 851 863 863 852 852 863 863 851 851 863 863 852 852 864 864 853 853 864 864 852 852 864 864 853 853 865 865 854 854 865 865 853 853 865 865 854 854 866 866 866 866 867 867 865 865 868 868 865 865 867 867 865 865 868 868 864 864 869 869 864 864 868 868 864 864 869 869 863 863 870 870 863 863 869 869 863 863 870 870 862 862 871 871 862 862 870 870 862 862 871 871 861 861 872 872 861 861 871 871 861 861 872 872 860 860 873 873 860 860 872 872 860 860 873 873 859 859 874 874 859 859 873 873 859 859 874 874 858 858 875 875 858 858 874 874 858 858 875 875 857 857 876 876 857 857 875 875 857 857 876 876 856 856 877 877 856 856 876 876 856 856 877 877 855 855 262 262 855 855 877 877 264 264 262 262 744 744 877 877 744 744 262 262 744 744 877 877 743 743 876 876 743 743 877 877 743 743 876 876 742 742 875 875 742 742 876 876 742 742 875 875 741 741 874 874 741 741 875 875 741 741 874 874 740 740 873 873 740 740 874 874 740 740 873 873 739 739 872 872 739 739 873 873 739 739 872 872 738 738 871 871 738 738 872 872 738 738 871 871 737 737 870 870 737 737 871 871 737 737 870 870 736 736 869 869 736 736 870 870 736 736 869 869 735 735 868 868 735 735 869 869 735 735 868 868 734 734 867 867 734 734 868 868 734 734 867 867 878 878 866 866 879 879 867 867 31 31 26 26 796 796 785 785 796 796 26 26 796 796 785 785 799 799 786 786 799 799 785 785 799 799 786 786 803 803 787 787 803 803 786 786 803 803 787 787 808 808 788 788 808 808 787 787 808 808 788 788 818 818 789 789 818 818 788 788 818 818 789 789 826 826 790 790 826 826 789 789 826 826 790 790 835 835 791 791 835 835 790 790 835 835 791 791 845 845 792 792 845 845 791 791 845 845 792 792 854 854 793 793 854 854 792 792 854 854 793 793 866 866 880 880 866 866 793 793 294 294 189 189 881 881 882 882 883 883 884 884 333 333 885 885 886 886 887 887 888 888 889 889 888 888 887 887 890 890 891 891 892 892 887 887 893 893 894 894 895 895 896 896 894 894 897 897 891 891 896 896 898 898 899 899 900 900 901 901 902 902 900 900 903 903 895 895 902 902 904 904 905 905 906 906 907 907 908 908 906 906 909 909 901 901 908 908 910 910 1 1 296 296 911 911 1 1 911 911 2 2 912 912 2 2 911 911 2 2 912 912 27 27 913 913 27 27 912 912 27 27 913 913 24 24 914 914 24 24 913 913 24 24 914 914 22 22 915 915 22 22 914 914 22 22 915 915 20 20 916 916 20 20 915 915 20 20 916 916 17 17 917 917 17 17 916 916 17 17 917 917 14 14 918 918 14 14 917 917 14 14 918 918 12 12 12 12 918 918 11 11 919 919 11 11 918 918 11 11 919 919 9 9 920 920 4 4 888 888 9 9 888 888 4 4 888 888 9 9 889 889 919 919 889 889 9 9 344 344 921 921 345 345 922 922 345 345 921 921 345 345 922 922 347 347 923 923 347 347 922 922 347 347 923 923 350 350 924 924 350 350 923 923 350 350 924 924 355 355 925 925 355 355 924 924 355 355 925 925 354 354 926 926 354 354 925 925 354 354 926 926 352 352 927 927 352 352 926 926 352 352 927 927 362 362 928 928 362 362 927 927 362 362 928 928 360 360 929 929 360 360 928 928 360 360 929 929 358 358 930 930 358 358 929 929 358 358 930 930 356 356 336 336 356 356 930 930 356 356 336 336 184 184 885 885 336 336 886 886 930 930 886 886 336 336 886 886 930 930 931 931 929 929 931 931 930 930 931 931 929 929 932 932 928 928 932 932 929 929 932 932 928 928 933 933 927 927 933 933 928 928 933 933 927 927 934 934 926 926 934 934 927 927 934 934 926 926 935 935 925 925 935 935 926 926 935 935 925 925 936 936 924 924 936 936 925 925 936 936 924 924 937 937 923 923 937 937 924 924 937 937 923 923 938 938 922 922 938 938 923 923 938 938 922 922 939 939 921 921 939 939 922 922 939 939 921 921 940 940 344 344 940 940 921 921 940 940 344 344 343 343 941 941 333 333 942 942 886 886 942 942 333 333 942 942 886 886 943 943 931 931 943 943 886 886 943 943 931 931 944 944 932 932 944 944 931 931 944 944 932 932 945 945 933 933 945 945 932 932 945 945 933 933 946 946 934 934 946 946 933 933 946 946 934 934 947 947 935 935 947 947 934 934 947 947 935 935 948 948 936 936 948 948 935 935 948 948 936 936 949 949 937 937 949 949 936 936 949 949 937 937 950 950 938 938 950 950 937 937 950 950 938 938 951 951 939 939 951 951 938 938 951 951 952 952 950 950 953 953 950 950 952 952 950 950 953 953 949 949 954 954 949 949 953 953 949 949 954 954 948 948 955 955 948 948 954 954 948 948 955 955 947 947 956 956 947 947 955 955 947 947 956 956 946 946 957 957 946 946 956 956 946 946 957 957 945 945 958 958 945 945 957 957 945 945 958 958 944 944 959 959 944 944 958 958 944 944 959 959 943 943 960 960 943 943 959 959 943 943 960 960 942 942 961 961 942 942 960 960 942 942 961 961 941 941 962 962 941 941 961 961 952 952 963 963 953 953 964 964 953 953 963 963 953 953 964 964 954 954 965 965 954 954 964 964 954 954 965 965 955 955 966 966 955 955 965 965 955 955 966 966 956 956 967 967 956 956 966 966 956 956 967 967 957 957 968 968 957 957 967 967 957 957 968 968 958 958 969 969 958 958 968 968 958 958 969 969 959 959 970 970 959 959 969 969 959 959 970 970 960 960 971 971 960 960 970 970 960 960 971 971 961 961 972 972 961 961 971 971 961 961 972 972 962 962 973 973 962 962 972 972 963 963 974 974 964 964 975 975 964 964 974 974 964 964 975 975 965 965 976 976 965 965 975 975 965 965 976 976 966 966 977 977 966 966 976 976 966 966 977 977 967 967 978 978 967 967 977 977 967 967 978 978 968 968 979 979 968 968 978 978 968 968 979 979 969 969 980 980 969 969 979 979 969 969 980 980 970 970 981 981 970 970 980 980 970 970 981 981 971 971 982 982 971 971 981 981 971 971 982 982 972 972 983 983 972 972 982 982 972 972 983 983 973 973 984 984 973 973 983 983 974 974 985 985 975 975 986 986 975 975 985 985 975 975 986 986 976 976 987 987 976 976 986 986 976 976 987 987 977 977 988 988 977 977 987 987 977 977 988 988 978 978 989 989 978 978 988 988 978 978 989 989 979 979 990 990 979 979 989 989 979 979 990 990 980 980 991 991 980 980 990 990 980 980 991 991 981 981 992 992 981 981 991 991 981 981 992 992 982 982 993 993 982 982 992 992 982 982 993 993 983 983 884 884 983 983 993 993 983 983 884 884 984 984 883 883 984 984 884 884 994 994 882 882 995 995 884 884 995 995 882 882 995 995 884 884 996 996 993 993 996 996 884 884 996 996 993 993 997 997 992 992 997 997 993 993 997 997 992 992 998 998 991 991 998 998 992 992 998 998 991 991 999 999 990 990 999 999 991 991 999 999 990 990 1000 1000 989 989 1000 1000 990 990 1000 1000 989 989 1001 1001 988 988 1001 1001 989 989 1001 1001 988 988 1002 1002 987 987 1002 1002 988 988 1002 1002 987 987 1003 1003 986 986 1003 1003 987 987 1003 1003 986 986 1004 1004 985 985 1004 1004 986 986 1004 1004 1005 1005 1003 1003 1006 1006 1003 1003 1005 1005 1003 1003 1006 1006 1002 1002 1007 1007 1002 1002 1006 1006 1002 1002 1007 1007 1001 1001 1008 1008 1001 1001 1007 1007 1001 1001 1008 1008 1000 1000 1009 1009 1000 1000 1008 1008 1000 1000 1009 1009 999 999 1010 1010 999 999 1009 1009 999 999 1010 1010 998 998 1011 1011 998 998 1010 1010 998 998 1011 1011 997 997 1012 1012 997 997 1011 1011 997 997 1012 1012 996 996 1013 1013 996 996 1012 1012 996 996 1013 1013 995 995 1014 1014 995 995 1013 1013 995 995 1014 1014 994 994 1015 1015 994 994 1014 1014 1005 1005 1016 1016 1006 1006 1017 1017 1006 1006 1016 1016 1006 1006 1017 1017 1007 1007 1018 1018 1007 1007 1017 1017 1007 1007 1018 1018 1008 1008 1019 1019 1008 1008 1018 1018 1008 1008 1019 1019 1009 1009 1020 1020 1009 1009 1019 1019 1009 1009 1020 1020 1010 1010 1021 1021 1010 1010 1020 1020 1010 1010 1021 1021 1011 1011 1022 1022 1011 1011 1021 1021 1011 1011 1022 1022 1012 1012 1023 1023 1012 1012 1022 1022 1012 1012 1023 1023 1013 1013 1024 1024 1013 1013 1023 1023 1013 1013 1024 1024 1014 1014 1025 1025 1014 1014 1024 1024 1014 1014 1025 1025 1015 1015 1026 1026 1015 1015 1025 1025 1016 1016 1027 1027 1017 1017 1028 1028 1017 1017 1027 1027 1017 1017 1028 1028 1018 1018 1029 1029 1018 1018 1028 1028 1018 1018 1029 1029 1019 1019 1030 1030 1019 1019 1029 1029 1019 1019 1030 1030 1020 1020 1031 1031 1020 1020 1030 1030 1020 1020 1031 1031 1021 1021 1032 1032 1021 1021 1031 1031 1021 1021 1032 1032 1022 1022 1033 1033 1022 1022 1032 1032 1022 1022 1033 1033 1023 1023 1034 1034 1023 1023 1033 1033 1023 1023 1034 1034 1024 1024 1035 1035 1024 1024 1034 1034 1024 1024 1035 1035 1025 1025 1036 1036 1025 1025 1035 1035 1025 1025 1036 1036 1026 1026 1037 1037 1026 1026 1036 1036 1027 1027 1038 1038 1028 1028 1039 1039 1028 1028 1038 1038 1028 1028 1039 1039 1029 1029 1040 1040 1029 1029 1039 1039 1029 1029 1040 1040 1030 1030 1041 1041 1030 1030 1040 1040 1030 1030 1041 1041 1031 1031 1042 1042 1031 1031 1041 1041 1031 1031 1042 1042 1032 1032 1043 1043 1032 1032 1042 1042 1032 1032 1043 1043 1033 1033 1044 1044 1033 1033 1043 1043 1033 1033 1044 1044 1034 1034 1045 1045 1034 1034 1044 1044 1034 1034 1045 1045 1035 1035 1046 1046 1035 1035 1045 1045 1035 1035 1046 1046 1036 1036 881 881 1036 1036 1046 1046 1036 1036 881 881 1037 1037 189 189 1037 1037 881 881 296 296 294 294 911 911 881 881 911 911 294 294 911 911 881 881 912 912 1046 1046 912 912 881 881 912 912 1046 1046 913 913 1045 1045 913 913 1046 1046 913 913 1045 1045 914 914 1044 1044 914 914 1045 1045 914 914 1044 1044 915 915 1043 1043 915 915 1044 1044 915 915 1043 1043 916 916 1042 1042 916 916 1043 1043 916 916 1042 1042 917 917 1041 1041 917 917 1042 1042 917 917 1041 1041 918 918 1040 1040 918 918 1041 1041 918 918 1040 1040 919 919 1039 1039 919 919 1040 1040 919 919 1039 1039 889 889 1038 1038 889 889 1039 1039 889 889 1038 1038 887 887 1027 1027 887 887 1038 1038 887 887 1027 1027 891 891 1016 1016 891 891 1027 1027 891 891 1016 1016 896 896 1005 1005 896 896 1016 1016 896 896 1005 1005 894 894 1004 1004 894 894 1005 1005 894 894 1004 1004 895 895 985 985 895 895 1004 1004 895 895 985 985 902 902 974 974 902 902 985 985 902 902 974 974 900 900 963 963 900 900 974 974 900 900 963 963 901 901 952 952 901 901 963 963 901 901 952 952 908 908 951 951 908 908 952 952 908 908 951 951 906 906 939 939 906 906 951 951 906 906 939 939 907 907 940 940 907 907 939 939 907 907 940 940 1047 1047</p>
        </triangles>
      </mesh>
    </geometry>
  </library_geometries>
  <library_materials>
    <material id="9b5a2c18bf364fd48a1bd3047f607137" name="defaultmaterial">
      <instance_effect url="#c9092acd96e4471aad6eacb0e69a1c8c"/>
    </material>
  </library_materials>
  <library_visual_scenes>
    <visual_scene id="scene">
      <node id="node0" name="node0">
        <instance_geometry url="#67973f611d9b41b89507d5336b251b95">
          <bind_material>
            <technique_common>
              <instance_material symbol="material0" target="#9b5a2c18bf364fd48a1bd3047f607137"/>
            </technique_common>
          </bind_material>
        </instance_geometry>
      </node>
    </visual_scene>
  </library_visual_scenes>
  <scene>
    <instance_visual_scene url="#scene"/>
  </scene>
</COLLADA>
