<COLLADA xmlns="http://www.collada.org/2005/11/COLLADASchema" version="1.4.1">
  <asset>
    <created>2026-09-27T18:30:25.124626</created>
    <modified>2026-09-27T18:30:25.124626</modified>
    <up_axis>Y_UP</up_axis>
  </asset>
  <library_effects>
    <effect id="7e0618461308458b96549e10675b6328" name="7e0618461308458b96549e10675b6328">
      <profile_COMMON>
        <technique sid="common">
          <phong>
            <emission>
              <color>0.0 0.0 0.0 1.0</color>
            </emission>
            <ambient>
              <color>0.0 0.0 0.0 1.0</color>
            </ambient>
            <diffuse>
              <color>0.8941176470588236 0.8941176470588236 0.8941176470588236 1.0</color>
            </diffuse>
            <specular>
              <color>0.0 0.0 0.0 1.0</color>
            </specular>
            <shininess>
              <float>0.0</float>
            </shininess>
            <reflective>
              <color>0.0 0.0 0.0 1.0</color>
            </reflective>
            <reflectivity>
              <float>0.0</float>
            </reflectivity>
            <transparent>
              <color>0.0 0.0 0.0 1.0</color>
            </transparent>
            <transparency>
              <float>1.0</float>
            </transparency>
          </phong>
        </technique>
        <extra>
          <technique profile="GOOGLEEARTH">
            <double_sided>0</double_sided>
          </technique>
        </extra>
      </profile_COMMON>
    </effect>
  </library_effects>
  <library_geometries>
    <geometry id="aee46267eeb8454288bd956283a9c671" name="efd2690901af4b6fbfc33435989cc57f">
      <mesh>
        <source id="verts-array">
          <float_array count="4788" id="verts-array-array">0.007344224 0.01338819 0.001022994 0.007426264 0.01338341 0.0007357712 0.007406791 0.01531908 0.0004060845 0.007172917 0.009524999 0.001975867 0.00721092 0.01145919 0.001646385 0.006929218 0.01147203 0.002248252 0.006057508 0.009570735 0.003807784 0.005883375 0.007639987 0.00413012 0.006332183 0.007622705 0.003513784 -0.0008043328 0.01364917 0.006528647 -0.001181592 0.01172056 0.006517775 -0.0005754703 0.01170773 0.006817939 -0.006217761 0.01181427 0.002642075 -0.006414597 0.01181652 0.002339244 -0.007203675 0.007955585 0.001821371 0.006481568 0.001807642 0.003886557 0.00702094 0.001788247 0.003293789 0.007058943 0.003722435 0.002964307 -0.006320468 0.01371044 -0.002171506 -0.006310245 0.01565111 -0.001879814 -0.006073987 0.01563926 -0.002500507 -0.006330691 0.01176977 -0.002463198 -0.006612394 0.01178261 -0.001861332 -0.003674582 0.003909414 -0.006668519 -0.003981178 0.007799046 -0.006099454 -0.003438484 0.007779671 -0.006680908 -0.004238242 0.003929513 -0.006067356 -0.004793018 0.003949456 -0.005458249 -0.005007333 0.007836706 -0.004889691 -0.005484363 0.007854717 -0.004273131 -0.004505211 0.007818104 -0.005500459 -0.006381828 0.002066415 -0.003921665 -0.006921199 0.00208581 -0.003328896 -0.006859445 0.004025171 -0.003035382 0.0008859009 -0.0001037316 -0.008741254 0.0008583046 -0.0001031107 -0.008750919 0.0003760795 0.00378931 -0.008368578 0.0008546088 0.009601 -0.007363166 0.0005893706 0.01154671 -0.007292466 0.001173997 0.01153407 -0.007032886 0.002057628 0.009576307 -0.006685874 0.00233513 0.007631369 -0.006639034 0.001718384 0.007643419 -0.007051916 0.002682786 0.009563826 -0.006296125 0.002964438 0.007619258 -0.006197986 0.007210492 0.01530551 -0.00159957 0.007310034 0.0153058 -0.001291997 0.007701172 0.01142515 -0.0006594643 0.007558109 0.01336696 -0.0006707276 0.007387444 0.01530661 -0.0009901484 0.007441011 0.01530796 -0.0006963171 0.007582921 0.01337173 -8.763823e-05 0.007697291 0.01143358 0.0002374823 0.007728337 0.0114301 -5.147823e-05 0.003885173 0.005662983 -0.005588166 0.004170123 0.003718755 -0.005444146 0.003527741 0.003730122 -0.006001707 0.004455075 0.001774528 -0.005300125 0.004740026 -0.0001696987 -0.005156104 0.004091044 -0.0001590145 -0.005805428 0.008240814 0.005608334 0.0006069415 0.008070135 0.00754799 0.0002875207 0.008015656 0.007552233 0.0005933677 0.008907376 -0.0002187108 0.001123742 0.008945158 -0.0002217377 0.0009025568 0.008520289 0.003659862 0.0002785297 0.008730927 -0.0002096145 0.001613987 0.008748994 -0.0002105458 0.001563803 0.008411487 0.003668679 0.0009263552 -0.005328712 0.0311682 0.002057444 -0.005444137 0.03116997 0.001927887 -0.005595748 0.02923294 0.001636274 -0.004771891 0.02334123 -0.004375113 -0.005207588 0.02335757 -0.003823207 -0.005514198 0.02724721 -0.003254142 -0.005399377 0.02336522 -0.003532136 -0.005573084 0.02337247 -0.003232886 -0.005840059 0.02726106 -0.002665996 -0.005970548 0.02726727 -0.002359538 -0.005687785 0.02725436 -0.002964728 -0.0009978114 0.02128244 -0.006891258 -0.0007368145 0.01933654 -0.006994286 -0.0009974666 0.01934355 -0.006961894 -0.006466399 0.01760444 -0.0006861522 -0.006489521 0.0176077 -0.0003992332 -0.006370291 0.01954559 -0.0001055142 -0.006659999 0.01567499 -0.0002784339 -0.006669704 0.01567648 -0.0001451312 -0.006487287 0.01761271 0.0001462625 -0.003280541 0.01553218 -0.006285625 -0.003570917 0.01554182 -0.006052932 -0.003165792 0.01746817 -0.006207763 -0.001021664 0.01740492 -0.007072641 -0.00127097 0.0193511 -0.006907161 -0.0004661797 0.02126802 -0.006970274 -0.0001972305 0.0193225 -0.007009798 -0.000471603 0.01932957 -0.007009673 0.0009703743 0.01929381 -0.0068607 0.0006700949 0.019301 -0.006920096 0.0003925855 0.02124593 -0.006966943 0.0004109658 0.02318331 -0.007006995 0.0007112311 0.0231758 -0.006983109 0.0009928828 0.02123123 -0.00688497 0.006875411 0.02112558 -0.001948404 0.006723349 0.02112678 -0.002240802 0.00652778 0.0230671 -0.002557068 0.006992198 0.01724645 -0.001912582 0.006851431 0.01724722 -0.002220222 0.00661268 0.01918872 -0.002529873 0.007974253 0.03080559 -9.750658e-05 0.007974097 0.03080593 -6.230836e-05 0.007664859 0.02694345 0.0005850111 0.007937248 0.03081335 0.0006353762 0.007886205 0.03081715 0.0009031409 0.007475509 0.02695723 0.001544235 0.006596446 0.02311788 0.003101383 0.006770153 0.02311063 0.002802133 0.007236642 0.02696913 0.002163308 0.007367131 0.02696293 0.00185685 0.007084368 0.02697583 0.00246204 0.006910781 0.02698298 0.002751454 0.006404657 0.02312552 0.003392455 0.007333937 0.01919949 0.0006303008 0.00736289 0.01919594 0.0003284568 0.007438875 0.02306432 -0.0003305003 0.004078581 0.01545672 0.005998743 0.004368957 0.01544708 0.00576605 0.00406359 0.01739428 0.005884914 0.001012868 0.01554417 0.006913455 0.001283692 0.0155375 0.006946236 0.001639357 0.01746497 0.006774656 -0.004939036 0.02922326 0.002414583 -0.005392784 0.02923011 0.001894625 -0.005575201 0.02729388 0.001603231 -0.0004305093 0.02332928 0.006378875 -0.0007375676 0.02333634 0.006287327 -0.001125041 0.02140671 0.006139174 -0.0002008763 0.02138557 0.006425633 -0.0005082386 0.02139275 0.006345547 -0.0008929485 0.01946342 0.006237492 2.718031e-05 0.01944218 0.006501883 -0.0002769798 0.01944933 0.006428013 -0.0006583886 0.01752035 0.006365841 -0.005953634 0.01761523 0.001897373 -0.006292142 0.01568318 0.001623689 -0.005994295 0.01568129 0.002246864 -0.006412452 0.01568339 0.001312688 -0.006670496 0.01567901 0.0001258768 -0.006456368 0.01761441 0.0004150296 -0.00630487 0.01954894 0.0004376562 -0.005186156 0.01567154 0.00343735 -0.004667315 0.01566314 0.003972034 -0.003865891 0.01952348 0.004459454 -0.005276616 0.02147933 0.00244474 -0.005615125 0.01954728 0.002171056 -0.005250266 0.01954353 0.002779993 -0.00562228 0.01761241 0.002513428 -0.005230984 0.01760793 0.003116064 -0.005625519 0.01567746 0.002857117 -0.005415394 0.01567479 0.00315206 -0.0057781 0.02148397 0.001553619 -0.006156137 0.01955017 0.0009823315 -0.006048537 0.01955007 0.001270166 -0.00639955 0.01761555 0.0006958798 -0.006318966 0.01761618 0.0009867195 -0.00664297 0.01568094 0.0004094352 -0.006589403 0.01568229 0.0007032665 -0.005330712 0.02341599 0.002126315 -0.005626037 0.02148277 0.001846017 -0.005921356 0.01954954 0.001565711 -0.006216675 0.01761632 0.00128542 -0.004938108 0.02341138 0.002718423 -0.004878251 0.02147466 0.003046557 -0.004506237 0.02340578 0.003313121 -0.004836448 0.0195384 0.003374997 -0.004105275 0.01565323 0.004463621 -0.003516157 0.01564224 0.004914604 -0.002730633 0.01950236 0.005333819 -0.002907771 0.01563039 0.005325301 0.00128427 0.02134886 0.006590504 0.000912326 0.01942063 0.006635987 0.001194785 0.0194135 0.00665098 0.0005403751 0.01749241 0.006681476 0.0008260718 0.01748547 0.006726465 0.0001684243 0.01556418 0.006726966 0.0004573655 0.01555744 0.006801957 -0.002517739 0.01756026 0.005507423 -0.002127699 0.01949013 0.005689552 -0.002337879 0.02143242 0.005543426 -0.001737674 0.02142001 0.005871682 -0.003313079 0.01951355 0.004924116 -0.002520887 0.02337388 0.005384608 0.000104429 0.02137831 0.006490184 0.0004066381 0.02137098 0.006539066 0.0007047262 0.02136361 0.006572158 -0.0001235358 0.02332207 0.006453595 0.0001822714 0.02331473 0.00651145 0.0004858377 0.02330729 0.006552356 0.001081986 0.02329222 0.00658303 0.000786103 0.02329978 0.006576242 0.001656221 0.02327708 0.006545014 0.001563491 0.02134153 0.006575489 0.001469158 0.01940643 0.006650855 0.001104155 0.01747859 0.00675753 0.0007391531 0.01555076 0.006864191 -0.006242234 0.01954981 0.0007041754 -0.006028099 0.0214852 0.0009933352 -0.006122453 0.02148518 0.00072905 -0.005813965 0.0234206 0.001282481 -0.005940036 0.02342141 0.001020444 -0.00559983 0.02535599 0.001571641 -0.005182463 0.02728864 0.002128131 -0.005425876 0.02535402 0.001841679 -0.005669296 0.02341941 0.001555235 -0.005912717 0.02148479 0.001268776 -0.005035393 0.02534921 0.002406621 -0.004740067 0.02728243 0.002686919 -0.004444748 0.02921566 0.002967225 -0.00404737 0.02339934 0.003892871 -0.003258293 0.02726028 0.004410744 -0.003762199 0.02726802 0.003846243 -0.004377462 0.01953183 0.003939693 -0.003568766 0.02339212 0.00444204 -0.002760068 0.0272524 0.004944387 -0.005757618 0.02535765 0.001311837 -0.003064464 0.02338382 0.004946875 -0.002263045 0.02724415 0.005434291 -0.002355721 0.02918255 0.005195559 -0.003390184 0.02919914 0.004112808 -0.004261104 0.02727548 0.00326579 -0.004599613 0.02534343 0.002992106 -0.00301817 0.03113026 0.004379372 -0.004149425 0.03114888 0.00324752 -0.003922594 0.02920752 0.003539475 -0.001043636 0.02334321 0.006178979 -0.001347641 0.02334988 0.006053804 -0.001648493 0.02335631 0.005911829 -0.001945111 0.02336247 0.005753033 -0.001447724 0.02722859 0.006018983 -0.001728698 0.02723421 0.00584511 -0.0006572179 0.03108874 0.00645683 -0.0007998436 0.03109176 0.006385445 -0.0008657839 0.02721626 0.00630522 -0.0001293822 0.03107726 0.006683433 -0.001159588 0.02722259 0.006172247 -0.0003728432 0.03108264 0.006588315 -0.0004715862 0.03108483 0.006549735 3.737285e-05 0.02719558 0.006583642 0.0003417663 0.02718823 0.006636576 0.0009494395 0.03105138 0.006889301 0.000812695 0.03105478 0.006876039 0.0005842055 0.03106046 0.006853896 -0.0002661299 0.02720272 0.006510839 0.0005118784 0.0310622 0.006840076 0.0002232836 0.03106912 0.006784975 -0.0005675686 0.02720962 0.006418055 0.0002126098 0.03106936 0.006781904 -8.258015e-05 0.03107618 0.006696899 0.000645884 0.02718071 0.006669704 0.0009485597 0.02717304 0.006683077 0.001682424 0.03103223 0.006859185 0.001545026 0.02715738 0.006650602 0.002303079 0.03101497 0.006721843 0.002043989 0.03102231 0.006793768 0.001248655 0.02716525 0.0066767 0.002011233 0.03102321 0.0067997 0.001714608 0.03103134 0.00685336 0.002869772 0.03099834 0.006502311 0.002772066 0.02906175 0.006408551 0.003070757 0.03099225 0.006404097 0.00314244 0.03099 0.00636048 0.002397552 0.03101229 0.006695612 0.001836512 0.02714944 0.006604782 0.002589581 0.03100667 0.006622716 0.001415014 0.03103933 0.006882526 0.001316886 0.03104194 0.006891086 0.001114063 0.03104715 0.006890097 -0.001111829 0.03109799 0.006191504 -0.001404693 0.03110347 0.005969886 -0.0009342059 0.03109444 0.006301921 -0.001459737 0.03110442 0.005919649 0.001373622 0.01747181 0.006774458 0.001734369 0.01939946 0.006635469 0.00183416 0.02133426 0.006544194 0.001932205 0.02326956 0.006500004 0.002028171 0.02520531 0.006499524 0.00174719 0.02521307 0.006555966 0.002121968 0.02714148 0.006539269 0.002741036 0.03100223 0.006565224 0.002268524 0.01938489 0.006548343 0.001995021 0.01939244 0.006603076 0.001919462 0.01745753 0.006749792 0.001570393 0.01553016 0.006951247 0.002823729 0.01743213 0.006522874 0.002847509 0.01936834 0.006371472 0.002182148 0.0155137 0.006875651 0.002553655 0.01937683 0.00647105 0.002212376 0.01744951 0.006699362 0.001871089 0.0155222 0.006927667 0.002821734 0.01549549 0.006688181 0.003143657 0.01548595 0.006553928 0.003448809 0.01741349 0.006249392 0.003462619 0.01547625 0.00639366 0.003775354 0.01546648 0.006208297 0.002095123 0.0213271 0.006496473 0.002199155 0.0232621 0.006437527 0.002300918 0.02519758 0.006424519 0.002400115 0.02713353 0.006454041 0.002894928 0.02130415 0.006242746 0.002617594 0.02131226 0.006346888 0.002350672 0.02131992 0.006431497 0.00245587 0.02325475 0.006357483 0.002564157 0.02518994 0.006330866 0.002669624 0.02712561 0.006349027 0.006872028 0.01534963 0.002213625 0.007006985 0.01728137 0.001888579 0.006754024 0.01729373 0.002518438 0.006440922 0.01730761 0.003145455 0.006483569 0.01924465 0.003135382 0.006303677 0.01925212 0.003440958 0.006925347 0.02310379 0.002496112 0.006928157 0.01922448 0.002196102 0.007043511 0.01921857 0.001879621 0.007354192 0.02308101 0.001232316 0.007061674 0.02309738 0.00218472 0.006647846 0.01923754 0.002825213 0.00714195 0.0192131 0.001563539 0.00722329 0.01920808 0.001249115 0.00744933 0.02307265 0.0005963024 0.00728734 0.01920354 0.0009376133 0.007462965 0.02306651 -2.713054e-05 0.007384169 0.02112782 -0.0002963892 0.007374179 0.01919291 3.346021e-05 0.007367845 0.01919041 -0.0002533032 0.004441711 0.02706893 0.005159116 0.003918767 0.0270861 0.005557824 0.004118117 0.02514157 0.005431865 0.003577487 0.02515878 0.005786136 0.003794517 0.02321421 0.00570462 0.003417658 0.02710234 0.005916751 0.003061994 0.02517486 0.00608833 0.003315725 0.02516699 0.005943985 0.004928296 0.02317768 0.004914764 0.005504767 0.02703328 0.004267997 0.004974563 0.02705119 0.004726699 0.004059105 0.02126857 0.005640312 0.00464006 0.02124988 0.005238148 0.004364256 0.02319611 0.005335776 0.004669411 0.02512365 0.005031236 0.006501827 0.02699857 0.003295975 0.005469391 0.02315942 0.004449328 0.00596896 0.02314187 0.003944361 0.004919179 0.01930325 0.005107691 0.005436094 0.01928516 0.004592744 0.003177371 0.02711004 0.006079498 0.003538118 0.02903768 0.005940508 0.003294155 0.02904561 0.006117537 0.003939057 0.03096393 0.005762965 0.003897522 0.03096535 0.005799992 0.003679466 0.03097277 0.005994371 0.003658471 0.03097345 0.00600995 0.003406295 0.03098168 0.006197032 0.003773315 0.02902981 0.005745164 0.003978975 0.03096254 0.005723597 0.005279715 0.02897873 0.004422162 0.004765308 0.02899629 0.004886364 0.004260047 0.02901341 0.005329527 0.004128973 0.03095728 0.005573592 0.003470923 0.02128685 0.005977369 0.00345038 0.01935036 0.006107686 0.003147322 0.01935949 0.006250125 0.007033787 0.0308553 0.002646771 0.006806464 0.03086347 0.002895968 0.006569832 0.03087176 0.003132612 0.006019611 0.02701559 0.00379097 0.006294722 0.02894367 0.00346179 0.005584866 0.03090627 0.004117626 0.005088906 0.03092365 0.004613611 0.004601326 0.03094073 0.005101215 0.007411873 0.02307656 0.0009134667 0.007675363 0.02693722 -5.650259e-05 0.007681795 0.02694003 0.0002633803 0.007466401 0.0230693 0.0002822869 0.007591994 0.02693354 -0.0006845618 0.007645469 0.02693505 -0.0003730324 0.0073289 0.02306174 -0.0009126908 0.007309427 0.02499741 -0.001242378 0.007404148 0.02499763 -0.0009560739 0.007192815 0.02499786 -0.001517126 0.007243185 0.02306139 -0.001188217 0.007293548 0.02112492 -0.0008593143 0.007699173 0.03082773 0.001522926 0.007767005 0.03082436 0.001349129 0.007805141 0.03082215 0.001216498 0.007868434 0.03081848 0.0009963859 0.007633427 0.03083098 0.0016914 0.007561471 0.02695207 0.001227012 0.007942161 0.03081275 0.000584475 0.007276422 0.02308597 0.001551429 0.007624687 0.02694747 0.0009067565 0.007972556 0.03080905 0.0002700454 0.006796155 0.01923081 0.002511709 0.00717881 0.02309144 0.001869357 0.005898541 0.01926805 0.004033447 0.0077171 0.03080068 -0.001340502 0.007778576 0.0308006 -0.001178532 0.007820586 0.03080092 -0.001027257 0.007876796 0.03080135 -0.0008248498 0.007142452 0.02693433 -0.001846028 0.007040234 0.03080732 -0.002502511 0.007077232 0.03080675 -0.002460982 0.007289948 0.02693307 -0.001572071 0.007431142 0.03080244 -0.001943806 0.007414138 0.02693253 -0.001285923 0.007296023 0.03080386 -0.002165938 0.007248705 0.03080448 -0.002229741 0.007486984 0.03080185 -0.001852 0.007587304 0.03080118 -0.001646683 0.007514867 0.02693269 -0.0009894645 0.007648144 0.03080076 -0.001522145 0.007897819 0.03080189 -0.0007086721 0.007942274 0.03080302 -0.0004631575 0.007948982 0.03080356 -0.0003864594 0.007054444 0.024999 -0.001778558 0.007275453 0.03084615 0.002331742 0.007053969 0.03085457 0.002624637 0.007568685 0.03083385 0.001820885 0.007469263 0.03083826 0.002019713 0.007414014 0.03084051 0.002108664 0.007137104 0.02306168 -0.001451196 0.007219764 0.02112437 -0.001123835 0.007302424 0.01918705 -0.0007964736 0.003180186 0.02129566 0.00611938 0.003236215 0.02323146 0.006014441 0.002966656 0.02323962 0.00614544 0.002706336 0.02324739 0.006259917 0.002816624 0.02518239 0.006218487 0.002929153 0.02711777 0.006224198 0.003038338 0.02905364 0.006273542 0.003384558 0.03098239 0.006213155 0.004903315 0.01533567 -0.004750503 0.004314197 0.01534665 -0.005201486 0.003728188 0.01923364 -0.005692637 0.003705812 0.01535851 -0.005612182 0.001837838 0.01539753 -0.006590551 0.001556186 0.0173421 -0.00668869 0.002175456 0.01732835 -0.006452287 5.888735e-05 0.01543814 -0.007151073 -0.0002063578 0.01738385 -0.00708038 0.000340675 0.01543146 -0.007088839 7.172578e-05 0.01737698 -0.007049315 0.0006296161 0.01542472 -0.007013848 0.0003574224 0.01737004 -0.007004326 0.0009475973 0.01735606 -0.006873256 0.001225107 0.01541112 -0.006826408 0.001502616 0.01346618 -0.006779561 0.006918911 0.01918645 -0.001924529 0.007046091 0.01918592 -0.001628983 0.007153691 0.01918582 -0.001341149 0.007010028 0.02112476 -0.001663561 0.007114472 0.01724613 -0.00160827 0.006373928 0.02113022 -0.002839525 0.006135176 0.02307172 -0.003149176 0.006332219 0.02500743 -0.002873341 0.005703306 0.02307732 -0.003743874 0.005975563 0.02113489 -0.003441342 0.005834003 0.01919759 -0.003733815 0.005465356 0.01532576 -0.004258915 0.004310634 0.01922244 -0.005282933 0.003717955 0.02310921 -0.005815361 0.003435191 0.02117713 -0.005938211 0.001890503 0.01927257 -0.006596309 0.002222353 0.02120283 -0.006533959 0.002510063 0.01925891 -0.00634983 0.002834985 0.02118954 -0.006266467 0.001934636 0.02314676 -0.00671808 0.002240705 0.02313988 -0.006609732 0.00254471 0.02313321 -0.006484557 0.002845562 0.02312678 -0.006342582 0.001274534 0.01928667 -0.00678683 0.0006906736 0.02123856 -0.006933851 0.0001150831 0.02319087 -0.007013783 8.522867e-05 0.01931536 -0.006994804 -0.000186958 0.02126069 -0.006985289 -0.0004591517 0.02320601 -0.006975767 0.001298188 0.02122397 -0.006820418 0.001014797 0.02316836 -0.006942203 0.00160555 0.0212168 -0.006740332 0.001320605 0.02316103 -0.006884347 0.001627578 0.02315381 -0.006809628 -0.001849955 0.01936766 -0.00673029 -0.001384108 0.0154752 -0.007162533 -0.001925931 0.01743032 -0.006845723 -0.001702087 0.01548413 -0.007082511 -0.002238263 0.01743952 -0.00672078 -0.001556101 0.01935917 -0.006829868 -0.001314578 0.01741293 -0.007022212 -0.001073049 0.0154667 -0.007214549 -0.002023693 0.01549341 -0.006975063 -0.002345617 0.01550294 -0.00684081 -0.002551011 0.01744895 -0.006572241 -0.002664579 0.01551265 -0.006680542 -0.002977314 0.01552242 -0.006495179 -0.006109188 0.01758108 -0.002211428 -0.005856227 0.01756872 -0.002841288 -0.006212469 0.01758665 -0.001898367 -0.006300008 0.01759178 -0.001588123 -0.00660875 0.01566982 -0.0006929664 -0.006556166 0.0156658 -0.0009800339 -0.006488865 0.01566134 -0.00127431 -0.002373611 0.0213227 -0.006372154 -0.002149768 0.01937651 -0.006608942 -0.002452825 0.01938563 -0.006466504 -0.002961793 0.02134097 -0.006035097 -0.003921624 0.01943275 -0.005466509 -0.003542748 0.02135967 -0.005632933 -0.003354271 0.01941392 -0.005920347 -0.002756406 0.01939496 -0.006303673 -0.005543124 0.01755483 -0.003468305 -0.005486015 0.01949135 -0.003494199 -0.005306123 0.01948388 -0.003799776 -0.005728278 0.02337931 -0.002926865 -0.005930602 0.01951152 -0.002554919 -0.006045957 0.01951743 -0.002238438 -0.006157123 0.02340209 -0.001663069 -0.006078926 0.02727296 -0.002046923 -0.005864605 0.02338571 -0.002615473 -0.005650292 0.01949846 -0.00318403 -0.006144396 0.0195229 -0.001922356 -0.006225735 0.01952791 -0.001607932 -0.006252261 0.02341044 -0.001027055 0.006866365 0.02306369 -0.001985988 0.006722702 0.02500262 -0.0023084 0.006579046 0.02694155 -0.002630819 0.003852061 0.02892119 -0.005734215 0.004156651 0.02697779 -0.005447075 0.003659628 0.02698604 -0.005936979 0.004765834 0.02309098 -0.004872792 0.004261533 0.02309928 -0.005377628 0.005375017 0.01920417 -0.004298511 0.004863445 0.01921252 -0.004818271 0.005158782 0.02696217 -0.004348932 0.005657687 0.02695472 -0.003768478 0.003142179 0.02312062 -0.006183786 0.002844307 0.02700161 -0.006521672 0.003125281 0.02699598 -0.006347798 -0.0007368482 0.02127528 -0.00693898 -0.001002086 0.02322099 -0.006868279 -0.0007351359 0.02321354 -0.006930757 -0.001004092 0.02515906 -0.006891239 -0.0007313455 0.02515134 -0.006966244 -0.001003532 0.02709666 -0.006956729 -0.0007253849 0.02708871 -0.007041957 0.007216764 0.01724627 -0.001309569 0.007297347 0.01724689 -0.001018729 0.007239788 0.01918619 -0.001062993 0.007125411 0.02112434 -0.00138812 0.007011034 0.02306249 -0.001713234 0.006896656 0.02500065 -0.002038361 0.006971784 0.02693631 -0.002105919 0.006435376 0.02888048 -0.002953239 0.006889124 0.02887363 -0.002433281 0.005896439 0.02501322 -0.003458827 0.00613665 0.02694776 -0.003189607 0.005941088 0.02888808 -0.003505881 0.005244439 0.02308375 -0.004323624 0.004654876 0.02696991 -0.004913432 0.004886524 0.0289046 -0.004651464 0.005418934 0.02889622 -0.004078131 0.004614267 0.03084703 -0.004953996 0.003547471 0.03086459 -0.006021354 0.003272102 0.03086913 -0.006296869 0.003055834 0.03087286 -0.006494273 0.005984196 0.01531736 -0.003724232 0.005745522 0.03082841 -0.003822144 0.002253315 0.03088854 -0.007031454 0.002395941 0.03088553 -0.006960068 0.002262367 0.02701393 -0.006807908 0.001725479 0.03090003 -0.007258056 0.002556171 0.0270076 -0.006674936 0.00196894 0.03089465 -0.007162939 0.002067683 0.03089246 -0.007124358 0.00135921 0.02703461 -0.00708633 0.001054817 0.02704196 -0.007139264 0.0006466577 0.0309259 -0.007463925 0.0007834022 0.03092251 -0.007450663 0.001011892 0.03091683 -0.007428519 0.001662713 0.02702747 -0.007013528 0.001084219 0.03091509 -0.0074147 0.001372814 0.03090817 -0.007359599 0.001964152 0.02702057 -0.006920744 0.001383487 0.03090793 -0.007356528 0.001678677 0.03090111 -0.007271523 0.000750699 0.02704948 -0.007172392 0.0004480233 0.02705715 -0.007185765 -8.632657e-05 0.03094506 -0.007433809 -0.0001484427 0.02707281 -0.00715329 -0.0004478918 0.03095498 -0.007368392 0.0001479277 0.02706494 -0.007179388 -0.0004151353 0.03095408 -0.007374324 -0.0001185105 0.03094594 -0.007427983 -0.001144939 0.03097505 -0.007139848 -0.0004399286 0.02708075 -0.007107471 -0.0004503637 0.02514358 -0.007022687 -0.001273674 0.03097895 -0.007076935 -0.001275726 0.02904198 -0.006947207 -0.001474659 0.03098504 -0.00697872 -0.001546343 0.03098729 -0.006935104 -0.0009934842 0.03097062 -0.007197339 -0.0008014553 0.030965 -0.007270235 -0.0007069818 0.03096232 -0.007296467 0.0001810833 0.03093796 -0.007457149 0.0002792113 0.03093535 -0.00746571 0.0004820342 0.03093014 -0.007464721 0.002707926 0.0308793 -0.006766128 0.00300079 0.03087381 -0.006544509 0.002530303 0.03088285 -0.006876545 -0.001797616 0.0213054 -0.006637531 -0.001520282 0.02129729 -0.006741673 -0.00125336 0.02128963 -0.006826282 -0.001258801 0.02322835 -0.006788236 -0.001267331 0.02516671 -0.006797586 -0.001273041 0.02710458 -0.006851715 -0.002082875 0.02131389 -0.006514165 -0.002039146 0.02325163 -0.006445194 -0.001769587 0.02324347 -0.006576193 -0.001509267 0.0232357 -0.00669067 -0.001519798 0.02517425 -0.006685208 -0.00153257 0.02711242 -0.006726886 -0.001541998 0.0290501 -0.006812198 -0.001788461 0.0309949 -0.006787779 -0.003731227 0.02330542 -0.005345517 -0.003372585 0.02523299 -0.005497957 -0.003167187 0.02328698 -0.005766529 -0.002821292 0.02521507 -0.005898585 -0.002597448 0.02326888 -0.006135373 -0.002280661 0.02519786 -0.006252857 -0.002021075 0.02712785 -0.006419439 -0.001765168 0.02518178 -0.006555051 -0.002018899 0.02518965 -0.006410706 -0.00357798 0.027179 -0.005229388 -0.003045128 0.02716126 -0.005661804 -0.002522184 0.02714409 -0.006060513 -0.006214804 0.02340653 -0.00134422 -0.00627878 0.02729297 -0.0004461857 -0.006285212 0.02729016 -0.0007660685 -0.006017555 0.02729766 0.000783235 -0.006118284 0.0272975 0.0004867762 -0.006107322 0.02535901 0.0004893533 -0.006241806 0.02341878 -0.0001002525 -0.006427097 0.0176007 -0.0009807956 -0.006376624 0.01954309 -0.0003922776 -0.006365336 0.01954006 -0.0006872742 -0.006286857 0.02148173 -9.83959e-05 -0.006197097 0.02342037 0.0001954787 -0.001780788 0.02712016 -0.006582186 -0.002041778 0.02906606 -0.006479164 -0.001797815 0.02905813 -0.006656193 -0.00234296 0.03101336 -0.006337589 -0.002301424 0.03101194 -0.006374615 -0.002083368 0.03100452 -0.006568995 -0.002062374 0.03100384 -0.006584574 -0.001810198 0.03099561 -0.006771655 -0.002276975 0.02907393 -0.00628382 -0.002382877 0.03101475 -0.006298221 -0.004108184 0.02719691 -0.004770686 -0.003783375 0.02912501 -0.004960818 -0.003268968 0.02910745 -0.00542502 -0.002763706 0.02909032 -0.005868183 -0.002532876 0.03102001 -0.006148215 -0.005457871 0.03112272 -0.003199261 -0.00543769 0.03112199 -0.003221395 -0.005105244 0.02723162 -0.003798663 -0.005210367 0.03111382 -0.003470592 -0.004973734 0.03110553 -0.003707236 -0.004272322 0.02332367 -0.004880081 -0.004623028 0.0272146 -0.004293659 -0.004798382 0.02916007 -0.004000446 -0.003988769 0.03107102 -0.00469225 -0.003492808 0.03105364 -0.005188235 -0.003005229 0.03103656 -0.005675839 -0.006103076 0.03114956 -0.00209755 -0.006170908 0.03115292 -0.001923753 -0.006209043 0.03115514 -0.001791121 -0.006272337 0.03115881 -0.00157101 -0.00603733 0.03114631 -0.002266024 -0.006164888 0.02727812 -0.0017297 -0.006346064 0.03116453 -0.001159099 -0.006341151 0.03116394 -0.00121 -0.006079353 0.02339712 -0.001982182 -0.006268276 0.02728674 -0.001087699 -0.006228104 0.02728272 -0.001409445 -0.006378 0.03117136 -0.0005123154 -0.006376459 0.03116824 -0.0008446691 -0.005798601 0.01950519 -0.002870527 -0.005981741 0.02339165 -0.00230011 -0.006290108 0.03116013 -0.001477765 -0.004900987 0.01946794 -0.004392265 -0.004438539 0.01945084 -0.004951562 -0.006195411 0.02729665 0.0001818736 -0.006121003 0.03117661 0.0007658784 -0.006182479 0.03117669 0.0006039079 -0.006248886 0.02729514 -0.0001296558 -0.006224489 0.03117637 0.000452633 -0.006280699 0.03117594 0.000250226 -0.006269332 0.0234138 -0.0007130397 -0.006289785 0.01953245 -0.001296431 -0.005497331 0.02923162 0.001767425 -0.005745869 0.02729586 0.00134334 -0.005663426 0.02729496 0.001475166 -0.005895989 0.02535878 0.001050405 -0.005829521 0.0253583 0.001182892 -0.006046116 0.0234217 0.0007574637 -0.005995617 0.02342164 0.0008906324 -0.006196236 0.02148462 0.0004645292 -0.006161712 0.02148498 0.0005983587 -0.006346363 0.01954754 0.0001716018 -0.006327808 0.01954831 0.0003060992 -0.006496483 0.01761046 -0.0001213327 -0.006493903 0.01761165 1.382557e-05 -0.006646603 0.01567338 -0.0004142672 -0.006251061 0.02148347 0.0001882048 -0.006131831 0.02342135 0.000481938 -0.006012601 0.02535923 0.000775657 -0.005893365 0.02729712 0.001069383 -0.005481135 0.03117054 0.001886358 -0.005652608 0.03117281 0.001655118 -0.005699926 0.03117343 0.001591314 -0.005835044 0.03117485 0.001369182 -0.005890887 0.03117544 0.001277376 -0.005991207 0.03117611 0.001072059 -0.006052047 0.03117652 0.0009475216 -0.006301722 0.0311754 0.0001340484 -0.006346177 0.03117427 -0.0001114662 -0.006352885 0.03117373 -0.0001881644 -0.006378156 0.03117169 -0.0004771171 -0.005972588 0.03114344 -0.002395509 -0.005873166 0.03113903 -0.002594336 -0.005817917 0.03113678 -0.002683288 -0.005679356 0.03113114 -0.002906365 0.008302975 0.003674369 0.001238199 0.008580879 -0.0002033018 0.001877669 0.008154801 0.003680969 0.001537964 0.008375773 -0.0001951967 0.002181691 0.008476481 -0.0001989099 0.002061109 0.008998033 -0.0002262183 0.0005666658 0.008993452 -0.000229257 0.0002267024 0.008491173 0.003654443 -0.0003857543 0.008960158 -0.0002315393 -0.0001114295 0.008891917 -0.0002329297 -0.0004504323 0.008326401 0.003652529 -0.00104889 0.007557218 0.003660759 -0.002295911 0.007811741 0.003656939 -0.002001388 0.008399573 -0.0002295834 -0.001455581 0.008881194 -0.0002331477 -0.0005036565 0.008769684 -0.0002328408 -0.0007798742 0.008192244 0.00365296 -0.00137458 0.008669344 -0.0002325646 -0.001028428 0.008022 0.003654386 -0.001693159 0.008619276 -0.0002320114 -0.001107711 0.008418524 -0.000229793 -0.00142559 0.007465209 0.00951208 0.001395159 0.007484682 0.007576414 0.001724846 0.007798385 0.007563161 0.001167695 0.007881045 0.005625846 0.001495056 0.00804043 0.005619121 0.001212844 0.008092302 0.007544499 -2.692497e-05 0.008990957 -0.0002309123 4.151143e-05 0.008425893 0.003653034 -0.0007185553 0.007756432 0.007538111 -0.001646443 0.007602687 0.007539118 -0.001964382 0.007013123 0.01142528 -0.00255419 0.006816288 0.01142753 -0.002857022 0.008162792 -0.0002260025 -0.001726653 0.008129025 -0.0002254919 -0.001765317 0.007271083 0.003665482 -0.002580839 0.007872989 -0.0002212768 -0.002021488 0.006681346 0.003675355 -0.003153196 0.007274027 -0.000211416 -0.002620766 0.006658228 -0.0002012781 -0.003236889 0.00607222 0.003685705 -0.003728039 0.005486214 0.007572688 -0.004219186 0.006088672 0.007562127 -0.003685633 0.006028023 -0.000190903 -0.003867427 0.005387198 -0.0001803531 -0.00450859 0.004811772 0.003707499 -0.00487684 0.004866917 0.007583803 -0.004739805 0.005447466 0.00369645 -0.004303613 0.003246089 0.00567469 -0.006099846 0.002890142 0.003741494 -0.006545346 0.00261264 0.005686432 -0.006592186 0.002262772 0.003752771 -0.00707096 0.001990578 0.005698095 -0.007061438 0.001650337 0.00376386 -0.007575266 0.001385099 0.005709573 -0.007504566 0.00666917 0.007552242 -0.003140197 0.00694936 0.007547598 -0.002863168 0.007202562 0.007543747 -0.002575667 0.007419141 0.00754096 -0.002275087 0.008998365 -0.0002260009 0.0005909963 0.008522678 0.003656725 -5.26643e-05 0.008045175 0.007539723 -0.0006719666 0.007977598 0.007538436 -0.0009980722 0.007464023 0.01142243 -0.00161039 0.00733685 0.01142275 -0.001928683 0.007064592 0.01336518 -0.002231214 0.007633065 0.01143779 0.0005129721 0.007550405 0.01337511 0.0001856107 0.007467745 0.01531242 -0.0001417507 0.007728782 0.0114273 -0.0003513138 0.007584674 0.01336903 -0.0003738906 0.007468536 0.01530988 -0.0004127588 0.007354166 0.01724804 -0.0007378793 0.007385084 0.01724974 -0.0004691122 0.007343918 0.01918845 -0.0005304192 0.007348373 0.02112608 -0.0005829899 0.007394166 0.02306272 -0.0006262315 0.007394281 0.01725198 -0.0002015169 0.008867162 -0.0002166376 0.001235486 0.008483426 0.003663848 0.0006056073 0.008083692 0.007541744 -0.0003475013 0.007567686 0.01142272 -0.001291269 0.007207239 0.01336442 -0.001916546 0.006792335 0.0153076 -0.002533746 0.007811675 0.009495426 0.0005626028 0.007871993 0.009491165 0.0002709412 0.007899462 0.009487645 -3.189303e-05 0.007647096 0.01142363 -0.0009735322 0.007328934 0.01336422 -0.00160092 0.007090183 0.01530572 -0.001910571 0.006128781 0.01725451 -0.003438914 0.00642356 0.01531144 -0.003143999 0.006213435 0.01531411 -0.003438942 0.006718338 0.01336836 -0.002849098 0.007881371 0.007537891 -0.001323626 0.007186463 0.01142369 -0.002243997 0.006520078 0.01725003 -0.002836278 0.00624782 0.01919246 -0.00313881 0.00360022 0.00760721 -0.005732189 0.003948632 0.009539276 -0.005429209 0.004236346 0.00759535 -0.00524509 0.004286361 0.01147116 -0.00517599 0.004900206 0.01145967 -0.004710336 0.005495989 0.0114489 -0.004218065 0.006067264 0.011439 -0.003699562 0.00634151 0.01143444 -0.003430433 0.006593382 0.01143055 -0.003149946 0.003315267 0.009551437 -0.005876211 0.003030314 0.01149566 -0.006020234 0.003660922 0.0114832 -0.005613337 0.003373206 0.01342713 -0.005797459 0.003125254 0.01924586 -0.00604837 0.003415536 0.01730218 -0.005830272 0.002797779 0.01731498 -0.006165709 0.003085496 0.01537105 -0.005981587 0.002460416 0.01538412 -0.006308272 0.002745369 0.01343989 -0.006164249 0.002119482 0.01345296 -0.006492404 0.002401134 0.01150839 -0.006394265 0.001780118 0.01152124 -0.006732721 0.001446197 0.009588743 -0.007042401 0.001119854 0.007655287 -0.007433859 0.0003241255 0.01349243 -0.007221773 0.0006096312 0.01348594 -0.007128356 0.0009018028 0.01347939 -0.007023363 0.0009247425 0.01541793 -0.006926291 0.0006497212 0.01736306 -0.006945576 0.0003747 0.01930819 -0.006964847 9.967877e-05 0.02125332 -0.006984131 -0.0001753425 0.02319845 -0.007003402 0.003809393 0.001785554 -0.005903567 0.003445154 -0.0001483811 -0.006451659 0.003167651 0.001796556 -0.006498499 0.002807152 -0.0001378777 -0.007089997 0.002534958 0.001807447 -0.007080475 0.002180821 -0.0001275664 -0.007716659 0.001915582 0.001818147 -0.007645959 0.001873105 -0.0001225004 -0.008024537 0.001351125 0.003769307 -0.00781848 0.0008291385 0.007661115 -0.00761243 0.001767173 -0.0001207565 -0.008130525 0.001553648 -0.0001169102 -0.008308512 0.001049757 0.003774949 -0.008046796 0.001348839 -0.0001132208 -0.008479221 1.343982e-05 0.003797808 -0.008459255 0.0004768268 -9.452627e-05 -0.008884457 0.0003797025 -9.234075e-05 -0.008918462 -0.0001069656 0.007681774 -0.007983904 8.67463e-05 -8.522669e-05 -0.008964831 -0.0003590466 0.003806992 -0.008503218 -0.0001545022 -7.936833e-05 -0.009003022 -0.0007362974 0.00381673 -0.008500756 0.001217382 -0.0001105262 -0.008553629 0.0007235002 0.00378164 -0.008231032 0.0002248828 0.007674006 -0.007900064 -2.442952e-05 0.009620189 -0.007734577 -0.000306911 -7.540771e-05 -0.00899919 -0.0007036219 -6.509857e-05 -0.008989231 -0.001113251 0.003826889 -0.008452221 -0.00108961 -5.439936e-05 -0.008907521 -0.001484939 0.003837333 -0.008358283 -0.001241311 -5.019432e-05 -0.008875407 -0.001464648 -4.358313e-05 -0.00878284 -0.002223398 0.007739428 -0.007644844 -0.001752939 -3.504919e-05 -0.008663357 -0.002555374 0.007749755 -0.007453376 -0.001826453 -3.27103e-05 -0.008615364 -0.002869508 0.007759959 -0.007225773 -0.0004524071 0.00769027 -0.008027012 -0.0008067269 0.007699371 -0.008029649 -0.001165436 0.007708956 -0.007992189 -0.00152404 0.007718908 -0.007915084 -0.001878148 0.007729105 -0.007799031 -0.005792353 0.0001047311 -0.004813084 -0.006392051 0.0001257441 -0.004213357 -0.006982968 0.0001464495 -0.003622411 -0.007562596 0.0001667592 -0.003042754 -0.006371597 0.004007086 -0.003629966 -0.005862755 0.003988364 -0.004234939 -0.00582756 0.002046548 -0.004524013 -0.005335609 0.003969116 -0.004845871 -0.004685854 0.002005831 -0.005742521 -0.004578697 6.220538e-05 -0.0060268 -0.003521277 0.001964599 -0.006953044 -0.00336798 1.978266e-05 -0.007237577 -0.002771782 -1.107706e-06 -0.007833804 0.0002820492 0.009613175 -0.00763996 0.0005379566 0.0076671 -0.007775572 0.0003840846 0.007670437 -0.007842895 0.0008896506 0.003778163 -0.008144736 0.0005681487 0.009607019 -0.007509408 0.0003071518 0.01155292 -0.00740638 -0.0003484881 0.009628006 -0.00779156 -0.0002737347 0.01156637 -0.007569097 2.614883e-05 0.01155925 -0.007504341 -0.0002297515 0.01350533 -0.007368737 4.616202e-05 0.01349883 -0.007303358 -0.0002148278 0.01544473 -0.007200336 -0.0004758247 0.01739064 -0.007097308 -0.0007415592 0.01739748 -0.007097506 -0.0004856518 0.0154514 -0.007233118 -0.0007723522 0.01545874 -0.007238129 -0.000523047 0.01351256 -0.007403609 -0.0008315332 0.01352047 -0.007406886 -0.0005900036 0.01157424 -0.007599223 -0.0009182539 0.01158273 -0.007594769 -0.004772185 0.01170669 -0.00493357 -0.004287785 0.01168868 -0.005530392 -0.003771834 0.01167006 -0.006104461 -0.003161156 0.007769907 -0.006963284 -0.003503117 0.01166057 -0.006380743 -0.003220212 0.01165089 -0.006639352 -0.002917961 0.01164097 -0.006869497 -0.002600356 0.01163093 -0.007070012 -0.002271363 0.01162088 -0.007239787 -0.001934828 0.01161093 -0.007377947 -0.001594561 0.01160118 -0.007483623 -0.001254407 0.01159175 -0.00755608 -0.005435971 0.01561121 -0.00375258 -0.005328811 0.01366758 -0.004036862 -0.005707476 0.01368312 -0.003414025 -0.0056331 0.01174032 -0.003700394 -0.006003579 0.01175563 -0.003078644 -0.005968378 0.009813815 -0.003367723 -0.006340921 0.009829099 -0.002754897 -0.005039153 0.01559529 -0.004366674 -0.005221655 0.01172396 -0.00432114 -0.005558739 0.009797517 -0.003986763 -0.00603878 0.01369745 -0.002789579 -0.005781851 0.01562592 -0.003127657 -0.006674148 0.009843253 -0.002154846 -0.00696644 0.009856173 -0.001574138 -0.006847217 0.01179406 -0.001280412 -0.006946851 0.01179922 -0.001000143 -0.006796731 0.0137363 -0.0007072087 -0.006852121 0.01374024 -0.0004365249 -0.00672798 0.01373194 -0.0009866854 -0.006645941 0.01372716 -0.001273908 -0.006550626 0.01372197 -0.001567817 -0.006406861 0.01565643 -0.001574621 -0.006371621 0.01759647 -0.00128187 -0.006336382 0.01953651 -0.0009891181 -0.006265897 0.02341658 -0.0004036223 -0.003845082 0.01555124 -0.005798198 -0.004105188 0.01556045 -0.00552801 -0.00459439 0.01557831 -0.004961331 -0.007764207 0.004059075 -0.001893493 -0.007855415 0.003090958 -0.00203919 -0.007955303 0.004066637 -0.00160904 -0.007946624 0.002122841 -0.002184887 -0.008129041 0.0001866071 -0.002476281 -0.008375789 0.0001957051 -0.002180831 -0.008037833 0.001154724 -0.002330584 -0.008476497 0.0001994183 -0.00206025 -0.008103477 0.004073237 -0.001309275 -0.008320791 0.004087744 -0.0003496052 -0.008283928 0.004083758 -0.0006766828 -0.008907392 0.0002192193 -0.001122883 -0.008945175 0.0002222461 -0.0009016969 -0.008998381 0.0002265093 -0.0005901364 -0.00832318 0.004090881 -1.841124e-05 -0.008998049 0.0002267267 -0.0005658058 -0.008291675 0.004093163 0.0003146787 -0.008580895 0.0002038103 -0.001876809 -0.008730943 0.0002101229 -0.001613127 -0.008211989 0.004078927 -0.0009974308 -0.008749011 0.0002110542 -0.001562943 -0.008867178 0.000217146 -0.001234626 -0.008960175 0.0002320477 0.0001122894 -0.008891933 0.0002334381 0.0004512922 -0.008126903 0.004095077 0.0009778143 -0.00735772 0.004086847 0.002224835 -0.007612243 0.004090667 0.001930313 -0.008399589 0.0002300918 0.001456441 -0.00888121 0.0002336561 0.0005045164 -0.008769701 0.0002333492 0.0007807342 -0.007992746 0.004094646 0.001303504 -0.00866936 0.000233073 0.001029288 -0.007822503 0.00409322 0.001622083 -0.008619292 0.0002325198 0.001108571 -0.008418541 0.0002303014 0.001426449 -0.008226395 0.004094572 0.0006474798 -0.008990973 0.0002314208 -4.065151e-05 -0.008993468 0.0002297654 -0.0002258425 -0.007941559 0.00601282 -0.0007139848 -0.007860064 0.006007854 -0.001022823 -0.007741175 0.006002034 -0.001319887 -0.00758179 0.005995308 -0.0016021 -0.007547338 0.004050905 -0.002171888 -0.007383748 0.003073583 -0.002602165 -0.007443366 0.002104642 -0.002749035 -0.007502985 0.001135701 -0.002895891 -0.007616644 0.007942471 -0.0007363787 -0.007527034 0.00793743 -0.001030734 -0.007399373 0.007931542 -0.001310706 -0.007397211 0.005987984 -0.001878947 -0.007324129 0.004042524 -0.002455309 -0.007482359 0.007956812 0.001180615 -0.007578586 0.007956268 0.0008550612 -0.007646163 0.00795498 0.0005289556 -0.00768468 0.007952959 0.0002044903 -0.00769329 0.007950204 -0.000116086 -0.007671123 0.007946714 -0.0004305317 -0.001319372 0.007851284 0.006908905 -0.001936118 0.007863334 0.006496023 -0.002313385 0.005934723 0.006485143 -0.002946834 0.005946465 0.005992803 -0.003328243 0.004017484 0.005930631 -0.003970625 0.00402885 0.00537307 -0.004355334 0.002099529 0.005265017 -0.005247968 0.004051156 0.004232538 -0.005638 0.002121284 0.004050416 -0.004467905 0.007910901 0.004596795 -0.004857939 0.005981029 0.00441467 -0.003837334 0.007899353 0.005102079 -0.0042248 0.00596973 0.004953918 -0.003201208 0.007887494 0.005589178 -0.003585918 0.005958172 0.005481123 -0.002565425 0.007875445 0.006054975 -0.005872722 0.004061901 0.003656963 -0.005087202 0.007922016 0.004076175 -0.006481848 0.00407225 0.00308212 -0.00568966 0.007932577 0.003542622 -0.007071585 0.004082124 0.002509764 -0.006270158 0.007942462 0.002997186 -0.006550348 0.007947105 0.002720157 -0.00680355 0.007950957 0.002432656 -0.007020128 0.007953743 0.002132076 -0.002807168 0.0001383861 0.007090857 -0.002180837 0.0001280748 0.007717519 -0.001815842 0.00205591 0.007610851 -0.001873121 0.0001230089 0.008025397 -0.001151627 0.003978298 0.007747404 -0.00344517 0.0001488896 0.006452519 -0.002435217 0.002066611 0.007045367 -0.001450839 0.003983746 0.007504191 -0.001767189 0.0001212649 0.008131385 -0.001553664 0.0001174186 0.008309372 -0.0008502593 0.003972657 0.007975721 -0.001348855 0.0001137292 0.008480081 -0.0005240024 0.003965966 0.008159957 0.0005585445 0.003940614 0.008432143 0.0001860581 0.003949798 0.00838818 -0.0003797188 9.284918e-05 0.008919322 -0.001217398 0.0001110346 0.008554489 -0.0008859172 0.0001042401 0.008742114 -0.0001765816 0.003958296 0.008297502 -0.0008583209 0.0001036191 0.008751779 -0.0004768431 9.503471e-05 0.008885317 0.002045938 0.003899676 0.0081486 0.001684437 0.003910272 0.008287207 0.001241295 5.070275e-05 0.008876267 0.002718301 0.003878576 0.007741118 0.002218695 2.073907e-05 0.008360158 0.003018694 0.003868367 0.007474749 0.002474045 1.204807e-05 0.008132399 0.003304631 0.003858324 0.007186281 0.001464632 4.409156e-05 0.0087837 0.001752922 3.555762e-05 0.008664217 0.002392292 0.003889062 0.007966173 0.001826437 3.321873e-05 0.008616224 0.002165213 2.244063e-05 0.008395075 -8.67626e-05 8.573512e-05 0.008965691 0.0001544859 7.987676e-05 0.009003882 0.0009357952 0.003930875 0.008429681 0.0003068947 7.591614e-05 0.00900005 0.001312749 0.003920717 0.008381145 0.0007036056 6.5607e-05 0.008990091 0.001089593 5.490779e-05 0.008908381 0.004785595 0.001868227 0.005707413 0.00443774 0.003818093 0.005996281 0.003621018 0.001909459 0.006917937 0.00387408 0.003838191 0.006597443 0.006982951 -0.000145941 0.003623271 0.006392034 -0.0001252357 0.004214217 0.005792337 -0.0001042227 0.004813944 0.007096932 0.005656623 0.002634824 0.007523627 0.003705081 0.002384233 0.007543107 0.001769415 0.002713927 0.00756258 -0.0001662508 0.003043614 -0.004740042 0.0001702071 0.005156964 -0.004091061 0.0001595229 0.005806288 -0.003709652 0.002088504 0.005868459 -0.003067911 0.002077501 0.006463391 -0.002690644 0.004006112 0.006474271 -0.002063274 0.003994835 0.006999885 -0.001691323 0.00592306 0.006954395 -0.001085844 0.005911581 0.007397523 -0.0007208419 0.007839417 0.007290848 -0.0004301264 0.007833588 0.007469419 -0.000174933 0.005893331 0.007958502 -0.000494609 0.005900131 0.007804141 -0.0001389445 0.007827604 0.007632561 0.004992516 0.00379815 0.005387174 0.005535107 0.00377849 0.004774796 0.002771766 1.616139e-06 0.007834664 0.003367963 -1.927423e-05 0.007238437 0.00457868 -6.169695e-05 0.00602766 0.0059273 0.001827509 0.004488905 0.006571095 0.00374052 0.003558891 0.006660622 0.005673398 0.003231238 0.006750156 0.007606275 0.002903578 0.006062253 0.003759242 0.004163864 0.006197218 0.005690974 0.003838824 0.004904223 0.0076766 0.005357448 0.00438019 0.007695657 0.005956443 0.003837496 0.007715032 0.006537897 0.003560168 0.007724797 0.006820273 0.00326852 0.007734745 0.007082762 0.002954386 0.007744948 0.007310365 0.00262241 0.007755276 0.007501833 0.00227716 0.007765599 0.00765602 0.001923052 0.007775796 0.007772073 0.001564448 0.007785747 0.007849178 0.001205739 0.007795333 0.007886638 0.0008514191 0.007804433 0.007884001 0.0005059776 0.007812929 0.007840893 0.0001741293 0.007820697 0.007757053 0.006839691 0.009539153 0.002575919 0.007134928 0.007590811 0.002305349 0.007504161 0.005640747 0.002054539 0.007963705 0.003688531 0.001822418 0.008046365 0.001751216 0.002149779 0.008129025 -0.0001860987 0.002477141 -0.008162808 0.0002265109 0.001727513 -0.008129041 0.0002260003 0.001766177 -0.007873005 0.0002217852 0.002022348 -0.007274044 0.0002119245 0.002621626 -0.006028039 0.0001914115 0.003868287 -0.005897963 0.005930181 -0.003945867 -0.005933171 0.007871998 -0.003656795 -0.006361367 0.005947757 -0.003338281 -0.006351144 0.007888428 -0.003046589 -0.006797677 0.005964532 -0.002741868 -0.006735916 0.007903892 -0.00244836 -0.007204907 0.005980407 -0.002161583 -0.00708567 0.00791829 -0.001867857 -0.007247091 0.007925064 -0.001586012 -0.007096971 0.009862144 -0.001293078 -0.007216955 0.009867776 -0.001019312 -0.007034538 0.01180401 -0.0007279186 -0.007312906 0.009872826 -0.0007415815 -0.007098765 0.01180822 -0.0004524287 -0.007373224 0.009877087 -0.0004499199 -0.007129811 0.0118117 -0.0001634682 -0.007400693 0.009880607 -0.0001470857 -0.007130256 0.0118145 0.0001363674 -0.007102645 0.01181665 0.0004445178 -0.006738323 0.01181905 0.001713736 -0.006865497 0.01181937 0.001395444 -0.00696916 0.01181908 0.001076322 -0.00704857 0.01181817 0.0007585858 -0.003687835 0.01177065 0.004961044 -0.004301679 0.01178213 0.00449539 -0.004897463 0.0117929 0.004003119 -0.005468738 0.0118028 0.003484615 -0.005742983 0.01180736 0.003215486 -0.005994856 0.01181125 0.002934999 -0.006884637 0.01374362 -0.0001632759 -0.00688639 0.01374632 0.0001229764 -0.006859826 0.01374839 0.0004198134 -0.006511994 0.0156831 0.001005115 -0.0060944 0.017616 0.001589733 -0.00735742 0.007956592 0.001503432 -0.006587936 0.01181811 0.00202905 -0.006366309 0.01375017 0.0019803 -0.006508956 0.01375093 0.001665631 -0.006630651 0.01375113 0.001350006 -0.006020055 0.01374699 0.002598184 -0.002474062 -1.153964e-05 -0.008131539 -0.002218711 -2.023064e-05 -0.008359298 -0.002165229 -2.19322e-05 -0.008394215 -0.001512508 0.01947709 0.005991013 -0.001899982 0.01754747 0.005842859 -0.002287456 0.01561785 0.005694705 -0.002674922 0.01368822 0.005546544 -0.003062396 0.0117586 0.005398391 -0.001277658 0.0175341 0.006129437 -0.001039797 0.01559137 0.006303669 -0.001662375 0.01560478 0.00602139 -0.001421199 0.01366239 0.00624149 -0.002047085 0.01367546 0.005913335 -0.001802608 0.01173341 0.006179318 -0.002431788 0.01174614 0.005805287 -0.0004270662 0.01557778 0.006539527 -4.979973e-05 0.01750639 0.006550406 0.0003274597 0.019435 0.006561278 -0.003449863 0.009828976 0.00525023 -0.002816498 0.009816815 0.005697232 -0.002184017 0.009804426 0.006117147 -0.001558859 0.009791945 0.006506895 -0.0009474282 0.009779509 0.006863422 -0.0003558396 0.009767252 0.007184187 9.155616e-06 0.01169509 0.007077519 -6.937954e-05 0.009761233 0.007330429 0.0002913744 0.01168888 0.007191433 0.00021672 0.009755077 0.007460982 0.00151678 0.01165907 0.007379823 0.00118853 0.01166756 0.007384276 0.0008472573 0.009740246 0.007612581 0.000872261 0.01167543 0.00735415 0.0005231987 0.009748063 0.007555598 0.0005723774 0.01168255 0.007289395 0.005820181 0.01151784 0.004106193 0.005406345 0.007657997 0.00474668 0.005370712 0.01153511 0.004718624 0.004886311 0.01155312 0.005315445 0.004370361 0.01157174 0.005889514 0.004101643 0.01158123 0.006165797 0.003818739 0.01159091 0.006424406 0.003516487 0.01160083 0.006654551 0.003198882 0.01161088 0.006855065 0.00286989 0.01162092 0.00702484 0.002533355 0.01163087 0.007163 0.002193087 0.01164062 0.007268676 0.001852933 0.01165005 0.007341134 0.0003741579 0.01362292 0.006970859 8.865212e-05 0.01362941 0.006877442 -0.0002035195 0.01363596 0.006772449 -0.000126702 0.01557097 0.006639409 0.0002480763 0.01749939 0.006622726 0.0006228546 0.01942781 0.006606029 0.000997633 0.02135623 0.006589346 0.001372411 0.02328465 0.006572649 0.0006521213 0.01361652 0.007052444 0.0009280349 0.01361002 0.007117822 0.00122133 0.01360279 0.007152695 0.001529817 0.01359488 0.007155972 0.002500128 0.01550477 0.006795629 0.00313606 0.01742293 0.00639793 0.00375396 0.01934103 0.005944855 0.004351826 0.01932208 0.00556153 0.006234012 0.01537769 0.003465698 0.006027094 0.01344777 0.003785948 0.006405759 0.01343223 0.003163111 0.006231626 0.01150148 0.003485447 0.006602105 0.01148617 0.002863698 0.006467148 0.009554437 0.003188745 0.005837193 0.01539361 0.004079792 0.006579892 0.01536298 0.002840775 0.006737063 0.0134179 0.002538665 0.007018752 0.01340491 0.001920592 0.007445743 0.01144775 0.001065465 0.007248909 0.01339338 0.001316903 0.007354207 0.0153231 0.000693152 0.007286905 0.01532756 0.0009874281 0.007204901 0.01533246 0.001287739 0.007108286 0.01533779 0.001592933 0.007110267 0.0172758 0.001575517 0.00539243 0.01541059 0.004674449 0.004903228 0.01542845 0.005241128 0.004643123 0.01543766 0.005511316 0.008159319 0.005613301 0.00091578 0.007926046 0.007557274 0.0008877233 0.007715725 0.009500476 0.0008403336 0.007545377 0.01144258 0.0007851968 0.007495014 0.01337905 0.0004562945 0.007444644 0.01531552 0.0001273853 0.007387318 0.01725474 7.638358e-05 0.007364196 0.017258 0.0003633025 0.007324894 0.01726175 0.000657946 0.007269419 0.01726598 0.00095902 0.007197806 0.01727066 0.001265273 -0.004695623 0.03115787 0.002701035 -0.005210367 0.03116635 0.002186018 -0.005249733 0.03116699 0.00214608 0.00684583 0.0308103 -0.002720704 0.00629172 0.03081942 -0.003275658 0.006806464 0.03081094 -0.002760642 -0.001676005 0.03110816 0.005722245 -0.001951374 0.03111269 0.005446731 -0.006341151 0.03116394 -0.00121 -0.006346064 0.03116453 -0.001159099 0.0002126098 0.03106936 0.006781904 0.007972556 0.03080905 0.0002700454 0.007974097 0.03080593 -6.230836e-05 -0.0004478918 0.03095498 -0.007368392 0.002067683 0.03089246 -0.007124358 0.00196894 0.03089465 -0.007162939 0.007948982 0.03080356 -0.0003864594 -8.632657e-05 0.03094506 -0.007433809 -0.0001185105 0.03094594 -0.007427983 -0.0009342059 0.03109444 0.006301921 -0.0007998436 0.03109176 0.006385445 -0.0006572179 0.03108874 0.00645683 0.001316886 0.03104194 0.006891086 0.001415014 0.03103933 0.006882526 0.001682424 0.03103223 0.006859185 0.001714608 0.03103134 0.00685336 0.002011233 0.03102321 0.0067997 0.002043989 0.03102231 0.006793768 0.002303079 0.03101497 0.006721843 0.002397552 0.03101229 0.006695612 0.002589581 0.03100667 0.006622716 0.002741036 0.03100223 0.006565224 0.007974253 0.03080559 -9.750658e-05 -0.0004151353 0.03095408 -0.007374324 -0.0008014553 0.030965 -0.007270235 -0.0009934842 0.03097062 -0.007197339 -0.006301722 0.0311754 0.0001340484 -0.006280699 0.03117594 0.000250226 -0.006224489 0.03117637 0.000452633 -0.006121003 0.03117661 0.0007658784 -0.006052047 0.03117652 0.0009475216 0.0002232836 0.03106912 0.006784975 0.0005118784 0.0310622 0.006840076 0.0005842055 0.03106046 0.006853896 0.000812695 0.03105478 0.006876039 0.0009494395 0.03105138 0.006889301 0.001114063 0.03104715 0.006890097 0.002869772 0.03099834 0.006502311 0.003070757 0.03099225 0.006404097 0.00314244 0.03099 0.00636048 0.003897522 0.03096535 0.005799992 0.003679466 0.03097277 0.005994371 0.003658471 0.03097345 0.00600995 0.002253315 0.03088854 -0.007031454 0.007942274 0.03080302 -0.0004631575 0.007897819 0.03080189 -0.0007086721 0.001725479 0.03090003 -0.007258056 0.001678677 0.03090111 -0.007271523 0.001383487 0.03090793 -0.007356528 0.001011892 0.03091683 -0.007428519 0.0007834022 0.03092251 -0.007450663 0.0006466577 0.0309259 -0.007463925 0.0004820342 0.03093014 -0.007464721 0.0002792113 0.03093535 -0.00746571 0.0001810833 0.03093796 -0.007457149 -0.0007069818 0.03096232 -0.007296467 -0.001144939 0.03097505 -0.007139848 -0.001273674 0.03097895 -0.007076935 -0.001474659 0.03098504 -0.00697872 -0.005817917 0.03113678 -0.002683288 -0.005873166 0.03113903 -0.002594336 -0.005972588 0.03114344 -0.002395509 -0.00603733 0.03114631 -0.002266024 -0.006376459 0.03116824 -0.0008446691 -0.006378 0.03117136 -0.0005123154 -0.006182479 0.03117669 0.0006039079 -0.005991207 0.03117611 0.001072059 -0.005890887 0.03117544 0.001277376 -0.005835044 0.03117485 0.001369182 -0.005699926 0.03117343 0.001591314 -0.005652608 0.03117281 0.001655118 -0.005481135 0.03117054 0.001886358 -0.001459737 0.03110442 0.005919649 -0.001111829 0.03109799 0.006191504 -0.001404693 0.03110347 0.005969886 -0.0004715862 0.03108483 0.006549735 -0.0003728432 0.03108264 0.006588315 0.003384558 0.03098239 0.006213155 0.003406295 0.03098168 0.006197032 0.003939057 0.03096393 0.005762965 0.003978975 0.03096254 0.005723597 0.004128973 0.03095728 0.005573592 0.004601326 0.03094073 0.005101215 0.005088906 0.03092365 0.004613611 0.005584866 0.03090627 0.004117626 0.007876796 0.03080135 -0.0008248498 0.007820586 0.03080092 -0.001027257 0.007778576 0.0308006 -0.001178532 0.0077171 0.03080068 -0.001340502 0.007648144 0.03080076 -0.001522145 0.007587304 0.03080118 -0.001646683 0.001372814 0.03090817 -0.007359599 0.001084219 0.03091509 -0.0074147 -0.001546343 0.03098729 -0.006935104 -0.001788461 0.0309949 -0.006787779 -0.001810198 0.03099561 -0.006771655 -0.006103076 0.03114956 -0.00209755 -0.006170908 0.03115292 -0.001923753 -0.006209043 0.03115514 -0.001791121 -0.006272337 0.03115881 -0.00157101 -0.006290108 0.03116013 -0.001477765 -0.005444137 0.03116997 0.001927887 -0.005328712 0.0311682 0.002057444 -0.005249733 0.03116699 0.00214608 -0.005210367 0.03116635 0.002186018 -0.004695623 0.03115787 0.002701035 -0.004149425 0.03114888 0.00324752 -0.0001293822 0.03107726 0.006683433 -8.258015e-05 0.03107618 0.006696899 0.007568685 0.03083385 0.001820885 0.007469263 0.03083826 0.002019713 0.007414014 0.03084051 0.002108664 0.007633427 0.03083098 0.0016914 0.007699173 0.03082773 0.001522926 0.007767005 0.03082436 0.001349129 0.007805141 0.03082215 0.001216498 0.007868434 0.03081848 0.0009963859 0.007886205 0.03081715 0.0009031409 0.007937248 0.03081335 0.0006353762 0.007942161 0.03081275 0.000584475 -0.002062374 0.03100384 -0.006584574 -0.002083368 0.03100452 -0.006568995 -0.002301424 0.03101194 -0.006374615 -0.002532876 0.03102001 -0.006148215 -0.003005229 0.03103656 -0.005675839 -0.003492808 0.03105364 -0.005188235 -0.003988769 0.03107102 -0.00469225 -0.006378156 0.03117169 -0.0004771171 -0.006352885 0.03117373 -0.0001881644 -0.006346177 0.03117427 -0.0001114662 -0.00301817 0.03113026 0.004379372 -0.001951374 0.03111269 0.005446731 -0.001676005 0.03110816 0.005722245 0.006569832 0.03087176 0.003132612 0.006806464 0.03086347 0.002895968 0.007033787 0.0308553 0.002646771 0.007053969 0.03085457 0.002624637 0.007275453 0.03084615 0.002331742 0.002530303 0.03088285 -0.006876545 0.002395941 0.03088553 -0.006960068 0.003547471 0.03086459 -0.006021354 0.004614267 0.03084703 -0.004953996 0.005745522 0.03082841 -0.003822144 -0.00234296 0.03101336 -0.006337589 -0.002382877 0.03101475 -0.006298221 0.007486984 0.03080185 -0.001852 0.007431142 0.03080244 -0.001943806 0.00629172 0.03081942 -0.003275658 0.007296023 0.03080386 -0.002165938 0.007248705 0.03080448 -0.002229741 0.007077232 0.03080675 -0.002460982 0.007040234 0.03080732 -0.002502511 0.003272102 0.03086913 -0.006296869 0.003055834 0.03087286 -0.006494273 0.002707926 0.0308793 -0.006766128 0.00300079 0.03087381 -0.006544509 -0.004973734 0.03110553 -0.003707236 -0.005210367 0.03111382 -0.003470592 -0.00543769 0.03112199 -0.003221395 0.00684583 0.0308103 -0.002720704 0.006806464 0.03081094 -0.002760642 -0.005457871 0.03112272 -0.003199261 -0.005679356 0.03113114 -0.002906365 -0.008960175 0.0002320477 0.0001122894 -0.008990973 0.0002314208 -4.065151e-05 -0.008993468 0.0002297654 -0.0002258425 -0.008476497 0.0001994183 -0.00206025 -0.008375789 0.0001957051 -0.002180831 -0.004091061 0.0001595229 0.005806288 0.004091044 -0.0001590145 -0.005805428 -0.0008583209 0.0001036191 0.008751779 -0.0008859172 0.0001042401 0.008742114 -0.008998049 0.0002267267 -0.0005658058 -0.008907392 0.0002192193 -0.001122883 -0.008867178 0.000217146 -0.001234626 -0.008749011 0.0002110542 -0.001562943 -0.008998381 0.0002265093 -0.0005901364 -0.008945175 0.0002222461 -0.0009016969 -0.008730943 0.0002101229 -0.001613127 -0.008580895 0.0002038103 -0.001876809 -0.001241311 -5.019432e-05 -0.008875407 -0.00108961 -5.439936e-05 -0.008907521 -0.0007036219 -6.509857e-05 -0.008989231 0.004740026 -0.0001696987 -0.005156104 0.005387198 -0.0001803531 -0.00450859 0.006028023 -0.000190903 -0.003867427 0.0008583046 -0.0001031107 -0.008750919 0.0008859009 -0.0001037316 -0.008741254 0.001217382 -0.0001105262 -0.008553629 0.001348839 -0.0001132208 -0.008479221 0.001553648 -0.0001169102 -0.008308512 -0.001217398 0.0001110346 0.008554489 -0.001348855 0.0001137292 0.008480081 -0.001553664 0.0001174186 0.008309372 -0.004740042 0.0001702071 0.005156964 -0.006028039 0.0001914115 0.003868287 -0.007274044 0.0002119245 0.002621626 -0.008619292 0.0002325198 0.001108571 -0.00866936 0.000233073 0.001029288 -0.008769701 0.0002333492 0.0007807342 -0.008891933 0.0002334381 0.0004512922 -0.00888121 0.0002336561 0.0005045164 -0.000306911 -7.540771e-05 -0.00899919 -0.0001545022 -7.936833e-05 -0.009003022 8.67463e-05 -8.522669e-05 -0.008964831 0.0003797025 -9.234075e-05 -0.008918462 0.0004768268 -9.452627e-05 -0.008884457 0.008399573 -0.0002295834 -0.001455581 0.008418524 -0.000229793 -0.00142559 0.001241295 5.070275e-05 0.008876267 0.001089593 5.490779e-05 0.008908381 0.0007036056 6.5607e-05 0.008990091 -0.001767189 0.0001212649 0.008131385 -0.001873121 0.0001230089 0.008025397 -0.002180837 0.0001280748 0.007717519 -0.008129041 0.0001866071 -0.002476281 -0.007562596 0.0001667592 -0.003042754 -0.006982968 0.0001464495 -0.003622411 0.008907376 -0.0002187108 0.001123742 0.008867162 -0.0002166376 0.001235486 0.008748994 -0.0002105458 0.001563803 0.008730927 -0.0002096145 0.001613987 0.008580879 -0.0002033018 0.001877669 0.008476481 -0.0001989099 0.002061109 0.008375773 -0.0001951967 0.002181691 0.008129025 -0.0001860987 0.002477141 0.00756258 -0.0001662508 0.003043614 0.006982951 -0.000145941 0.003623271 0.001826437 3.321873e-05 0.008616224 0.001752922 3.555762e-05 0.008664217 0.001464632 4.409156e-05 0.0087837 0.0003068947 7.591614e-05 0.00900005 0.0001544859 7.987676e-05 0.009003882 -8.67626e-05 8.573512e-05 0.008965691 -0.0004768431 9.503471e-05 0.008885317 -0.0003797188 9.284918e-05 0.008919322 0.006658228 -0.0002012781 -0.003236889 0.007274027 -0.000211416 -0.002620766 0.007872989 -0.0002212768 -0.002021488 -0.007873005 0.0002217852 0.002022348 -0.008129041 0.0002260003 0.001766177 -0.008162808 0.0002265109 0.001727513 0.008129025 -0.0002254919 -0.001765317 0.008162792 -0.0002260025 -0.001726653 0.008619276 -0.0002320114 -0.001107711 0.008669344 -0.0002325646 -0.001028428 0.008769684 -0.0002328408 -0.0007798742 0.008998033 -0.0002262183 0.0005666658 0.008998365 -0.0002260009 0.0005909963 0.008945158 -0.0002217377 0.0009025568 -0.008399589 0.0002300918 0.001456441 -0.008418541 0.0002303014 0.001426449 -0.006392051 0.0001257441 -0.004213357 -0.005792353 0.0001047311 -0.004813084 -0.004578697 6.220538e-05 -0.0060268 0.008881194 -0.0002331477 -0.0005036565 0.008891917 -0.0002329297 -0.0004504323 0.008960158 -0.0002315393 -0.0001114295 0.006392034 -0.0001252357 0.004214217 0.005792337 -0.0001042227 0.004813944 0.00457868 -6.169695e-05 0.00602766 0.001767173 -0.0001207565 -0.008130525 0.001873105 -0.0001225004 -0.008024537 0.002180821 -0.0001275664 -0.007716659 0.008990957 -0.0002309123 4.151143e-05 0.008993452 -0.000229257 0.0002267024 0.003367963 -1.927423e-05 0.007238437 0.002771766 1.616139e-06 0.007834664 0.002474045 1.204807e-05 0.008132399 -0.002807168 0.0001383861 0.007090857 -0.00344517 0.0001488896 0.006452519 0.003445154 -0.0001483811 -0.006451659 0.002807152 -0.0001378777 -0.007089997 -0.001826453 -3.27103e-05 -0.008615364 -0.001752939 -3.504919e-05 -0.008663357 -0.001464648 -4.358313e-05 -0.00878284 0.002218695 2.073907e-05 0.008360158 0.002165213 2.244063e-05 0.008395075 -0.00336798 1.978266e-05 -0.007237577 -0.002771782 -1.107706e-06 -0.007833804 -0.002474062 -1.153964e-05 -0.008131539 -0.002218711 -2.023064e-05 -0.008359298 -0.002165229 -2.19322e-05 -0.008394215</float_array>
          <technique_common>
            <accessor count="1596" source="#verts-array-array" stride="3">
              <param type="float" name="X"/>
              <param type="float" name="Y"/>
              <param type="float" name="Z"/>
            </accessor>
          </technique_common>
        </source>
        <source id="normals-array">
          <float_array count="4788" id="normals-array-array">0.9549947 0.04864649 0.2926066 0.9657611 0.05600912 0.253315 0.9866755 0.0339941 0.1591096 0.882568 0.06262959 0.4659948 0.916347 0.05255491 0.3969209 0.8941923 0.03491832 0.4463191 0.8322721 0.02121419 0.5539613 0.7982716 0.02646457 0.601716 0.8163738 0.04049604 0.5761023 -0.3956185 0.07492618 0.9153535 -0.4585364 0.0852306 0.884579 -0.4194725 0.1050613 0.9016679 -0.8135985 0.09193301 0.5741131 -0.8516452 0.104056 0.5136855 -0.8753492 0.1156307 0.4694608 0.7369105 0.08010347 0.6712275 0.7395095 0.0993129 0.6657798 0.775492 0.08331092 0.6258366 -0.9205451 0.06536889 -0.3851281 -0.9441257 0.05271657 -0.3253423 -0.9201769 0.0435262 -0.3890758 -0.8914232 0.07260617 -0.4473176 -0.9126172 0.09227329 -0.3982656 -0.7235127 0.04352633 -0.6889374 -0.741374 0.04095868 -0.669841 -0.7208703 0.04226377 -0.6917801 -0.7318465 0.05161341 -0.6795121 -0.7429715 0.05912627 -0.6667064 -0.7792679 0.04638872 -0.6249717 -0.796139 0.05634451 -0.6024849 -0.7616196 0.04265382 -0.6466191 -0.7321317 0.105455 -0.6729505 -0.7291906 0.1260112 -0.6726086 -0.7676824 0.1165342 -0.6301456 0.4131289 0.1337669 -0.9007946 0.3302138 0.1327058 -0.9345309 0.3057524 0.1304434 -0.9431331 0.4635469 0.09290178 -0.8811887 0.3900998 0.08619759 -0.916729 0.4238929 0.06658214 -0.9032617 0.5168085 0.05361052 -0.8544208 0.565169 0.06121028 -0.8227012 0.5467292 0.08091907 -0.8333902 0.5416165 0.03654999 -0.8398308 0.5827803 0.04388814 -0.8114437 0.9416151 0.05456766 -0.3322398 0.9592634 0.05113826 -0.2778463 0.9884848 0.0748645 -0.1315034 0.9889851 0.06763179 -0.1316602 0.9750166 0.05279187 -0.2157678 0.9887017 0.05238507 -0.1404451 0.9957544 0.06876923 0.06118792 0.9825167 0.08552134 0.1653696 0.9951947 0.08231932 0.05301993 0.6186599 0.03615809 -0.7848265 0.6590307 0.04084758 -0.751006 0.6519119 0.05658673 -0.7561804 0.6741857 0.04747357 -0.7370345 0.7039327 0.04410608 -0.7088959 0.7031171 0.05981403 -0.7085539 0.9731748 0.1203042 0.1961065 0.9875183 0.1031997 0.118985 0.9668305 0.1098399 0.2305948 0.9572471 0.1404135 0.2529071 0.9772038 0.1335008 0.1650768 0.9905026 0.1242787 0.05881694 0.9002084 0.1395201 0.4125032 0.9335207 0.1400373 0.3300433 0.9552547 0.1246459 0.2682384 -0.7478041 -0.03716682 0.6628783 -0.7462941 -0.04159764 0.6643152 -0.8192573 -0.02710729 0.572785 -0.7483549 0.03458123 -0.6623965 -0.8101871 0.02178181 -0.5857665 -0.8295435 0.01425576 -0.5582601 -0.8496995 0.01528541 -0.5270457 -0.8789783 0.01034851 -0.4767494 -0.9061363 -0.001950726 -0.4229813 -0.9331186 -0.006921384 -0.3595021 -0.8747902 0.004422576 -0.4844816 -0.2125785 0.02325529 -0.9768672 -0.08986089 0.03299998 -0.9954075 -0.1584342 0.04728516 -0.9862366 -0.992335 0.06230145 -0.1067233 -0.9957805 0.07102276 -0.05811166 -0.9973988 0.05072483 0.05121177 -0.9911017 0.1004147 -0.08737435 -0.9937277 0.1039554 -0.04121331 -0.9934298 0.08430882 0.07739021 -0.595873 0.0650676 -0.8004383 -0.6502209 0.05640648 -0.7576484 -0.5534572 0.06659513 -0.8302109 -0.1272704 0.06749028 -0.9895693 -0.2269455 0.06008326 -0.9720523 -0.08397667 0.008804813 -0.9964288 0.02660711 0.01701333 -0.9995012 -0.0286437 0.02509174 -0.9992747 0.2169416 -0.002201849 -0.9761821 0.1699831 0.003292915 -0.9854415 0.08406987 -0.01183479 -0.9963896 0.05020396 -0.03000803 -0.9982881 0.1053938 -0.03457139 -0.9938294 0.180946 -0.02091918 -0.9832705 0.894962 0.001795471 -0.4461388 0.8780968 0.0129039 -0.478309 0.847447 -0.003903763 -0.5308657 0.9176307 0.03639687 -0.395764 0.8965982 0.04176818 -0.4408709 0.8754571 0.02832993 -0.4824648 0.995838 -0.08103488 -0.04171257 0.9965449 -0.08263801 0.0083232 0.9936891 -0.06657339 0.09027679 0.9871281 -0.07738482 0.1399629 0.9795002 -0.07303784 0.1877362 0.9540041 -0.05423359 0.2948474 0.8496118 -0.01868963 0.5270773 0.8785737 -0.02605941 0.4768953 0.905037 -0.04073577 0.4233777 0.9316974 -0.0482657 0.3600145 0.8740899 -0.03161743 0.4847342 0.8294445 -0.01810109 0.5582958 0.8105143 -0.009079636 0.5856485 0.9923695 -0.01191544 0.1227228 0.9977302 -0.008043153 0.06685555 0.9930988 -0.03500927 -0.1119333 0.5988147 0.04915536 0.7993777 0.6526243 0.03691597 0.7567818 0.5565479 0.05341617 0.8290966 -0.1454733 0.1056414 0.983706 -0.06829646 0.1047788 0.9921477 0.04088463 0.08162558 0.9958241 -0.7497891 -0.004364357 0.6616625 -0.7611081 -0.02363815 0.6481942 -0.8120829 -0.004380686 0.5835256 -0.2628042 -0.009104784 0.9648062 -0.3086435 -0.009098211 0.9511343 -0.3593325 0.002879301 0.9332052 -0.231133 0.005622118 0.9729059 -0.2812436 0.001007282 0.9596359 -0.3319496 0.01558109 0.9431684 -0.2163009 0.0270821 0.9759511 -0.2614012 0.01929995 0.9650373 -0.3218999 0.03566432 0.9461017 -0.8930493 0.09603322 0.4395913 -0.9135166 0.1079472 0.3922179 -0.8752269 0.1014553 0.4729531 -0.9373998 0.1091146 0.33072 -0.9936416 0.1027562 0.04601605 -0.9841266 0.08529578 0.1556258 -0.9777944 0.0678977 0.1982626 -0.7479048 0.07237332 0.6598488 -0.6865309 0.05213634 0.7252291 -0.6773143 0.04838473 0.734101 -0.8462808 0.07249623 0.5277813 -0.872608 0.08229886 0.4814376 -0.8361134 0.08516507 0.5419052 -0.8560019 0.09357816 0.5084328 -0.813956 0.08694432 0.5743834 -0.8307273 0.0934617 0.5487779 -0.7933293 0.08516207 0.6028068 -0.8934701 0.05613392 0.4456009 -0.9431842 0.07337656 0.3240671 -0.9253508 0.07465975 0.3716879 -0.9679641 0.08576537 0.2359867 -0.95154 0.08968472 0.2941568 -0.9846279 0.1057996 0.1389763 -0.970904 0.1068992 0.214285 -0.8462709 0.04956999 0.5304417 -0.8760402 0.06695467 0.4775675 -0.9047153 0.07876967 0.4186711 -0.9341257 0.09012066 0.34538 -0.8192713 0.06183213 0.5700626 -0.8232521 0.07726668 0.562393 -0.7930406 0.07027412 0.6051017 -0.7949125 0.081682 0.6012006 -0.6321445 0.03812442 0.773912 -0.5841913 0.02939674 0.8110834 -0.5432583 0.01887686 0.8393533 -0.5370012 0.02771192 0.8431262 0.02068558 0.02054475 0.9995749 -0.07924762 0.0358291 0.9962109 -0.02521852 0.03690505 0.9990005 -0.1746117 0.05704473 0.9829835 -0.1313932 0.0640326 0.9892602 -0.2633188 0.0764418 0.9616756 -0.2307461 0.08226073 0.9695305 -0.494326 0.02121004 0.8690178 -0.4746916 0.01369304 0.8800457 -0.5108601 0.01358304 0.8595565 -0.4406044 0.005937413 0.8976817 -0.6097588 0.02993725 0.7920214 -0.5847843 0.02487281 0.8108074 -0.1813129 0.006671717 0.9834028 -0.1347373 0.00758459 0.9908523 -0.08409137 0.01099991 0.9963973 -0.2098475 -0.01056761 0.977677 -0.1598809 -0.01183007 0.9870654 -0.1065585 -0.01065265 0.9942494 0.00633282 -0.006720392 0.9999574 -0.05120479 -0.008853905 0.9986489 0.126583 -0.003877952 0.9919484 0.08479473 0.02296026 0.9961339 0.03037472 0.0421235 0.9986506 -0.08479211 0.07121133 0.9938507 -0.1957195 0.09525384 0.9760228 -0.9623767 0.07417252 0.2613993 -0.9313515 0.04882779 0.3608326 -0.948813 0.04374328 0.3127945 -0.8920625 0.03104897 0.4508441 -0.9096796 0.02467358 0.4145772 -0.8465598 0.01026315 0.5321947 -0.7935525 0.0165072 0.6082778 -0.8345571 0.02624935 0.5502957 -0.8734769 0.03913955 0.4852898 -0.9130514 0.05210461 0.4045024 -0.8113982 0.03850994 0.5832238 -0.776869 0.03501439 0.628688 -0.7439284 0.01305275 0.6681319 -0.7661802 0.07215109 0.6385626 -0.7362221 0.05665269 0.6743645 -0.7507814 0.05375585 0.6583598 -0.7427835 0.06920345 0.6659457 -0.7296625 0.06330304 0.680871 -0.7155969 0.05811623 0.6960916 -0.8647628 0.00429303 0.5021623 -0.6669212 0.04502811 0.7437665 -0.6561343 0.04020318 0.7535725 -0.7097221 0.05356653 0.7024423 -0.7296007 0.04686578 0.6822657 -0.7634441 0.0490015 0.6440124 -0.8024899 0.05196461 0.5943986 -0.7127828 0.04180807 0.7001376 -0.7153038 0.00885697 0.6987575 -0.7336131 0.02759937 0.6790067 -0.3585539 -0.005785575 0.9334911 -0.4029204 -0.003391325 0.9152287 -0.4502815 0.002041375 0.8928843 -0.5041059 0.008095965 0.8636039 -0.4985869 0.002956121 0.8668347 -0.5680254 0.01651199 0.8228453 -0.4477079 -0.009734001 0.8941269 -0.483846 -0.001800029 0.8751513 -0.3832063 -0.0165502 0.9235145 -0.3171069 -0.03418239 0.9477736 -0.4404007 -0.007596629 0.8977692 -0.3642887 -0.02609384 0.9309204 -0.4022251 -0.0186896 0.91535 -0.2027601 -0.03738438 0.9785146 -0.1402841 -0.04025811 0.9892925 -0.05012057 -0.05994431 0.9969426 -0.09772117 -0.0556533 0.9936565 -0.1407958 -0.05085498 0.9887317 -0.2641798 -0.03298618 0.9639092 -0.1884756 -0.04569286 0.9810143 -0.2301699 -0.04046189 0.9723089 -0.3255588 -0.02473996 0.9451981 -0.2791336 -0.03680314 0.9595468 -0.2772761 -0.04114421 0.9599089 -0.07669157 -0.0417369 0.9961809 -0.01211421 -0.04219921 0.9990358 0.131667 -0.07452845 0.9884884 0.1206098 -0.04790283 0.9915435 0.2650249 -0.06984052 0.9617089 0.2211807 -0.06772923 0.9728781 0.05155003 -0.04458873 0.9976745 0.1721421 -0.07053997 0.9825432 0.1754388 -0.07814512 0.981384 0.4332781 -0.0701242 0.8985281 0.4123597 -0.05783052 0.9091838 0.4797435 -0.07220938 0.8744324 0.516439 -0.07793748 0.8527699 0.3091708 -0.07108494 0.9483461 0.1866164 -0.04250926 0.9815127 0.3520732 -0.07307575 0.9331154 0.0848174 -0.07171999 0.993812 0.04086399 -0.06777697 0.9968633 -0.006499402 -0.0642597 0.997912 -0.5620494 0.01559564 0.8269566 -0.6335992 0.0343551 0.7728983 -0.5278069 0.008123105 0.8493255 -0.6729384 0.04722204 0.7381897 -0.02962998 0.07746827 0.9965544 0.09191594 0.04679738 0.9946665 0.1480136 0.02684327 0.988621 0.1944863 0.001366876 0.9809043 0.2304951 -0.0213696 0.9728388 0.1609492 -0.02547117 0.986634 0.258357 -0.03715644 0.9653347 0.3946156 -0.07399045 0.9158624 0.2302016 0.06635119 0.9708783 0.1611292 0.05736164 0.9852649 0.1310482 0.07920228 0.9882071 0.03297071 0.0976676 0.9946728 0.3433127 0.07166557 0.936483 0.3472217 0.06507867 0.9355222 0.2079578 0.08800902 0.9741704 0.2943605 0.06343559 0.9535868 0.2100814 0.08045674 0.9743678 0.1257865 0.09119026 0.9878573 0.351816 0.08261223 0.9324166 0.4167126 0.07535535 0.9059096 0.4676472 0.06674129 0.8813919 0.481038 0.06727779 0.8741145 0.5392193 0.05914109 0.8400862 0.2139605 0.03040717 0.9763689 0.262971 0.003733175 0.9647965 0.2997365 -0.01985019 0.9538155 0.3248351 -0.03655195 0.9450641 0.373092 0.040852 0.9268946 0.3275274 0.03905469 0.9440342 0.2799331 0.03257261 0.9594668 0.3306648 0.006193369 0.943728 0.3706121 -0.01868095 0.9285999 0.3971897 -0.0399635 0.916866 0.9213834 0.003321208 0.3886408 0.9404701 -0.009758813 0.3397362 0.9117782 -0.01126268 0.4105285 0.8752454 -0.01430108 0.4834677 0.8725147 -0.01644329 0.4883111 0.8438813 -0.01455837 0.5363324 0.9036435 -0.03248941 0.4270514 0.9314643 -0.02139709 0.3632031 0.9466578 -0.01955309 0.3216469 0.9772057 -0.04358381 0.2077724 0.9262901 -0.03687283 0.3750027 0.8942068 -0.02009525 0.4472029 0.9619442 -0.01897578 0.2725863 0.9739377 -0.01844886 0.226064 0.9953352 -0.04349148 0.08611801 0.9843144 -0.01546914 0.1757439 0.9981586 -0.04078614 -0.04489769 0.9958746 -0.02283961 -0.08781888 0.9999268 -0.006324534 0.01031655 0.998663 -0.001635856 -0.05166759 0.6182547 0.01484282 0.7858377 0.595886 -0.009750465 0.8030099 0.5691564 0.01952231 0.8219975 0.5275457 0.009963348 0.8494682 0.5147459 0.03179263 0.8567531 0.5705629 -0.03213748 0.8206249 0.4833871 -0.01539293 0.8752714 0.5072338 -0.00584451 0.8617887 0.6273715 0.03637093 0.7778703 0.6695887 0.02295909 0.7423772 0.6409925 0.02304937 0.767201 0.5343223 0.04640603 0.844006 0.5992672 0.04160564 0.7994672 0.5722993 0.03746297 0.8191886 0.5957759 0.02823418 0.8026543 0.7595315 0.003641054 0.6504604 0.6824613 0.0275905 0.7304008 0.7494593 0.00830504 0.6619983 0.6669961 0.03141853 0.7443985 0.7398378 0.01208394 0.6726768 0.5312654 -0.03840356 0.8463346 0.611462 -0.05690115 0.7892253 0.552205 -0.05814895 0.831678 0.6803309 -0.06744904 0.7297948 0.6625181 -0.0691549 0.7458467 0.6283495 -0.06821021 0.774935 0.5930979 -0.06730675 0.8023121 0.5890777 -0.07348431 0.8047282 0.6407684 -0.04706723 0.7662901 0.7020019 -0.0667871 0.7090366 0.675053 0.01014007 0.7376996 0.6640421 -0.006552053 0.7476664 0.6592124 -0.02984248 0.7513643 0.6993394 -0.05388681 0.7127556 0.46545 0.04816915 0.8837624 0.4510877 0.05787458 0.8906011 0.4012111 0.06196767 0.9138871 0.7390161 0.01145279 0.6735904 0.7243616 0.01424267 0.6892731 0.7078427 0.01837554 0.7061311 0.6977117 0.02138375 0.7160594 0.7038732 0.01670021 0.7101293 0.6993122 0.00293378 0.7148103 0.701971 -0.02493873 0.7117688 0.7058015 -0.04120298 0.7072104 0.9880095 -0.0439344 0.1480103 0.9958015 -0.07189524 -0.05666151 0.9973211 -0.0712229 0.01667035 0.9988614 -0.04239165 0.02188148 0.9757946 -0.07093199 -0.2068659 0.9887541 -0.07173036 -0.131225 0.9651351 -0.03433687 -0.2594904 0.9345591 -0.05046789 -0.3522105 0.960213 -0.05434133 -0.2739307 0.9018612 -0.04934231 -0.429199 0.9414424 -0.03238305 -0.3356153 0.9726961 -0.01388183 -0.2316671 0.930018 -0.05108008 0.3639469 0.9464874 -0.05738244 0.3175987 0.9588757 -0.06290593 0.2767675 0.9708607 -0.06816766 0.2297448 0.914174 -0.04499409 0.4028168 0.971923 -0.05874498 0.2278479 0.9919462 -0.08170479 0.09678395 0.9631744 -0.04233442 0.2655239 0.9852999 -0.06210218 0.1591457 0.995161 -0.08507085 0.04916915 0.9126628 -0.02033459 0.4082072 0.9461503 -0.04012358 0.3212314 0.7985994 -0.005243734 0.6018402 0.9310953 -0.09007857 -0.3534791 0.9463268 -0.08898245 -0.3107213 0.9597992 -0.08855235 -0.2663531 0.971011 -0.08719776 -0.2225626 0.8571893 -0.05887885 -0.5116246 0.7455386 -0.08688169 -0.6607751 0.7716174 -0.09192312 -0.6294099 0.8979529 -0.06026133 -0.4359463 0.8504913 -0.09178295 -0.5179193 0.9310165 -0.06183558 -0.3597007 0.8255846 -0.09149111 -0.5568119 0.7993718 -0.09234094 -0.5936985 0.8733306 -0.0909226 -0.4785674 0.8946448 -0.09106204 -0.4373995 0.9573822 -0.06596761 -0.2811897 0.913706 -0.09014555 -0.3962515 0.9804082 -0.08631277 -0.1770589 0.9875399 -0.08461711 -0.1326833 0.9927968 -0.08316411 -0.08624478 0.8672518 -0.0505012 -0.4953019 0.8260595 -0.01677446 0.5633333 0.7728948 -0.0004924368 0.634534 0.8934477 -0.03777755 0.4475757 0.8741496 -0.03101758 0.4846653 0.8489955 -0.02278871 0.5279085 0.9123465 -0.03101047 -0.4082429 0.9515336 -0.01229892 -0.3072988 0.9809151 0.0122379 -0.194051 0.4203861 0.04252007 0.9063485 0.4577131 0.02541135 0.8887368 0.4201047 0.01846198 0.9072878 0.3876167 0.009372494 0.921773 0.4374188 -0.01701834 0.8990969 0.4675712 -0.03959437 0.8830682 0.4830774 -0.05476723 0.8738631 0.5552482 -0.07863998 0.8279585 0.632899 -0.008829564 -0.774184 0.5845423 -0.0157659 -0.81121 0.5431087 -0.02468788 -0.8392994 0.5373128 -0.01561403 -0.8432385 0.386869 0.01015083 -0.9220788 0.3228567 0.00148643 -0.9464467 0.387937 -0.01069712 -0.9216238 0.1998961 0.06692574 -0.9775288 0.08786988 0.04829764 -0.9949604 0.2342107 0.05226981 -0.9707797 0.1340419 0.03881638 -0.9902152 0.2664445 0.0449289 -0.9628025 0.1768465 0.02973106 -0.9837893 0.2590932 0.01248976 -0.9657716 0.3324388 0.02198925 -0.9428685 0.398513 0.03746591 -0.9163971 0.9073702 0.02431828 -0.4196283 0.9277892 0.02002432 -0.372567 0.9455557 0.0187089 -0.3249222 0.9143296 -0.002472958 -0.4049632 0.9373609 0.03549863 -0.3465465 0.8486381 0.019037 -0.5286312 0.8210953 0.008994384 -0.5707202 0.812026 -0.01413188 -0.5834502 0.7953172 0.01812356 -0.6059226 0.8258689 0.02434326 -0.5633365 0.7977756 0.0294904 -0.6022329 0.6879576 0.003265611 -0.7257435 0.6101129 -0.01618838 -0.7921491 0.5849019 -0.02030845 -0.8108498 0.5104713 -0.0286812 -0.8594164 0.3318608 -0.01902952 -0.9431364 0.3585584 -0.03293675 -0.9329261 0.4050507 -0.02584264 -0.9139289 0.439897 -0.03340693 -0.8974267 0.3073116 -0.04262016 -0.950654 0.3573347 -0.04155388 -0.9330515 0.4017744 -0.04110779 -0.9148155 0.449363 -0.03770617 -0.8925532 0.2615868 -0.01209105 -0.9651042 0.1344756 -0.01774875 -0.9907579 -0.007148199 -0.02494063 -0.9996634 0.08051055 0.01320997 -0.9966662 -0.02007847 0.003029481 -0.9997938 -0.1270889 -0.01576476 -0.991766 0.2306511 -0.02433657 -0.9727321 0.1585884 -0.03835815 -0.9865994 0.280464 -0.03127734 -0.9593548 0.2085582 -0.03949505 -0.9772122 0.2615262 -0.04052116 -0.9643454 -0.3438591 0.06549157 -0.9367346 -0.2036181 0.08050271 -0.9757351 -0.3396167 0.07184958 -0.9378156 -0.2772347 0.08413145 -0.9571117 -0.3971896 0.07541877 -0.9146324 -0.2911612 0.06079505 -0.9547404 -0.2061276 0.07306737 -0.9757933 -0.1213985 0.07919598 -0.9894394 -0.3475434 0.08329296 -0.9339571 -0.4127147 0.07987895 -0.907351 -0.4640135 0.07435428 -0.8827021 -0.4773555 0.07571423 -0.8754422 -0.5358622 0.07121567 -0.8412967 -0.9398882 0.03235566 -0.339946 -0.9113455 0.02806362 -0.4106845 -0.9547679 0.04051313 -0.2945794 -0.967649 0.04496021 -0.2482619 -0.9836941 0.08177304 -0.1601845 -0.9764373 0.07601084 -0.2019717 -0.9678273 0.07024527 -0.2416112 -0.4627762 0.05565289 -0.8847265 -0.3979267 0.06556545 -0.9150713 -0.4479367 0.06447767 -0.8917372 -0.531629 0.0581749 -0.8449771 -0.6648507 0.05188676 -0.745172 -0.5967136 0.05755082 -0.8003879 -0.5813512 0.06230581 -0.8112637 -0.501022 0.0673557 -0.8628094 -0.8750523 0.02179596 -0.4835373 -0.8724379 0.01942653 -0.4883388 -0.8437684 0.01894379 -0.5363731 -0.904322 0.006143389 -0.4268068 -0.9315045 0.01983582 -0.3631886 -0.9465631 0.0232302 -0.321681 -0.978253 0.002920896 -0.2073949 -0.9556718 -0.01052294 -0.2942461 -0.9271393 0.003897987 -0.3746965 -0.8942695 0.01765934 -0.4471803 -0.9617761 0.02550383 -0.2726469 -0.9737044 0.02751056 -0.2261481 -0.9962955 0.00620373 -0.08577178 0.8741017 -0.01488094 -0.485515 0.834539 -0.02695502 -0.5502891 0.7930596 -0.03564812 -0.6081001 0.7112026 0.003922898 -0.7029761 0.7173069 0.008281269 -0.6967082 0.6569737 -0.007611193 -0.7538751 0.7316281 0.01301882 -0.6815797 0.6679993 -0.0031667 -0.7441552 0.7450424 0.01851206 -0.6667601 0.678556 -0.0001706575 -0.7345487 0.7522384 0.002816725 -0.6588851 0.7646464 -0.00231599 -0.6444459 0.5034417 -0.03388754 -0.8633644 0.4976639 -0.03879558 -0.8665019 0.5677291 -0.02801758 -0.8227385 -0.1469083 0.01607519 -0.9890195 -0.2628914 -0.0006415242 -0.9648252 -0.1946269 -0.006827979 -0.9808536 -0.3008167 -0.02209354 -0.953426 -0.2317543 -0.02752742 -0.9723848 -0.3267374 -0.0373161 -0.9443782 -0.2603883 -0.04171736 -0.9646023 0.9547541 0.03511761 -0.2953156 0.9709825 0.03143828 -0.237075 0.9647936 0.01967879 -0.2622708 0.9324577 -0.005876358 -0.3612314 0.8922627 -0.02327677 -0.4509163 0.8457116 -0.04319913 -0.5318889 0.8164521 -0.05385881 -0.5748958 0.7482544 -0.05522665 -0.6611092 0.7660507 -0.07670766 -0.6381867 0.8038167 -0.0004462449 -0.5948769 0.7773409 -0.01668872 -0.6288582 0.7432948 -0.03765404 -0.6679034 0.7685729 0.02075925 -0.6394253 0.7378398 0.006161566 -0.6749478 0.7307197 -0.003416513 -0.6826691 0.7337367 -0.0228001 -0.6790513 0.7136553 -0.007932718 -0.7004522 0.7070318 0.005638285 -0.7071593 0.689364 0.001657734 -0.7244132 0.6741241 -0.00118226 -0.7386172 0.7503231 0.02152673 -0.6607207 0.7144776 -0.0409386 -0.6984596 0.4461862 -0.04935451 -0.8935782 0.4826938 -0.04294025 -0.8747359 0.3814052 -0.05338606 -0.9228651 0.3144743 -0.06803999 -0.9468244 0.4389969 -0.04691184 -0.8972631 0.362018 -0.06207918 -0.9301017 0.4002926 -0.05634961 -0.9146532 0.2000996 -0.06592242 -0.9775553 0.1375533 -0.06577632 -0.9883079 0.04649246 -0.08093444 -0.9956345 0.09425239 -0.0790388 -0.9924058 0.1375192 -0.07637325 -0.9875503 0.2616713 -0.06442094 -0.9630047 0.1854053 -0.07352965 -0.9799073 0.2273176 -0.0702909 -0.9712805 0.3234023 -0.05899892 -0.9444205 0.2764108 -0.06892088 -0.9585651 0.2743322 -0.07316657 -0.9588475 0.07396571 -0.06410773 -0.9951981 0.009448786 -0.06129865 -0.9980747 -0.1358008 -0.08598356 -0.986998 -0.1233892 -0.06002361 -0.9905414 -0.2248384 -0.07429774 -0.9715593 -0.0542534 -0.06038264 -0.9966998 -0.1760141 -0.07980755 -0.9811472 -0.1796973 -0.08721012 -0.9798486 -0.3983384 -0.07056514 -0.9145201 -0.189026 -0.05105473 -0.980644 -0.1625183 -0.03545825 -0.9860682 -0.4367424 -0.06439312 -0.897279 -0.415224 -0.05339223 -0.908151 -0.483242 -0.06363654 -0.873171 -0.5201733 -0.06706541 -0.8514235 -0.3558135 -0.07216157 -0.9317668 -0.3128728 -0.07266448 -0.9470113 -0.2687278 -0.07394201 -0.9603738 -0.08887123 -0.08568937 -0.9923504 -0.0447746 -0.08407109 -0.9954533 0.002706544 -0.08301626 -0.9965445 0.5617119 -0.02870128 -0.8268349 0.6341582 -0.0126493 -0.7730998 0.5271195 -0.03481532 -0.8490777 -0.3709378 0.04279279 -0.9276712 -0.3255344 0.03833498 -0.9447528 -0.2783441 0.02912663 -0.9600397 -0.3303587 0.005690035 -0.9438383 -0.3715261 -0.01681028 -0.9282703 -0.3991583 -0.0364753 -0.9161562 -0.4180736 0.04727378 -0.9071823 -0.4562232 0.03243866 -0.8892739 -0.4190312 0.02321981 -0.9076749 -0.3870611 0.01220304 -0.9219733 -0.4381446 -0.01116424 -0.8988352 -0.4694113 -0.03185713 -0.8824047 -0.4856735 -0.04603837 -0.8729271 -0.5589553 -0.065309 -0.8266218 -0.6250397 0.05417119 -0.778711 -0.5939167 0.04396055 -0.8033246 -0.5700041 0.05166039 -0.8200162 -0.56779 0.03353271 -0.8224902 -0.5128368 0.04233929 -0.8574414 -0.5267396 0.02133667 -0.8497588 -0.5718529 -0.01795183 -0.8201598 -0.4839569 -0.006733232 -0.8750659 -0.5072741 0.004278435 -0.8617741 -0.6393232 0.04176863 -0.7678029 -0.6170468 0.03205826 -0.7862732 -0.5959817 0.006031863 -0.8029753 -0.9890318 0.004235888 -0.1476417 -0.9981548 -0.01948393 0.05751 -0.9996729 -0.02009521 -0.01582241 -0.9327932 -0.007150191 0.3603412 -0.959374 -0.01137597 0.2819079 -0.9616062 0.0002438899 0.274433 -0.9935309 0.01823338 0.1120891 -0.9860267 0.05536007 -0.1571196 -0.9989318 0.04495797 -0.01067528 -0.9968537 0.04207968 -0.06717159 -0.9956881 0.03008018 0.08775165 -0.9827851 0.02143413 0.1835051 -0.5329423 -0.0267082 -0.84573 -0.6139573 -0.03999073 -0.7883256 -0.5548634 -0.04507431 -0.8307195 -0.6832494 -0.0458754 -0.7287425 -0.6655557 -0.04879338 -0.7447515 -0.6313977 -0.05014849 -0.773836 -0.5961594 -0.05156876 -0.8012082 -0.5924636 -0.05798882 -0.8035074 -0.6427077 -0.02823758 -0.7655909 -0.7048477 -0.04371388 -0.7080105 -0.6678743 0.04361094 -0.7429953 -0.6739889 0.03117916 -0.7380832 -0.6638565 0.01376037 -0.7477334 -0.6602337 -0.009812366 -0.7509961 -0.7015266 -0.03103895 -0.711967 -0.7721989 0.02751277 -0.6347849 -0.737769 0.03697166 -0.6740401 -0.7586482 0.03065674 -0.6507788 -0.7229978 0.03871209 -0.6897648 -0.7062961 0.04167573 -0.7066887 -0.6804857 0.04912019 -0.7311131 -0.6960285 0.04397378 -0.7166663 -0.7024201 0.03972442 -0.7106532 -0.6985759 0.025657 -0.7150758 -0.7026643 -0.001980475 -0.7115188 -0.7073246 -0.01793863 -0.7066612 -0.9315882 -0.00989095 -0.3633808 -0.948338 -0.01447614 -0.3169314 -0.9609747 -0.01859604 -0.2760107 -0.9731921 -0.02236044 -0.2289042 -0.9154706 -0.005350844 -0.4023493 -0.9737672 -0.01286199 -0.227183 -0.9948828 -0.0323247 -0.09572514 -0.9898695 -0.02906045 -0.1389745 -0.9642035 0.002374552 -0.2651529 -0.9958416 -0.01700551 -0.08950072 -0.9872663 -0.01425077 -0.1584367 -0.9994812 -0.03137827 -0.007264505 -0.9982438 -0.03463668 -0.04805761 -0.9126948 0.01909391 -0.4081956 -0.9471148 0.002672118 -0.3208837 -0.9820507 -0.02599911 -0.1868166 -0.7980983 0.02469826 -0.6020208 -0.7385567 0.03766111 -0.6731387 -0.9780531 -0.01676449 0.2076802 -0.9343284 -0.03546228 0.3546448 -0.9495037 -0.03437733 0.3118667 -0.9910727 -0.01829833 0.132061 -0.9629573 -0.03407781 0.2674918 -0.9741055 -0.03296082 0.2236783 -0.9997297 0.008675441 -0.0215684 -0.9838898 0.03195368 -0.175897 -0.7866718 -0.02566486 0.6168377 -0.8640756 -0.007630343 0.5033043 -0.8358682 -0.01113917 0.5488172 -0.9061486 0.004130223 0.4229393 -0.8837922 0.005197888 0.4678508 -0.9439892 0.02114343 0.3292983 -0.9270986 0.02306746 0.3741071 -0.9734347 0.03905648 0.2256091 -0.962363 0.04204021 0.2684958 -0.9917636 0.05725129 0.1145745 -0.9862132 0.06142401 0.1536573 -0.9971831 0.07500599 9.052562e-05 -0.9961928 0.08038464 0.03373628 -0.9893152 0.08875573 -0.1156627 -0.9865948 0.03678065 0.15899 -0.965499 0.02020375 0.2596217 -0.9357495 0.004243802 0.3526397 -0.8994868 -0.005512465 0.4369131 -0.7731498 -0.03599302 0.6332013 -0.8049429 -0.03420751 0.5923654 -0.828933 -0.03852991 0.5580192 -0.8538404 -0.03826114 0.5191268 -0.8766239 -0.03695683 0.4797549 -0.8979367 -0.03676301 0.4385865 -0.9169451 -0.03563043 0.3974193 -0.9834664 -0.03243791 0.1781616 -0.9905226 -0.03120122 0.1337587 -0.99572 -0.03034158 0.08729873 -0.9986689 -0.0288854 0.04273323 -0.8944217 -4.245907e-05 -0.4472245 -0.874819 0.005025871 -0.4844239 -0.8492953 0.01114531 -0.5278003 -0.8260971 0.0153127 -0.5633197 0.9151027 0.1297273 0.3817826 0.8617625 0.142074 0.4870117 0.8586847 0.1298299 0.495787 0.7635319 0.1438718 0.6295395 0.8142717 0.1455703 0.561935 0.9924187 0.1217698 -0.01665019 0.9919243 0.1260004 -0.01449122 0.9838559 0.1087629 -0.1421206 0.9741911 0.1063145 -0.1991206 0.9741193 0.1114951 -0.1966227 0.938978 0.08607093 -0.3330347 0.7316545 0.01500169 -0.6815105 0.7926924 0.03382294 -0.6086828 0.8073333 0.03920567 -0.5887919 0.9559783 0.09794673 -0.2766081 0.9243286 0.08026236 -0.373061 0.9023188 0.07344019 -0.4247673 0.8925234 0.06697665 -0.4460001 0.8537878 0.05493502 -0.5177147 0.8440464 0.05066079 -0.5338719 0.8444324 0.05286173 -0.5330475 0.9006111 0.08480995 0.4262708 0.8610211 0.09422935 0.4997635 0.8878601 0.1107781 0.4465789 0.8467953 0.1212822 0.5179076 0.8956261 0.1244541 0.4270422 0.9947951 0.1001442 0.01880894 0.9882793 0.1160247 -0.09920847 0.9655949 0.09793127 -0.2409065 0.9148714 0.07283361 -0.3971216 0.8799158 0.06169302 -0.4711073 0.8556265 0.05053498 -0.5151209 0.8169773 0.03926699 -0.5753314 0.7531309 0.02103815 -0.6575342 0.7336636 0.01529667 -0.6793406 0.7007699 0.006430943 -0.7133584 0.7066847 0.008811606 -0.7074737 0.6925506 0.007809019 -0.721327 0.7073409 0.01104083 -0.7067863 0.7059385 0.01381994 -0.7081383 0.6823624 0.01120793 -0.7309281 0.6534451 0.007202494 -0.7569396 0.6744099 0.004041349 -0.7383461 0.7029159 0.02504771 -0.7108318 0.7070991 0.03777416 -0.7061048 0.6690399 0.0299362 -0.7426233 0.6345139 0.008039333 -0.7728697 0.6712897 0.01703829 -0.7409992 0.6193937 0.05055044 -0.7834514 0.6447148 0.07393194 -0.7608396 0.6075885 0.06795678 -0.7913394 0.6373248 0.09312518 -0.7649476 0.595403 0.08748854 -0.7986495 0.6279975 0.1091176 -0.7705274 0.5811104 0.1090363 -0.8064874 0.6936904 0.004334072 -0.7202602 0.727288 0.01347825 -0.6862001 0.7817572 0.03018856 -0.6228518 0.8363421 0.04764794 -0.5461334 0.9886855 0.1272244 0.07946699 0.992146 0.1164534 -0.04566138 0.9825129 0.09501207 -0.1601287 0.9660422 0.08922669 -0.2424894 0.9381167 0.07019697 -0.3391303 0.9147137 0.0644158 -0.3989354 0.8923764 0.05680993 -0.4477019 0.9595048 0.0899198 0.266955 0.9841142 0.07025381 0.1630451 0.997828 0.04695988 0.0461948 0.9959803 0.0764914 -0.04660882 0.9968895 0.06657718 -0.04217592 0.9975913 0.05060735 -0.0474401 0.9871378 0.0316288 -0.1567115 0.9967663 0.02985259 -0.07460457 0.9927509 0.005621732 -0.1200582 0.9871042 -0.01700313 -0.1591737 0.9824979 -0.03258551 -0.1834015 0.9996661 0.02539629 -0.004761432 0.9316792 0.1461202 0.3326 0.9790901 0.123068 0.161978 0.9923665 0.09964317 -0.07266361 0.9586077 0.07362099 -0.2750478 0.9202561 0.05830346 -0.3869489 0.8790625 0.04748037 -0.4743361 0.9597918 0.1004709 0.2621169 0.9847404 0.09682155 0.1446095 0.9946626 0.09607687 0.03762298 0.9756476 0.07616228 -0.2056968 0.9418472 0.05831771 -0.3309424 0.9176741 0.05348998 -0.3937169 0.8170775 0.03426235 -0.5755089 0.8341742 0.04038195 -0.5500207 0.7963728 0.03301694 -0.6039041 0.848507 0.04774832 -0.5270255 0.9434461 0.08191129 -0.3212475 0.8864451 0.05762749 -0.459232 0.8594406 0.03994608 -0.5096726 0.8391295 0.03194806 -0.5429926 0.5999221 0.02917989 -0.7995261 0.5770039 0.01149903 -0.8166605 0.6185908 0.01535184 -0.7855633 0.5917657 -0.0006532205 -0.8061097 0.6203513 -0.004932186 -0.7843086 0.6542675 -0.003154321 -0.7562566 0.6860646 0.002126554 -0.7275375 0.7225685 0.01183168 -0.6911981 0.7706646 0.02621281 -0.6367016 0.5654212 0.02232125 -0.8245002 0.5272144 0.01491338 -0.8496014 0.5581571 0.004217296 -0.8297246 0.5103334 -0.002167835 -0.8599739 0.4743466 -0.02709005 -0.8799213 0.4943471 -0.02039022 -0.8690254 0.4480896 -0.01759822 -0.8938154 0.4878852 -0.009763259 -0.8728532 0.4386552 -0.001604474 -0.898654 0.485035 0.006937435 -0.8744672 0.4439719 0.01969401 -0.8958242 0.4954706 0.02849426 -0.8681572 0.4618926 0.04508771 -0.8857891 0.4903779 0.07328184 -0.8684234 0.5263209 0.09721691 -0.8447101 0.2993633 0.07913814 -0.9508516 0.3273303 0.06808362 -0.942454 0.3534653 0.05304434 -0.9339425 0.3025747 0.03683281 -0.9524137 0.2168504 0.02116181 -0.9759754 0.1264765 0.008221605 -0.9919355 0.03107214 -0.005352469 -0.9995028 -0.06477071 -0.021902 -0.9976598 0.6807807 0.06205115 -0.7298543 0.7021137 0.07627463 -0.7079679 0.6771902 0.07922291 -0.7315307 0.7008937 0.09419918 -0.7070181 0.6734193 0.09796394 -0.7327411 0.6994278 0.1132915 -0.7056669 0.6673231 0.1181881 -0.7353309 0.7004056 0.1265333 -0.7024396 0.6149113 0.1200809 -0.7794002 0.5064928 0.1107748 -0.8550988 0.6695581 0.1322845 -0.7308849 0.6359657 0.1334542 -0.7600905 0.559991 0.1292752 -0.8183508 0.5665312 0.1332389 -0.8131973 0.1809598 0.1278086 -0.9751505 0.3274756 0.1367634 -0.9349094 0.2485138 0.1382427 -0.9587126 0.1860443 0.1194326 -0.9752555 0.1581085 0.1341305 -0.9782692 0.05863902 0.1251768 -0.9904 0.07300587 0.1302014 -0.9887961 -0.06345438 0.1216773 -0.9905393 0.4898239 0.1326944 -0.8616639 0.415675 0.1318993 -0.8998983 0.2949994 0.1200887 -0.9479209 0.2360281 0.1112736 -0.9653543 -0.02168252 0.1246408 -0.991965 -0.1073645 0.1197321 -0.9869838 -0.1830702 0.1144375 -0.9764166 -0.2038691 0.1145339 -0.9722754 -0.306026 0.1044955 -0.946271 -0.2847169 0.1088482 -0.9524119 -0.3782441 0.09825648 -0.9204765 -0.4497031 0.08836021 -0.8887967 -0.4548625 0.08738285 -0.8862642 -0.5410655 0.07543476 -0.8375904 -0.5440586 0.07485038 -0.8357019 -0.6260226 0.06038511 -0.7774634 0.06651341 0.1201152 -0.9905293 -0.04478845 0.1199335 -0.9917711 -0.1531527 0.1151802 -0.9814672 -0.2567731 0.108624 -0.9603481 -0.3566061 0.09858209 -0.9290391 -0.7118132 0.08826511 -0.6968007 -0.7042281 0.1156241 -0.7004955 -0.6989821 0.1287279 -0.703458 -0.7021868 0.1405541 -0.6979816 -0.7646667 0.0927781 -0.6377123 -0.759318 0.0784806 -0.6459697 -0.7321322 0.08683431 -0.675605 -0.7469552 0.06986018 -0.661194 -0.722151 0.06474436 -0.6886988 -0.70824 0.05874908 -0.703523 -0.7109783 0.05006112 -0.7014297 -0.7054757 0.04784516 -0.7071173 -0.7063248 0.04548184 -0.7064253 0.3551025 0.1104396 -0.9282808 0.4423958 0.1169572 -0.8891608 0.3683557 0.1177041 -0.9222038 0.4889276 0.1327585 -0.862163 0.4344605 0.1056821 -0.8944693 0.3521424 0.09658245 -0.9309498 0.1155412 0.1140157 -0.9867374 0.1546944 0.103122 -0.9825658 0.2713091 0.1021885 -0.9570522 0.1758759 0.09120092 -0.9801786 0.2571748 0.08552449 -0.962573 0.1502475 0.07974129 -0.9854273 0.03310161 0.05733414 -0.9978061 -0.03710523 0.06512804 -0.9971868 0.07312457 0.08269544 -0.9938885 -0.02837559 0.08076008 -0.9963296 0.06631062 0.09268626 -0.9934849 -0.03811081 0.09577111 -0.9946735 0.04090065 0.1000388 -0.9941425 -0.06287254 0.09961139 -0.9930381 -0.7899451 0.03357572 -0.6122576 -0.759655 0.0358405 -0.6493379 -0.7295627 0.03929132 -0.6827843 -0.689938 0.04757031 -0.7223037 -0.6944692 0.0464112 -0.7180241 -0.6385178 0.05778572 -0.7674346 -0.5672778 0.06994152 -0.8205511 -0.4930391 0.07989115 -0.8663313 -0.4155954 0.0877867 -0.9053032 -0.3344185 0.09381533 -0.9377435 -0.2487318 0.09818253 -0.9635833 -0.1578301 0.1010734 -0.9822799 -0.8558984 0.03164971 -0.5161746 -0.8451048 0.03468623 -0.5334742 -0.8678909 0.04050279 -0.495101 -0.8447778 0.04694973 -0.5330536 -0.8689833 0.05809561 -0.4914193 -0.8415591 0.06521336 -0.536214 -0.8606265 0.08072483 -0.5027978 -0.8192747 0.03056909 -0.5725857 -0.8177598 0.03760084 -0.5743301 -0.8303418 0.05373812 -0.5546573 -0.8952498 0.0504069 -0.442704 -0.8901755 0.03367593 -0.4543715 -0.8783975 0.09931253 -0.4674985 -0.8957361 0.1172301 -0.4288518 -0.9302911 0.1093364 -0.3501485 -0.9395015 0.1214234 -0.3203017 -0.9693473 0.1070039 -0.2211695 -0.9797911 0.1152998 -0.163448 -0.9617194 0.1009305 -0.2547722 -0.951365 0.09229563 -0.2939153 -0.9412509 0.07859533 -0.328435 -0.9564072 0.06372795 -0.2849984 -0.977579 0.04884788 -0.2048246 -0.991726 0.03690055 -0.1229548 -0.9989133 0.01148159 0.0451698 -0.6993717 0.04513553 -0.7133316 -0.7381855 0.0372108 -0.6735707 -0.7788848 0.03100178 -0.6264003 -0.7970463 0.1626212 -0.5816111 -0.7879713 0.1610239 -0.5942833 -0.8511014 0.1646301 -0.4985212 -0.7615279 0.166646 -0.6263421 -0.7283756 0.1621916 -0.6657048 -0.7554159 0.1712716 -0.6324658 -0.7365772 0.1646659 -0.6560024 -0.8059687 0.1768335 -0.5649286 -0.9073953 0.169547 -0.3845615 -0.9828214 0.1739805 -0.06158642 -0.9715356 0.1702699 -0.1647018 -0.9488723 0.1847778 -0.2559266 -0.9691163 0.1805324 -0.1679927 -0.9808649 0.176445 -0.08228671 -0.9848154 0.1681903 0.04301833 -0.984828 0.1729745 0.01391335 -0.976886 0.1618747 0.1396076 -0.8535407 0.1771771 -0.4899761 -0.8920315 0.1779885 -0.4154515 -0.9477014 0.1686468 -0.2709618 -0.9252336 0.1817496 -0.3330312 -0.9230827 0.1876811 -0.3356995 -0.9673328 0.1599903 0.1966478 -0.9669957 0.165113 0.1940543 -0.9331443 0.1404497 0.3309313 -0.7295869 0.06528301 0.6807651 -0.78961 0.08586612 0.6075715 -0.8039639 0.09162522 0.5875771 -0.9495378 0.1521356 0.2742859 -0.9187942 0.1346386 0.3710656 -0.89714 0.1276534 0.4229001 -0.8876801 0.1210894 0.4442538 -0.8495813 0.1084029 0.516198 -0.8400651 0.1039336 0.5324364 -0.8403377 0.1061358 0.5315711 -0.9591595 0.1519526 0.2385862 -0.9809503 0.168557 0.096566 -0.9841176 0.1771332 0.01167648 -0.9657867 0.1665725 -0.1987703 -0.9357553 0.163878 -0.3122595 -0.8882376 0.1624394 -0.4297062 -0.8372678 0.1581261 -0.5234298 -0.774303 0.1557069 -0.6133598 -0.7616691 0.1482175 -0.6307866 -0.734594 0.1447085 -0.662896 -0.7218653 0.1501923 -0.6755389 -0.9600059 0.1551573 -0.2330554 -0.9231013 0.1546523 -0.352089 -0.8794963 0.1513018 -0.451214 -0.8185512 0.1475263 -0.5551666 -0.7768576 0.1385772 -0.6142382 -0.9378262 0.1363075 0.3192213 -0.9600535 0.1433134 0.2403301 -0.9762439 0.1484095 0.1578684 -0.9858879 0.1519177 0.07032775 -0.9883313 0.1508455 -0.0211395 -0.9809547 0.151663 -0.1213515 -0.5416403 0.1153673 0.8326561 -0.5609112 0.09724014 0.8221454 -0.6024245 0.1138387 0.7900161 -0.6150842 0.09684742 0.7824909 -0.6473225 0.1040672 0.7550785 -0.6536865 0.08749909 0.75169 -0.6771101 0.09283488 0.7300025 -0.6702661 0.06904295 0.7389021 -0.6827466 0.07323215 0.726976 -0.6328896 0.05502807 0.772284 -0.6428754 0.05988897 0.7636259 -0.6147716 0.05775151 0.786588 -0.6414991 0.07354467 0.7635903 -0.5970433 0.06836861 0.7992903 -0.6257225 0.08424026 0.7754836 -0.5792635 0.08149202 0.8110566 -0.6819308 0.06074125 0.7288902 -0.6526411 0.05382282 0.7557531 -0.6895012 0.0559631 0.7221192 -0.6722496 0.05049139 0.7386008 -0.6991691 0.05572653 0.7127813 -0.6922037 0.05339651 0.7197242 -0.7253023 0.06362414 0.6854841 -0.7788695 0.0819373 0.6218107 -0.8325201 0.1007563 0.5447553 -0.693271 0.1570873 0.7033484 -0.6955575 0.1703094 0.6979931 -0.6643962 0.1672283 0.7284315 -0.6926291 0.1754276 0.6996357 -0.6058928 0.1682044 0.777561 -0.6956822 0.1383375 0.7049035 -0.6668206 0.1462215 0.7307322 -0.6260795 0.1569779 0.7637947 -0.6615129 0.1801104 0.7279842 -0.6278909 0.1800913 0.7571791 -0.5403101 0.1737859 0.8233246 -0.5580038 0.1780754 0.8105066 -0.4220491 0.1689242 0.8906959 -0.05167635 0.1507877 0.9872146 -0.1751125 0.1580136 0.9717856 -0.2406111 0.1686171 0.9558633 -0.4823095 0.1746094 0.8584224 -0.4052661 0.1715456 0.8979596 -0.295217 0.1631959 0.9413894 -0.3197047 0.1702263 0.9321008 -0.3217869 0.1753329 0.9304362 0.4130238 0.09172121 0.9060897 0.3023867 0.1091881 0.9469109 0.2896281 0.1106947 0.9507167 0.616713 0.04576563 0.7858566 0.6015996 0.04989193 0.7972382 0.6875303 0.0267812 0.7256617 0.6844797 0.02775321 0.7285035 0.7146671 0.02029473 0.6991703 0.3835642 0.09351129 0.9187677 0.4594115 0.07907501 0.8846967 0.5189451 0.06929991 0.8519939 0.5476444 0.06139987 0.8344553 0.5469674 0.06311583 0.8347712 -0.1505279 0.160221 0.9755361 -0.06573531 0.152113 0.9861747 0.07157094 0.1376218 0.9878957 0.03166367 0.1454208 0.9888631 0.1880091 0.1233666 0.9743887 0.1120151 0.1393476 0.9838876 0.2087922 0.1240805 0.9700566 0.7248552 0.04025975 0.6877238 0.7338577 0.02647898 0.678787 0.718779 0.02466306 0.6948011 0.7250984 0.02059965 0.6883371 0.7088328 0.1120347 0.6964225 0.7095804 0.09220463 0.6985657 0.7157456 0.06442768 0.6953828 0.810931 0.08315594 0.5792028 0.781287 0.103786 0.6154828 0.7413522 0.1203072 0.6602447 0.7076224 0.1332033 0.6939218 -0.6952044 0.09628218 0.7123346 -0.6977634 0.1208522 0.7060602 -0.6759392 0.1105419 0.7286197 -0.6715084 0.1276064 0.7299268 -0.6392757 0.1211769 0.7593699 -0.6309449 0.1401107 0.7630711 -0.5892802 0.1329248 0.796919 -0.5797982 0.1553549 0.7998118 -0.5235524 0.1360242 0.841065 -0.49973 0.1523702 0.8526742 -0.3633274 0.1639838 0.9171164 -0.4865875 0.1635368 0.858189 -0.4219493 0.1572531 0.8928775 0.7453484 0.03317036 0.6658494 0.7498767 0.04358087 0.6601406 0.7073362 0.02105663 0.7065636 0.7081259 0.0226186 0.7057239 0.7106612 0.03526452 0.70265 0.7359539 0.06155992 0.6742271 0.7687331 0.06511713 0.6362462 0.8001263 0.06451814 0.5963517 0.8322738 0.05550349 0.5515793 0.7626596 0.05126957 0.6447649 0.799701 0.04891146 0.5984029 0.7631144 0.01539004 0.6460801 0.7424492 0.0145748 0.6697438 0.7228251 0.01688877 0.6908246 0.6917518 0.0252933 0.7216923 0.6288529 0.04249608 0.7763621 0.544065 0.06267387 0.836699 0.4545984 0.08051526 0.8870499 0.3606986 0.09612027 0.9277162 0.2623251 0.1096477 0.9587298 0.1591647 0.1213073 0.979771 0.05115152 0.1312609 0.9900273 -0.06005449 0.1366481 0.9887976 -0.1795021 0.1415637 0.9735187 -0.299367 0.1495664 0.9423425 0.8638808 0.04563942 0.5016244 0.8472197 0.07348649 0.5261355 0.8206507 0.1042916 0.5618324 0.8048212 0.1228196 0.5806704 0.7651828 0.1389654 0.6286365 0.7314091 0.1438464 0.666595 -0.7507356 0.07197086 0.6566706 -0.7315792 0.06564069 0.6785891 -0.7049564 0.05829885 0.7068505 -0.7041152 0.06246104 0.7073333 -0.7029251 0.0708062 0.7077308 -0.7964096 0.07889282 -0.5995896 -0.8134828 0.07176196 -0.5771447 -0.7960301 0.09453608 -0.5978286 -0.8285775 0.08802035 -0.552912 -0.8058531 0.1140203 -0.5810337 -0.8425659 0.1072178 -0.5278134 -0.8169628 0.1328182 -0.5611873 -0.8570577 0.1257709 -0.4996337 -0.8613657 0.1407198 -0.4881057 -0.9024959 0.1321007 -0.4099397 -0.9191508 0.142464 -0.3672407 -0.9534715 0.1313331 -0.2713737 -0.9534738 0.1448551 -0.2643949 -0.9768917 0.1328929 -0.1673977 -0.978521 0.1446759 -0.1468519 -0.9896641 0.1324331 -0.05501401 -0.9884173 0.1464283 -0.03987476 -0.990701 0.1285031 0.04470535 -0.9832586 0.1280683 0.1296191 -0.9099952 0.1188011 0.3972341 -0.9330983 0.1246683 0.3373209 -0.9534164 0.1279526 0.2731761 -0.9703361 0.1300802 0.2037817 -0.5906297 0.04476391 0.8057002 -0.619408 0.04155804 0.7839685 -0.6532012 0.04455829 0.7558722 -0.6846981 0.05093485 0.7270448 -0.7206715 0.06182989 0.6905141 -0.7679897 0.07765361 0.6357371 -0.9909244 0.1187805 -0.06292941 -0.9921214 0.1185683 0.04045675 -0.9841304 0.120875 0.1299098 -0.9552271 0.1055893 0.276391 -0.914352 0.09091541 0.3945819 -0.9097204 0.1271808 0.3952644 -0.8820847 0.1116869 0.4576599 -0.8880557 0.1109619 0.4461441 -0.9158506 0.1127607 0.3853605 -0.9374391 0.1128469 0.329353 -0.844673 0.101128 0.5256431 -0.6825015 0.04940874 -0.7292123 -0.5984162 0.06636701 -0.7984319 -0.5433499 0.07635409 -0.8360269 -0.4054071 0.01200313 0.9140575 -0.4479742 0.02207709 0.8937738 -0.4873239 0.03155953 0.8726508 -0.5093576 0.04005995 0.859622 -0.5568037 0.04833558 0.8292366 -0.3875329 0.02638795 0.9214781 -0.3853931 0.04715815 0.9215467 -0.4377269 0.0376511 0.8983193 -0.4419417 0.05913881 0.8950922 -0.4836172 0.04811847 0.873956 -0.4929325 0.07006302 0.867242 -0.525342 0.05779193 0.8489263 -0.3304158 0.05656321 0.9421391 -0.2576454 0.04372799 0.9652496 -0.1691173 0.03032359 0.9851293 -0.575257 0.05633399 0.8160306 -0.5631289 0.06668933 0.8236737 -0.538616 0.07995607 0.8387489 -0.5129559 0.09598497 0.8530317 -0.4855412 0.1145263 0.8666795 -0.4577299 0.1329728 0.8790913 -0.3847081 0.123158 0.9147851 -0.4280179 0.1444834 0.8921464 -0.3462598 0.1318376 0.9288288 -0.3490285 0.1466664 0.9255636 0.06839061 0.1146541 0.9910485 -0.0352225 0.1204424 0.9920953 -0.1090483 0.1381025 0.9843963 -0.1487123 0.1291629 0.9804089 -0.2288927 0.1419186 0.963051 -0.2652327 0.1337593 0.9548613 0.8188856 0.006113718 0.5739242 0.7809212 0.01780931 0.6243756 0.7909188 0.004230029 0.6119066 0.7608031 0.008738494 0.648924 0.7309443 0.01435361 0.6822862 0.6962805 0.02392297 0.717371 0.6410124 0.03907708 0.7665352 0.5705178 0.05586696 0.8193829 0.4969115 0.07047217 0.8649351 0.4199954 0.08306499 0.9037168 0.3392519 0.09386462 0.9360008 0.2539159 0.1031149 0.9617141 0.1632924 0.1110269 0.9803105 -0.294439 0.1120723 0.9490761 -0.3229419 0.1023179 0.9408717 -0.3498203 0.08848833 0.9326283 -0.2998228 0.07002461 0.9514215 -0.2150074 0.05040224 0.9753109 -0.1254117 0.0331262 0.9915516 -0.03082877 0.01480259 0.9994151 0.06403439 -0.006689217 0.9979253 -0.2519721 0.1164952 0.9606971 -0.1704804 0.1183056 0.9782332 -0.06097754 0.1143965 0.991562 0.04346483 0.1121244 0.9927431 0.2816547 0.08749781 0.9555181 0.4009819 0.07183603 0.9132651 0.504237 0.05747927 0.8616503 0.5841751 0.04734601 0.8102455 0.8566396 -0.002870619 0.5159073 0.8460248 0.001037907 0.5331425 0.8690617 0.004960915 0.4946788 0.8463292 0.01329207 0.5324943 0.8710564 0.02240283 0.4906719 0.8440564 0.03175265 0.5353136 0.8200358 -0.001017837 0.5723113 0.890946 -0.003758492 0.4540937 0.8968691 0.01246973 0.4421202 0.9228734 0.02503897 0.3842886 0.9348527 0.06778995 0.3485038 0.9442054 0.03612786 0.3273698 0.9791517 0.02938947 0.200993 0.9702753 0.02481127 0.2407285 0.9585556 0.01969662 0.2842238 0.945743 0.0100825 0.3247591 0.9557283 -0.003221263 0.2942331 0.7797474 0.002491645 0.6260893 0.7394441 0.01166142 0.6731169 0.7011086 0.02230982 0.7127054 0.9430987 0.1212655 0.3096118 0.9300057 0.1134439 0.3495996 0.9252784 0.1008908 0.3656241 0.9435763 0.0829306 0.320603 0.9738777 0.06258459 0.218278 0.9932921 0.03726337 0.1094639 0.9981438 0.02074368 0.05725957 0.9942772 0.01311486 0.106023 0.9876441 0.007443755 0.1565364 0.9788953 0.002261377 0.2043501 0.9687991 -0.0003033279 0.2478472 -0.712044 -0.02258252 0.7017716 -0.7092731 -0.03910346 0.7038484 -0.7286734 -0.03642964 0.6838918 0.7248974 -0.08524307 -0.6835622 0.7096025 -0.07221915 -0.7008913 0.705984 -0.08861127 -0.7026625 -0.6880188 0.05057857 0.7239282 -0.7054665 0.05514231 0.7065949 0.02574377 0.9996255 -0.009281994 0.02574377 0.9996255 -0.009281994 0.02574377 0.9996255 -0.009281994 0.02574377 0.9996255 -0.009281994 0.02574377 0.9996255 -0.009281994 0.02574377 0.9996255 -0.009281994 0.02574377 0.9996255 -0.009281994 0.02574377 0.9996255 -0.009281994 0.02574377 0.9996255 -0.009281994 0.02574377 0.9996255 -0.009281994 0.02574377 0.9996255 -0.009281994 0.02574377 0.9996255 -0.009281994 0.02574377 0.9996255 -0.009281994 0.02574377 0.9996255 -0.009281994 0.02574377 0.9996255 -0.009281994 0.02574377 0.9996255 -0.009281994 0.02574377 0.9996255 -0.009281994 0.02574377 0.9996255 -0.009281994 0.02574377 0.9996255 -0.009281994 0.02574377 0.9996255 -0.009281994 0.02574377 0.9996255 -0.009281994 0.02574377 0.9996255 -0.009281994 0.02574377 0.9996255 -0.009281994 0.02574377 0.9996255 -0.009281994 0.02574377 0.9996255 -0.009281994 0.02574377 0.9996255 -0.009281994 0.02574377 0.9996255 -0.009281994 0.02574377 0.9996255 -0.009281994 0.02574377 0.9996255 -0.009281994 0.02574377 0.9996255 -0.009281994 0.02574377 0.9996255 -0.009281994 0.02574377 0.9996255 -0.009281994 0.02574377 0.9996255 -0.009281994 0.02574377 0.9996255 -0.009281994 0.02574377 0.9996255 -0.009281994 0.02574377 0.9996255 -0.009281994 0.02574377 0.9996255 -0.009281994 0.02574377 0.9996255 -0.009281994 0.02574377 0.9996255 -0.009281994 0.02574377 0.9996255 -0.009281994 0.02574377 0.9996255 -0.009281994 0.02574377 0.9996255 -0.009281994 0.02574377 0.9996255 -0.009281994 0.02574377 0.9996255 -0.009281994 0.02574377 0.9996255 -0.009281994 0.02574377 0.9996255 -0.009281994 0.02574377 0.9996255 -0.009281994 0.02574377 0.9996255 -0.009281994 0.02574377 0.9996255 -0.009281994 0.02574377 0.9996255 -0.009281994 0.02574377 0.9996255 -0.009281994 0.02574377 0.9996255 -0.009281994 0.02574377 0.9996255 -0.009281994 0.02574377 0.9996255 -0.009281994 0.02574377 0.9996255 -0.009281994 0.02574377 0.9996255 -0.009281994 0.02574377 0.9996255 -0.009281994 0.02574377 0.9996255 -0.009281994 0.02574377 0.9996255 -0.009281994 0.02574377 0.9996255 -0.009281994 0.02574377 0.9996255 -0.009281994 0.02574377 0.9996255 -0.009281994 0.02574377 0.9996255 -0.009281994 0.02574377 0.9996255 -0.009281994 0.02574377 0.9996255 -0.009281994 0.02574377 0.9996255 -0.009281994 0.02574377 0.9996255 -0.009281994 0.02574377 0.9996255 -0.009281994 0.02574377 0.9996255 -0.009281994 0.02574377 0.9996255 -0.009281994 0.02574377 0.9996255 -0.009281994 0.02574377 0.9996255 -0.009281994 0.02574377 0.9996255 -0.009281994 0.02574377 0.9996255 -0.009281994 0.02574377 0.9996255 -0.009281994 0.02574377 0.9996255 -0.009281994 0.02574377 0.9996255 -0.009281994 0.02574377 0.9996255 -0.009281994 0.02574377 0.9996255 -0.009281994 0.02574377 0.9996255 -0.009281994 0.02574377 0.9996255 -0.009281994 0.02574377 0.9996255 -0.009281994 0.02574377 0.9996255 -0.009281994 0.02574377 0.9996255 -0.009281994 0.02574377 0.9996255 -0.009281994 0.02574377 0.9996255 -0.009281994 0.02574377 0.9996255 -0.009281994 0.02574377 0.9996255 -0.009281994 0.02574377 0.9996255 -0.009281994 0.02574377 0.9996255 -0.009281994 0.02574377 0.9996255 -0.009281994 0.02574377 0.9996255 -0.009281994 0.02574377 0.9996255 -0.009281994 0.02574377 0.9996255 -0.009281994 0.02574377 0.9996255 -0.009281994 0.02574377 0.9996255 -0.009281994 0.02574377 0.9996255 -0.009281994 0.02574377 0.9996255 -0.009281994 0.02574377 0.9996255 -0.009281994 0.02574377 0.9996255 -0.009281994 0.02574377 0.9996255 -0.009281994 0.02574377 0.9996255 -0.009281994 0.02574377 0.9996255 -0.009281994 0.02574377 0.9996255 -0.009281994 0.02574377 0.9996255 -0.009281994 0.02574377 0.9996255 -0.009281994 0.02574377 0.9996255 -0.009281994 0.02574377 0.9996255 -0.009281994 0.02574377 0.9996255 -0.009281994 0.02574377 0.9996255 -0.009281994 0.02574377 0.9996255 -0.009281994 0.02574377 0.9996255 -0.009281994 0.02574377 0.9996255 -0.009281994 0.02574377 0.9996255 -0.009281994 0.02574377 0.9996255 -0.009281994 0.02574377 0.9996255 -0.009281994 0.02574377 0.9996255 -0.009281994 0.02574377 0.9996255 -0.009281994 0.02574377 0.9996255 -0.009281994 0.02574377 0.9996255 -0.009281994 0.02574377 0.9996255 -0.009281994 0.02574377 0.9996255 -0.009281994 0.02574377 0.9996255 -0.009281994 0.02574377 0.9996255 -0.009281994 0.02574377 0.9996255 -0.009281994 0.02574377 0.9996255 -0.009281994 0.02574377 0.9996255 -0.009281994 0.02574377 0.9996255 -0.009281994 0.02574377 0.9996255 -0.009281994 0.02574377 0.9996255 -0.009281994 0.02574377 0.9996255 -0.009281994 0.02574377 0.9996255 -0.009281994 0.02574377 0.9996255 -0.009281994 0.02574377 0.9996255 -0.009281994 0.02574377 0.9996255 -0.009281994 0.02574377 0.9996255 -0.009281994 0.02574377 0.9996255 -0.009281994 0.02574377 0.9996255 -0.009281994 0.02574377 0.9996255 -0.009281994 0.02574377 0.9996255 -0.009281994 0.02574377 0.9996255 -0.009281994 0.02574377 0.9996255 -0.009281994 0.02574377 0.9996255 -0.009281994 0.02574377 0.9996255 -0.009281994 0.02574377 0.9996255 -0.009281994 0.02574377 0.9996255 -0.009281994 0.02574377 0.9996255 -0.009281994 0.02574377 0.9996255 -0.009281994 0.02574377 0.9996255 -0.009281994 0.02574377 0.9996255 -0.009281994 0.02574377 0.9996255 -0.009281994 0.02574377 0.9996255 -0.009281994 0.02574377 0.9996255 -0.009281994 0.02574377 0.9996255 -0.009281994 0.02574377 0.9996255 -0.009281994 0.02574377 0.9996255 -0.009281994 0.02574377 0.9996255 -0.009281994 0.02574377 0.9996255 -0.009281994 0.02574377 0.9996255 -0.009281994 0.02574377 0.9996255 -0.009281994 0.02574377 0.9996255 -0.009281994 0.02574377 0.9996255 -0.009281994 0.02574377 0.9996255 -0.009281994 0.02574377 0.9996255 -0.009281994 0.02574377 0.9996255 -0.009281994 -0.02574377 -0.9996255 0.009281994 -0.02574377 -0.9996255 0.009281994 -0.02574377 -0.9996255 0.009281994 -0.02574377 -0.9996255 0.009281994 -0.02574377 -0.9996255 0.009281994 -0.02574377 -0.9996255 0.009281994 -0.02574377 -0.9996255 0.009281994 -0.02574377 -0.9996255 0.009281994 -0.02574377 -0.9996255 0.009281994 -0.02574377 -0.9996255 0.009281994 -0.02574377 -0.9996255 0.009281994 -0.02574377 -0.9996255 0.009281994 -0.02574377 -0.9996255 0.009281994 -0.02574377 -0.9996255 0.009281994 -0.02574377 -0.9996255 0.009281994 -0.02574377 -0.9996255 0.009281994 -0.02574377 -0.9996255 0.009281994 -0.02574377 -0.9996255 0.009281994 -0.02574377 -0.9996255 0.009281994 -0.02574377 -0.9996255 0.009281994 -0.02574377 -0.9996255 0.009281994 -0.02574377 -0.9996255 0.009281994 -0.02574377 -0.9996255 0.009281994 -0.02574377 -0.9996255 0.009281994 -0.02574377 -0.9996255 0.009281994 -0.02574377 -0.9996255 0.009281994 -0.02574377 -0.9996255 0.009281994 -0.02574377 -0.9996255 0.009281994 -0.02574377 -0.9996255 0.009281994 -0.02574377 -0.9996255 0.009281994 -0.02574377 -0.9996255 0.009281994 -0.02574377 -0.9996255 0.009281994 -0.02574377 -0.9996255 0.009281994 -0.02574377 -0.9996255 0.009281994 -0.02574377 -0.9996255 0.009281994 -0.02574377 -0.9996255 0.009281994 -0.02574377 -0.9996255 0.009281994 -0.02574377 -0.9996255 0.009281994 -0.02574377 -0.9996255 0.009281994 -0.02574377 -0.9996255 0.009281994 -0.02574377 -0.9996255 0.009281994 -0.02574377 -0.9996255 0.009281994 -0.02574377 -0.9996255 0.009281994 -0.02574377 -0.9996255 0.009281994 -0.02574377 -0.9996255 0.009281994 -0.02574377 -0.9996255 0.009281994 -0.02574377 -0.9996255 0.009281994 -0.02574377 -0.9996255 0.009281994 -0.02574377 -0.9996255 0.009281994 -0.02574377 -0.9996255 0.009281994 -0.02574377 -0.9996255 0.009281994 -0.02574377 -0.9996255 0.009281994 -0.02574377 -0.9996255 0.009281994 -0.02574377 -0.9996255 0.009281994 -0.02574377 -0.9996255 0.009281994 -0.02574377 -0.9996255 0.009281994 -0.02574377 -0.9996255 0.009281994 -0.02574377 -0.9996255 0.009281994 -0.02574377 -0.9996255 0.009281994 -0.02574377 -0.9996255 0.009281994 -0.02574377 -0.9996255 0.009281994 -0.02574377 -0.9996255 0.009281994 -0.02574377 -0.9996255 0.009281994 -0.02574377 -0.9996255 0.009281994 -0.02574377 -0.9996255 0.009281994 -0.02574377 -0.9996255 0.009281994 -0.02574377 -0.9996255 0.009281994 -0.02574377 -0.9996255 0.009281994 -0.02574377 -0.9996255 0.009281994 -0.02574377 -0.9996255 0.009281994 -0.02574377 -0.9996255 0.009281994 -0.02574377 -0.9996255 0.009281994 -0.02574377 -0.9996255 0.009281994 -0.02574377 -0.9996255 0.009281994 -0.02574377 -0.9996255 0.009281994 -0.02574377 -0.9996255 0.009281994 -0.02574377 -0.9996255 0.009281994 -0.02574377 -0.9996255 0.009281994 -0.02574377 -0.9996255 0.009281994 -0.02574377 -0.9996255 0.009281994 -0.02574377 -0.9996255 0.009281994 -0.02574377 -0.9996255 0.009281994 -0.02574377 -0.9996255 0.009281994 -0.02574377 -0.9996255 0.009281994 -0.02574377 -0.9996255 0.009281994 -0.02574377 -0.9996255 0.009281994 -0.02574377 -0.9996255 0.009281994 -0.02574377 -0.9996255 0.009281994 -0.02574377 -0.9996255 0.009281994 -0.02574377 -0.9996255 0.009281994 -0.02574377 -0.9996255 0.009281994 -0.02574377 -0.9996255 0.009281994 -0.02574377 -0.9996255 0.009281994 -0.02574377 -0.9996255 0.009281994 -0.02574377 -0.9996255 0.009281994 -0.02574377 -0.9996255 0.009281994 -0.02574377 -0.9996255 0.009281994 -0.02574377 -0.9996255 0.009281994 -0.02574377 -0.9996255 0.009281994 -0.02574377 -0.9996255 0.009281994 -0.02574377 -0.9996255 0.009281994 -0.02574377 -0.9996255 0.009281994 -0.02574377 -0.9996255 0.009281994 -0.02574377 -0.9996255 0.009281994 -0.02574377 -0.9996255 0.009281994 -0.02574377 -0.9996255 0.009281994 -0.02574377 -0.9996255 0.009281994 -0.02574377 -0.9996255 0.009281994 -0.02574377 -0.9996255 0.009281994 -0.02574377 -0.9996255 0.009281994 -0.02574377 -0.9996255 0.009281994 -0.02574377 -0.9996255 0.009281994 -0.02574377 -0.9996255 0.009281994 -0.02574377 -0.9996255 0.009281994 -0.02574377 -0.9996255 0.009281994 -0.02574377 -0.9996255 0.009281994 -0.02574377 -0.9996255 0.009281994 -0.02574377 -0.9996255 0.009281994 -0.02574377 -0.9996255 0.009281994 -0.02574377 -0.9996255 0.009281994</float_array>
          <technique_common>
            <accessor count="1596" source="#normals-array-array" stride="3">
              <param type="float" name="X"/>
              <param type="float" name="Y"/>
              <param type="float" name="Z"/>
            </accessor>
          </technique_common>
        </source>
        <vertices id="verts-array-vertices">
          <input semantic="POSITION" source="#verts-array"/>
        </vertices>
        <triangles count="2618" material="material0">
          <input offset="0" semantic="VERTEX" source="#verts-array-vertices"/>
          <input offset="1" semantic="NORMAL" source="#normals-array"/>
          <p>0 0 1 1 2 2 3 3 4 4 5 5 6 6 7 7 8 8 9 9 10 10 11 11 12 12 13 13 14 14 15 15 16 16 17 17 18 18 19 19 20 20 18 18 21 21 22 22 23 23 24 24 25 25 26 26 27 27 28 28 28 28 27 27 29 29 24 24 23 23 30 30 31 31 32 32 33 33 34 34 35 35 36 36 37 37 38 38 39 39 40 40 41 41 42 42 43 43 44 44 41 41 45 45 46 46 47 47 48 48 49 49 50 50 51 51 52 52 53 53 54 54 55 55 56 56 57 57 58 58 59 59 60 60 61 61 62 62 63 63 64 64 65 65 66 66 67 67 68 68 69 69 70 70 71 71 72 72 73 73 74 74 75 75 76 76 77 77 77 77 76 76 78 78 74 74 73 73 79 79 80 80 81 81 82 82 83 83 84 84 85 85 86 86 87 87 88 88 89 89 90 90 91 91 92 92 93 93 82 82 94 94 95 95 96 96 97 97 98 98 99 99 100 100 101 101 102 102 103 103 104 104 105 105 106 106 107 107 108 108 109 109 110 110 111 111 112 112 113 113 114 114 115 115 116 116 117 117 117 117 116 116 118 118 119 119 120 120 121 121 122 122 123 123 124 124 125 125 126 126 127 127 128 128 129 129 130 130 131 131 132 132 133 133 134 134 135 135 136 136 137 137 138 138 139 139 140 140 141 141 142 142 143 143 144 144 145 145 144 144 143 143 146 146 87 87 147 147 88 88 148 148 88 88 147 147 88 88 148 148 149 149 150 150 151 151 152 152 153 153 154 154 155 155 156 156 155 155 154 154 155 155 156 156 157 157 158 158 157 157 156 156 157 157 158 158 159 159 160 160 161 161 162 162 163 163 162 162 161 161 162 162 163 163 164 164 165 165 164 164 163 163 164 164 165 165 166 166 167 167 160 160 168 168 162 162 168 168 160 160 168 168 162 162 169 169 164 164 169 169 162 162 169 169 164 164 170 170 166 166 170 170 164 164 171 171 172 172 173 173 174 174 173 173 172 172 175 175 176 176 177 177 178 178 177 177 176 176 179 179 180 180 181 181 182 182 181 181 180 180 181 181 182 182 183 183 184 184 183 183 182 182 183 183 184 184 185 185 178 178 186 186 177 177 187 187 177 177 186 186 177 177 187 187 188 188 189 189 188 188 187 187 151 151 175 175 190 190 177 177 190 190 175 175 190 190 177 177 191 191 188 188 191 191 177 177 192 192 141 141 193 193 140 140 193 193 141 141 193 193 140 140 194 194 195 195 138 138 196 196 137 137 196 196 138 138 196 196 137 137 197 197 194 194 198 198 193 193 199 199 193 193 198 198 193 193 199 199 192 192 200 200 179 179 201 201 181 181 201 201 179 179 201 201 181 181 202 202 183 183 202 202 181 181 202 202 183 183 203 203 185 185 203 203 183 183 203 203 185 185 204 204 148 148 205 205 149 149 206 206 149 149 205 205 149 149 206 206 207 207 208 208 207 207 206 206 207 207 208 208 209 209 210 210 209 209 208 208 211 211 210 210 212 212 208 208 212 212 210 210 212 212 208 208 213 213 206 206 213 213 208 208 213 213 206 206 214 214 205 205 214 214 206 206 147 147 165 165 148 148 163 163 148 148 165 165 148 148 163 163 205 205 161 161 205 205 163 163 205 205 161 161 214 214 160 160 214 214 161 161 214 214 160 160 213 213 167 167 213 213 160 160 213 213 167 167 212 212 215 215 212 212 167 167 212 212 215 215 211 211 216 216 211 211 215 215 211 211 216 216 217 217 174 174 218 218 173 173 219 219 173 173 218 218 173 173 219 219 220 220 150 150 221 221 174 174 222 222 174 174 221 221 174 174 222 222 218 218 223 223 218 218 222 222 218 218 223 223 219 219 217 217 131 131 211 211 133 133 211 211 131 131 211 211 133 133 210 210 224 224 210 210 133 133 210 210 224 224 209 209 150 150 152 152 221 221 225 225 221 221 152 152 221 221 225 225 222 222 226 226 222 222 225 225 222 222 226 226 223 223 227 227 223 223 226 226 223 223 227 227 219 219 228 228 219 219 227 227 219 219 228 228 220 220 229 229 220 220 228 228 220 220 229 229 173 173 230 230 173 173 229 229 173 173 230 230 171 171 231 231 232 232 233 233 234 234 235 235 189 189 236 236 189 189 235 235 189 189 236 236 188 188 237 237 188 188 236 236 188 188 237 237 191 191 238 238 191 191 237 237 191 191 238 238 239 239 238 238 240 240 241 241 242 242 243 243 244 244 245 245 244 244 243 243 244 244 245 245 246 246 247 247 248 248 249 249 249 249 250 250 247 247 251 251 247 247 250 250 247 247 251 251 252 252 251 251 253 253 252 252 254 254 252 252 253 253 252 252 254 254 255 255 256 256 255 255 254 254 255 255 256 256 242 242 257 257 242 242 256 256 242 242 257 257 243 243 258 258 259 259 260 260 261 261 262 262 263 263 261 261 263 263 264 264 265 265 264 264 263 263 264 264 265 265 259 259 266 266 259 259 265 265 259 259 266 266 260 260 267 267 268 268 269 269 270 270 269 269 268 268 262 262 261 261 271 271 272 272 271 271 261 261 271 271 272 272 273 273 260 260 274 274 258 258 275 275 258 258 274 274 258 258 275 275 248 248 276 276 248 248 275 275 248 248 276 276 249 249 277 277 278 278 239 239 238 238 241 241 239 239 279 279 239 239 241 241 239 239 279 279 277 277 151 151 190 190 152 152 191 191 152 152 190 190 152 152 191 191 225 225 239 239 225 225 191 191 225 225 239 239 226 226 278 278 226 226 239 239 226 226 278 278 280 280 204 204 128 128 281 281 204 204 281 281 203 203 282 282 203 203 281 281 203 203 282 282 202 202 283 283 202 202 282 282 202 202 283 283 201 201 284 284 201 201 283 283 201 201 284 284 200 200 285 285 200 200 284 284 200 200 285 285 286 286 287 287 286 286 285 285 286 286 287 287 272 272 288 288 272 272 287 287 272 272 288 288 273 273 289 289 290 290 291 291 130 130 291 291 290 290 291 291 130 130 292 292 129 129 292 292 130 130 293 293 294 294 295 295 296 296 289 289 297 297 291 291 297 297 289 289 297 297 291 291 298 298 292 292 298 298 291 291 299 299 300 300 301 301 302 302 301 301 300 300 301 301 302 302 127 127 303 303 127 127 302 302 127 127 303 303 125 125 128 128 130 130 281 281 290 290 281 281 130 130 281 281 290 290 282 282 304 304 282 282 290 290 282 282 304 304 283 283 305 305 283 283 304 304 283 283 305 305 284 284 306 306 284 284 305 305 284 284 306 306 285 285 307 307 285 285 306 306 285 285 307 307 287 287 296 296 308 308 289 289 309 309 289 289 308 308 289 289 309 309 290 290 310 310 290 290 309 309 290 290 310 310 304 304 311 311 304 304 310 310 304 304 311 311 305 305 312 312 305 305 311 311 305 305 312 312 306 306 313 313 306 306 312 312 306 306 313 313 307 307 268 268 307 307 313 313 307 307 268 268 287 287 267 267 287 287 268 268 287 287 267 267 288 288 314 314 315 315 316 316 317 317 318 318 319 319 320 320 319 319 318 318 321 321 322 322 323 323 114 114 320 320 324 324 318 318 324 324 320 320 324 324 318 318 325 325 317 317 325 325 318 318 326 326 327 327 328 328 329 329 122 122 330 330 124 124 123 123 331 331 332 332 331 331 123 123 331 331 332 332 333 333 334 334 335 335 336 336 337 337 336 336 335 335 336 336 337 337 338 338 339 339 340 340 341 341 342 342 343 343 344 344 345 345 346 346 347 347 342 342 347 347 346 346 347 347 342 342 348 348 344 344 348 348 342 342 349 349 350 350 351 351 352 352 351 351 350 350 351 351 352 352 353 353 340 340 339 339 354 354 355 355 354 354 339 339 354 354 355 355 356 356 357 357 358 358 355 355 359 359 355 355 358 358 355 355 359 359 356 356 360 360 356 356 359 359 356 356 360 360 361 361 362 362 363 363 357 357 357 357 355 355 362 362 339 339 362 362 355 355 362 362 339 339 335 335 341 341 335 335 339 339 335 335 341 341 337 337 364 364 365 365 334 334 334 334 365 365 335 335 366 366 335 335 365 365 335 335 366 366 362 362 367 367 362 362 366 366 362 362 367 367 363 363 343 343 364 364 344 344 334 334 344 344 364 364 344 344 334 334 348 348 336 336 348 348 334 334 348 348 336 336 347 347 338 338 347 347 336 336 347 347 338 338 345 345 368 368 345 345 338 338 345 345 368 368 369 369 370 370 369 369 368 368 369 369 370 370 293 293 371 371 372 372 349 349 373 373 349 349 372 372 342 342 374 374 343 343 375 375 343 343 374 374 343 343 375 375 364 364 376 376 364 364 375 375 364 364 376 376 365 365 377 377 365 365 376 376 365 365 377 377 366 366 378 378 366 366 377 377 366 366 378 378 367 367 326 326 328 328 379 379 380 380 379 379 328 328 379 379 380 380 381 381 329 329 330 330 382 382 383 383 382 382 330 330 382 382 383 383 384 384 385 385 386 386 387 387 388 388 386 386 389 389 385 385 389 389 386 386 389 389 385 385 390 390 391 391 117 117 392 392 118 118 392 392 117 117 392 392 118 118 393 393 394 394 393 393 118 118 391 391 395 395 117 117 119 119 117 117 395 395 117 117 119 119 115 115 121 121 115 115 119 119 396 396 397 397 112 112 321 321 323 323 398 398 111 111 398 398 323 323 398 398 111 111 399 399 110 110 399 399 111 111 399 399 110 110 400 400 315 315 322 322 316 316 321 321 316 316 322 322 316 316 321 321 401 401 398 398 401 401 321 321 401 401 398 398 402 402 399 399 402 402 398 398 402 402 399 399 396 396 400 400 396 396 399 399 396 396 400 400 397 397 113 113 394 394 114 114 118 118 114 114 394 394 114 114 118 118 320 320 116 116 320 320 118 118 320 320 116 116 319 319 115 115 319 319 116 116 319 319 115 115 403 403 121 121 403 403 115 115 403 403 121 121 353 353 383 383 404 404 405 405 383 383 405 405 384 384 406 406 384 384 405 405 384 384 406 406 407 407 407 407 380 380 384 384 328 328 384 384 380 380 384 384 328 328 382 382 327 327 382 382 328 328 382 382 327 327 329 329 408 408 409 409 410 410 408 408 410 410 411 411 412 412 413 413 414 414 411 411 414 414 413 413 414 414 411 411 415 415 410 410 415 415 411 411 416 416 417 417 418 418 419 419 418 418 417 417 122 122 124 124 330 330 418 418 330 330 124 124 330 330 418 418 383 383 419 419 383 383 418 418 383 383 419 419 404 404 407 407 420 420 380 380 421 421 380 380 420 420 380 380 421 421 381 381 422 422 381 381 421 421 381 381 422 422 109 109 423 423 408 408 388 388 411 411 388 388 408 408 388 388 411 411 386 386 413 413 386 386 411 411 386 386 413 413 387 387 424 424 425 425 120 120 395 395 426 426 119 119 427 427 119 119 426 426 119 119 427 427 120 120 428 428 120 120 427 427 120 120 428 428 424 424 353 353 121 121 351 351 120 120 351 351 121 121 351 351 120 120 349 349 425 425 349 349 120 120 349 349 425 425 371 371 423 423 388 388 429 429 389 389 429 429 388 388 429 429 389 389 430 430 390 390 430 430 389 389 430 430 390 390 431 431 293 293 370 370 294 294 368 368 294 294 370 370 294 294 368 368 432 432 338 338 432 432 368 368 432 432 338 338 433 433 337 337 433 433 338 338 433 433 337 337 434 434 341 341 434 434 337 337 434 434 341 341 435 435 340 340 435 435 341 341 435 435 340 340 436 436 354 354 436 436 340 340 436 436 354 354 437 437 356 356 437 437 354 354 437 437 356 356 438 438 361 361 438 438 356 356 438 438 361 361 439 439 440 440 441 441 442 442 443 443 442 442 441 441 444 444 445 445 446 446 447 447 448 448 449 449 450 450 449 449 448 448 449 449 450 450 451 451 452 452 451 451 450 450 98 98 97 97 453 453 445 445 453 453 97 97 453 453 445 445 454 454 444 444 454 454 445 445 454 454 444 444 455 455 456 456 104 104 457 457 103 103 457 457 104 104 457 457 103 103 458 458 459 459 458 458 103 103 460 460 106 106 456 456 108 108 456 456 106 106 456 456 108 108 104 104 461 461 104 104 108 108 104 104 461 461 105 105 462 462 105 105 461 461 105 105 462 462 463 463 464 464 465 465 466 466 467 467 440 440 468 468 442 442 468 468 440 440 468 468 442 442 469 469 470 470 469 469 442 442 471 471 472 472 473 473 474 474 473 473 472 472 472 472 475 475 476 476 472 472 476 476 474 474 477 477 474 474 476 476 474 474 477 477 478 478 473 473 446 446 471 471 445 445 471 471 446 446 471 471 445 445 479 479 97 97 479 479 445 445 479 479 97 97 480 480 99 99 480 480 97 97 480 480 99 99 481 481 482 482 95 95 483 483 94 94 483 483 95 95 483 483 94 94 484 484 102 102 101 101 485 485 486 486 485 485 101 101 485 485 486 486 487 487 488 488 487 487 486 486 487 487 488 488 489 489 481 481 100 100 480 480 102 102 480 480 100 100 480 480 102 102 479 479 485 485 479 479 102 102 479 479 485 485 471 471 487 487 471 471 485 485 471 471 487 487 472 472 489 489 472 472 487 487 472 472 489 489 475 475 490 490 491 491 492 492 493 493 492 492 491 491 492 492 493 493 494 494 495 495 93 93 496 496 92 92 496 496 93 93 496 496 92 92 497 497 498 498 499 499 500 500 501 501 500 500 499 499 500 500 501 501 91 91 502 502 91 91 501 501 91 91 502 502 89 89 20 20 503 503 504 504 503 503 20 20 505 505 19 19 505 505 20 20 505 505 19 19 506 506 507 507 84 84 508 508 83 83 508 508 84 84 508 508 83 83 509 509 510 510 511 511 512 512 510 510 512 512 513 513 514 514 515 515 516 516 513 513 516 516 515 515 516 516 513 513 517 517 512 512 517 517 513 513 517 517 512 512 494 494 518 518 519 519 520 520 521 521 520 520 519 519 522 522 523 523 524 524 525 525 521 521 526 526 519 519 526 526 521 521 526 526 519 519 527 527 518 518 527 527 519 519 528 528 529 529 530 530 459 459 103 103 531 531 105 105 531 531 103 103 531 531 105 105 532 532 463 463 532 532 105 105 532 532 463 463 533 533 534 534 535 535 536 536 537 537 536 536 535 535 536 536 537 537 538 538 539 539 538 538 537 537 538 538 539 539 540 540 464 464 541 541 542 542 470 470 543 543 469 469 544 544 469 469 543 543 469 469 544 544 545 545 81 81 80 80 546 546 547 547 546 546 80 80 546 546 547 547 548 548 549 549 548 548 547 547 548 548 549 549 550 550 551 551 550 550 549 549 550 550 551 551 552 552 460 460 456 456 553 553 457 457 553 553 456 456 553 553 457 457 554 554 458 458 554 554 457 457 554 554 458 458 555 555 459 459 555 555 458 458 555 555 459 459 556 556 531 531 556 556 459 459 556 556 531 531 557 557 532 532 557 557 531 531 557 557 532 532 558 558 533 533 558 558 532 532 558 558 533 533 559 559 560 560 559 559 533 533 559 559 560 560 561 561 462 462 562 562 463 463 563 563 463 463 562 562 463 463 563 563 533 533 564 564 533 533 563 563 533 533 564 564 560 560 466 466 565 565 464 464 566 566 464 464 565 565 464 464 566 566 541 541 567 567 541 541 566 566 541 541 567 567 542 542 568 568 542 542 567 567 569 569 534 534 570 570 536 536 570 570 534 534 570 570 536 536 571 571 572 572 571 571 536 536 467 467 540 540 573 573 539 539 573 573 540 540 573 573 539 539 466 466 537 537 466 466 539 539 466 466 537 537 565 565 535 535 565 565 537 537 565 565 535 535 566 566 534 534 566 566 535 535 566 566 534 534 567 567 569 569 567 567 534 534 567 567 569 569 568 568 574 574 568 568 569 569 544 544 575 575 576 576 577 577 578 578 579 579 580 580 579 579 578 578 579 579 580 580 581 581 582 582 583 583 584 584 584 584 585 585 582 582 586 586 582 582 585 585 582 582 586 586 587 587 586 586 588 588 587 587 589 589 587 587 588 588 587 587 589 589 590 590 591 591 590 590 589 589 590 590 591 591 577 577 592 592 577 577 591 591 577 577 592 592 578 578 593 593 594 594 595 595 596 596 597 597 598 598 599 599 598 598 597 597 598 598 599 599 594 594 600 600 594 594 599 599 594 594 600 600 595 595 601 601 602 602 552 552 603 603 552 552 602 602 552 552 603 603 550 550 484 484 550 550 603 603 550 550 484 484 548 548 94 94 548 548 484 484 548 548 94 94 546 546 96 96 546 546 94 94 546 546 96 96 81 81 604 604 605 605 606 606 607 607 606 606 605 605 601 601 608 608 602 602 609 609 602 602 608 608 602 602 609 609 596 596 610 610 596 596 609 609 596 596 610 610 597 597 595 595 611 611 593 593 612 612 593 593 611 611 593 593 612 612 583 583 613 613 583 583 612 612 583 583 613 613 584 584 614 614 615 615 545 545 544 544 576 576 545 545 616 616 545 545 576 576 545 545 616 616 614 614 467 467 468 468 540 540 469 469 540 540 468 468 540 540 469 469 538 538 545 545 538 538 469 469 538 538 545 545 536 536 615 615 536 536 545 545 536 536 615 615 572 572 495 495 617 617 93 93 618 618 93 93 617 617 93 93 618 618 82 82 619 619 82 82 618 618 82 82 619 619 80 80 620 620 80 80 619 619 80 80 620 620 547 547 621 621 547 547 620 620 547 547 621 621 549 549 622 622 549 549 621 621 549 549 622 622 551 551 605 605 551 551 622 622 551 551 605 605 552 552 604 604 552 552 605 605 552 552 604 604 601 601 497 497 491 491 496 496 490 490 496 496 491 491 496 496 490 490 495 495 623 623 495 495 490 490 495 495 623 623 617 617 624 624 617 617 623 623 617 617 624 624 618 618 625 625 618 618 624 624 618 618 625 625 619 619 626 626 619 619 625 625 619 619 626 626 620 620 627 627 620 620 626 626 620 620 627 627 621 621 628 628 621 621 627 627 621 621 628 628 622 622 629 629 622 622 628 628 622 622 629 629 605 605 630 630 605 605 629 629 605 605 630 630 607 607 631 631 632 632 633 633 634 634 633 633 632 632 633 633 634 634 635 635 636 636 635 635 634 634 637 637 638 638 639 639 631 631 640 640 632 632 641 641 632 632 640 640 632 632 641 641 634 634 642 642 634 634 641 641 634 634 642 642 636 636 528 528 530 530 643 643 644 644 643 643 530 530 643 643 644 644 645 645 646 646 647 647 648 648 649 649 648 648 647 647 650 650 651 651 652 652 653 653 652 652 651 651 652 652 653 653 649 649 654 654 649 649 653 653 649 649 654 654 648 648 638 638 637 637 655 655 656 656 655 655 637 637 655 655 656 656 657 657 658 658 659 659 656 656 660 660 656 656 659 659 656 656 660 660 657 657 661 661 657 657 660 660 657 657 661 661 662 662 663 663 664 664 658 658 658 658 656 656 663 663 637 637 663 663 656 656 663 663 637 637 642 642 639 639 642 642 637 637 642 642 639 639 636 636 631 631 665 665 640 640 666 666 640 640 665 665 640 640 666 666 641 641 667 667 641 641 666 666 641 641 667 667 642 642 668 668 642 642 667 667 642 642 668 668 663 663 669 669 663 663 668 668 663 663 669 669 664 664 670 670 671 671 672 672 673 673 672 672 671 671 672 672 673 673 674 674 631 631 675 675 676 676 672 672 676 676 675 675 676 676 672 672 677 677 674 674 677 677 672 672 677 677 674 674 678 678 631 631 676 676 665 665 677 677 665 665 676 676 665 665 677 677 666 666 678 678 666 666 677 677 666 666 678 678 667 667 679 679 667 667 678 678 667 667 679 679 668 668 680 680 668 668 679 679 668 668 680 680 669 669 681 681 77 77 682 682 78 78 682 682 77 77 682 682 78 78 683 683 684 684 683 683 78 78 681 681 685 685 77 77 79 79 77 77 685 685 77 77 79 79 75 75 73 73 75 75 79 79 686 686 687 687 688 688 522 522 524 524 689 689 690 690 689 689 524 524 689 689 690 690 691 691 692 692 691 691 690 690 691 691 692 692 693 693 503 503 523 523 504 504 522 522 504 504 523 523 504 504 522 522 694 694 689 689 694 694 522 522 694 694 689 689 695 695 691 691 695 695 689 689 695 695 691 691 686 686 693 693 686 686 691 691 686 686 693 693 687 687 696 696 684 684 525 525 78 78 525 525 684 684 525 525 78 78 521 521 76 76 521 521 78 78 521 521 76 76 520 520 75 75 520 520 76 76 520 520 75 75 697 697 73 73 697 697 75 75 697 697 73 73 698 698 72 72 698 698 73 73 698 698 72 72 514 514 699 699 700 700 701 701 702 702 703 703 704 704 704 704 644 644 702 702 530 530 702 702 644 644 702 702 530 530 705 705 529 529 705 705 530 530 705 705 529 529 706 706 707 707 708 708 709 709 710 710 709 709 708 708 709 709 710 710 711 711 712 712 711 711 710 710 711 711 712 712 713 713 714 714 713 713 712 712 713 713 714 714 715 715 716 716 715 715 714 714 715 715 716 716 717 717 718 718 717 717 716 716 717 717 718 718 719 719 720 720 719 719 718 718 719 719 720 720 86 86 507 507 720 720 84 84 718 718 84 84 720 720 84 84 718 718 85 85 716 716 85 85 718 718 85 85 716 716 721 721 714 714 721 721 716 716 721 721 714 714 722 722 712 712 722 722 714 714 722 722 712 712 723 723 710 710 723 723 712 712 723 723 710 710 724 724 708 708 724 724 710 710 724 724 708 708 71 71 707 707 71 71 708 708 71 71 707 707 69 69 70 70 725 725 71 71 726 726 71 71 725 725 71 71 726 726 724 724 726 726 727 727 724 724 646 646 724 724 727 727 724 724 646 646 723 723 648 648 723 723 646 646 723 723 648 648 722 722 654 654 722 722 648 648 722 722 654 654 721 721 653 653 721 721 654 654 721 721 653 653 85 85 651 651 85 85 653 653 85 85 651 651 83 83 650 650 83 83 651 651 83 83 650 650 509 509 727 727 728 728 646 646 729 729 646 646 728 728 646 646 729 729 647 647 730 730 647 647 729 729 647 647 730 730 731 731 704 704 732 732 644 644 733 733 644 644 732 732 644 644 733 733 645 645 734 734 645 645 733 733 645 645 734 734 735 735 506 506 706 706 505 505 529 529 505 505 706 706 505 505 529 529 503 503 528 528 503 503 529 529 503 503 528 528 523 523 643 643 523 523 528 528 523 523 643 643 524 524 645 645 524 524 643 643 524 524 645 645 690 690 735 735 690 690 645 645 690 690 735 735 692 692 685 685 736 736 79 79 737 737 79 79 736 736 79 79 737 737 74 74 738 738 74 74 737 737 74 74 738 738 739 739 739 739 670 670 74 74 672 672 74 74 670 670 74 74 672 672 72 72 675 675 72 72 672 672 72 72 675 675 514 514 631 631 514 514 675 675 514 514 631 631 515 515 633 633 515 515 631 631 515 515 633 633 513 513 635 635 513 513 633 633 513 513 635 635 510 510 494 494 512 512 492 492 511 511 492 492 512 512 492 492 511 511 490 490 510 510 490 490 511 511 490 490 510 510 623 623 635 635 623 623 510 510 623 623 635 635 624 624 636 636 624 624 635 635 624 624 636 636 625 625 639 639 625 625 636 636 625 625 639 639 626 626 638 638 626 626 639 639 626 626 638 638 627 627 655 655 627 627 638 638 627 627 655 655 628 628 657 657 628 628 655 655 628 628 657 657 629 629 662 662 629 629 657 657 629 629 662 662 630 630 740 740 741 741 66 66 742 742 743 743 744 744 745 745 746 746 747 747 748 748 749 749 750 750 751 751 752 752 753 753 754 754 755 755 756 756 757 757 756 756 755 755 756 756 757 757 758 758 759 759 758 758 757 757 758 758 759 759 752 752 760 760 752 752 759 759 752 752 760 760 753 753 761 761 762 762 763 763 764 764 763 763 762 762 763 763 764 764 765 765 742 742 765 765 764 764 765 765 742 742 740 740 744 744 740 740 742 742 740 740 744 744 741 741 61 61 60 60 766 766 767 767 748 748 768 768 750 750 768 768 748 748 768 768 750 750 769 769 770 770 769 769 750 750 769 769 770 770 771 771 772 772 771 771 770 770 753 753 773 773 751 751 774 774 751 751 773 773 751 751 774 774 775 775 776 776 775 775 774 774 775 775 776 776 777 777 778 778 777 777 776 776 777 777 778 778 779 779 780 780 781 781 782 782 783 783 784 784 785 785 58 58 785 785 784 784 786 786 781 781 787 787 780 780 787 787 781 781 787 787 780 780 783 783 779 779 783 783 780 780 54 54 56 56 788 788 789 789 788 788 56 56 788 788 789 789 790 790 791 791 790 790 789 789 790 790 791 791 792 792 793 793 792 792 791 791 792 792 793 793 794 794 779 779 780 780 777 777 782 782 777 777 780 780 777 777 782 782 775 775 795 795 775 775 782 782 775 775 795 795 751 751 796 796 751 751 795 795 751 751 796 796 752 752 797 797 752 752 796 796 752 752 797 797 758 758 798 798 758 758 797 797 758 758 798 798 756 756 64 64 799 799 65 65 800 800 65 65 799 799 65 65 800 800 801 801 802 802 801 801 800 800 801 801 802 802 803 803 804 804 803 803 802 802 803 803 804 804 805 805 806 806 52 52 807 807 51 51 807 807 52 52 807 807 51 51 808 808 809 809 48 48 810 810 50 50 810 810 48 48 810 810 50 50 811 811 812 812 811 811 50 50 811 811 812 812 813 813 431 431 813 813 812 812 813 813 431 431 814 814 390 390 814 814 431 431 814 814 390 390 815 815 385 385 815 815 390 390 815 815 385 385 816 816 387 387 816 816 385 385 412 412 416 416 413 413 418 418 413 413 416 416 413 413 418 418 387 387 124 124 387 387 418 418 387 387 124 124 816 816 331 331 816 816 124 124 816 816 331 331 815 815 333 333 815 815 331 331 815 815 333 333 814 814 817 817 814 814 333 333 814 814 817 817 813 813 808 808 813 813 817 817 813 813 808 808 811 811 51 51 811 811 808 808 811 811 51 51 810 810 53 53 810 810 51 51 810 810 53 53 809 809 818 818 63 63 819 819 65 65 819 819 63 63 819 819 65 65 820 820 801 801 820 820 65 65 820 820 801 801 821 821 803 803 821 821 801 801 821 821 803 803 822 822 805 805 822 822 803 803 822 822 805 805 823 823 824 824 62 62 825 825 61 61 825 825 62 62 825 825 61 61 826 826 766 766 826 826 61 61 826 826 766 766 47 47 827 827 47 47 766 766 47 47 827 827 45 45 828 828 45 45 827 827 45 45 828 828 829 829 806 806 824 824 52 52 825 825 52 52 824 824 52 52 825 825 53 53 826 826 53 53 825 825 53 53 826 826 809 809 47 47 809 809 826 826 809 809 47 47 48 48 46 46 48 48 47 47 48 48 46 46 49 49 830 830 831 831 832 832 833 833 832 832 831 831 799 799 745 745 800 800 747 747 800 800 745 745 800 800 747 747 802 802 834 834 802 802 747 747 802 802 834 834 804 804 835 835 804 804 834 834 804 804 835 835 805 805 833 833 805 805 835 835 805 805 833 833 823 823 831 831 823 823 833 833 823 823 831 831 836 836 830 830 836 836 831 831 836 836 830 830 837 837 746 746 767 767 747 747 768 768 747 747 767 767 747 747 768 768 834 834 769 769 834 834 768 768 834 834 769 769 835 835 771 771 835 835 769 769 835 835 771 771 833 833 772 772 833 833 771 771 833 833 772 772 832 832 573 573 832 832 772 772 832 832 573 573 830 830 466 466 830 830 573 573 830 830 466 466 837 837 465 465 837 837 466 466 838 838 839 839 840 840 841 841 840 840 839 839 783 783 785 785 787 787 840 840 787 787 785 785 787 787 840 840 786 786 841 841 786 786 840 840 786 786 841 841 781 781 842 842 781 781 841 841 781 781 842 842 782 782 843 843 782 782 842 842 782 782 843 843 795 795 844 844 795 795 843 843 795 795 844 844 796 796 845 845 796 796 844 844 796 796 845 845 797 797 846 846 797 797 845 845 797 797 846 846 798 798 44 44 43 43 847 847 848 848 847 847 43 43 847 847 848 848 849 849 850 850 849 849 848 848 849 849 850 850 443 443 851 851 852 852 853 853 854 854 853 853 852 852 853 853 854 854 855 855 856 856 855 855 854 854 855 855 856 856 857 857 858 858 857 857 856 856 857 857 858 858 859 859 40 40 859 859 858 858 859 859 40 40 860 860 42 42 860 860 40 40 860 860 42 42 861 861 38 38 862 862 863 863 38 38 863 863 39 39 864 864 39 39 863 863 39 39 864 864 455 455 865 865 455 455 864 864 455 455 865 865 454 454 866 866 454 454 865 865 454 454 866 866 453 453 867 867 453 453 866 866 453 453 867 867 98 98 868 868 98 98 867 867 98 98 868 868 99 99 869 869 99 99 868 868 99 99 869 869 481 481 41 41 40 40 43 43 858 858 43 43 40 40 43 43 858 858 848 848 856 856 848 848 858 858 848 848 856 856 850 850 854 854 850 850 856 856 850 850 854 854 443 443 852 852 443 443 854 854 443 443 852 852 442 442 851 851 442 442 852 852 442 442 851 851 470 470 861 861 37 37 860 860 39 39 860 860 37 37 860 860 39 39 859 859 455 455 859 859 39 39 859 859 455 455 857 857 444 444 857 857 455 455 857 857 444 444 855 855 446 446 855 855 444 444 855 855 446 446 853 853 473 473 853 853 446 446 853 853 473 473 851 851 474 474 851 851 473 473 851 851 474 474 470 470 478 478 470 470 474 474 470 470 478 478 543 543 749 749 754 754 750 750 756 756 750 750 754 754 750 750 756 756 770 770 798 798 770 770 756 756 770 770 798 798 772 772 846 846 772 772 798 798 772 772 846 846 573 573 845 845 573 573 846 846 573 573 845 845 467 467 844 844 467 467 845 845 467 467 844 844 440 440 843 843 440 440 844 844 440 440 843 843 441 441 842 842 441 441 843 843 441 441 842 842 443 443 841 841 443 443 842 842 443 443 841 841 849 849 839 839 849 849 841 841 849 849 839 839 847 847 838 838 847 847 839 839 847 847 838 838 44 44 57 57 59 59 870 870 871 871 870 870 59 59 870 870 871 871 872 872 873 873 872 872 871 871 872 872 873 873 874 874 875 875 874 874 873 873 874 874 875 875 876 876 877 877 876 876 875 875 876 876 877 877 878 878 879 879 794 794 878 878 793 793 878 878 794 794 878 878 793 793 876 876 791 791 876 876 793 793 876 876 791 791 874 874 789 789 874 874 791 791 874 874 789 789 872 872 56 56 872 872 789 789 872 872 56 56 870 870 55 55 870 870 56 56 870 870 55 55 57 57 880 880 881 881 882 882 883 883 882 882 881 881 884 884 885 885 886 886 35 35 885 885 36 36 884 884 36 36 885 885 36 36 884 884 887 887 886 886 888 888 889 889 890 890 889 889 888 888 889 889 890 890 891 891 892 892 34 34 893 893 36 36 893 893 34 34 893 893 36 36 894 894 887 887 894 894 36 36 894 894 887 887 895 895 890 890 896 896 891 891 897 897 891 891 896 896 891 891 897 897 898 898 899 899 898 898 897 897 898 898 899 899 900 900 899 899 901 901 900 900 902 902 900 900 901 901 900 900 902 902 903 903 904 904 903 903 902 902 903 903 904 904 905 905 906 906 905 905 904 904 905 905 906 906 907 907 908 908 889 889 909 909 891 891 909 909 889 889 909 909 891 891 910 910 898 898 910 910 891 891 910 910 898 898 911 911 900 900 911 911 898 898 911 911 900 900 912 912 903 903 912 912 900 900 913 913 914 914 31 31 31 31 914 914 32 32 915 915 32 32 914 914 32 32 915 915 916 916 917 917 918 918 919 919 920 920 919 919 918 918 919 919 920 920 921 921 33 33 917 917 31 31 919 919 31 31 917 917 31 31 919 919 913 913 921 921 913 913 919 919 913 913 921 921 922 922 923 923 922 922 921 921 922 922 923 923 924 924 925 925 924 924 923 923 926 926 927 927 928 928 882 882 928 928 927 927 928 928 882 882 929 929 883 883 929 929 882 882 929 929 883 883 892 892 877 877 880 880 878 878 882 882 878 878 880 880 878 878 882 882 879 879 927 927 879 879 882 882 879 879 927 927 930 930 926 926 930 930 927 927 930 930 926 926 931 931 58 58 57 57 785 785 55 55 785 785 57 57 785 785 55 55 840 840 54 54 840 840 55 55 840 840 54 54 838 838 788 788 838 838 54 54 838 838 788 788 44 44 790 790 44 44 788 788 44 44 790 790 41 41 792 792 41 41 790 790 41 41 792 792 42 42 794 794 42 42 792 792 42 42 794 794 861 861 879 879 861 861 794 794 861 861 879 879 37 37 930 930 37 37 879 879 37 37 930 930 38 38 931 931 38 38 930 930 38 38 931 931 862 862 886 886 889 889 884 884 908 908 884 884 889 889 884 884 908 908 887 887 932 932 887 887 908 908 887 887 932 932 895 895 933 933 895 895 932 932 895 895 933 933 934 934 935 935 934 934 933 933 934 934 935 935 936 936 937 937 936 936 935 935 936 936 937 937 447 447 938 938 447 447 937 937 447 447 938 938 448 448 939 939 940 940 941 941 942 942 941 941 940 940 941 941 942 942 943 943 944 944 943 943 942 942 943 943 944 944 945 945 30 30 946 946 24 24 947 947 24 24 946 946 24 24 947 947 25 25 948 948 25 25 947 947 25 25 948 948 949 949 950 950 949 949 948 948 949 949 950 950 907 907 951 951 907 907 950 950 907 907 951 951 905 905 952 952 905 905 951 951 905 905 952 952 903 903 953 953 903 903 952 952 903 903 953 953 912 912 954 954 912 912 953 953 912 912 954 954 911 911 955 955 911 911 954 954 911 911 955 955 910 910 956 956 910 910 955 955 910 910 956 956 909 909 957 957 909 909 956 956 909 909 957 957 908 908 945 945 908 908 957 957 908 908 945 945 932 932 944 944 932 932 945 945 932 932 944 944 933 933 942 942 933 933 944 944 933 933 942 942 935 935 940 940 935 935 942 942 935 935 940 940 937 937 939 939 937 937 940 940 937 937 939 939 938 938 958 958 959 959 960 960 961 961 960 960 959 959 960 960 961 961 962 962 963 963 962 962 961 961 962 962 963 963 964 964 958 958 965 965 959 959 966 966 959 959 965 965 959 959 966 966 961 961 967 967 961 961 966 966 961 961 967 967 963 963 21 21 18 18 968 968 20 20 968 968 18 18 968 968 20 20 969 969 504 504 969 969 20 20 969 969 504 504 518 518 694 694 518 518 504 504 518 518 694 694 527 527 695 695 527 527 694 694 527 527 695 695 526 526 686 686 526 526 695 695 526 526 686 686 525 525 688 688 525 525 686 686 525 525 688 688 696 696 21 21 970 970 22 22 971 971 22 22 970 970 22 22 971 971 972 972 973 973 972 972 971 971 972 972 973 973 974 974 975 975 974 974 973 973 974 974 976 976 972 972 977 977 972 972 976 976 972 972 977 977 22 22 978 978 22 22 977 977 22 22 978 978 18 18 979 979 18 18 978 978 18 18 979 979 19 19 980 980 19 19 979 979 19 19 980 980 506 506 981 981 506 506 980 980 506 506 981 981 706 706 982 982 706 706 981 981 706 706 982 982 705 705 699 699 705 705 982 982 705 705 699 699 702 702 701 701 702 702 699 699 702 702 701 701 703 703 493 493 498 498 494 494 500 500 494 494 498 498 494 494 500 500 517 517 91 91 517 517 500 500 517 517 91 91 516 516 90 90 516 516 91 91 516 516 90 90 514 514 983 983 514 514 90 90 514 514 983 983 698 698 984 984 698 698 983 983 698 698 984 984 697 697 985 985 697 697 984 984 697 697 985 985 520 520 965 965 520 520 985 985 520 520 965 965 518 518 958 958 518 518 965 965 518 518 958 958 969 969 960 960 969 969 958 958 969 969 960 960 968 968 962 962 968 968 960 960 968 968 962 962 21 21 964 964 21 21 962 962 21 21 964 964 970 970 30 30 966 966 946 946 965 965 946 946 966 966 946 946 965 965 947 947 985 985 947 947 965 965 947 947 985 985 948 948 984 984 948 948 985 985 948 948 984 984 950 950 983 983 950 950 984 984 950 950 983 983 951 951 90 90 951 951 983 983 951 951 90 90 952 952 89 89 952 952 90 90 952 952 89 89 953 953 502 502 953 953 89 89 953 953 502 502 954 954 501 501 954 954 502 502 954 954 501 501 955 955 499 499 955 955 501 501 955 955 499 499 956 956 498 498 956 956 499 499 956 956 498 498 957 957 493 493 957 957 498 498 957 957 493 493 945 945 491 491 945 945 493 493 945 945 491 491 943 943 497 497 943 943 491 491 943 943 497 497 941 941 92 92 941 941 497 497 941 941 92 92 939 939 82 82 939 939 92 92 939 939 82 82 938 938 81 81 938 938 82 82 938 938 81 81 448 448 96 96 448 448 81 81 448 448 96 96 450 450 95 95 450 450 96 96 450 450 95 95 452 452 482 482 452 452 95 95 892 892 893 893 929 929 894 894 929 929 893 893 929 929 894 894 928 928 895 895 928 928 894 894 928 928 895 895 926 926 934 934 926 926 895 895 926 926 934 934 931 931 936 936 931 931 934 934 931 931 936 936 862 862 447 447 862 862 936 936 862 862 447 447 863 863 449 449 863 863 447 447 863 863 449 449 864 864 451 451 864 864 449 449 864 864 451 451 865 865 452 452 865 865 451 451 865 865 452 452 866 866 482 482 866 866 452 452 866 866 482 482 867 867 483 483 867 867 482 482 867 867 483 483 868 868 484 484 868 868 483 483 868 868 484 484 869 869 603 603 869 869 484 484 869 869 603 603 481 481 602 602 481 481 603 603 481 481 602 602 100 100 596 596 100 100 602 602 100 100 596 596 101 101 598 598 101 101 596 596 101 101 598 598 486 486 594 594 486 486 598 598 486 486 594 594 488 488 593 593 488 488 594 594 488 488 593 593 489 489 583 583 489 489 593 593 489 489 583 583 475 475 582 582 475 475 583 583 475 475 582 582 476 476 587 587 476 476 582 582 476 476 587 587 477 477 590 590 477 477 587 587 477 477 590 590 478 478 577 577 478 478 590 590 478 478 577 577 543 543 579 579 543 543 577 577 543 543 579 579 544 544 581 581 544 544 579 579 544 544 581 581 575 575 986 986 987 987 988 988 989 989 988 988 987 987 990 990 991 991 992 992 989 989 992 992 991 991 989 989 991 991 988 988 993 993 988 988 991 991 988 988 993 993 994 994 995 995 996 996 997 997 997 997 998 998 995 995 999 999 995 995 998 998 995 995 999 999 1000 1000 1001 1001 1000 1000 999 999 1000 1000 1001 1001 1002 1002 993 993 1003 1003 994 994 1004 1004 994 994 1003 1003 994 994 1004 1004 1005 1005 1006 1006 1005 1005 1004 1004 1005 1005 1006 1006 996 996 1007 1007 996 996 1006 1006 996 996 1007 1007 997 997 1008 1008 1009 1009 1010 1010 1011 1011 1012 1012 1013 1013 1014 1014 1015 1015 1016 1016 1017 1017 1016 1016 1015 1015 1016 1016 1017 1017 1018 1018 1019 1019 1018 1018 1017 1017 1018 1018 1019 1019 1012 1012 1020 1020 1012 1012 1019 1019 1012 1012 1020 1020 1013 1013 1008 1008 1021 1021 1022 1022 1002 1002 1022 1022 1021 1021 1022 1022 1002 1002 1023 1023 1001 1001 1023 1023 1002 1002 996 996 1024 1024 1005 1005 1025 1025 1005 1005 1024 1024 1005 1005 1025 1025 994 994 1026 1026 994 994 1025 1025 994 994 1026 1026 988 988 1027 1027 988 988 1026 1026 988 988 1027 1027 986 986 1028 1028 986 986 1027 1027 986 986 1028 1028 987 987 1029 1029 987 987 1028 1028 987 987 1029 1029 989 989 1030 1030 989 989 1029 1029 989 989 1030 1030 992 992 1031 1031 992 992 1030 1030 992 992 1031 1031 990 990 1024 1024 1032 1032 1025 1025 1033 1033 1025 1025 1032 1032 1025 1025 1033 1033 1026 1026 1034 1034 1026 1026 1033 1033 1026 1026 1034 1034 1027 1027 1035 1035 1027 1027 1034 1034 1027 1027 1035 1035 1028 1028 1036 1036 1028 1028 1035 1035 1028 1028 1036 1036 1029 1029 33 33 1029 1029 1036 1036 1029 1029 33 33 1030 1030 32 32 1030 1030 33 33 1030 1030 32 32 1031 1031 916 916 1031 1031 32 32 1031 1031 916 916 990 990 1021 1021 1037 1037 1002 1002 1038 1038 1002 1002 1037 1037 1002 1002 1038 1038 1000 1000 1039 1039 1000 1000 1038 1038 1000 1000 1039 1039 995 995 1040 1040 995 995 1039 1039 995 995 1040 1040 996 996 1041 1041 996 996 1040 1040 996 996 1041 1041 1024 1024 1042 1042 1024 1024 1041 1041 1024 1024 1042 1042 1032 1032 1043 1043 1044 1044 1045 1045 1046 1046 1045 1045 1044 1044 1045 1045 1046 1046 1047 1047 1048 1048 1047 1047 1046 1046 1047 1047 1048 1048 1049 1049 1050 1050 1049 1049 1048 1048 1049 1049 1050 1050 1051 1051 1052 1052 1053 1053 1054 1054 1055 1055 1054 1054 1053 1053 1054 1054 1055 1055 1056 1056 1057 1057 1056 1056 1055 1055 1056 1056 1057 1057 1058 1058 1051 1051 1050 1050 1059 1059 1060 1060 1059 1059 1050 1050 1059 1059 1060 1060 1061 1061 1062 1062 1061 1061 1060 1060 1061 1061 1062 1062 1063 1063 1064 1064 1063 1063 1062 1062 1063 1063 1064 1064 1011 1011 1065 1065 1011 1011 1064 1064 1011 1011 1065 1065 1012 1012 1066 1066 1012 1012 1065 1065 1012 1012 1066 1066 1018 1018 1067 1067 1018 1018 1066 1066 1018 1018 1067 1067 1016 1016 1068 1068 1069 1069 1070 1070 1071 1071 1070 1070 1069 1069 1070 1070 1071 1071 1072 1072 1073 1073 1068 1068 1074 1074 1070 1070 1074 1074 1068 1068 1074 1074 1070 1070 1075 1075 1072 1072 1075 1075 1070 1070 1076 1076 1077 1077 1078 1078 1079 1079 1078 1078 1077 1077 1078 1078 1079 1079 1080 1080 1081 1081 1082 1082 1083 1083 1079 1079 1084 1084 1080 1080 1085 1085 1080 1080 1084 1084 1080 1080 1085 1085 1086 1086 1087 1087 1086 1086 1085 1085 1086 1086 1087 1087 1082 1082 1088 1088 1082 1082 1087 1087 1082 1082 1088 1088 1083 1083 1089 1089 1090 1090 1091 1091 1092 1092 1093 1093 1094 1094 1095 1095 1094 1094 1093 1093 1094 1094 1095 1095 1096 1096 1091 1091 1097 1097 1089 1089 1098 1098 1089 1089 1097 1097 1089 1089 1098 1098 1099 1099 1100 1100 1099 1099 1098 1098 1099 1099 1100 1100 1092 1092 1101 1101 1092 1092 1100 1100 1092 1092 1101 1101 1093 1093 1083 1083 1102 1102 1081 1081 1103 1103 1081 1081 1102 1102 1081 1081 1103 1103 1104 1104 1105 1105 1104 1104 1103 1103 1104 1104 1105 1105 1106 1106 1107 1107 1106 1106 1105 1105 1106 1106 1107 1107 1090 1090 1108 1108 1090 1090 1107 1107 1090 1090 1108 1108 1091 1091 1109 1109 1110 1110 1111 1111 1112 1112 1111 1111 1110 1110 1111 1111 1112 1112 1096 1096 1113 1113 16 16 1114 1114 15 15 1114 1114 16 16 1114 1114 15 15 1115 1115 1116 1116 17 17 1117 1117 16 16 1117 1117 17 17 1117 1117 16 16 1118 1118 1113 1113 1118 1118 16 16 1118 1118 1113 1113 1119 1119 1120 1120 1121 1121 1122 1122 1123 1123 1122 1122 1121 1121 1122 1122 1123 1123 1124 1124 1125 1125 1124 1124 1123 1123 1124 1124 1125 1125 1126 1126 1127 1127 1126 1126 1125 1125 1126 1126 1127 1127 1128 1128 1129 1129 1128 1128 1127 1127 1086 1086 1130 1130 1080 1080 1131 1131 1080 1080 1130 1130 1080 1080 1131 1131 1078 1078 1072 1072 1078 1078 1131 1131 1078 1078 1072 1072 1076 1076 1071 1071 1076 1076 1072 1072 1121 1121 1073 1073 1123 1123 1074 1074 1123 1123 1073 1073 1123 1123 1074 1074 1125 1125 1075 1075 1125 1125 1074 1074 1125 1125 1075 1075 1127 1127 1072 1072 1127 1127 1075 1075 1127 1127 1072 1072 1129 1129 1131 1131 1129 1129 1072 1072 1129 1129 1131 1131 1132 1132 1130 1130 1132 1132 1131 1131 1133 1133 1134 1134 7 7 1095 1095 1135 1135 1096 1096 1136 1136 1096 1096 1135 1135 1096 1096 1136 1136 1111 1111 1137 1137 1111 1111 1136 1136 1111 1111 1137 1137 1109 1109 1115 1115 1109 1109 1137 1137 1109 1109 1115 1115 1138 1138 15 15 1138 1138 1115 1115 1138 1138 15 15 1139 1139 17 17 1139 1139 15 15 1139 1139 17 17 1140 1140 1116 1116 1140 1140 17 17 1140 1140 1116 1116 1141 1141 1134 1134 1142 1142 7 7 1143 1143 7 7 1142 1142 7 7 1143 1143 8 8 1110 1110 1144 1144 1112 1112 1145 1145 1112 1112 1144 1144 1112 1112 1145 1145 1096 1096 1146 1146 1096 1096 1145 1145 1096 1096 1146 1146 1094 1094 1147 1147 1094 1094 1146 1146 1094 1094 1147 1147 1092 1092 1148 1148 1092 1092 1147 1147 1092 1092 1148 1148 1099 1099 1149 1149 1099 1099 1148 1148 1099 1099 1149 1149 1089 1089 1150 1150 1089 1089 1149 1149 1089 1089 1150 1150 1090 1090 1151 1151 1090 1090 1150 1150 1090 1090 1151 1151 1106 1106 1152 1152 1106 1106 1151 1151 1106 1106 1152 1152 1104 1104 1153 1153 1104 1104 1152 1152 1104 1104 1153 1153 1081 1081 1154 1154 1081 1081 1153 1153 1081 1081 1154 1154 1082 1082 1155 1155 1082 1082 1154 1154 1082 1082 1155 1155 1086 1086 1156 1156 1086 1086 1155 1155 1086 1086 1156 1156 1130 1130 1157 1157 1130 1130 1156 1156 1130 1130 1157 1157 1132 1132 1158 1158 1141 1141 1159 1159 1116 1116 1159 1159 1141 1141 1159 1159 1116 1116 1160 1160 1117 1117 1160 1160 1116 1116 1160 1160 1117 1117 1161 1161 1118 1118 1161 1161 1117 1117 1161 1161 1118 1118 1162 1162 1119 1119 1162 1162 1118 1118 1162 1162 1119 1119 1163 1163 1013 1013 1164 1164 1011 1011 1165 1165 1011 1011 1164 1164 1011 1011 1165 1165 1063 1063 1166 1166 1063 1063 1165 1165 1063 1063 1166 1166 1061 1061 1167 1167 1061 1061 1166 1166 1061 1061 1167 1167 1059 1059 1168 1168 1059 1059 1167 1167 1059 1059 1168 1168 1051 1051 1120 1120 1051 1051 1168 1168 1051 1051 1120 1120 1049 1049 1122 1122 1049 1049 1120 1120 1049 1049 1122 1122 1047 1047 1124 1124 1047 1047 1122 1122 1047 1047 1124 1124 1045 1045 1126 1126 1045 1045 1124 1124 1045 1045 1126 1126 1043 1043 1128 1128 1043 1043 1126 1126 29 29 1169 1169 1170 1170 1171 1171 1170 1170 1169 1169 1170 1170 1171 1171 1172 1172 1173 1173 1172 1172 1171 1171 1172 1172 1173 1173 1174 1174 1175 1175 1174 1174 1173 1173 1174 1174 1175 1175 1176 1176 1177 1177 1176 1176 1175 1175 1176 1176 1177 1177 1178 1178 1179 1179 1178 1178 1177 1177 1178 1178 1179 1179 1180 1180 1181 1181 1180 1180 1179 1179 1180 1180 1181 1181 1182 1182 1183 1183 1182 1182 1181 1181 1182 1182 1183 1183 1184 1184 1185 1185 1184 1184 1183 1183 1184 1184 1185 1185 1186 1186 1187 1187 1186 1186 1185 1185 1037 1037 1188 1188 1038 1038 1189 1189 1038 1038 1188 1188 1038 1038 1189 1189 1039 1039 1190 1190 1039 1039 1189 1189 1039 1039 1190 1190 1040 1040 1191 1191 1040 1040 1190 1190 1040 1040 1191 1191 1041 1041 1192 1192 1193 1193 1060 1060 1060 1060 1193 1193 1062 1062 1194 1194 1062 1062 1193 1193 1062 1062 1194 1194 1064 1064 1195 1195 1064 1064 1194 1194 1064 1064 1195 1195 1065 1065 1196 1196 1065 1065 1195 1195 1065 1065 1196 1196 1066 1066 1197 1197 1066 1066 1196 1196 1066 1066 1197 1197 1067 1067 23 23 26 26 30 30 28 28 30 30 26 26 30 30 28 28 966 966 29 29 966 966 28 28 966 966 29 29 967 967 1170 1170 967 967 29 29 967 967 1170 1170 963 963 1172 1172 963 963 1170 1170 963 963 1172 1172 964 964 1174 1174 964 964 1172 1172 964 964 1174 1174 970 970 1176 1176 970 970 1174 1174 970 970 1176 1176 971 971 1178 1178 971 971 1176 1176 971 971 1178 1178 973 973 1180 1180 973 973 1178 1178 973 973 1180 1180 975 975 1182 1182 975 975 1180 1180 975 975 1182 1182 1198 1198 1184 1184 1198 1198 1182 1182 1198 1198 1184 1184 1199 1199 1186 1186 1199 1199 1184 1184 1199 1199 1186 1186 1200 1200 1187 1187 1200 1200 1186 1186 1200 1200 1187 1187 1201 1201 146 146 1201 1201 1187 1187 1201 1201 146 146 1202 1202 143 143 1202 1202 146 146 1202 1202 143 143 154 154 1008 1008 1010 1010 1021 1021 1203 1203 1021 1021 1010 1010 1021 1021 1203 1203 1037 1037 1204 1204 1037 1037 1203 1203 1037 1037 1204 1204 1188 1188 1205 1205 1188 1188 1204 1204 1188 1188 1205 1205 1189 1189 1206 1206 1189 1189 1205 1205 1189 1189 1206 1206 1190 1190 1207 1207 1190 1190 1206 1206 1190 1190 1207 1207 1191 1191 154 154 143 143 156 156 145 145 156 156 143 143 156 156 145 145 158 158 1208 1208 158 158 145 145 158 158 1208 1208 159 159 171 171 153 153 172 172 155 155 172 172 153 153 172 172 155 155 174 174 157 157 174 174 155 155 174 174 157 157 150 150 159 159 150 150 157 157 150 150 159 159 12 12 1208 1208 12 12 159 159 12 12 1208 1208 13 13 1010 1010 14 14 1203 1203 13 13 1203 1203 14 14 1203 1203 13 13 1204 1204 1208 1208 1204 1204 13 13 1204 1204 1208 1208 1205 1205 145 145 1205 1205 1208 1208 1205 1205 145 145 1206 1206 144 144 1206 1206 145 145 1206 1206 144 144 1207 1207 146 146 1207 1207 144 144 1207 1207 146 146 1191 1191 1187 1187 1191 1191 146 146 1191 1191 1187 1187 1041 1041 1185 1185 1041 1041 1187 1187 1041 1041 1185 1185 1042 1042 1183 1183 1042 1042 1185 1185 1042 1042 1183 1183 1032 1032 1181 1181 1032 1032 1183 1183 1032 1032 1181 1181 1033 1033 1179 1179 1033 1033 1181 1181 1033 1033 1179 1179 1034 1034 1177 1177 1034 1034 1179 1179 1034 1034 1177 1177 1035 1035 1175 1175 1035 1035 1177 1177 1035 1035 1175 1175 1036 1036 1173 1173 1036 1036 1175 1175 1036 1036 1173 1173 33 33 1171 1171 33 33 1173 1173 33 33 1171 1171 917 917 1169 1169 917 917 1171 1171 917 917 1169 1169 918 918 29 29 918 918 1169 1169 918 918 29 29 920 920 27 27 920 920 29 29 920 920 27 27 921 921 26 26 921 921 27 27 921 921 26 26 923 923 23 23 923 923 26 26 923 923 23 23 925 925 25 25 925 925 23 23 925 925 25 25 1209 1209 949 949 1209 1209 25 25 1209 1209 949 949 1210 1210 907 907 1210 1210 949 949 1210 1210 907 907 1211 1211 906 906 1211 1211 907 907 135 135 234 234 136 136 189 189 136 136 234 234 136 136 189 189 1212 1212 187 187 1212 1212 189 189 1212 1212 187 187 1213 1213 186 186 1213 1213 187 187 1213 1213 186 186 1214 1214 178 178 1214 1214 186 186 1214 1214 178 178 1215 1215 1216 1216 1215 1215 178 178 199 199 197 197 192 192 137 137 192 192 197 197 192 192 137 137 141 141 139 139 141 141 137 137 141 141 139 139 142 142 1217 1217 142 142 139 139 142 142 1217 1217 1218 1218 1219 1219 1218 1218 1217 1217 1218 1218 1219 1219 1220 1220 1221 1221 1220 1220 1219 1219 1220 1220 1221 1221 1222 1222 1223 1223 1222 1222 1221 1221 1222 1222 10 10 1220 1220 9 9 1220 1220 10 10 1220 1220 9 9 1218 1218 1224 1224 1218 1218 9 9 1218 1218 1224 1224 142 142 1225 1225 142 142 1224 1224 142 142 1225 1225 140 140 1226 1226 140 140 1225 1225 140 140 1226 1226 194 194 195 195 134 134 138 138 136 136 138 138 134 134 138 138 136 136 139 139 1212 1212 139 139 136 136 139 139 1212 1212 1217 1217 1213 1213 1217 1217 1212 1212 1217 1217 1213 1213 1219 1219 1214 1214 1219 1219 1213 1213 1219 1219 1214 1214 1221 1221 1215 1215 1221 1221 1214 1214 1221 1221 1215 1215 1223 1223 1216 1216 1223 1223 1215 1215 1009 1009 1014 1014 1010 1010 1016 1016 1010 1010 1014 1014 1010 1010 1016 1016 14 14 1067 1067 14 14 1016 1016 14 14 1067 1067 12 12 1197 1197 12 12 1067 1067 12 12 1197 1197 150 150 1196 1196 150 150 1197 1197 150 150 1196 1196 151 151 1195 1195 151 151 1196 1196 151 151 1195 1195 175 175 1194 1194 175 175 1195 1195 175 175 1194 1194 176 176 1193 1193 176 176 1194 1194 176 176 1193 1193 178 178 1192 1192 178 178 1193 1193 178 178 1192 1192 1216 1216 1192 1192 1227 1227 1216 1216 1228 1228 1216 1216 1227 1227 1216 1216 1228 1228 1223 1223 1229 1229 1223 1223 1228 1228 1223 1223 1229 1229 1222 1222 1230 1230 1222 1222 1229 1229 1222 1222 1230 1230 10 10 1231 1231 10 10 1230 1230 10 10 1231 1231 11 11 1232 1232 11 11 1231 1231 11 11 1232 1232 1233 1233 1234 1234 1233 1233 1232 1232 1233 1233 1234 1234 1235 1235 1236 1236 1235 1235 1234 1234 1237 1237 1238 1238 1239 1239 1240 1240 1239 1239 1238 1238 1239 1239 1240 1240 1241 1241 1242 1242 1241 1241 1240 1240 1241 1241 1242 1242 1236 1236 6 6 1243 1243 7 7 1244 1244 7 7 1243 1243 7 7 1244 1244 1133 1133 1144 1144 1245 1245 1145 1145 1246 1246 1145 1145 1245 1245 1145 1145 1246 1246 1146 1146 1247 1247 1146 1146 1246 1246 1146 1146 1247 1247 1147 1147 1248 1248 1147 1147 1247 1247 1147 1147 1248 1248 1148 1148 1249 1249 1148 1148 1248 1248 1148 1148 1249 1249 1149 1149 1250 1250 1149 1149 1249 1249 1149 1149 1250 1250 1150 1150 1251 1251 1150 1150 1250 1250 1150 1150 1251 1251 1151 1151 1252 1252 1151 1151 1251 1251 1151 1151 1252 1252 1152 1152 1253 1253 1152 1152 1252 1252 1152 1152 1253 1253 1153 1153 1254 1254 1153 1153 1253 1253 1153 1153 1254 1254 1154 1154 1255 1255 1154 1154 1254 1254 1154 1154 1255 1255 1155 1155 1235 1235 1256 1256 1233 1233 1257 1257 1233 1233 1256 1256 1233 1233 1257 1257 11 11 1258 1258 11 11 1257 1257 11 11 1258 1258 9 9 1259 1259 9 9 1258 1258 9 9 1259 1259 1224 1224 1260 1260 1224 1224 1259 1259 1224 1224 1260 1260 1225 1225 1261 1261 1225 1225 1260 1260 1225 1225 1261 1261 1226 1226 1262 1262 1226 1226 1261 1261 1226 1226 1262 1262 194 194 1263 1263 194 194 1262 1262 194 194 1263 1263 198 198 1264 1264 1242 1242 1265 1265 1240 1240 1265 1265 1242 1242 1265 1265 1240 1240 1266 1266 1238 1238 1266 1266 1240 1240 1266 1266 1238 1238 1267 1267 1237 1237 1267 1267 1238 1238 1267 1267 1237 1237 295 295 1268 1268 295 295 1237 1237 295 295 1268 1268 293 293 1269 1269 293 293 1268 1268 293 293 1269 1269 369 369 1270 1270 369 369 1269 1269 369 369 1270 1270 345 345 1271 1271 345 345 1270 1270 345 345 1271 1271 346 346 352 352 346 346 1271 1271 346 346 352 352 342 342 350 350 342 342 352 352 342 342 350 350 374 374 349 349 374 374 350 350 374 374 349 349 375 375 373 373 375 375 349 349 375 375 373 373 376 376 204 204 1264 1264 128 128 1265 1265 128 128 1264 1264 128 128 1265 1265 129 129 1266 1266 129 129 1265 1265 129 129 1266 1266 292 292 1267 1267 292 292 1266 1266 292 292 1267 1267 298 298 295 295 298 298 1267 1267 298 298 295 295 297 297 294 294 297 297 295 295 297 297 294 294 296 296 432 432 296 296 294 294 296 296 432 432 308 308 433 433 308 308 432 432 308 308 433 433 309 309 434 434 309 309 433 433 309 309 434 434 310 310 435 435 310 310 434 434 310 310 435 435 311 311 436 436 311 311 435 435 311 311 436 436 312 312 437 437 312 312 436 436 312 312 437 437 313 313 438 438 313 313 437 437 313 313 438 438 268 268 439 439 268 268 438 438 268 268 439 439 270 270 1272 1272 1273 1273 1274 1274 1275 1275 1274 1274 1273 1273 1274 1274 1275 1275 1276 1276 1277 1277 1276 1276 1275 1275 1276 1276 1277 1277 1158 1158 1272 1272 1278 1278 1273 1273 1243 1243 1273 1273 1278 1278 1273 1273 1243 1243 1275 1275 6 6 1275 1275 1243 1243 1275 1275 6 6 1277 1277 8 8 1277 1277 6 6 112 112 114 114 396 396 324 324 396 396 114 114 396 396 324 324 402 402 325 325 402 402 324 324 402 402 325 325 401 401 317 317 401 401 325 325 401 401 317 317 316 316 1279 1279 316 316 317 317 316 316 1279 1279 314 314 1280 1280 314 314 1279 1279 314 314 1280 1280 1281 1281 1 1 0 0 1282 1282 4 4 1282 1282 0 0 1282 1282 4 4 761 761 3 3 761 761 4 4 761 761 3 3 762 762 1280 1280 5 5 1281 1281 4 4 1281 1281 5 5 1281 1281 4 4 1283 1283 0 0 1283 1283 4 4 1283 1283 0 0 1284 1284 2 2 1284 1284 0 0 1284 1284 1285 1285 1283 1283 1286 1286 1283 1283 1285 1285 1283 1283 1286 1286 1281 1281 1287 1287 1281 1281 1286 1286 1281 1281 1287 1287 314 314 1288 1288 314 314 1287 1287 314 314 1288 1288 315 315 1158 1158 1277 1277 1141 1141 8 8 1141 1141 1277 1277 1141 1141 8 8 1140 1140 1143 1143 1140 1140 8 8 1140 1140 1143 1143 1139 1139 1142 1142 1139 1139 1143 1143 1139 1139 1142 1142 1138 1138 1134 1134 1138 1138 1142 1142 1138 1138 1134 1134 1109 1109 1133 1133 1109 1109 1134 1134 1109 1109 1133 1133 1110 1110 1244 1244 1110 1110 1133 1133 1110 1110 1244 1244 1144 1144 1243 1243 1144 1144 1244 1244 1144 1144 1243 1243 1245 1245 1278 1278 1245 1245 1243 1243 1245 1245 1278 1278 1246 1246 1289 1289 1246 1246 1278 1278 1246 1246 1289 1289 1247 1247 1290 1290 1247 1247 1289 1289 1247 1247 1290 1290 1248 1248 1291 1291 1248 1248 1290 1290 1248 1248 1291 1291 1249 1249 126 126 1249 1249 1291 1291 1249 1249 126 126 1250 1250 125 125 1250 1250 126 126 1250 1250 125 125 1251 1251 303 303 1251 1251 125 125 1251 1251 303 303 1252 1252 302 302 1252 1252 303 303 1252 1252 302 302 1253 1253 300 300 1253 1253 302 302 1253 1253 300 300 1254 1254 299 299 1254 1254 300 300 1254 1254 299 299 1255 1255 66 66 68 68 740 740 1292 1292 740 740 68 68 740 740 1292 1292 765 765 1293 1293 765 765 1292 1292 765 765 1293 1293 763 763 1294 1294 763 763 1293 1293 763 763 1294 1294 761 761 1295 1295 761 761 1294 1294 761 761 1295 1295 1282 1282 1296 1296 1282 1282 1295 1295 1282 1282 1296 1296 1 1 1297 1297 1 1 1296 1296 1 1 1297 1297 2 2 1298 1298 2 2 1297 1297 2 2 1298 1298 1284 1284 1299 1299 1284 1284 1298 1298 1284 1284 1299 1299 1285 1285 1300 1300 1285 1285 1299 1299 1285 1285 1300 1300 1286 1286 1301 1301 1286 1286 1300 1300 1286 1286 1301 1301 1287 1287 1302 1302 1287 1287 1301 1301 1287 1287 1302 1302 1288 1288 1236 1236 1242 1242 1235 1235 1264 1264 1235 1235 1242 1242 1235 1235 1264 1264 1256 1256 204 204 1256 1256 1264 1264 1256 1256 204 204 1257 1257 185 185 1257 1257 204 204 1257 1257 185 185 1258 1258 184 184 1258 1258 185 185 1258 1258 184 184 1259 1259 182 182 1259 1259 184 184 1259 1259 182 182 1260 1260 180 180 1260 1260 182 182 1260 1260 180 180 1261 1261 179 179 1261 1261 180 180 1261 1261 179 179 1262 1262 200 200 1262 1262 179 179 1262 1262 200 200 1263 1263 286 286 1263 1263 200 200 1263 1263 286 286 198 198 272 272 198 198 286 286 198 198 272 272 199 199 261 261 199 199 272 272 199 199 261 261 197 197 264 264 197 197 261 261 197 197 264 264 196 196 259 259 196 196 264 264 196 196 259 259 195 195 258 258 195 195 259 259 195 195 258 258 134 134 248 248 134 134 258 258 134 134 248 248 135 135 247 247 135 135 248 248 135 135 247 247 234 234 252 252 234 234 247 247 234 234 252 252 235 235 255 255 235 235 252 252 235 235 255 255 236 236 242 242 236 236 255 255 236 236 242 242 237 237 244 244 237 237 242 242 237 237 244 244 238 238 246 246 238 238 244 244 238 238 246 246 240 240 1163 1163 743 743 1162 1162 742 742 1162 1162 743 743 1162 1162 742 742 1161 1161 764 764 1161 1161 742 742 1161 1161 764 764 1160 1160 762 762 1160 1160 764 764 1160 1160 762 762 1159 1159 3 3 1159 1159 762 762 1159 1159 3 3 1158 1158 5 5 1158 1158 3 3 1158 1158 5 5 1276 1276 1280 1280 1276 1276 5 5 1276 1276 1280 1280 1274 1274 1279 1279 1274 1274 1280 1280 1274 1274 1279 1279 1272 1272 317 317 1272 1272 1279 1279 1272 1272 317 317 1278 1278 319 319 1278 1278 317 317 1278 1278 319 319 1289 1289 403 403 1289 1289 319 319 1289 1289 403 403 1290 1290 353 353 1290 1290 403 403 1290 1290 353 353 1291 1291 352 352 1291 1291 353 353 1291 1291 352 352 126 126 1271 1271 126 126 352 352 126 126 1271 1271 127 127 1270 1270 127 127 1271 1271 127 127 1270 1270 301 301 1269 1269 301 301 1270 1270 301 301 1269 1269 299 299 1268 1268 299 299 1269 1269 299 299 1268 1268 1255 1255 1237 1237 1255 1255 1268 1268 1255 1255 1237 1237 1155 1155 1239 1239 1155 1155 1237 1237 1155 1155 1239 1239 1156 1156 1241 1241 1156 1156 1239 1239 1156 1156 1241 1241 1157 1157 1236 1236 1157 1157 1241 1241 1157 1157 1236 1236 1132 1132 1234 1234 1132 1132 1236 1236 1132 1132 1234 1234 1129 1129 1232 1232 1129 1129 1234 1234 1129 1129 1232 1232 1128 1128 1231 1231 1128 1128 1232 1232 1128 1128 1231 1231 1043 1043 1230 1230 1043 1043 1231 1231 1043 1043 1230 1230 1044 1044 1229 1229 1044 1044 1230 1230 1044 1044 1229 1229 1058 1058 1228 1228 1058 1058 1229 1229 1058 1058 1228 1228 1056 1056 1227 1227 1056 1056 1228 1228 1056 1056 1227 1227 1054 1054 1192 1192 1054 1054 1227 1227 1054 1054 1192 1192 1052 1052 1060 1060 1052 1052 1192 1192 1052 1052 1060 1060 1053 1053 1050 1050 1053 1053 1060 1060 1053 1053 1050 1050 1055 1055 1048 1048 1055 1055 1050 1050 1055 1055 1048 1048 1057 1057 1046 1046 1057 1057 1048 1048 1057 1057 1046 1046 1058 1058 1044 1044 1058 1058 1046 1046 216 216 233 233 217 217 232 232 217 217 233 233 217 217 232 232 131 131 1303 1303 131 131 232 232 131 131 1303 1303 132 132 1304 1304 132 132 1303 1303 132 132 1304 1304 1305 1305 86 86 88 88 719 719 149 149 719 719 88 88 719 719 149 149 717 717 207 207 717 717 149 149 717 717 207 207 715 715 209 209 715 715 207 207 715 715 209 209 713 713 224 224 713 713 209 209 713 713 224 224 711 711 133 133 711 711 224 224 711 711 133 133 709 709 132 132 709 709 133 133 709 709 132 132 707 707 1305 1305 707 707 132 132 707 707 1305 1305 69 69 829 829 107 107 45 45 106 106 45 45 107 107 45 45 106 106 46 46 460 460 46 46 106 106 46 46 460 460 49 49 553 553 49 49 460 460 49 49 553 553 50 50 554 554 50 50 553 553 50 50 554 554 812 812 555 555 812 812 554 554 812 812 555 555 431 431 556 556 431 431 555 555 431 431 556 556 430 430 557 557 430 430 556 556 430 430 557 557 429 429 558 558 429 429 557 557 429 429 558 558 423 423 559 559 423 423 558 558 423 423 559 559 408 408 561 561 408 408 559 559 408 408 561 561 409 409 1306 1306 409 409 561 561 60 60 819 819 766 766 820 820 766 766 819 819 766 766 820 820 827 827 821 821 827 827 820 820 827 827 821 821 828 828 822 822 828 828 821 821 828 828 822 822 829 829 823 823 829 829 822 822 829 829 823 823 107 107 836 836 107 107 823 823 107 107 836 836 108 108 837 837 108 108 836 836 108 108 837 837 461 461 465 465 461 461 837 837 461 461 465 465 462 462 464 464 462 462 465 465 462 462 464 464 562 562 542 542 562 562 464 464 562 562 542 542 563 563 568 568 563 563 542 542 563 563 568 568 564 564 574 574 564 564 568 568 564 564 574 574 560 560 1307 1307 560 560 574 574 560 560 1307 1307 561 561 1308 1308 561 561 1307 1307 561 561 1308 1308 1306 1306 280 280 1309 1309 226 226 1310 1310 226 226 1309 1309 226 226 1310 1310 227 227 231 231 227 227 1310 1310 227 227 231 231 228 228 233 233 228 228 231 231 228 228 233 233 229 229 216 216 229 229 233 233 229 229 216 216 230 230 215 215 230 230 216 216 230 230 215 215 171 171 167 167 171 171 215 215 171 171 167 167 153 153 168 168 153 153 167 167 153 153 168 168 154 154 169 169 154 154 168 168 154 154 169 169 1202 1202 170 170 1202 1202 169 169 1202 1202 170 170 1201 1201 166 166 1201 1201 170 170 1201 1201 166 166 1200 1200 165 165 1200 1200 166 166 1200 1200 165 165 1199 1199 147 147 1199 1199 165 165 1199 1199 147 147 1198 1198 87 87 1198 1198 147 147 1198 1198 87 87 975 975 86 86 975 975 87 87 975 975 86 86 974 974 720 720 974 974 86 86 974 974 720 720 976 976 507 507 976 976 720 720 976 976 507 507 977 977 508 508 977 977 507 507 977 977 508 508 978 978 509 509 978 978 508 508 978 978 509 509 979 979 650 650 979 979 509 509 979 979 650 650 980 980 652 652 980 980 650 650 980 980 652 652 981 981 649 649 981 981 652 652 981 981 649 649 982 982 647 647 982 982 649 649 982 982 647 647 699 699 731 731 699 699 647 647 699 699 731 731 700 700 109 109 111 111 381 381 323 323 381 381 111 111 381 381 323 323 379 379 322 322 379 379 323 323 379 379 322 322 326 326 315 315 326 326 322 322 326 326 315 315 327 327 1288 1288 327 327 315 315 327 327 1288 1288 329 329 1302 1302 329 329 1288 1288 329 329 1302 1302 122 122 1301 1301 122 122 1302 1302 122 122 1301 1301 123 123 1300 1300 123 123 1301 1301 123 123 1300 1300 332 332 1299 1299 332 332 1300 1300 332 332 1299 1299 333 333 1298 1298 333 333 1299 1299 333 333 1298 1298 817 817 1297 1297 817 817 1298 1298 817 817 1297 1297 808 808 1296 1296 808 808 1297 1297 808 808 1296 1296 807 807 1295 1295 807 807 1296 1296 807 807 1295 1295 806 806 1294 1294 806 806 1295 1295 806 806 1294 1294 824 824 1293 1293 824 824 1294 1294 824 824 1293 1293 62 62 1292 1292 62 62 1293 1293 62 62 1292 1292 60 60 68 68 60 60 1292 1292 60 60 68 68 819 819 67 67 819 819 68 68 819 819 67 67 818 818 1311 1311 1312 1312 1313 1313 1314 1314 1315 1315 1316 1316 1317 1317 1318 1318 1319 1319 1320 1320 1321 1321 1319 1319 1322 1322 1323 1323 1324 1324 1325 1325 1326 1326 1316 1316 1327 1327 1316 1316 1326 1326 1316 1316 1327 1327 1328 1328 1328 1328 1329 1329 1316 1316 1330 1330 1316 1316 1329 1329 1316 1316 1330 1330 1331 1331 1331 1331 1332 1332 1316 1316 1333 1333 1316 1316 1332 1332 1316 1316 1333 1333 1334 1334 1315 1315 1335 1335 1316 1316 1319 1319 1316 1316 1335 1335 1316 1316 1319 1319 1336 1336 1321 1321 1336 1336 1319 1319 1337 1337 1338 1338 1313 1313 1339 1339 1340 1340 1341 1341 1312 1312 1342 1342 1343 1343 1344 1344 1345 1345 1316 1316 1346 1346 1316 1316 1345 1345 1316 1316 1346 1346 1347 1347 1347 1347 1348 1348 1316 1316 1349 1349 1316 1316 1348 1348 1316 1316 1349 1349 1325 1325 1334 1334 1350 1350 1316 1316 1351 1351 1316 1316 1350 1350 1316 1316 1351 1351 1352 1352 1353 1353 1316 1316 1354 1354 1355 1355 1354 1354 1316 1316 1317 1317 1319 1319 1356 1356 1357 1357 1356 1356 1319 1319 1356 1356 1357 1357 1358 1358 1318 1318 1359 1359 1319 1319 1360 1360 1319 1319 1359 1359 1319 1319 1360 1360 1361 1361 1362 1362 1363 1363 1319 1319 1364 1364 1319 1319 1363 1363 1319 1319 1364 1364 1365 1365 1365 1365 1366 1366 1319 1319 1367 1367 1319 1319 1366 1366 1319 1319 1367 1367 1320 1320 1344 1344 1316 1316 1313 1313 1368 1368 1313 1313 1316 1316 1313 1313 1368 1368 1337 1337 1338 1338 1369 1369 1313 1313 1370 1370 1313 1313 1369 1369 1313 1313 1370 1370 1371 1371 1372 1372 1373 1373 1313 1313 1374 1374 1313 1313 1373 1373 1313 1313 1374 1374 1375 1375 1312 1312 1376 1376 1342 1342 1377 1377 1342 1342 1376 1376 1342 1342 1377 1377 1378 1378 1341 1341 1378 1378 1377 1377 1343 1343 1379 1379 1312 1312 1380 1380 1312 1312 1379 1379 1312 1312 1380 1380 1381 1381 1381 1381 1382 1382 1312 1312 1383 1383 1312 1312 1382 1382 1312 1312 1383 1383 1384 1384 1322 1322 1385 1385 1386 1386 1387 1387 1386 1386 1385 1385 1322 1322 1324 1324 1385 1385 1388 1388 1385 1385 1324 1324 1385 1385 1388 1388 1389 1389 1352 1352 1390 1390 1316 1316 1391 1391 1316 1316 1390 1390 1316 1316 1391 1391 1355 1355 1353 1353 1392 1392 1316 1316 1393 1393 1316 1316 1392 1392 1316 1316 1393 1393 1394 1394 1394 1394 1395 1395 1316 1316 1396 1396 1316 1316 1395 1395 1316 1316 1396 1396 1397 1397 1358 1358 1398 1398 1356 1356 1399 1399 1356 1356 1398 1398 1356 1356 1399 1399 1400 1400 1400 1400 1401 1401 1356 1356 1402 1402 1356 1356 1401 1401 1356 1356 1402 1402 1403 1403 1361 1361 1404 1404 1319 1319 1405 1405 1319 1319 1404 1404 1319 1319 1405 1405 1362 1362 1371 1371 1406 1406 1313 1313 1407 1407 1313 1313 1406 1406 1313 1313 1407 1407 1408 1408 1375 1375 1409 1409 1313 1313 1410 1410 1313 1313 1409 1409 1313 1313 1410 1410 1411 1411 1411 1411 1412 1412 1313 1313 1413 1413 1313 1313 1412 1412 1313 1313 1413 1413 1311 1311 1384 1384 1414 1414 1312 1312 1415 1415 1312 1312 1414 1414 1312 1312 1415 1415 1416 1416 1416 1416 1417 1417 1312 1312 1418 1418 1312 1312 1417 1417 1312 1312 1418 1418 1419 1419 1389 1389 1420 1420 1385 1385 1421 1421 1385 1385 1420 1420 1385 1385 1421 1421 1313 1313 1422 1422 1316 1316 1423 1423 1424 1424 1423 1423 1316 1316 1422 1422 1425 1425 1316 1316 1426 1426 1316 1316 1425 1425 1316 1316 1426 1426 1427 1427 1427 1427 1428 1428 1316 1316 1429 1429 1316 1316 1428 1428 1316 1316 1429 1429 1430 1430 1430 1430 1431 1431 1316 1316 1432 1432 1316 1316 1431 1431 1316 1316 1432 1432 1314 1314 1408 1408 1433 1433 1313 1313 1434 1434 1313 1313 1433 1433 1313 1313 1434 1434 1435 1435 1436 1436 1437 1437 1313 1313 1438 1438 1313 1313 1437 1437 1313 1313 1438 1438 1439 1439 1377 1377 1440 1440 1341 1341 1441 1441 1341 1341 1440 1440 1341 1341 1441 1441 1339 1339 1442 1442 1339 1339 1441 1441 1419 1419 1443 1443 1312 1312 1444 1444 1312 1312 1443 1443 1312 1312 1444 1444 1313 1313 1445 1445 1313 1313 1444 1444 1313 1313 1445 1445 1385 1385 1397 1397 1446 1446 1316 1316 1447 1447 1316 1316 1446 1446 1316 1316 1447 1447 1448 1448 1448 1448 1449 1449 1316 1316 1450 1450 1316 1316 1449 1449 1316 1316 1450 1450 1424 1424 1451 1451 1452 1452 1453 1453 1356 1356 1453 1453 1452 1452 1453 1453 1356 1356 1454 1454 1403 1403 1454 1454 1356 1356 1454 1454 1403 1403 1455 1455 1435 1435 1456 1456 1313 1313 1457 1457 1313 1313 1456 1456 1313 1313 1457 1457 1436 1436 1403 1403 1458 1458 1455 1455 1459 1459 1455 1455 1458 1458 1455 1455 1459 1459 1460 1460 1461 1461 1460 1460 1459 1459 1460 1460 1461 1461 1462 1462 1462 1462 1463 1463 1464 1464 1453 1453 1465 1465 1451 1451 1466 1466 1451 1451 1465 1465 1451 1451 1466 1466 1467 1467 1468 1468 1467 1467 1466 1466 1439 1439 1469 1469 1313 1313 1470 1470 1313 1313 1469 1469 1313 1313 1470 1470 1471 1471 1464 1464 1472 1472 1462 1462 1473 1473 1462 1462 1472 1472 1462 1462 1473 1473 1460 1460 1471 1471 1474 1474 1313 1313 1475 1475 1313 1313 1474 1474 1313 1313 1475 1475 1372 1372 1476 1476 1477 1477 1478 1478 1479 1479 1480 1480 1481 1481 1482 1482 1483 1483 1484 1484 1481 1481 1478 1478 1485 1485 1486 1486 1487 1487 1481 1481 1488 1488 1481 1481 1487 1487 1485 1485 1489 1489 1481 1481 1490 1490 1481 1481 1489 1489 1481 1481 1490 1490 1486 1486 1488 1488 1491 1491 1481 1481 1492 1492 1481 1481 1491 1491 1481 1481 1492 1492 1479 1479 1493 1493 1494 1494 1481 1481 1495 1495 1481 1481 1494 1494 1482 1482 1496 1496 1483 1483 1497 1497 1483 1483 1496 1496 1483 1483 1497 1497 1498 1498 1481 1481 1499 1499 1500 1500 1500 1500 1501 1501 1481 1481 1502 1502 1481 1481 1501 1501 1481 1481 1502 1502 1503 1503 1484 1484 1504 1504 1482 1482 1505 1505 1482 1482 1504 1504 1482 1482 1505 1505 1506 1506 1481 1481 1507 1507 1478 1478 1508 1508 1478 1478 1507 1507 1478 1478 1508 1508 1509 1509 1510 1510 1511 1511 1512 1512 1478 1478 1510 1510 1476 1476 1512 1512 1476 1476 1510 1510 1476 1476 1512 1512 1513 1513 1514 1514 1513 1513 1512 1512 1495 1495 1515 1515 1481 1481 1516 1516 1481 1481 1515 1515 1481 1481 1516 1516 1517 1517 1517 1517 1518 1518 1481 1481 1519 1519 1481 1481 1518 1518 1481 1481 1519 1519 1499 1499 1520 1520 1521 1521 1483 1483 1522 1522 1523 1523 1483 1483 1524 1524 1483 1483 1523 1523 1506 1506 1525 1525 1482 1482 1526 1526 1482 1482 1525 1525 1482 1482 1526 1526 1527 1527 1480 1480 1528 1528 1481 1481 1529 1529 1481 1481 1528 1528 1481 1481 1529 1529 1530 1530 1531 1531 1532 1532 1483 1483 1533 1533 1483 1483 1532 1532 1483 1483 1533 1533 1534 1534 1534 1534 1535 1535 1483 1483 1536 1536 1483 1483 1535 1535 1483 1483 1536 1536 1537 1537 1537 1537 1538 1538 1483 1483 1539 1539 1483 1483 1538 1538 1483 1483 1539 1539 1540 1540 1541 1541 1542 1542 1483 1483 1543 1543 1483 1483 1542 1542 1483 1483 1543 1543 1522 1522 1544 1544 1545 1545 1546 1546 1524 1524 1544 1544 1483 1483 1546 1546 1483 1483 1544 1544 1483 1483 1546 1546 1547 1547 1548 1548 1547 1547 1546 1546 1498 1498 1549 1549 1483 1483 1550 1550 1483 1483 1549 1549 1483 1483 1550 1550 1551 1551 1509 1509 1552 1552 1478 1478 1553 1553 1478 1478 1552 1552 1478 1478 1553 1553 1554 1554 1551 1551 1555 1555 1483 1483 1556 1556 1483 1483 1555 1555 1483 1483 1556 1556 1520 1520 1521 1521 1557 1557 1483 1483 1558 1558 1483 1483 1557 1557 1483 1483 1558 1558 1559 1559 1560 1560 1561 1561 1483 1483 1562 1562 1483 1483 1561 1561 1483 1483 1562 1562 1531 1531 1554 1554 1563 1563 1478 1478 1564 1564 1478 1478 1563 1563 1478 1478 1564 1564 1510 1510 1530 1530 1565 1565 1481 1481 1566 1566 1481 1481 1565 1565 1481 1481 1566 1566 1567 1567 1559 1559 1568 1568 1483 1483 1569 1569 1483 1483 1568 1568 1483 1483 1569 1569 1570 1570 1540 1540 1571 1571 1483 1483 1572 1572 1483 1483 1571 1571 1483 1483 1572 1572 1573 1573 1503 1503 1574 1574 1481 1481 1575 1575 1481 1481 1574 1574 1481 1481 1575 1575 1576 1576 1570 1570 1577 1577 1483 1483 1578 1578 1483 1483 1577 1577 1483 1483 1578 1578 1560 1560 1573 1573 1579 1579 1483 1483 1580 1580 1483 1483 1579 1579 1483 1483 1580 1580 1581 1581 1527 1527 1582 1582 1482 1482 1583 1583 1482 1482 1582 1582 1482 1482 1583 1583 1584 1584 1481 1481 1584 1584 1583 1583 1584 1584 1481 1481 1585 1585 1576 1576 1585 1585 1481 1481 1586 1586 1587 1587 1481 1481 1588 1588 1481 1481 1587 1587 1481 1481 1588 1588 1493 1493 1581 1581 1589 1589 1483 1483 1590 1590 1483 1483 1589 1589 1483 1483 1590 1590 1541 1541 1567 1567 1591 1591 1481 1481 1592 1592 1481 1481 1591 1591 1481 1481 1592 1592 1593 1593 1593 1593 1594 1594 1481 1481 1595 1595 1481 1481 1594 1594 1481 1481 1595 1595 1586 1586</p>
        </triangles>
      </mesh>
    </geometry>
  </library_geometries>
  <library_materials>
    <material id="ada219a07b684307a32285e748d01dc0" name="defaultmaterial">
      <instance_effect url="#7e0618461308458b96549e10675b6328"/>
    </material>
  </library_materials>
  <library_visual_scenes>
    <visual_scene id="scene">
      <node id="node0" name="node0">
        <instance_geometry url="#aee46267eeb8454288bd956283a9c671">
          <bind_material>
            <technique_common>
              <instance_material symbol="material0" target="#ada219a07b684307a32285e748d01dc0"/>
            </technique_common>
          </bind_material>
        </instance_geometry>
      </node>
    </visual_scene>
  </library_visual_scenes>
  <scene>
    <instance_visual_scene url="#scene"/>
  </scene>
</COLLADA>
