<COLLADA xmlns="http://www.collada.org/2005/11/COLLADASchema" version="1.4.1">
  <asset>
    <created>2026-09-27T19:05:54.437175</created>
    <modified>2026-09-27T19:05:54.437175</modified>
    <up_axis>Y_UP</up_axis>
  </asset>
  <library_effects>
    <effect id="e32af595458f4debb69ab6271b218d16" name="e32af595458f4debb69ab6271b218d16">
      <profile_COMMON>
        <technique sid="common">
          <phong>
            <emission>
              <color>0.0 0.0 0.0 1.0</color>
            </emission>
            <ambient>
              <color>0.0 0.0 0.0 1.0</color>
            </ambient>
            <diffuse>
              <color>0.8941176470588236 0.8941176470588236 0.8941176470588236 1.0</color>
            </diffuse>
            <specular>
              <color>0.0 0.0 0.0 1.0</color>
            </specular>
            <shininess>
              <float>0.0</float>
            </shininess>
            <reflective>
              <color>0.0 0.0 0.0 1.0</color>
            </reflective>
            <reflectivity>
              <float>0.0</float>
            </reflectivity>
            <transparent>
              <color>0.0 0.0 0.0 1.0</color>
            </transparent>
            <transparency>
              <float>1.0</float>
            </transparency>
          </phong>
        </technique>
        <extra>
          <technique profile="GOOGLEEARTH">
            <double_sided>0</double_sided>
          </technique>
        </extra>
      </profile_COMMON>
    </effect>
  </library_effects>
  <library_geometries>
    <geometry id="8f0636e249e1456a9bbd58bde88dc04c" name="1f82e9d0f35d4385b58a056e3dd7b329">
      <mesh>
        <source id="verts-array">
          <float_array count="3294" id="verts-array-array">-0.003788103 0.003976913 -0.001197346 -4.244795e-07 5.100884e-05 0.005499795 -4.244795e-07 -5.112694e-05 -0.005499731 0.003787254 -0.003977031 0.00119741 -0.0007995558 0.000790215 -0.005507543 -0.001033428 0.00103644 -0.005509829 -0.003788103 0.00397376 -0.001536931 -0.001363562 0.001384281 -0.005484078 -0.003763738 0.00394319 -0.00206625 0.003787254 -0.003987805 3.706018e-05 0.003787254 -0.00399858 -0.00112329 0.0007987068 -0.0008924689 -0.005491919 0.003787254 -0.004001733 -0.001462875 0.001032579 -0.001138694 -0.005489632 0.003767296 -0.003985172 -0.00194243 0.001397284 -0.001522335 -0.005450688 -0.003788103 0.003987687 -3.699603e-05 -0.003788103 0.003998462 0.001123354 -0.0007995558 0.0008923508 0.005491983 -0.003788103 0.004001615 0.001462939 -0.001033428 0.001138576 0.005489696 -0.003768145 0.003985054 0.001942494 -0.001398133 0.001522217 0.005450753 0.0007987068 -0.0007903331 0.005507607 0.001032579 -0.001036558 0.005509894 0.003787254 -0.003973878 0.001536996 0.001362713 -0.001384399 0.005484142 0.003762889 -0.003943308 0.002066314 -0.001723198 0.001763829 -0.005389028 -0.002981341 0.003098121 -0.004357443 -0.003200737 0.003332445 -0.003999963 -0.003407008 0.003553687 -0.003562978 0.003699414 -0.003918553 -0.002465291 0.002980492 -0.00317862 -0.00429916 0.002732819 -0.002920823 -0.004620148 0.00243048 -0.002605295 -0.00492261 -0.003700263 0.003918435 0.002465355 -0.002981341 0.003178502 0.004299224 -0.002733668 0.002920705 0.004620212 -0.002431329 0.002605177 0.004922674 0.001722349 -0.001763947 0.005389092 0.002980492 -0.003098239 0.004357507 0.003199888 -0.003332563 0.004000027 0.003406159 -0.003553805 0.003563042 -0.002070329 0.002130841 -0.005225949 -0.002401103 0.002481259 -0.004995342 -0.002705991 0.00280498 -0.004704416 -0.003571351 0.003731115 -0.003090405 -0.003691324 0.003862114 -0.00258655 0.003584765 -0.003802528 -0.00297045 0.00342372 -0.003637436 -0.003452313 0.003221306 -0.003428442 -0.003896993 0.002103913 -0.002263695 -0.005164433 0.001756101 -0.001899129 -0.005342035 -0.003585614 0.00380241 0.002970514 -0.003424569 0.003637318 0.003452378 -0.003222155 0.003428324 0.003897057 -0.002104762 0.002263577 0.005164497 -0.00175695 0.00189901 0.005342099 0.00206948 -0.002130959 0.005226013 0.002400254 -0.002481377 0.004995407 0.002705142 -0.002805098 0.00470448 0.003570502 -0.003731233 0.00309047 0.003690475 -0.003862232 0.002586614 -0.0131574 -0.01225883 0.0001138605 -0.01305179 -0.01239556 0.0001151302 -0.01315559 -0.01226006 0.0001862205 -0.004904526 0.002025483 0.002926221 -0.00497508 0.002097425 0.002673722 -0.006227278 0.0004533538 0.00250944 -0.006281152 0.0005078327 0.002267534 -0.002733668 0.002920705 0.004620212 -0.002981341 0.003178502 0.004299224 -0.00437547 0.001478817 0.004044455 -0.003938117 0.001023096 0.004558449 -0.004092255 0.001183941 0.004402498 -0.005403299 -0.0003992402 0.004122966 -0.00175695 0.00189901 0.005342099 -0.002104762 0.002263577 0.005164497 -0.003435485 0.0004972658 0.004924287 0.0004471748 -0.00359143 0.004859798 0.0002737542 -0.003407898 0.004960548 -0.001328363 -0.004684951 0.004643822 -0.001494601 -0.004509206 0.004720423 0.003199888 -0.003332563 0.004000027 0.002980492 -0.003098239 0.004357507 0.001213739 -0.004405617 0.004099095 0.001564781 -0.004781098 0.003467484 0.001458416 -0.004667037 0.003690254 -0.0002226776 -0.005860148 0.003458202 0.003690475 -0.003862232 0.002586614 0.003570502 -0.003731233 0.00309047 0.001813349 -0.005049573 0.002740085 0.001742795 -0.005027641 -0.002898281 0.001813349 -0.005099583 -0.002645783 0.0001085997 -0.006263865 -0.002455424 0.0001624743 -0.006318344 -0.002213518 0.002732819 -0.002920823 -0.004620148 0.002980492 -0.00317862 -0.00429916 0.001213739 -0.004480975 -0.004016515 0.002103913 -0.002263695 -0.005164433 0.00243048 -0.002605295 -0.00492261 0.0006149965 -0.00385662 -0.004669991 -0.003608906 0.0005892719 -0.004831858 -0.003435485 0.0004057399 -0.004932608 -0.004790315 -0.00112556 -0.004589805 -0.004624077 -0.001301305 -0.004666407 -0.007069893 -0.001468768 -0.003146967 -0.007244395 -0.001281362 -0.00275161 -0.006083917 0.0002514509 -0.002978422 -0.005032811 0.002110597 -0.002454081 -0.00497508 0.002047415 -0.002712146 -0.006227278 0.0004066776 -0.002517363 -0.003571351 0.003731115 -0.003090405 -0.003407008 0.003553687 -0.003562978 -0.004821486 0.001881107 -0.003206133 -0.004502949 0.001539522 -0.00387325 -0.004620147 0.001664879 -0.003662315 -0.003200737 0.003332445 -0.003999963 -0.003763738 0.00394319 -0.00206625 -0.003691324 0.003862114 -0.00258655 -0.005077513 0.002160111 -0.00219048 -0.01296584 -0.01246196 -4.111404e-05 -0.01294588 -0.01248277 -1.933186e-05 -0.01293101 -0.01249816 9.793226e-06 -0.01292248 -0.01250683 4.38148e-05 -0.01303903 -0.01238504 -5.684995e-05 -0.01300082 -0.01235034 -0.0002290545 -0.01290118 -0.0124552 -0.0002228246 -0.01311223 -0.01230784 -4.254515e-05 -0.01313218 -0.01228663 -2.115319e-05 -0.01318713 -0.01215352 -0.000157661 -0.01315559 -0.0122614 4.153593e-05 -0.01303214 -0.01150616 -0.0008342959 -0.0128919 -0.0116545 -0.0009072747 -0.01298223 -0.0118385 -0.0007363129 -0.007978702 -0.01121589 -0.001332176 -0.00792407 -0.01127082 -0.001052893 -0.008921922 -0.01175036 -0.0009037445 -0.008168003 -0.01102131 -0.001842634 -0.008060619 -0.0111321 -0.001597235 -0.009041399 -0.01162898 -0.001380042 -0.008449545 -0.0107287 -0.002254189 -0.008298492 -0.01088597 -0.00206324 -0.009249536 -0.01141362 -0.001787799 -0.009189655 -0.009953139 -0.002654017 -0.008991796 -0.01016109 -0.002613685 -0.009856177 -0.01077935 -0.002269429 -0.008799823 -0.01036247 -0.002532481 -0.008617828 -0.01055297 -0.002411757 -0.009528956 -0.01112224 -0.002092748 -0.01077808 -0.00827972 -0.002551821 -0.01058611 -0.00848257 -0.002629271 -0.0112512 -0.009310641 -0.002283067 -0.01112836 -0.007908388 -0.002280377 -0.01096007 -0.008087008 -0.002434655 -0.01157842 -0.008964526 -0.002112783 -0.0115992 -0.007404156 -0.001367569 -0.01151728 -0.007492854 -0.001631027 -0.01206598 -0.008444642 -0.00140961 -0.01303903 -0.01238185 0.0002868852 -0.01298921 -0.01243433 0.0002847444 -0.01313218 -0.01228411 0.0002493671 -0.01311223 -0.01230493 0.0002711493 -0.01314705 -0.01226873 0.0002202421 -0.01321927 -0.01096279 0.0007302313 -0.01318343 -0.01099945 0.0008461956 -0.01310025 -0.01070313 0.0009497338 -0.01304656 -0.01075853 0.001072432 -0.01313645 -0.01104792 0.0009535573 -0.01307936 -0.01110713 0.00105007 -0.01298131 -0.0108262 0.001182735 -0.01308885 -0.01232942 0.0002837703 -0.01290579 -0.01090484 0.001278209 -0.01301328 -0.01117593 0.00113361 -0.01293965 -0.01125281 0.001202547 -0.01282165 -0.0109927 0.001356998 -0.01273065 -0.01108795 0.001417355 -0.01279035 -0.01010718 0.001309514 -0.01270879 -0.01019178 0.001447385 -0.01233432 -0.009460523 0.001711137 -0.01294588 -0.01248026 0.0002511885 -0.01293101 -0.01249618 0.0002223541 -0.01199454 -0.01224736 0.001263824 -0.01191492 -0.01233168 0.001212564 -0.01165052 -0.01222569 0.001368447 -0.01156638 -0.012315 0.001291303 -0.01184129 -0.01240982 0.001145067 -0.01177521 -0.01248017 0.00106282 -0.01149085 -0.01239539 0.001197305 -0.01292248 -0.01250548 0.0001884994 -0.01292067 -0.01250806 0.0001161748 -0.01142561 -0.0124651 0.001088279 -0.01171812 -0.01254116 0.0009674228 -0.01167114 -0.01259162 0.0008609797 -0.01137191 -0.01252276 0.00096663 -0.01133096 -0.01256711 0.0008349 -0.009796101 -0.01214789 0.0001128304 -0.009796101 -0.01214384 0.0005479606 -0.01020755 -0.01230161 0.0001142578 -0.0105936 -0.01243124 0.0001154615 -0.0105936 -0.01243461 -0.0002471469 -0.01095414 -0.01253967 -0.0002099078 -0.01128916 -0.01262047 -0.0001728939 -0.01095414 -0.01253664 0.0001164401 -0.01128916 -0.01261778 0.0001171936 -0.0105936 -0.01242788 0.0004780699 -0.01159873 -0.01267475 0.0001177226 -0.01128916 -0.01261509 0.0004072811 -0.01159873 -0.0126724 0.0003715487 -0.01129042 -0.01261242 0.0005522746 -0.0116114 -0.01265672 0.000623995 -0.01130365 -0.01259716 0.00069579 -0.0116353 -0.01263042 0.000745716 -0.01159873 -0.01267711 -0.0001361035 -0.01188277 -0.0127075 0.0001180266 -0.01188277 -0.01270548 0.0003355922 -0.01189364 -0.01269203 0.0005519747 -0.01194484 -0.01263623 0.0007551034 -0.01203404 -0.0125407 0.0009281098 -0.01281451 -0.01254079 0.0003870223 -0.01278478 -0.01257263 0.0003293535 -0.01261302 -0.01262484 0.0004361289 -0.01265763 -0.01257707 0.0005226311 -0.01215379 -0.01241342 0.001056464 -0.01229403 -0.01226509 0.001129442 -0.01174152 -0.01212933 0.001427025 -0.01183751 -0.0120279 0.001465745 -0.01207853 -0.01215861 0.001297711 -0.01193643 -0.01192357 0.001483987 -0.01225248 -0.01197531 0.0013144 -0.0127175 -0.01251344 0.000586808 -0.01285443 -0.01249836 0.0004298072 -0.01296584 -0.01245905 0.0002725804 -0.01300082 -0.01234396 0.0004584158 -0.01295087 -0.01239654 0.0004589041 -0.01290118 -0.01244892 0.0004541342 -0.01127941 -0.007707407 0.002235952 -0.0114099 -0.007572062 0.002015346 -0.01197202 -0.008513942 0.001780971 -0.01206598 -0.00841701 0.001566242 -0.01251273 -0.009275922 0.001361638 -0.01257417 -0.009213074 0.001162846 -0.01290866 -0.00998557 0.000990473 -0.01294281 -0.00995124 0.0008159187 -0.01316852 -0.01063378 0.0006775592 -0.01318175 -0.01062119 0.000533785 -0.0120363 -0.01181841 0.00148483 -0.01223608 -0.01160808 0.001482877 -0.01242728 -0.01179127 0.001312691 -0.01243587 -0.01139774 0.001480924 -0.01260209 -0.01160722 0.001310982 -0.01253573 -0.01129262 0.001478128 -0.01277604 -0.01142426 0.001290892 -0.01263466 -0.01118864 0.001457952 -0.01286003 -0.01133616 0.001255363 -0.01244313 -0.01210797 0.001143754 -0.01259296 -0.01195022 0.001142289 -0.0127428 -0.01179247 0.001140825 -0.0128919 -0.01163564 0.001123598 -0.01303214 -0.01148869 0.001047877 -0.01315189 -0.01136381 0.0009171819 -0.01305077 -0.01229138 0.0004579276 -0.01324109 -0.01127151 0.0007424313 -0.01329229 -0.01121949 0.0005383015 -0.01112836 -0.007864679 0.0024269 -0.01185784 -0.008632373 0.001973999 -0.01243219 -0.009359008 0.001545687 -0.01285746 -0.01003794 0.001156134 -0.01314121 -0.01066124 0.0008172032 -0.01324317 -0.01093875 0.0006080429 -0.01325584 -0.01092777 0.0003553489 -0.01323755 -0.01209792 0.0001123664 -0.01323755 -0.01209724 0.0001848882 -0.01323393 -0.01210039 0.0002570866 -0.01321686 -0.01211773 0.0003251295 -0.01318713 -0.01214849 0.0003833797 -0.01314721 -0.01219012 0.000426945 -0.01310046 -0.0122391 0.000452186 -0.01278762 -0.01243927 0.0006232979 -0.01286217 -0.01236071 0.0006304538 -0.01293709 -0.01228183 0.0006297214 -0.013012 -0.01220296 0.000628989 -0.01308655 -0.01212455 0.0006203755 -0.01315667 -0.01205107 0.0005825147 -0.01321655 -0.01198863 0.0005171671 -0.01326115 -0.01194248 0.0004297928 -0.01328675 -0.01191647 0.0003277269 -0.01329218 -0.01191176 0.0002194295 -0.01329218 -0.01191277 0.0001106472 -0.01151728 -0.007461275 0.001769946 -0.0115992 -0.007377484 0.001504887 -0.01213765 -0.008343694 0.001334321 -0.01218545 -0.008295634 0.001089944 -0.01261514 -0.009171883 0.0009533792 -0.01263497 -0.009153002 0.0007377176 -0.01295933 -0.009935506 0.0006362008 -0.0129609 -0.009935536 0.0004549273 -0.013183 -0.01062121 0.000388767 -0.013183 -0.01062391 9.867953e-05 -0.01243219 -0.009386096 -0.001371567 -0.01197202 -0.008545545 -0.001622502 -0.0114099 -0.007608179 -0.001874327 -0.01141918 -0.009133144 -0.002215302 -0.01038825 -0.008691236 -0.002665735 -0.01107807 -0.009493225 -0.002314983 -0.01270879 -0.01021689 -0.001257818 -0.01233432 -0.009490666 -0.001535103 -0.01185784 -0.00866754 -0.001813298 -0.01127941 -0.007747598 -0.002092382 -0.01290579 -0.01092669 -0.00107543 -0.01261439 -0.01031738 -0.00137532 -0.01222103 -0.009611256 -0.00167611 -0.01172567 -0.00880823 -0.001977799 -0.01195833 -0.009889753 -0.001879692 -0.01209482 -0.009745221 -0.001791811 -0.01239546 -0.01054947 -0.001544973 -0.01250921 -0.01042902 -0.001471738 -0.01273065 -0.01111236 -0.001211152 -0.01282165 -0.011016 -0.001152574 -0.01181434 -0.01004189 -0.001937772 -0.01227547 -0.01067625 -0.001593377 -0.01263466 -0.01121379 -0.001249872 -0.009788951 -0.009322222 -0.002663526 -0.009389386 -0.009742892 -0.00265962 -0.01020407 -0.01041342 -0.002309629 -0.008898776 -0.01177239 -0.0006521351 -0.007897625 -0.01129599 -0.0007653414 -0.008896579 -0.01177235 -0.0003983526 -0.007895111 -0.01129595 -0.0004753043 -0.008896579 -0.01176763 0.0001092996 -0.007895111 -0.01129056 0.0001048697 -0.008896579 -0.01176292 0.0006169517 -0.007895111 -0.01128517 0.0006850437 -0.008898776 -0.01175825 0.0008706913 -0.007897625 -0.01127983 0.0009750316 -0.008921922 -0.01173155 0.001121848 -0.00792407 -0.01124932 0.001262067 -0.008969723 -0.01167896 0.00136529 -0.007978702 -0.01118922 0.001540281 -0.009041399 -0.01160135 0.00159581 -0.008060619 -0.01110052 0.001803738 -0.009135354 -0.01150045 0.001808702 -0.008168003 -0.0109852 0.002047038 -0.009249536 -0.01137845 0.001999497 -0.008298492 -0.01084578 0.002265093 -0.009381705 -0.01123776 0.002163998 -0.008449545 -0.01068499 0.002453088 -0.009528956 -0.01108146 0.002298983 -0.008617828 -0.01050637 0.002607366 -0.009688197 -0.01091285 0.002401502 -0.008799823 -0.01031366 0.002724532 -0.009856177 -0.01073535 0.002469266 -0.008991796 -0.01011081 0.002801982 -0.0100293 -0.01055277 0.002501183 -0.009189655 -0.009902139 0.002838446 -0.01020407 -0.01036874 0.002502664 -0.009389386 -0.009691824 0.002840143 -0.01055369 -0.01000065 0.002499246 -0.009788951 -0.009271154 0.002836237 -0.01090331 -0.009632567 0.002495828 -0.01018852 -0.008850483 0.002832331 -0.01107807 -0.0094486 0.00249093 -0.01038825 -0.008640236 0.002826729 -0.0112512 -0.00926664 0.002455629 -0.01058611 -0.008432283 0.002786396 -0.01141918 -0.009090432 0.00238458 -0.01077808 -0.008230906 0.002705193 -0.01157842 -0.008923746 0.002278947 -0.01096007 -0.008040403 0.002584469 -0.01172567 -0.008769984 0.002141084 -0.01059517 -0.01243464 -0.0004284204 -0.009797988 -0.01215196 -0.0005398279 -0.01020755 -0.01230532 -0.000284612 -0.009796101 -0.01215193 -0.0003222999 -0.01129042 -0.0126205 -0.0003179119 -0.009797988 -0.01213984 0.0007654518 -0.009817822 -0.01211696 0.0009807256 -0.00985879 -0.01207188 0.001189391 -0.009920233 -0.01200535 0.001386982 -0.01000077 -0.01191887 0.001569457 -0.01009864 -0.01181429 0.001732993 -0.01021193 -0.0116937 0.001873999 -0.01033814 -0.01155974 0.0019897 -0.01047463 -0.01141521 0.002077582 -0.01061862 -0.01126307 0.002135662 -0.01076701 -0.01110657 0.00216301 -0.01091681 -0.01094883 0.002164286 -0.01121648 -0.01063333 0.002161356 -0.01151615 -0.01031783 0.002158426 -0.01166595 -0.01016014 0.002154222 -0.01181434 -0.01000418 0.002123973 -0.01195833 -0.009853142 0.002063078 -0.01209482 -0.009710267 0.001972527 -0.01222103 -0.009578474 0.001854358 -0.01165383 -0.007322555 0.001225605 -0.0122086 -0.008273599 0.0008383346 -0.01263686 -0.009153035 0.0005201895 -0.0129609 -0.009938903 9.231893e-05 -0.013183 -0.0106266 -0.000191408 -0.01325584 -0.01093248 -0.0001523032 -0.01168028 -0.007297381 0.0009380527 -0.0122108 -0.008273643 0.0005845521 -0.01263686 -0.009157076 8.505929e-05 -0.0129609 -0.00994227 -0.0002702894 -0.01318175 -0.01062927 -0.0003364015 -0.01324317 -0.01094816 -0.0004047495 -0.01329229 -0.01122755 -0.000329807 -0.01168279 -0.007297427 0.0006480156 -0.01168279 -0.007302814 6.78416e-05 -0.0122108 -0.008278356 7.689997e-05 -0.0122108 -0.00828307 -0.0004307521 -0.01263686 -0.009161116 -0.0003500709 -0.01263497 -0.009165122 -0.0005675621 -0.01295933 -0.009945606 -0.0004515323 -0.01294281 -0.009964675 -0.000630927 -0.01316852 -0.01064453 -0.0004799169 -0.01314121 -0.01067458 -0.0006190269 -0.01321927 -0.01097446 -0.0005264705 -0.01318343 -0.01101326 -0.0006417342 -0.01324109 -0.01128335 -0.0005329357 -0.01168279 -0.007308202 -0.0005123324 -0.01168028 -0.007313541 -0.0008023203 -0.0122086 -0.008287739 -0.0006844917 -0.01218545 -0.008314442 -0.0009356486 -0.01261514 -0.009188004 -0.0007828359 -0.01257417 -0.009233078 -0.0009915014 -0.01290866 -0.01000224 -0.0008048137 -0.01285746 -0.01005768 -0.000969474 -0.01310025 -0.01071892 -0.0007507569 -0.01304656 -0.01077659 -0.0008724057 -0.01313645 -0.01106372 -0.0007481773 -0.01307936 -0.01112471 -0.0008435741 -0.01315189 -0.01137888 -0.0007059422 -0.01166595 -0.01019839 -0.00196512 -0.01215181 -0.01080667 -0.001616167 -0.01253573 -0.01131812 -0.001268114 -0.01277604 -0.01144626 -0.001078466 -0.01286003 -0.01135751 -0.001044578 -0.01293965 -0.0112732 -0.0009933188 -0.01301328 -0.01119506 -0.0009258215 -0.01298131 -0.0108463 -0.0009814321 -0.01279035 -0.01012975 -0.001121541 -0.01251273 -0.009299607 -0.001189092 -0.01213765 -0.008367032 -0.001179091 -0.01165383 -0.00734405 -0.001089355 -0.01294779 -0.01210313 -0.0005751148 -0.01285799 -0.01196943 -0.0007482387 -0.0127428 -0.01181162 -0.0009215865 -0.01260209 -0.01162957 -0.001095154 -0.01243587 -0.01142328 -0.001268957 -0.01202698 -0.01093811 -0.001617227 -0.01151615 -0.01035613 -0.001966396 -0.01090331 -0.009677251 -0.002316464 -0.01018852 -0.008901551 -0.002667432 -0.01328675 -0.0119205 -0.0001063263 -0.01326115 -0.0119484 -0.0002078917 -0.01321686 -0.01212167 -9.999218e-05 -0.01323393 -0.01210307 -3.228297e-05 -0.01314705 -0.0122707 7.681223e-06 -0.01327323 -0.01152921 -0.0004243632 -0.01319889 -0.01160882 -0.0005685353 -0.01322052 -0.01181465 -0.0004313512 -0.01314068 -0.0118995 -0.0005169211 -0.01315667 -0.01205981 -0.0003585708 -0.01308655 -0.01213397 -0.0003950607 -0.01310046 -0.01224539 -0.0002247729 -0.01325584 -0.01093012 0.0001015229 -0.01330315 -0.01121411 -0.0001134245 -0.0133159 -0.01148271 -0.0002550887 -0.01327998 -0.01175096 -0.0003160146 -0.01321655 -0.01199617 -0.0002943939 -0.01314721 -0.01219594 -0.0002004459 -0.01308885 -0.01233256 -5.470912e-05 -0.0130991 -0.01171488 -0.0006754961 -0.01304719 -0.01199839 -0.000565574 -0.013012 -0.01221253 -0.0004022166 -0.01293709 -0.01229141 -0.0004014842 -0.0128479 -0.0122083 -0.0005741383 -0.01273312 -0.01210089 -0.0007470181 -0.01259296 -0.01196937 -0.0009201217 -0.01242728 -0.01181361 -0.001093445 -0.01223608 -0.01163361 -0.001267004 -0.01177725 -0.01120103 -0.001614786 -0.01121648 -0.01067163 -0.001963466 -0.01055369 -0.01004534 -0.002313047 -0.01225248 -0.01199765 -0.001091736 -0.0120363 -0.01184395 -0.001265051 -0.01193643 -0.01194907 -0.001262255 -0.01152753 -0.01146395 -0.001612344 -0.01140269 -0.01159536 -0.001608844 -0.01091681 -0.01098713 -0.001960537 -0.01076701 -0.01114482 -0.001956332 -0.0100293 -0.01059739 -0.00230473 -0.01229403 -0.01228394 -0.00090143 -0.01207853 -0.01218061 -0.001071647 -0.01199454 -0.01226872 -0.001036117 -0.01183751 -0.01205305 -0.001242079 -0.01174152 -0.01215374 -0.001201482 -0.01127903 -0.01172533 -0.001583636 -0.01115905 -0.01185119 -0.001532885 -0.01061862 -0.01130078 -0.001926083 -0.01047463 -0.01145182 -0.001865188 -0.009688197 -0.01095556 -0.00219838 -0.01215379 -0.0124309 -0.0008257093 -0.01191492 -0.01235206 -0.0009833011 -0.01184129 -0.01242894 -0.0009143643 -0.01165052 -0.01224899 -0.001141125 -0.01156638 -0.01233685 -0.001062336 -0.0110453 -0.01197025 -0.001457427 -0.01094012 -0.01208008 -0.001358953 -0.01033814 -0.01159469 -0.001774637 -0.01021193 -0.01172649 -0.001656469 -0.009381705 -0.01127601 -0.001954884 -0.01203404 -0.01255577 -0.0006950142 -0.01177521 -0.01249775 -0.0008308248 -0.01171812 -0.01255696 -0.0007343118 -0.01149085 -0.01241549 -0.0009668615 -0.01142561 -0.01248316 -0.0008565594 -0.01084572 -0.01217837 -0.001239605 -0.01076416 -0.01226297 -0.001101733 -0.01009864 -0.01184444 -0.001513247 -0.01000077 -0.01194595 -0.001347798 -0.009135354 -0.01153205 -0.001594771 -0.0116114 -0.01266612 -0.0003887974 -0.01130365 -0.01260791 -0.0004616861 -0.0106117 -0.01241891 -0.0006081382 -0.009817822 -0.01213308 -0.0007554895 -0.01059517 -0.01242454 0.0006593127 -0.0106117 -0.01240547 0.0008387074 -0.01064585 -0.01236791 0.001012594 -0.01069705 -0.01231247 0.001177254 -0.01076416 -0.01224039 0.001329322 -0.01084572 -0.01215325 0.001465599 -0.01094012 -0.01205276 0.001583101 -0.0110453 -0.01194112 0.001679518 -0.01115905 -0.01182068 0.001752753 -0.01127903 -0.0116939 0.001801158 -0.01140269 -0.01156348 0.001823948 -0.01152753 -0.01143203 0.001825007 -0.01177725 -0.01116912 0.001822566 -0.01202698 -0.0109062 0.001820125 -0.01215181 -0.01077479 0.001816625 -0.01227547 -0.01064482 0.001791417 -0.01239546 -0.01051896 0.001740666 -0.01250921 -0.0103999 0.001665207 -0.01261439 -0.01029006 0.001566733 -0.01194484 -0.01264807 -0.0005202636 -0.01167114 -0.01260543 -0.0006269502 -0.0116353 -0.01264209 -0.0005109858 -0.01137191 -0.01253855 -0.0007338607 -0.01133096 -0.01258045 -0.0006013301 -0.01069705 -0.0123322 -0.000948354 -0.01064585 -0.01238458 -0.0007826925 -0.009920233 -0.01202904 -0.001163748 -0.00985879 -0.01209189 -0.000964956 -0.008969723 -0.0117023 -0.001148121 -0.01329218 -0.01191378 1.864903e-06 -0.01332136 -0.0117048 -3.634017e-05 -0.01332136 -0.01170345 0.0001087036 -0.01332495 -0.01146982 0.0001065342 -0.01332136 -0.0117021 0.0002537473 -0.01332495 -0.01146814 0.0002878384 -0.01331412 -0.01170839 0.0003981439 -0.0133159 -0.01147599 0.0004683341 -0.01327998 -0.01174306 0.0005342308 -0.01327323 -0.01151934 0.0006384429 -0.01322052 -0.0118046 0.0006507301 -0.01319889 -0.01159626 0.0007840684 -0.01314068 -0.01188785 0.0007378608 -0.0130991 -0.01170032 0.0008929803 -0.01304719 -0.01198582 0.0007883417 -0.01298223 -0.01182278 0.0009560821 -0.01294779 -0.01209037 0.0007998259 -0.01285799 -0.01195347 0.0009704372 -0.0128479 -0.01219553 0.0008008025 -0.01273312 -0.01208493 0.0009716578 -0.01274801 -0.0123007 0.000801779 -0.01260826 -0.01221639 0.0009728785 -0.01264861 -0.01240545 0.0007922381 -0.01248401 -0.01234732 0.0009609527 -0.01255512 -0.01250434 0.0007435853 -0.01236715 -0.01247093 0.0009001358 -0.01247529 -0.01258919 0.0006580154 -0.01226735 -0.012577 0.000793175 -0.01241582 -0.01265288 0.0005426788 -0.01219302 -0.0126566 0.000649003 -0.01238168 -0.01269008 0.0004072594 -0.01215035 -0.01270311 0.0004797284 -0.01237444 -0.01269904 0.0002630044 -0.0121413 -0.01271431 0.0002994097 -0.01237444 -0.01270039 0.0001179606 -0.0121413 -0.01271599 0.0001181055 -0.0121413 -0.01271768 -6.319867e-05 -0.01188277 -0.01270952 -9.953901e-05 -0.01331412 -0.01171376 -0.0001805952 -0.01332495 -0.0114715 -7.476995e-05 -0.01330315 -0.01121209 0.0001041411 -0.01330315 -0.01121007 0.0003217067 -0.01244313 -0.01212712 -0.0009186569 -0.01260826 -0.01223235 -0.0007457974 -0.01274801 -0.01231347 -0.0005731617 -0.01286217 -0.01237028 -0.0004007518 -0.01248401 -0.01236303 -0.0007314424 -0.01264861 -0.01241802 -0.0005616775 -0.01278762 -0.0124487 -0.0003921383 -0.01236715 -0.0124855 -0.0006683406 -0.01255512 -0.01251599 -0.0005111966 -0.0127175 -0.01252218 -0.0003542775 -0.01226735 -0.01258956 -0.0005594287 -0.01247529 -0.01259924 -0.0004240659 -0.01265763 -0.01258461 -0.0002889299 -0.01219302 -0.01266647 -0.0004138032 -0.01241582 -0.01266077 -0.0003075666 -0.01261302 -0.01263076 -0.0002015556 -0.01189364 -0.01270009 -0.0003161338 -0.01215035 -0.01270982 -0.0002436944 -0.01238168 -0.01269545 -0.0001714797 -0.01258742 -0.01265677 -9.948975e-05 -0.01276771 -0.01259123 0.0002616443 -0.01258742 -0.01265274 0.0003345635 -0.01276409 -0.01259571 0.0001895167 -0.01258199 -0.01265946 0.0002263723 -0.01276409 -0.01259639 0.0001169949 -0.01258199 -0.01266047 0.00011759 -0.01258199 -0.01266148 8.807673e-06 -0.01237444 -0.01270173 -2.708314e-05 -0.01276771 -0.01259392 -2.772523e-05 -0.01278478 -0.01257658 -9.576817e-05 -0.01281451 -0.01254581 -0.0001540184 -0.01285443 -0.01250419 -0.0001975837 -0.01276409 -0.01259706 4.447314e-05 -0.01298921 -0.01243747 -5.3735e-05 -0.004726512 0.001778941 -0.003439544 -0.00616142 0.0003351593 -0.002751739 -0.004904526 0.001970796 -0.002963265 -0.005109012 0.002195764 -0.001922749 -0.006322879 0.0005118579 -0.002030479 -0.006369164 0.0005652565 -0.001528173 -0.006281152 0.0004656392 -0.00227651 -0.007377508 -0.001137231 -0.002323479 -0.007466284 -0.001039559 -0.001871377 -0.005896 4.963741e-05 -0.003404186 -0.005786619 -6.735943e-05 -0.003601058 -0.006857845 -0.001695326 -0.003501298 -0.00437547 0.00140346 -0.004071155 -0.002981341 0.003098121 -0.004357443 -0.004238315 0.001257341 -0.004254916 -0.002705991 0.00280498 -0.004704416 -0.004092255 0.001101986 -0.004423661 -0.002401103 0.002481259 -0.004995342 -0.003938117 0.0009382724 -0.004576598 -0.003776727 0.0007670777 -0.004712924 -0.005108811 -0.0007883088 -0.004384758 -0.005403299 -0.0004757315 -0.004114779 -0.003075525 2.538521e-05 -0.005077823 -0.001723198 0.001763829 -0.005389028 -0.002890927 -0.0001693877 -0.005121756 -0.001363562 0.001384281 -0.005484078 -0.002704546 -0.0003658578 -0.005146203 -0.001033428 0.00103644 -0.005509829 -0.002330048 -0.0007602006 -0.005149382 -0.0007995558 0.000790215 -0.005507543 -0.001580865 -0.001548955 -0.005142058 -4.244795e-07 -5.112694e-05 -0.005499731 -0.0008316833 -0.00233771 -0.005134734 -0.004454355 -0.001480555 -0.004725335 -0.003257368 0.000217436 -0.005014694 -0.002070329 0.002130841 -0.005225949 -0.006043185 -0.002560024 -0.004247892 -0.006338933 -0.002246859 -0.004057501 -0.004952173 -0.0009542652 -0.004495762 -0.00661239 -0.001956605 -0.003806795 -0.005539621 -0.0003307342 -0.003957288 -0.005667638 -0.0001943514 -0.003785777 -0.004108106 -0.001845717 -0.004789157 -0.003758579 -0.002213766 -0.00479212 -0.003059339 -0.00294994 -0.004785284 -0.002360099 -0.003686114 -0.004778449 -0.002010572 -0.004054044 -0.004768652 0.001756101 -0.001899129 -0.005342035 -8.620613e-05 -0.003121831 -0.0050486 0.001397284 -0.001522335 -0.005450688 -0.0002708038 -0.002927908 -0.005096142 0.001032579 -0.001138694 -0.005489632 -0.0004571851 -0.002731925 -0.005124233 0.0007987068 -0.0008924689 -0.005491919 0.0004471748 -0.003681053 -0.004792206 0.0002737542 -0.003499424 -0.004896347 9.563688e-05 -0.003312676 -0.004981915 -0.005731225 -0.002889659 -0.004373746 -0.005409706 -0.00322874 -0.004433 -0.005085146 -0.003570499 -0.004435757 -0.004435852 -0.004254088 -0.00442941 -0.003786559 -0.004937678 -0.004423062 -0.003461999 -0.005279326 -0.00441396 -0.00314048 -0.005617248 -0.004348419 -0.001664323 -0.004417958 -0.00469806 -0.001494601 -0.004596083 -0.004635813 -0.00282852 -0.00594449 -0.004216465 -0.001328363 -0.004770375 -0.004555962 -0.001166505 -0.004939894 -0.004458753 -0.002532771 -0.006254065 -0.004020292 -0.001009867 -0.005103761 -0.004344687 -0.002259314 -0.006539613 -0.00376424 -0.0004510401 -0.005686493 -0.00373478 -0.002013859 -0.006795175 -0.003453944 -0.0005790568 -0.005553319 -0.003908794 -0.0007153788 -0.005411271 -0.00406895 0.000776386 -0.004025253 -0.004530509 0.0009305239 -0.004186099 -0.004374559 0.001076584 -0.004338294 -0.004202958 -0.0003320588 -0.005810033 -0.003547735 0.001341218 -0.004613339 -0.003816118 0.003221306 -0.003428442 -0.003896993 0.001659755 -0.004942477 -0.003142773 -3.47605e-05 -0.006117226 -0.002919285 0.001564781 -0.004844662 -0.003378041 -0.0002226776 -0.005923354 -0.003348724 0.001458416 -0.004734757 -0.003602891 0.001915782 -0.005202573 -0.002122114 0.003699414 -0.003918553 -0.002465291 0.001947281 -0.005233248 -0.001853767 0.003767296 -0.003985172 -0.00194243 0.001965373 -0.005249782 -0.001582962 0.003787254 -0.004001733 -0.001462875 0.001970083 -0.005249692 -0.00103914 0.003787254 -0.00399858 -0.00112329 0.001970083 -0.005239591 4.86836e-05 0.003787254 -0.003987805 3.706018e-05 0.001970083 -0.00522949 0.001136507 0.0002042007 -0.006359986 -0.00196667 0.00187108 -0.005157962 -0.002386589 0.003584765 -0.003802528 -0.00297045 0.00342372 -0.003637436 -0.003452313 -0.001494196 -0.007331303 -0.002265964 -0.001627309 -0.007195146 -0.002696697 4.274229e-05 -0.006196711 -0.002691088 -0.001801811 -0.007015114 -0.003095466 0.003406159 -0.003553805 0.003563042 0.001659755 -0.004883265 0.003234072 0.001742795 -0.004972954 0.002991205 0.00187108 -0.005112755 0.002482021 0.001915782 -0.005162269 0.002218419 0.003762889 -0.003943308 0.002066314 0.001947281 -0.005197922 0.001950689 0.003787254 -0.003973878 0.001536996 0.001965373 -0.005219481 0.001680237 0.003787254 -0.003977031 0.00119741 0.0002504861 -0.006404048 -0.00146346 0.0002548798 -0.006403961 -0.0009558984 0.0002548798 -0.006394533 5.940779e-05 0.0002548798 -0.006385106 0.001074714 0.0002504861 -0.006375767 0.001582189 -0.0005790568 -0.005479777 0.004011305 0.001076584 -0.004259499 0.004282856 0.002705142 -0.002805098 0.00470448 0.0006149965 -0.003769236 0.004740864 -0.001009867 -0.005022202 0.004438774 0.000776386 -0.00394043 0.004604537 -0.0007153788 -0.005334779 0.004168795 0.0009305239 -0.004104144 0.004451601 -0.001664323 -0.004329956 0.004779351 9.563688e-05 -0.003219594 0.005042633 0.00206948 -0.002130959 0.005226013 0.002400254 -0.002481377 0.004995407 -8.620613e-05 -0.003027543 0.005105763 0.001722349 -0.001763947 0.005389092 -0.0002708038 -0.00283277 0.005149696 0.001362713 -0.001384399 0.005484142 -0.0004571851 -0.0026363 0.005174143 0.001032579 -0.001036558 0.005509894 -0.0008316833 -0.002241957 0.005177321 0.0007987068 -0.0007903331 0.005507607 -0.001580865 -0.001453203 0.005169997 -4.244795e-07 5.100884e-05 0.005499795 -0.002330048 -0.0006644483 0.005162674 -0.0003320588 -0.005743151 0.003655075 0.001341218 -0.00454168 0.00390119 -0.0004510401 -0.00561616 0.003839793 0.0002042007 -0.006322369 0.002084495 0.0001624743 -0.00627615 0.002330526 -0.00140542 -0.007385632 0.001949672 -0.001494196 -0.00728796 0.002401774 0.0001085997 -0.006217189 0.002571379 4.274229e-05 -0.00614567 0.002805755 -0.001627309 -0.007143829 0.002829904 -3.47605e-05 -0.006061962 0.003032438 -0.001801811 -0.006956423 0.003225261 -0.001362447 -0.00743521 0.001483242 -0.001358363 -0.007443885 0.001012016 -0.001358363 -0.007452639 6.92328e-05 -0.001358363 -0.007461394 -0.0008735506 -0.001362447 -0.00746147 -0.001344856 -0.00140542 -0.007420562 -0.001812126 -0.002013859 -0.006729865 0.003579593 -0.00282852 -0.005865167 0.004326187 -0.002532771 -0.006178332 0.004135796 -0.001166505 -0.004856246 0.004549778 -0.002259314 -0.006468586 0.00388509 -0.002431329 0.002605177 0.004922674 -0.003776727 0.0008544619 0.00469793 -0.003608906 0.0006788954 0.004820146 -0.003257368 0.0003105186 0.005009854 -0.003075525 0.0001196733 0.005076539 -0.001398133 0.001522217 0.005450753 -0.002890927 -7.425029e-05 0.005124082 -0.001033428 0.001138576 0.005489696 -0.002704546 -0.0002702325 0.005152173 -0.0007995558 0.0008923508 0.005491983 -0.002010572 -0.003964794 0.004843174 -0.002360099 -0.003596745 0.004846136 -0.003059339 -0.002860571 0.004839301 -0.003758579 -0.002124397 0.004832465 -0.004108106 -0.001756467 0.004822668 -0.005786619 -4.779496e-07 0.003601751 -0.004502949 0.001611181 0.003844057 -0.003222155 0.003428324 0.003897057 -0.004821486 0.001940319 0.003170712 -0.006083917 0.0003067154 0.002973302 -0.004726512 0.001842505 0.003405981 -0.005896 0.0001128429 0.00340274 -0.004620147 0.0017326 0.003630831 -0.006322879 0.0005494749 0.002020687 -0.005032811 0.002155804 0.002414529 -0.003585614 0.00380241 0.002970514 -0.003424569 0.003637318 0.003452378 -0.003788103 0.00397376 -0.001536931 -0.005127104 0.002217324 -0.001652298 -0.003788103 0.003976913 -0.001197346 -0.005131814 0.002227332 -0.001108567 -0.003788103 0.003987687 -3.699603e-05 -0.005131814 0.002237433 -2.074409e-05 -0.003788103 0.003998462 0.001123354 -0.005131814 0.002247534 0.001067079 -0.003788103 0.004001615 0.001462939 -0.005127104 0.002247624 0.001610902 -0.003768145 0.003985054 0.001942494 -0.005109012 0.00223109 0.001881707 -0.003700263 0.003918435 0.002465355 -0.005077513 0.002200415 0.002150053 -0.005539621 -0.0002571923 0.00396281 -0.004238315 0.001336136 0.004230898 -0.005667638 -0.0001240179 0.003788796 -0.004454355 -0.001392553 0.004752076 -0.004624077 -0.001214428 0.00468983 -0.005731225 -0.002807943 0.004426714 -0.006043185 -0.002480702 0.00429476 -0.004790315 -0.001040136 0.004609978 -0.004952173 -0.0008706167 0.00451277 -0.006338933 -0.002171126 0.004098587 -0.005108811 -0.0007067502 0.004398703 -0.00661239 -0.001885578 0.003842535 -0.005409706 -0.003145865 0.004492255 -0.005085146 -0.003487513 0.004501357 -0.004435852 -0.004171103 0.004507705 -0.003786559 -0.004854693 0.004514052 -0.003461999 -0.005196451 0.004511295 -0.00314048 -0.005535532 0.004452041 -0.006857845 -0.001630016 0.003532239 -0.007377508 -0.001093889 0.002344259 -0.007244395 -0.001230045 0.002774992 -0.00616142 0.0003862001 0.002745104 -0.007069893 -0.001410077 0.003173761 -0.007509257 -0.0009899814 -0.001404947 -0.006373558 0.0005745949 -0.001020698 -0.007513341 -0.000981306 -0.0009337212 -0.006373558 0.0005840225 -5.391397e-06 -0.007513341 -0.0009725518 9.062129e-06 -0.006373558 0.0005934501 0.001009915 -0.007513341 -0.0009637976 0.0009518455 -0.006369164 0.0005935368 0.001517476 -0.007509257 -0.0009637212 0.001423151 -0.007466284 -0.001004629 0.001890421 -0.008551157 -0.002424202 0.0008928779 -0.009487013 -0.00378777 0.0008330111 -0.00854739 -0.002424129 0.001327937 -0.009483563 -0.0037877 0.001231814 -0.008507716 -0.002461897 0.001759256 -0.009447194 -0.003822321 0.001627192 -0.008425771 -0.002544287 0.002178189 -0.009372074 -0.00389785 0.00201121 -0.008302899 -0.002669969 0.002575783 -0.009259442 -0.004013057 0.002375675 -0.008141826 -0.002836147 0.002943872 -0.009111792 -0.004165387 0.002713094 -0.007946086 -0.003039171 0.003274782 -0.008932359 -0.004351497 0.003016416 -0.007719507 -0.003275079 0.003561214 -0.00872467 -0.004567737 0.003278985 -0.007467089 -0.003538658 0.003797562 -0.008493284 -0.004809354 0.003495637 -0.007194094 -0.003824417 0.003978643 -0.008243036 -0.005071302 0.003661627 -0.006906127 -0.004126489 0.004100443 -0.007979069 -0.005348199 0.003773283 -0.006609345 -0.004438412 0.004160952 -0.007707017 -0.00563413 0.00382875 -0.006309746 -0.004753786 0.00416935 -0.007432386 -0.005923222 0.003836444 -0.005710398 -0.005384791 0.00417521 -0.006882984 -0.006501644 0.003841815 -0.00511105 -0.006015797 0.004181069 -0.006333582 -0.007080065 0.003847186 -0.004811451 -0.006331272 0.004178528 -0.00605895 -0.00736925 0.003844861 -0.004514669 -0.006644265 0.004123822 -0.005786898 -0.007656162 0.003794713 -0.004226702 -0.006948547 0.004007652 -0.005522932 -0.007935084 0.003688218 -0.003953707 -0.007237619 0.003831909 -0.005272683 -0.008200069 0.003527122 -0.003701289 -0.007505541 0.003600496 -0.005041297 -0.008445668 0.003314993 -0.003474711 -0.007746727 0.003318493 -0.004833609 -0.008666746 0.003056485 -0.00327897 -0.007955862 0.002991411 -0.004654176 -0.008858457 0.002756672 -0.003117897 -0.008128846 0.002626472 -0.004506525 -0.009017026 0.00242214 -0.002995025 -0.008261889 0.00223128 -0.004393894 -0.009138981 0.002059876 -0.00291308 -0.008352045 0.001813949 -0.004318774 -0.009221628 0.001677327 -0.002873406 -0.008397816 0.001383405 -0.004282405 -0.009263586 0.00128266 -0.002869639 -0.008405821 0.0009484201 -0.004278955 -0.009270921 0.0008839248 -0.002869639 -0.008413902 7.815858e-05 -0.004278955 -0.009278328 8.618518e-05 -0.002869639 -0.008421983 -0.0007921029 -0.004278955 -0.009285736 -0.0007115544 -0.002873406 -0.008422056 -0.001227162 -0.004282405 -0.009285806 -0.001110357 -0.00291308 -0.008384288 -0.001658481 -0.004318774 -0.009251184 -0.001505735 -0.002995025 -0.008301897 -0.002077414 -0.004393894 -0.009175655 -0.001889753 -0.003117897 -0.008176215 -0.002475008 -0.004506525 -0.009060448 -0.002254219 -0.00327897 -0.008010038 -0.002843097 -0.004654176 -0.008908118 -0.002591638 -0.003474711 -0.007807013 -0.003174007 -0.004833609 -0.008722008 -0.002894959 -0.003701289 -0.007571106 -0.003460439 -0.005041297 -0.008505768 -0.003157528 -0.003953707 -0.007307527 -0.003696787 -0.005272683 -0.008264151 -0.003374181 -0.004226702 -0.007021768 -0.003877868 -0.005522932 -0.008002203 -0.00354017 -0.004514669 -0.006719696 -0.003999668 -0.005786898 -0.007725306 -0.003651826 -0.004811451 -0.006407772 -0.004060177 -0.00605895 -0.007439375 -0.003707293 -0.00511105 -0.006092399 -0.004068575 -0.006333582 -0.007150284 -0.003714988 -0.005710398 -0.005461393 -0.004074435 -0.006882984 -0.006571862 -0.003720359 -0.006309746 -0.004830388 -0.004080294 -0.007432386 -0.00599344 -0.00372573 -0.006609345 -0.004514913 -0.004077753 -0.007707017 -0.005704256 -0.003723405 -0.006906127 -0.00420192 -0.004023047 -0.007979069 -0.005417344 -0.003673256 -0.007194094 -0.003897637 -0.003906877 -0.008243036 -0.005138421 -0.003566762 -0.007467089 -0.003608566 -0.003731134 -0.008493284 -0.004873436 -0.003405665 -0.007719507 -0.003340643 -0.003499721 -0.00872467 -0.004627837 -0.003193536 -0.007946086 -0.003099457 -0.003217718 -0.008932359 -0.004406759 -0.002935028 -0.008141826 -0.002890323 -0.002890636 -0.009111792 -0.004215049 -0.002635215 -0.008302899 -0.002717339 -0.002525697 -0.009259442 -0.004056479 -0.002300683 -0.008425771 -0.002584296 -0.002130505 -0.009372074 -0.003934524 -0.00193842 -0.008507716 -0.00249414 -0.001713174 -0.009447194 -0.003851877 -0.001555871 -0.00854739 -0.002448369 -0.00128263 -0.009483563 -0.00380992 -0.001161203 -0.008551157 -0.002440363 -0.0008476451 -0.009487013 -0.003802585 -0.0007624681 -0.008551157 -0.002432283 2.261642e-05 -0.009487013 -0.003795177 3.527154e-05 -0.01032094 -0.005054529 0.0007722455 -0.01105284 -0.006224389 0.0007105801 -0.0103178 -0.005054469 0.001134792 -0.01105001 -0.006224333 0.001036872 -0.01028474 -0.005085936 0.001494229 -0.01102026 -0.006252661 0.001360367 -0.01021645 -0.005154597 0.001843332 -0.0109588 -0.006314452 0.001674564 -0.01011405 -0.005259336 0.002174669 -0.01086664 -0.006408717 0.001972752 -0.009979826 -0.005397819 0.002481408 -0.01074583 -0.006533352 0.002248831 -0.009816708 -0.005567007 0.00275716 -0.01059903 -0.006685618 0.002497006 -0.009627896 -0.005763593 0.002995856 -0.0104291 -0.006862544 0.002711828 -0.009417549 -0.005983241 0.003192814 -0.01023978 -0.007060237 0.002889091 -0.009190047 -0.006221379 0.003343722 -0.01003504 -0.00727455 0.003024907 -0.00895008 -0.0064731 0.003445223 -0.009819066 -0.007501103 0.003116254 -0.008702759 -0.00673304 0.003495639 -0.009596476 -0.007735049 0.003161638 -0.008453095 -0.006995849 0.003502639 -0.009371778 -0.007971577 0.003167935 -0.007953638 -0.007521687 0.003507522 -0.008922267 -0.008444832 0.003172329 -0.007454182 -0.008047525 0.003512405 -0.008472757 -0.008918086 0.003176724 -0.007204518 -0.008310418 0.003510286 -0.008248059 -0.00915469 0.00317482 -0.006957196 -0.008571249 0.003464706 -0.008025469 -0.009389439 0.003133788 -0.00671723 -0.008824812 0.003367896 -0.007809496 -0.009617648 0.003046663 -0.006489728 -0.009065711 0.003221436 -0.007604754 -0.009834447 0.002914851 -0.006279381 -0.009288978 0.003028591 -0.007415432 -0.0100354 0.002741289 -0.006090569 -0.009489963 0.002793587 -0.007245503 -0.01021628 0.002529789 -0.005927451 -0.009664243 0.002521023 -0.0070987 -0.01037313 0.002284485 -0.005793222 -0.009808397 0.002216909 -0.006977894 -0.01050287 0.002010768 -0.005690824 -0.009919272 0.001887574 -0.006885736 -0.01060266 0.001714382 -0.005622536 -0.009994403 0.001539807 -0.006824279 -0.01067027 0.001401386 -0.00558948 -0.01003254 0.001181015 -0.006794522 -0.0107046 0.001078473 -0.005586339 -0.01003921 0.0008185306 -0.006791698 -0.0107106 0.0007522367 -0.005586339 -0.01004595 9.331287e-05 -0.006791698 -0.01071666 9.954081e-05 -0.005586339 -0.01005268 -0.0006319049 -0.006791698 -0.01072273 -0.0005531551 -0.00558948 -0.01005274 -0.0009944509 -0.006794522 -0.01072278 -0.0008794466 -0.005622536 -0.01002127 -0.001353889 -0.006824279 -0.01069445 -0.001202942 -0.005690824 -0.009952612 -0.001702991 -0.006885736 -0.01063266 -0.001517139 -0.005793222 -0.009847872 -0.002034328 -0.006977894 -0.0105384 -0.001815327 -0.005927451 -0.00970939 -0.002341067 -0.0070987 -0.01041376 -0.002091406 -0.006090569 -0.009540201 -0.00261682 -0.007245503 -0.0102615 -0.002339581 -0.006279381 -0.009343615 -0.002855515 -0.007415432 -0.01008457 -0.002554403 -0.006489728 -0.009123967 -0.003052473 -0.007604754 -0.009886877 -0.002731666 -0.00671723 -0.008885829 -0.003203381 -0.007809496 -0.009672564 -0.002867482 -0.006957196 -0.008634108 -0.003304883 -0.008025469 -0.009446011 -0.002958829 -0.007204518 -0.008374168 -0.003355298 -0.008248059 -0.009212065 -0.003004213 -0.007454182 -0.00811136 -0.003362299 -0.008472757 -0.008975537 -0.00301051 -0.007953638 -0.007585522 -0.003367182 -0.008922267 -0.008502283 -0.003014904 -0.008453095 -0.007059684 -0.003372064 -0.009371778 -0.008029029 -0.003019299 -0.008702759 -0.00679679 -0.003369945 -0.009596476 -0.007792425 -0.003017395 -0.00895008 -0.006535959 -0.003324365 -0.009819066 -0.007557676 -0.002976363 -0.009190047 -0.006282396 -0.003227555 -0.01003504 -0.007329466 -0.002889238 -0.009417549 -0.006041497 -0.003081096 -0.01023978 -0.007112668 -0.002757426 -0.009627896 -0.00581823 -0.00288825 -0.0104291 -0.006911717 -0.002583864 -0.009816708 -0.005617245 -0.002653246 -0.01059903 -0.006730833 -0.002372364 -0.009979826 -0.005442965 -0.002380683 -0.01074583 -0.006573984 -0.00212706 -0.01011405 -0.005298811 -0.002076568 -0.01086664 -0.006444244 -0.001853343 -0.01021645 -0.005187937 -0.001747233 -0.0109588 -0.006344458 -0.001556957 -0.01028474 -0.005112806 -0.001399466 -0.01102026 -0.006276843 -0.001243961 -0.0103178 -0.005074669 -0.001040675 -0.01105001 -0.006242513 -0.000921048 -0.01032094 -0.005067997 -0.00067819 -0.01105284 -0.006236511 -0.0005948117 -0.01032094 -0.005061263 4.702774e-05 -0.01105284 -0.00623045 5.788419e-05</float_array>
          <technique_common>
            <accessor count="1098" source="#verts-array-array" stride="3">
              <param type="float" name="X"/>
              <param type="float" name="Y"/>
              <param type="float" name="Z"/>
            </accessor>
          </technique_common>
        </source>
        <source id="normals-array">
          <float_array count="3294" id="normals-array-array">0.725076 0.6886392 -0.006394339 0.725076 0.6886392 -0.006394339 0.725076 0.6886392 -0.006394339 0.725076 0.6886392 -0.006394339 0.725076 0.6886392 -0.006394339 0.725076 0.6886392 -0.006394339 0.725076 0.6886392 -0.006394339 0.725076 0.6886392 -0.006394339 0.725076 0.6886392 -0.006394339 0.725076 0.6886392 -0.006394339 0.725076 0.6886392 -0.006394339 0.725076 0.6886392 -0.006394339 0.725076 0.6886392 -0.006394339 0.725076 0.6886392 -0.006394339 0.725076 0.6886392 -0.006394339 0.725076 0.6886392 -0.006394339 0.725076 0.6886392 -0.006394339 0.725076 0.6886392 -0.006394339 0.725076 0.6886392 -0.006394339 0.725076 0.6886392 -0.006394339 0.725076 0.6886392 -0.006394339 0.725076 0.6886392 -0.006394339 0.725076 0.6886392 -0.006394339 0.725076 0.6886392 -0.006394339 0.725076 0.6886392 -0.006394339 0.725076 0.6886392 -0.006394339 0.725076 0.6886392 -0.006394339 0.725076 0.6886392 -0.006394339 0.725076 0.6886392 -0.006394339 0.725076 0.6886392 -0.006394339 0.725076 0.6886392 -0.006394339 0.725076 0.6886392 -0.006394339 0.725076 0.6886392 -0.006394339 0.725076 0.6886392 -0.006394339 0.725076 0.6886392 -0.006394339 0.725076 0.6886392 -0.006394339 0.725076 0.6886392 -0.006394339 0.725076 0.6886392 -0.006394339 0.725076 0.6886392 -0.006394339 0.725076 0.6886392 -0.006394339 0.725076 0.6886392 -0.006394339 0.725076 0.6886392 -0.006394339 0.725076 0.6886392 -0.006394339 0.725076 0.6886392 -0.006394339 0.725076 0.6886392 -0.006394339 0.725076 0.6886392 -0.006394339 0.725076 0.6886392 -0.006394339 0.725076 0.6886392 -0.006394339 0.725076 0.6886392 -0.006394339 0.725076 0.6886392 -0.006394339 0.725076 0.6886392 -0.006394339 0.725076 0.6886392 -0.006394339 0.725076 0.6886392 -0.006394339 0.725076 0.6886392 -0.006394339 0.725076 0.6886392 -0.006394339 0.725076 0.6886392 -0.006394339 0.725076 0.6886392 -0.006394339 0.725076 0.6886392 -0.006394339 0.725076 0.6886392 -0.006394339 0.725076 0.6886392 -0.006394339 0.725076 0.6886392 -0.006394339 0.725076 0.6886392 -0.006394339 0.725076 0.6886392 -0.006394339 0.725076 0.6886392 -0.006394339 -0.8480585 -0.5298856 0.004238249 -0.725076 -0.6886392 0.006394339 -0.8450082 -0.5331735 0.0410761 -0.744697 0.5344822 0.3996938 -0.7624149 0.5555157 0.3318521 -0.7699062 0.5450778 0.3318654 -0.7839006 0.5620213 0.2638784 -0.5416698 0.3288587 0.7735927 -0.6048701 0.3946609 0.6916466 -0.6075586 0.3883331 0.6928707 -0.4932298 0.2702747 0.826847 -0.5330471 0.3109426 0.786877 -0.5329228 0.2909313 0.7945768 -0.296692 0.08603119 0.9510902 -0.3847797 0.1730172 0.9066475 -0.3577109 0.1341302 0.9241493 0.1521712 -0.4051813 0.9014833 0.1070892 -0.3544511 0.9289221 0.0978813 -0.3631033 0.9265934 0.05258921 -0.3123713 0.9485033 0.4106718 -0.675368 0.6125576 0.3546706 -0.6155377 0.7037912 0.3508945 -0.6207567 0.7010949 0.4429379 -0.7181207 0.5367576 0.4152312 -0.6893045 0.5936685 0.4104433 -0.7043499 0.579161 0.5380737 -0.7992485 0.2677285 0.5053537 -0.7689979 0.3914841 0.5118904 -0.7868635 0.344694 0.4917146 -0.7747516 -0.3974628 0.5124364 -0.7929322 -0.3296476 0.5016271 -0.7998752 -0.3294994 0.5184576 -0.8141252 -0.2615375 0.2933553 -0.5646948 -0.7714029 0.3565743 -0.6304792 -0.6894569 0.3501055 -0.6328486 -0.6906003 0.1445685 -0.4011572 -0.9045291 0.2228729 -0.4873149 -0.8443055 0.1946688 -0.4682933 -0.8618616 -0.4051537 0.1649118 -0.8992522 -0.3570677 0.1170346 -0.9267176 -0.3661605 0.1083058 -0.9242274 -0.3180323 0.06026742 -0.9461624 -0.6897212 0.4225297 -0.588008 -0.7403582 0.479945 -0.4706618 -0.7266294 0.4852129 -0.4863929 -0.7765424 0.5667873 -0.2751982 -0.7626357 0.5487188 -0.3424827 -0.7699058 0.5388209 -0.3419313 -0.7455649 0.5408579 -0.3893658 -0.7067753 0.494666 -0.5057413 -0.7239921 0.5025908 -0.4724805 -0.6410326 0.4113441 -0.6479762 -0.672494 0.4449699 -0.5913998 -0.6589863 0.4395319 -0.6103677 -0.7892874 0.5986006 -0.1367581 -0.7729424 0.5761825 -0.2656573 -0.7869612 0.5815962 -0.2060046 -0.6504401 -0.7423486 -0.1607674 -0.6211024 -0.7736665 -0.1251877 -0.5964229 -0.7984908 -0.08180559 -0.5763178 -0.8167271 -0.02854138 -0.7103347 -0.6765014 -0.1943464 -0.6723185 -0.6420098 -0.3685258 -0.626818 -0.6941521 -0.3539097 -0.7733206 -0.6129775 -0.1619684 -0.8034151 -0.5817239 -0.1269703 -0.849488 -0.4685178 -0.2426133 -0.8457202 -0.53275 -0.03057547 -0.7297945 -0.2148869 -0.6490174 -0.5796362 -0.3450781 -0.7382026 -0.6191556 -0.3942318 -0.6791374 0.3871097 -0.8655631 -0.3177211 0.419839 -0.8884088 -0.1856473 0.3824639 -0.9057157 -0.1827578 0.2897078 -0.7773055 -0.5584493 0.3433364 -0.8281637 -0.4430181 0.305445 -0.8465477 -0.4359591 0.1563185 -0.638669 -0.7534364 0.2269188 -0.7137002 -0.6626763 0.1902905 -0.7339404 -0.652013 -0.1683244 -0.2644414 -0.9495987 -0.0884876 -0.3600874 -0.9287125 -0.1186689 -0.3848643 -0.9153126 -0.0028683 -0.4602422 -0.8877888 0.07941899 -0.5538619 -0.8288121 0.04553737 -0.5764204 -0.8158835 -0.4515288 0.01211495 -0.8921743 -0.3555364 -0.07893118 -0.9313237 -0.3819616 -0.1076693 -0.9178849 -0.6227625 0.1815636 -0.7610529 -0.5413323 0.0996754 -0.8348797 -0.5657218 0.06713042 -0.8218591 -0.841507 0.427952 -0.3297317 -0.80525 0.3810942 -0.4542463 -0.8256276 0.3442642 -0.4470137 -0.7105734 -0.6730176 0.2052628 -0.6857856 -0.6993304 0.2015816 -0.8034151 -0.5792658 0.1377506 -0.7733206 -0.6098642 0.1733231 -0.8273378 -0.553722 0.09436118 -0.9534534 0.1302077 0.271979 -0.9220489 0.09057223 0.3763276 -0.9035951 0.1617485 0.3966778 -0.8602199 0.1109734 0.4977013 -0.8813048 0.04000616 0.4708518 -0.8296109 -0.01314188 0.5581872 -0.8062465 0.05296524 0.589204 -0.7355401 -0.6469479 0.2010951 -0.7425882 -0.01128209 0.6696533 -0.7700446 -0.07563258 0.6334911 -0.7010053 -0.1391664 0.6994457 -0.670331 -0.08069151 0.737662 -0.5899187 -0.1547496 0.7924951 -0.8319644 0.1857705 0.5228046 -0.7752324 0.1249781 0.6191891 -0.7436541 0.1871917 0.6418238 -0.6211024 -0.7712085 0.1395326 -0.5964229 -0.7968341 0.09661893 -0.2493823 -0.6066331 0.7548542 -0.1815412 -0.6860694 0.7045223 -0.1219252 -0.6580647 0.7430243 -0.05569845 -0.7344574 0.6763653 -0.1210375 -0.7589188 0.6398376 -0.06100007 -0.8223513 0.5657008 0.005930027 -0.8021109 0.5971456 -0.5763178 -0.8160563 0.04370255 -0.5735249 -0.8191528 0.00760622 0.06193446 -0.8598861 0.5067149 -0.009778078 -0.877557 0.4793727 0.03950177 -0.9217678 0.385725 0.1113397 -0.9067956 0.4066021 0.1536694 -0.9422784 0.2974848 0.3697779 -0.9290801 0.008626947 0.3629525 -0.9316677 0.01614552 0.3302065 -0.9436637 0.02150379 0.3024174 -0.9531072 0.01141506 0.2990445 -0.9542338 0.00320556 0.2558034 -0.9666004 -0.01575865 0.2077653 -0.9781716 0.003725875 0.2522587 -0.9672758 0.02726053 0.2124778 -0.9770838 0.01267034 0.2983301 -0.9543141 0.01684385 0.1478443 -0.988968 0.009183034 0.2197069 -0.9754588 0.01445943 0.1411767 -0.98935 0.03543687 0.2090613 -0.9753357 0.07080776 0.1154668 -0.9815268 0.1525532 0.187872 -0.9652558 0.1816185 0.07843925 -0.956183 0.2820661 0.1411767 -0.9898374 -0.01705918 0.07374408 -0.9972342 0.00925979 0.07058136 -0.9968092 0.03727814 0.03694625 -0.9859156 0.1631115 -0.03965318 -0.9321771 0.3598244 -0.1339053 -0.8389733 0.5274402 -0.5093504 -0.8220358 0.2545965 -0.4634154 -0.8686697 0.1750973 -0.3339991 -0.9113281 0.2406776 -0.3976168 -0.8477335 0.3510681 -0.2461379 -0.7120018 0.6576242 -0.3675945 -0.5545483 0.7465591 -0.1922415 -0.5734213 0.7963864 -0.2651396 -0.4822063 0.8349719 -0.3313235 -0.5051194 0.7969185 -0.3348965 -0.3953131 0.8553197 -0.4018639 -0.410308 0.8186286 -0.4718391 -0.764349 0.4394751 -0.563162 -0.7623095 0.318956 -0.6504401 -0.7392353 0.1745246 -0.6719642 -0.6347081 0.3815883 -0.6629754 -0.6445074 0.3808856 -0.6230248 -0.6915068 0.3655933 -0.694899 0.2692371 0.6668034 -0.756152 0.3343013 0.5625628 -0.7773643 0.2977938 0.5540972 -0.8256252 0.3525078 0.4405465 -0.8496129 0.3040107 0.4309704 -0.8843519 0.3484377 0.3106653 -0.9110123 0.2823957 0.3005149 -0.9317332 0.3165154 0.1780205 -0.9559486 0.2389839 0.1704375 -0.9638974 0.259578 0.05933761 -0.3679 -0.3488902 0.8619311 -0.3713139 -0.3446793 0.8621613 -0.4161229 -0.3876079 0.8225581 -0.3753412 -0.3410573 0.8618578 -0.4380177 -0.3722405 0.8182771 -0.4199422 -0.3057738 0.8544887 -0.5288721 -0.2971298 0.7949895 -0.502936 -0.2318511 0.8326466 -0.6256343 -0.2105 0.75118 -0.4414875 -0.4507851 0.7758103 -0.4592078 -0.4289459 0.7779034 -0.4800855 -0.4101517 0.7754312 -0.5796362 -0.3313106 0.7444832 -0.7297945 -0.2027981 0.6528958 -0.849608 -0.08546674 0.5204437 -0.681281 -0.6252347 0.380707 -0.936279 0.01180906 0.3510586 -0.9841772 0.08914842 0.1531265 -0.6227627 0.1956648 0.7575499 -0.7170957 0.2336085 0.6566588 -0.8025024 0.2500439 0.5417269 -0.8774211 0.2384436 0.4162653 -0.9358349 0.2047854 0.2868379 -0.9756567 0.167224 0.1418806 -0.9810588 0.1921587 0.02446866 -0.9304302 -0.3664636 -0.002040526 -0.9302997 -0.3664203 0.0166934 -0.9218615 -0.3795258 0.07830424 -0.8929571 -0.4164392 0.1708978 -0.849488 -0.4639319 0.2512715 -0.7932104 -0.52011 0.3167064 -0.7260172 -0.583074 0.364587 -0.5533798 -0.6648045 0.5018026 -0.6070654 -0.5974402 0.5239626 -0.6193012 -0.5833508 0.5255167 -0.6327274 -0.5704231 0.5237113 -0.6970304 -0.5135662 0.5003982 -0.7916641 -0.4276305 0.4363486 -0.8702941 -0.3500891 0.3464475 -0.9295038 -0.2843687 0.2348556 -0.966515 -0.2334805 0.1064684 -0.9768972 -0.212714 0.02060735 -0.9774625 -0.2111002 0.001960165 -0.8052507 0.3894618 0.4470916 -0.8415076 0.4339997 0.3217283 -0.8612177 0.3970582 0.317252 -0.8830959 0.4302417 0.1871728 -0.9056862 0.3821414 0.1835769 -0.9130533 0.4028821 0.06340054 -0.9389799 0.3383614 0.06187356 -0.9384096 0.3455163 0.002450313 -0.9629492 0.2696673 0.002898773 -0.962828 0.2701037 -0.00250804 -0.8025008 0.2399431 -0.5462781 -0.7773644 0.2874496 -0.5595332 -0.7561518 0.3237971 -0.5686739 -0.476997 -0.01859714 -0.8787081 -0.2639368 -0.1637763 -0.9505339 -0.2910553 -0.1906731 -0.937513 -0.7752313 0.1134574 -0.6214048 -0.7436552 0.1752422 -0.6451877 -0.7170974 0.2213763 -0.6608812 -0.6948986 0.2568082 -0.6716885 -0.7425909 -0.02371591 -0.6693253 -0.7082703 0.044135 -0.7045603 -0.6742178 0.103151 -0.7312936 -0.6460409 0.1474226 -0.7489311 -0.5085592 -0.05810017 -0.8590645 -0.5955993 0.02509987 -0.8028895 -0.5480921 -0.1102165 -0.8291245 -0.6323438 -0.03065399 -0.7740812 -0.589916 -0.1694308 -0.7894886 -0.6703295 -0.0943773 -0.7360375 -0.4150548 -0.1444952 -0.8982487 -0.457245 -0.1927933 -0.8681922 -0.5029357 -0.2472713 -0.8281984 -0.2125747 -0.2107694 -0.9541427 -0.2086651 -0.2153652 -0.9539794 -0.2361789 -0.2412678 -0.9412807 0.4029499 -0.9132513 -0.06002881 0.4394922 -0.8961659 -0.06110096 0.4094751 -0.9123178 0.002527432 0.4455084 -0.8952748 0.0022873 0.4098339 -0.9121208 0.008469472 0.445833 -0.8950776 0.008311217 0.4094733 -0.9122082 0.01441445 0.4455099 -0.8951622 0.01433799 0.4029515 -0.9119784 0.07697709 0.4394906 -0.8948775 0.07773136 0.3824675 -0.9021647 0.1995433 0.4198378 -0.8848088 0.2021126 0.3492438 -0.8773426 0.3290876 0.3871111 -0.8595134 0.333739 0.3054427 -0.8383085 0.4516011 0.3433381 -0.8197938 0.4583198 0.2522333 -0.7861915 0.5641643 0.2897076 -0.7668012 0.5727874 0.1902922 -0.7217082 0.665527 0.2269184 -0.7012712 0.6758156 0.1209135 -0.646161 0.7535621 0.1563183 -0.6245678 0.7651665 0.0455415 -0.5611703 0.8264465 0.07941801 -0.5383773 0.8389533 -0.0349749 -0.4676469 0.8832231 -0.002869107 -0.4436783 0.8961815 -0.1186704 -0.3678047 0.9222999 -0.08848684 -0.3427788 0.9352394 -0.1966996 -0.2725709 0.9418144 -0.168323 -0.2467614 0.9543459 -0.2361777 -0.2237458 0.9455992 -0.2086664 -0.1976142 0.9578136 -0.2400114 -0.2191886 0.9457013 -0.2125747 -0.1930152 0.957892 -0.2443656 -0.2151281 0.9455186 -0.2169645 -0.1888755 0.957733 -0.2910542 -0.17323 0.9408926 -0.2639378 -0.1460986 0.9534107 -0.3819581 -0.09060494 0.9197275 -0.3555374 -0.06162422 0.9326283 -0.4769996 -0.002276251 0.8789006 -0.4515277 0.02868071 0.891796 -0.5657222 0.08237612 0.8204709 -0.5413309 0.1151623 0.8328857 -0.6460439 0.1613039 0.7460619 0.2884231 -0.9554965 -0.06195562 0.3569561 -0.9321421 -0.06077361 0.3327936 -0.9429462 -0.01004187 0.3693723 -0.9292774 0.002772457 0.2036443 -0.9774181 -0.05641638 0.3547481 -0.9318848 0.07579259 0.3332959 -0.9222902 0.1956903 0.2995613 -0.8980113 0.3222401 0.2558714 -0.8598621 0.441777 0.2033751 -0.8089612 0.5515617 0.1427088 -0.7459895 0.6504874 0.07508865 -0.6721724 0.7365772 0.001854747 -0.5890073 0.8081256 -0.07623054 -0.4973024 0.8642217 -0.1573312 -0.3991271 0.9032964 -0.2329166 -0.3052566 0.9233462 -0.2712307 -0.2570668 0.9275508 -0.2749732 -0.2525636 0.927686 -0.2792752 -0.2485946 0.927473 -0.3253875 -0.2079007 0.9224426 -0.4150585 -0.1277923 0.900775 -0.5085602 -0.0421376 0.8599947 -0.5955971 0.0400062 0.8022865 -0.674217 0.1167156 0.7292523 -0.8638622 0.4666989 0.189563 -0.8907048 0.4500073 0.06433025 -0.9123576 0.4093892 0.002040274 -0.9382665 0.3458983 -0.003211829 -0.9629495 0.269566 -0.007904882 -0.9810588 0.1916712 -0.0280327 -0.871752 0.4856282 0.06491299 -0.8900168 0.4559245 0.001710396 -0.9121991 0.4097295 -0.003804532 -0.9384094 0.3454116 -0.008864478 -0.963897 0.2584323 -0.06415097 -0.9756557 0.1645633 -0.144965 -0.9841772 0.08628959 -0.1547555 -0.8711403 0.491032 0.001466285 -0.8709824 0.491293 -0.004561887 -0.8898568 0.4562203 -0.004236221 -0.8900177 0.4558123 -0.0101766 -0.9123567 0.4092826 -0.00964244 -0.9130532 0.4016359 -0.07086898 -0.9389808 0.337151 -0.06814913 -0.9317333 0.3131555 -0.1838659 -0.9559491 0.2357765 -0.174845 -0.9358379 0.1994158 -0.290587 -0.9534527 0.1251412 -0.2743495 -0.9220499 0.08356991 -0.377942 -0.936279 0.005288097 -0.3512173 -0.8711395 0.4909215 -0.01058442 -0.8717529 0.4843376 -0.0739193 -0.890704 0.4487367 -0.07267567 -0.8830945 0.4266954 -0.1951283 -0.9056877 0.3786625 -0.1906425 -0.8843518 0.342608 -0.3170829 -0.9110112 0.2767718 -0.3057058 -0.8774206 0.2306702 -0.4206237 -0.9035942 0.1543538 -0.3996153 -0.8602202 0.1017162 -0.4996749 -0.8813044 0.0312536 -0.4715143 -0.8296112 -0.02350454 -0.5578466 -0.849608 -0.0951163 -0.5187669 -0.3253891 -0.2249929 -0.9184226 -0.3697646 -0.2698019 -0.88909 -0.4199406 -0.3215916 -0.8486629 -0.5288715 -0.3118454 -0.7893335 -0.6256383 -0.2244156 -0.7471375 -0.7010073 -0.1521289 -0.6967392 -0.7700431 -0.08738279 -0.6319793 -0.8062452 0.0420136 -0.5900878 -0.8319661 0.1760298 -0.5261615 -0.8496121 0.2959584 -0.4365409 -0.8612178 0.3910966 -0.3245726 -0.8638628 0.4630972 -0.1981968 -0.5792486 -0.5246326 -0.6238844 -0.5273272 -0.4718776 -0.7065816 -0.4800855 -0.4244802 -0.7676812 -0.4380177 -0.3873712 -0.8112238 -0.3753412 -0.3570013 -0.8553766 -0.3247414 -0.3089452 -0.8939216 -0.2792763 -0.2657759 -0.922696 -0.2443641 -0.2326476 -0.9413614 -0.2169655 -0.2066286 -0.95406 -0.966515 -0.2354173 -0.1021145 -0.9295038 -0.2886807 -0.2295346 -0.8929571 -0.4195409 -0.1631353 -0.9226552 -0.3799857 -0.06571333 -0.8273378 -0.5553788 -0.08406266 -0.943752 -0.07025301 -0.3231047 -0.8632327 -0.1636497 -0.4775439 -0.8725629 -0.2535307 -0.4175598 -0.7759389 -0.3502084 -0.5246645 -0.7916641 -0.4356594 -0.4283326 -0.6970305 -0.5227695 -0.4907755 -0.7221828 -0.5937502 -0.3548419 -0.9800901 0.1985446 -0.00184358 -0.9921574 0.1215471 -0.02915362 -0.9894107 0.0005725457 -0.1451418 -0.943914 -0.1710955 -0.282405 -0.8702941 -0.356462 -0.3398869 -0.7932104 -0.5259013 -0.3069937 -0.7349555 -0.6508588 -0.1903242 -0.7526958 -0.2739766 -0.5986534 -0.6592491 -0.4558682 -0.5979756 -0.6328954 -0.5803607 -0.5124694 -0.6193012 -0.5930087 -0.5145937 -0.5625548 -0.5401431 -0.6259213 -0.5081973 -0.4892819 -0.7087585 -0.4592078 -0.4433171 -0.769804 -0.4161229 -0.4028155 -0.8152186 -0.3713139 -0.3606296 -0.8556122 -0.3205524 -0.3127723 -0.8941027 -0.2749732 -0.2697466 -0.9228361 -0.2400114 -0.2367119 -0.941468 -0.4018639 -0.4254386 -0.8108683 -0.3679014 -0.3648355 -0.8553033 -0.3348935 -0.4111295 -0.8478319 -0.3169486 -0.3171491 -0.8938456 -0.2802202 -0.3640802 -0.8882129 -0.2712291 -0.2742455 -0.9226181 -0.2329176 -0.3223482 -0.917519 -0.1966983 -0.2900117 -0.9365911 -0.3675945 -0.5683158 -0.7361328 -0.3313191 -0.5198313 -0.7874027 -0.2493791 -0.6205418 -0.7434634 -0.2651411 -0.4976282 -0.8258731 -0.1922498 -0.588113 -0.7855973 -0.2080143 -0.4551882 -0.8657562 -0.1305856 -0.5497695 -0.825046 -0.1573333 -0.4158354 -0.8957272 -0.07623029 -0.5132657 -0.8548375 -0.03497436 -0.4839697 -0.8743856 -0.2461379 -0.7240907 -0.6442894 -0.1815428 -0.6990315 -0.6916626 -0.1210378 -0.7706708 -0.6256328 -0.1219235 -0.6717503 -0.7306752 -0.05569754 -0.7468878 -0.6626133 -0.05598049 -0.6374631 -0.7684445 0.01414986 -0.7164463 -0.6974988 0.001856375 -0.6039099 -0.7970504 0.0750914 -0.6857337 -0.7239686 0.1209129 -0.6600458 -0.7414308 -0.1339053 -0.8486229 -0.51177 -0.0610003 -0.8327139 -0.5503331 -0.009775853 -0.8863078 -0.4629935 0.005931323 -0.8130626 -0.5821461 0.06193059 -0.8691468 -0.4906613 0.07916391 -0.7860674 -0.6130506 0.1378469 -0.8450069 -0.5166832 0.1427078 -0.757939 -0.6365242 0.2033733 -0.8190653 -0.5364432 0.2522369 -0.7965322 -0.5494661 0.1154639 -0.9841912 -0.1342971 0.1878733 -0.9684615 -0.1636639 0.2664747 -0.948343 -0.1721536 0.3333001 -0.9257637 -0.1785291 0.2889917 -0.9544765 0.07388129 0.2664751 -0.9449828 0.1897327 0.2323376 -0.9213403 0.3116909 0.1890936 -0.8844071 0.426694 0.1378462 -0.8352685 0.5322828 0.07916278 -0.7745468 0.6275433 0.01415282 -0.7033714 0.7106817 -0.0559812 -0.623081 0.7801514 -0.1305879 -0.5343581 0.8351097 -0.2080135 -0.4390343 0.8740591 -0.2802203 -0.3475197 0.8948221 -0.3169479 -0.3004975 0.8995806 -0.3205524 -0.2961154 0.8997565 -0.3247401 -0.2922932 0.8995046 -0.3697688 -0.2532453 0.8939451 -0.4572439 -0.1766391 0.871623 -0.548088 -0.094799 0.8310311 -0.6323465 -0.0162737 0.7745147 -0.7082698 0.05720763 0.7036201 -0.03965318 -0.938698 -0.3424524 0.0395004 -0.9287705 -0.3685446 0.07843282 -0.9612563 -0.2642623 0.1113404 -0.9141905 -0.389691 0.1536775 -0.9476375 -0.2799402 0.1890961 -0.8921786 -0.4101951 0.2323324 -0.9269703 -0.2945297 0.2558684 -0.8679181 -0.4257342 0.2995621 -0.9038403 -0.3055082 0.3492458 -0.8833023 -0.312737 -0.9767602 -0.2136965 -0.01653469 -0.996582 -0.07962865 -0.02199039 -0.9970426 -0.07684739 0.0007135642 -0.9994048 0.03449423 -0.0003202952 -0.996582 -0.07920657 0.02346525 -0.9991715 0.0317299 0.02548471 -0.9861446 -0.1049308 0.1284846 -0.9894107 0.003267634 0.1451061 -0.943914 -0.1658219 0.2855335 -0.943752 -0.06424105 0.3243535 -0.8725629 -0.2457331 0.4221957 -0.8632327 -0.1547538 0.4805004 -0.7759389 -0.3404054 0.5310772 -0.7526958 -0.2628128 0.6036377 -0.6592491 -0.4446856 0.6063377 -0.6191556 -0.3815527 0.686341 -0.5792486 -0.512957 0.6335189 -0.5273272 -0.4586754 0.7152222 -0.5625548 -0.528427 0.6358435 -0.5081973 -0.4760364 0.717722 -0.5479435 -0.5459157 0.6338249 -0.4918219 -0.4960565 0.7155691 -0.4836317 -0.6295793 0.6080545 -0.4192626 -0.592004 0.6882951 -0.384801 -0.7522029 0.5349008 -0.3067923 -0.7322694 0.6079967 -0.2942237 -0.8546205 0.4278506 -0.2034288 -0.8494089 0.4869509 -0.2168266 -0.9313151 0.2926403 -0.1157359 -0.9359932 0.3324483 -0.1567358 -0.9781494 0.1365933 -0.04900783 -0.986808 0.1542989 -0.1306102 -0.9909195 0.03193074 -0.01997729 -0.9991856 0.03505747 -0.1280671 -0.9917228 0.009208614 -0.01698984 -0.9998126 0.009283731 -0.01997729 -0.9996643 -0.0164972 0.07058136 -0.9973296 -0.01876162 -0.9861446 -0.1072985 -0.1265139 -0.9991715 0.0312512 -0.02606952 -0.9921597 0.1249713 -0.001160417 -0.9921574 0.1220675 0.02689155 -0.4414875 -0.4651137 -0.7673057 -0.4918219 -0.5092586 -0.7062343 -0.5479435 -0.5575912 -0.6235783 -0.6073897 -0.6072135 -0.5122202 -0.4192626 -0.6046831 -0.6771833 -0.4836317 -0.6407619 -0.5962588 -0.5533798 -0.674008 -0.4893711 -0.3067923 -0.7434333 -0.5942941 -0.384801 -0.762006 -0.5208407 -0.4718391 -0.772378 -0.4252059 -0.2034288 -0.8583048 -0.471094 -0.2942237 -0.8624181 -0.4119071 -0.3976168 -0.8541064 -0.3352658 -0.1157359 -0.9420052 -0.3150102 -0.2168266 -0.9365887 -0.275296 -0.3339991 -0.9156402 -0.2237134 0.03694625 -0.9887745 -0.1447756 -0.04900783 -0.9895031 -0.1359479 -0.1567358 -0.9805171 -0.1184061 -0.2838953 -0.9540935 -0.09544103 -0.4271807 -0.9003358 0.08313946 -0.2838953 -0.9521568 0.1131415 -0.4139563 -0.9100371 0.02174148 -0.2628958 -0.9644297 0.02758748 -0.4132461 -0.9105801 0.008455166 -0.26114 -0.9652593 0.008962888 -0.2628958 -0.9647757 -0.009673896 -0.1306102 -0.9913415 -0.01352451 -0.4271807 -0.9017244 -0.06640648 -0.4634154 -0.8717714 -0.1589365 -0.5093504 -0.8266217 -0.2392879 -0.563162 -0.7681008 -0.3047454 -0.4139563 -0.9102839 -0.004838943 -0.6860315 -0.7023669 -0.189846 -0.6993169 0.4746254 -0.5344966 -0.7524818 0.516989 -0.4080362 -0.7447325 0.5269497 -0.4095089 -0.7928906 0.5942005 -0.1350933 -0.7965816 0.5742508 -0.1889279 -0.8039879 0.5897319 -0.07628693 -0.783901 0.5570245 -0.2742681 -0.7793223 0.5257766 -0.3409044 -0.8027126 0.5603088 -0.2042217 -0.6876307 0.4410919 -0.5767166 -0.6499964 0.4011063 -0.6454598 -0.6266086 0.3524768 -0.6950696 -0.6083476 0.3762413 -0.6988245 -0.6029664 0.3797194 -0.7016015 -0.5724487 0.3366294 -0.7476517 -0.5348026 0.3101792 -0.7859867 -0.533637 0.2961558 -0.7921637 -0.4591304 0.2316591 -0.8576324 -0.493312 0.254244 -0.8318674 -0.4496464 0.2100511 -0.8681571 -0.4693305 0.2108559 -0.8574781 -0.5329226 0.2761276 -0.7998419 -0.2591164 0.02044149 -0.9656298 -0.2888047 0.05841296 -0.9556044 -0.2106352 -0.02765128 -0.9771736 -0.2001352 -0.02876699 -0.9793459 -0.156018 -0.08266924 -0.9842887 -0.1332205 -0.09492246 -0.9865303 -0.1212565 -0.1161762 -0.9857991 -0.1129528 -0.1164483 -0.986753 -0.1167452 -0.1200424 -0.9858805 -0.1129528 -0.1164483 -0.986753 -0.1126146 -0.1246832 -0.985785 -0.2576141 -0.0004544237 -0.9662478 -0.3098355 0.06984922 -0.948221 -0.376423 0.1470251 -0.9147073 -0.3770062 0.09678496 -0.9211401 -0.468454 0.190011 -0.8628132 -0.4132587 0.1552733 -0.8972778 -0.5511333 0.274751 -0.7878858 -0.5803783 0.3268736 -0.7458651 -0.6164609 0.365303 -0.6975168 -0.1766325 -0.07921928 -0.9810837 -0.1292856 -0.1233903 -0.9839004 -0.1248638 -0.1277354 -0.983917 -0.120753 -0.1323751 -0.9838168 -0.07910542 -0.1818977 -0.9801304 0.06182335 -0.3090971 -0.9490189 0.01576596 -0.2706293 -0.9625545 -0.02508211 -0.2138377 -0.9765471 -0.03029953 -0.2165468 -0.9758019 -0.09231093 -0.1419499 -0.9855602 -0.07917658 -0.1603373 -0.9838816 -0.1132622 -0.1180665 -0.9865252 0.1521152 -0.4218484 -0.8938148 0.1069657 -0.3722749 -0.921938 0.06191407 -0.3222491 -0.9446281 -0.2783479 0.001179417 -0.9604796 -0.1857695 -0.08707378 -0.9787277 -0.138603 -0.13223 -0.9814807 -0.1341761 -0.1365581 -0.9815033 -0.1300811 -0.1412005 -0.9813976 -0.08744171 -0.1905971 -0.9777662 -0.004244185 -0.287405 -0.9577997 -0.004751451 -0.266671 -0.9637759 0.05258827 -0.3299298 -0.9425395 0.08579002 -0.3904558 -0.9166157 0.09788234 -0.3802479 -0.9196905 0.1421103 -0.4294296 -0.8918491 0.1736411 -0.4859983 -0.8565363 0.1943614 -0.4878944 -0.8509893 0.2533147 -0.5721865 -0.7800219 0.3395418 -0.6411963 -0.6881705 0.3261879 -0.650647 -0.685755 0.3034694 -0.6036607 -0.7372245 0.2557354 -0.5541893 -0.7921323 0.2368509 -0.51377 -0.824586 0.2757844 -0.5552773 -0.7846083 0.3149729 -0.5960862 -0.7385616 0.3730877 -0.6760164 -0.6354584 0.383304 -0.6686675 -0.6371513 0.4166347 -0.6897998 -0.5921079 0.4690158 -0.7534365 -0.4608228 0.4516604 -0.7553132 -0.4748735 0.4426841 -0.7284083 -0.5229265 0.4104439 -0.7149822 -0.5659826 0.4146174 -0.7003121 -0.5810811 0.5432969 -0.8172469 -0.1921875 0.5394553 -0.8070286 -0.2401934 0.5530823 -0.8238555 -0.123944 0.5595585 -0.8206402 -0.1159482 0.5596097 -0.8274535 -0.04645145 0.5671093 -0.8233508 -0.02191955 0.5624159 -0.8268526 0.001768073 0.5673086 -0.8234698 0.007646305 0.5629383 -0.8264633 0.007674102 0.5673086 -0.8234698 0.007646305 0.5627561 -0.8265064 0.01388482 0.5342151 -0.8268419 -0.1759168 0.5289171 -0.8069197 -0.2629207 0.5087172 -0.7798426 -0.3647635 0.4673842 -0.7404008 -0.4830721 0.4881058 -0.8085985 -0.3285136 0.445545 -0.7686 -0.4590682 0.4813336 -0.7819983 -0.3959755 0.3919024 -0.7162278 -0.5774341 0.4623006 -0.7268552 0.5078973 0.46902 -0.74475 0.4747291 0.4916941 -0.7672723 0.4117404 0.5285945 -0.8022752 0.2773848 0.5422052 -0.8140526 0.2081631 0.5584245 -0.817862 0.1387941 0.5538295 -0.8212482 0.1372016 0.5647635 -0.8242649 0.04036829 0.5614414 -0.8251327 0.06276555 0.5661903 -0.8242295 0.008615034 0.5482505 -0.8339327 -0.0630684 0.5533224 -0.8329658 0.001538755 0.5535168 -0.8328021 0.00773296 0.5533215 -0.8328513 0.01392929 0.5482506 -0.8326178 0.07854224 0.3034702 -0.5898664 0.7483071 0.3136373 -0.5824349 0.7499341 0.2895164 -0.5431391 0.7881498 0.1946704 -0.4522139 0.8704056 0.1943619 -0.4720067 0.859903 0.2362187 -0.4984176 0.8341346 0.2557367 -0.5393842 0.8022864 0.2756295 -0.5411978 0.794439 -0.004753532 -0.2487286 0.9685616 0.06259888 -0.3046616 0.9504013 0.1359311 -0.3754317 0.9168281 0.215663 -0.4628917 0.8597795 0.01603073 -0.2513115 0.9677735 0.0523292 -0.283005 0.9576898 -0.02939383 -0.2003157 0.9792904 -0.02994743 -0.1897535 0.9813749 -0.08145935 -0.1428742 0.986383 -0.09250162 -0.1194566 0.9885209 -0.1131173 -0.1064197 0.9878661 -0.1129528 -0.0981049 0.9887452 -0.1167452 -0.1017146 0.9879396 -0.1129528 -0.0981049 0.9887452 -0.1211679 -0.0973512 0.9878467 0.373087 -0.6641003 0.6479019 0.3837954 -0.6556545 0.6502448 0.3395414 -0.6283065 0.6999589 0.5342164 -0.8234315 0.1912416 0.5184576 -0.8091286 0.276609 0.5201197 -0.8287007 0.2067139 0.4881061 -0.8023584 0.3434726 0.5016268 -0.7936183 0.3442972 0.4813346 -0.7745104 0.4104274 0.4455459 -0.7599422 0.4732617 0.4516591 -0.7463653 0.4888179 0.3919036 -0.7053812 0.5906344 0.5379408 -0.8392552 0.07918634 0.54239 -0.8400104 0.01398688 0.5425987 -0.8399558 0.007799386 0.5423891 -0.8401259 0.001614126 0.5379418 -0.8405802 -0.06358837 0.5201211 -0.8323954 -0.1912903 0.3261878 -0.6378007 0.6977189 0.08578934 -0.3733675 0.9237083 0.1736401 -0.4700098 0.8654131 0.1421104 -0.4127957 0.899669 0.2533138 -0.5576043 0.7905122 -0.4673476 0.2551257 0.8464615 -0.4496409 0.2261342 0.8641102 -0.4051536 0.1815258 0.8960463 -0.309862 0.08676114 0.9468147 -0.2605219 0.03817294 0.964713 -0.2057808 -0.005423725 0.9785831 -0.2087616 -0.01050091 0.9779102 -0.137368 -0.07618715 0.9875857 -0.1550699 -0.06213764 0.9859474 -0.1145867 -0.09833253 0.9885346 -0.07910487 -0.1636667 0.983339 -0.1207524 -0.1140826 0.9861055 -0.1248638 -0.1094427 0.9861193 -0.1292864 -0.1050993 0.9860219 -0.1766319 -0.06098813 0.9823857 -0.6499958 0.4130236 0.6379004 -0.6421154 0.422862 0.6394337 -0.6619209 0.4568398 0.5942711 -0.7239918 0.5112736 0.4630714 -0.726629 0.4941625 0.4772984 -0.6997773 0.4842346 0.5251938 -0.6876297 0.4517256 0.5684271 -0.672625 0.4552701 0.5833565 -0.7965828 0.5776589 0.1782305 -0.7761538 0.5721073 0.265101 -0.7492091 0.551436 0.3668844 -0.7108517 0.5091682 0.4852192 -0.7944425 0.6061278 -0.03834279 -0.7956879 0.6026578 -0.06069976 -0.7940393 0.6078305 -0.006605667 -0.7965387 0.604472 -0.01182312 -0.7932141 0.6089166 -0.005654078 -0.7964287 0.6047063 -0.005614984 -0.7932141 0.6089166 -0.005654078 -0.7967896 0.6042567 0.0002988344 -0.7928314 0.6089718 0.02391016 -0.797087 0.60191 0.04854573 -0.7896412 0.6021197 0.1179772 -0.7931113 0.5958885 0.1260608 -0.7759308 0.5824365 0.2422788 -0.7863826 0.5863768 0.1943312 -0.5803788 0.3406667 0.7396666 -0.5722101 0.3517758 0.7408302 -0.6164612 0.3781928 0.6906126 -0.2576138 0.01749031 0.9660897 -0.3180316 0.07782567 0.9448804 -0.2783487 0.01901313 0.9602919 -0.3770062 0.1138739 0.9191839 -0.3661614 0.1254505 0.9220564 -0.4132575 0.1719082 0.8942403 -0.4684534 0.2060011 0.8591362 -0.4693318 0.226742 0.8534142 -0.5511323 0.289335 0.7826483 -0.1857704 -0.06888535 0.9801756 -0.1386023 -0.1139809 0.9837671 -0.1341761 -0.1183087 0.9838698 -0.130082 -0.1229529 0.9838502 -0.08744075 -0.172407 0.9811371 -0.00424259 -0.269569 0.9629717 -0.6266087 0.3653231 0.6884044 -0.7793227 0.532016 0.3310818 -0.7403589 0.4886012 0.4616682 -0.7524819 0.5244759 0.3983667 -0.6897219 0.4333746 0.5800606 -0.8111528 0.5797727 -0.07677692 -0.803361 0.5953769 -0.01172423 -0.8110734 0.584829 -0.0116174 -0.8032443 0.595624 -0.00553065 -0.8109508 0.5850891 -0.005432828 -0.8033603 0.5954928 0.0006662931 -0.8110741 0.584943 0.0007553677 -0.8039879 0.5910468 0.06532371 -0.8111521 0.5810994 0.06599777 -0.8027115 0.5640058 0.1937825 -0.8198554 0.57257 0.000849029 -0.8299284 0.5578692 0.0009580407 -0.8200347 0.5685064 0.06590553 -0.8302155 0.5535493 0.06576742 -0.811104 0.5517818 0.1940287 -0.8215142 0.5364031 0.1933548 -0.7873949 0.5205629 0.3301871 -0.7980772 0.5048876 0.3288789 -0.7495367 0.4764355 0.4595693 -0.760517 0.4606495 0.4576199 -0.6986176 0.4206266 0.5787976 -0.7099059 0.4049015 0.5762711 -0.6353886 0.3539246 0.686308 -0.6470021 0.3384561 0.6832538 -0.5612204 0.2778216 0.7796453 -0.5731516 0.2627703 0.7761759 -0.4778204 0.1940308 0.8567612 -0.4900245 0.1795136 0.8530246 -0.3862757 0.1036632 0.9165397 -0.3987109 0.08981106 0.9126684 -0.2889557 0.009092984 0.9572993 -0.3015418 -0.004020512 0.9534445 -0.1965833 -0.07946869 0.9772613 -0.2092114 -0.09188362 0.973544 -0.1493829 -0.1242774 0.9809383 -0.1620021 -0.1363338 0.9773272 -0.1449604 -0.1285782 0.9810475 -0.1575841 -0.140602 0.9774448 -0.1408917 -0.1332172 0.9810213 -0.1535472 -0.1452334 0.9774101 -0.09854214 -0.18269 0.9782197 -0.111553 -0.1947006 0.9744986 -0.01466823 -0.2796823 0.9599805 -0.02837925 -0.2916151 0.9561147 0.07514163 -0.3821251 0.9210506 0.0607035 -0.3938699 0.9171595 0.1612271 -0.4787719 0.8630083 0.1461378 -0.4902484 0.859244 0.2413264 -0.5671134 0.7874922 0.2257112 -0.5782917 0.7839854 0.3143736 -0.6460047 0.6955913 0.2983564 -0.6568368 0.6924947 0.3787234 -0.7136231 0.5893307 0.362466 -0.7241111 0.5867551 0.4329433 -0.7685035 0.4711289 0.4166299 -0.7786777 0.4691274 0.4762605 -0.8098408 0.3425402 0.4600697 -0.8197154 0.3411782 0.5074796 -0.8364505 0.2069181 0.4915943 -0.8460611 0.2061931 0.5249106 -0.8474781 0.07905542 0.5094505 -0.8568785 0.07886294 0.5295803 -0.8481436 0.01404028 0.5143789 -0.8574471 0.01410006 0.5298051 -0.8480828 0.007874849 0.5146236 -0.8573792 0.007961171 0.5295802 -0.8482581 0.001710865 0.51438 -0.8575604 0.001824734 0.5249097 -0.8488006 -0.06330287 0.5094504 -0.8581952 -0.06293864 0.5074796 -0.8401484 -0.191351 0.4915924 -0.8497456 -0.1904453 0.4762612 -0.8160614 -0.3274433 0.4600696 -0.8259094 -0.325898 0.432943 -0.7771195 -0.4567773 0.4166315 -0.7872539 -0.4545872 0.3787257 -0.7244431 -0.5759765 0.3624646 -0.7348831 -0.573207 0.3143726 -0.6588089 -0.683477 0.2983558 -0.669582 -0.6801792 0.2413257 -0.5816409 -0.7768242 0.225713 -0.5927493 -0.7731119 0.161227 -0.4947145 -0.8539692 0.1461363 -0.5061206 -0.8499919 0.07514069 -0.3991629 -0.9137958 0.06070336 -0.4108328 -0.9096876 -0.01466895 -0.2974597 -0.9546217 -0.02837657 -0.3093187 -0.950535 -0.09854008 -0.200824 -0.9746587 -0.1115535 -0.2127621 -0.9707153 -0.1408921 -0.1514106 -0.9783784 -0.1535481 -0.1633592 -0.9745444 -0.1449604 -0.1467734 -0.9784907 -0.1575841 -0.1587282 -0.9746654 -0.1493834 -0.1424709 -0.9784614 -0.1620011 -0.1544578 -0.9746273 -0.1965828 -0.09760417 -0.975617 -0.2092122 -0.1099452 -0.9716699 -0.2889562 -0.008684245 -0.9573029 -0.3015426 -0.0217273 -0.9532051 -0.3862753 0.08662671 -0.9183067 -0.3987111 0.07284808 -0.9141787 -0.4778207 0.1780879 -0.8602163 -0.4900233 0.163644 -0.8562113 -0.5612183 0.2632968 -0.7846712 -0.5731526 0.2483102 -0.7809214 -0.6353897 0.3411205 -0.6927603 -0.6470027 0.3257109 -0.68942 -0.6986181 0.4098039 -0.5865096 -0.7099046 0.3941321 -0.5836911 -0.7495367 0.4678197 -0.4683369 -0.7605181 0.4520708 -0.4660947 -0.7873955 0.5143411 -0.3397963 -0.7980772 0.4986936 -0.3381973 -0.8111042 0.5480837 -0.2042405 -0.8215127 0.532722 -0.2032836 -0.820034 0.5671854 -0.07645277 -0.8302155 0.5522328 -0.07603416 -0.8198553 0.5724556 -0.01148039 -0.8299291 0.5577541 -0.01131727 -0.8197259 0.5727313 -0.00531808 -0.8297918 0.5580491 -0.005181749 -0.8415832 0.5401263 0.0010999 -0.8551725 0.518342 0.001258285 -0.8419811 0.5355072 0.06557321 -0.8556837 0.5133615 0.06531085 -0.8335332 0.5178678 0.1924457 -0.8475077 0.4951337 0.1912414 -0.8104071 0.4860067 0.3271664 -0.8247405 0.4628826 0.3248737 -0.7731971 0.4416495 0.4550955 -0.7879573 0.4184219 0.451715 -0.7229755 0.3860234 0.572968 -0.7382266 0.3629767 0.5685678 -0.6604801 0.3199067 0.6792832 -0.6762616 0.2972996 0.6740053 -0.5870385 0.2447398 0.7716788 -0.6033669 0.2228111 0.7657046 -0.5043031 0.1621801 0.8481604 -0.5211704 0.1411398 0.8417012 -0.413314 0.07329321 0.9076341 -0.430658 0.05329673 0.9009402 -0.3163686 -0.01964424 0.9484329 -0.3340849 -0.03848455 0.941757 -0.2241573 -0.1066225 0.9687028 -0.2420936 -0.1243639 0.9622496 -0.1769718 -0.1506276 0.9726214 -0.194966 -0.1678379 0.9663429 -0.1725555 -0.1548658 0.9727493 -0.1905624 -0.1720275 0.9664846 -0.1685503 -0.1594959 0.9727034 -0.1866029 -0.1766406 0.9664251 -0.1269955 -0.2089145 0.969653 -0.1455782 -0.2259794 0.9631928 -0.04469337 -0.3056663 0.9510892 -0.06436085 -0.3224571 0.9443935 0.04350162 -0.4076521 0.9121005 0.02270376 -0.4240109 0.9053725 0.1281362 -0.5036674 0.854342 0.1063176 -0.5194921 0.8478352 0.2070339 -0.591277 0.7794412 0.1843512 -0.606514 0.7734051 0.279174 -0.6693805 0.6884705 0.2558343 -0.6840303 0.6831189 0.342971 -0.7362262 0.5833882 0.3192107 -0.7503159 0.5789047 0.3970302 -0.7903877 0.4665344 0.3731041 -0.8039679 0.4630647 0.4405956 -0.8310743 0.339398 0.4167862 -0.8442232 0.337011 0.4724703 -0.8571229 0.2052123 0.4490622 -0.8699202 0.2039166 0.4908279 -0.8677036 0.07860247 0.4680122 -0.8802507 0.07825122 0.4960615 -0.8681717 0.01417677 0.4736034 -0.8806229 0.01424853 0.4963275 -0.8680979 0.008060699 0.4738968 -0.8805424 0.008176252 0.4960603 -0.8682859 0.001947216 0.4736048 -0.8807349 0.002106704 0.4908292 -0.8690129 -0.06247645 0.4680109 -0.8815527 -0.06189202 0.4724722 -0.8607845 -0.1892616 0.4490612 -0.8735573 -0.1877276 0.4405958 -0.837234 -0.3239051 0.4167868 -0.8503355 -0.321276 0.3970283 -0.7989149 -0.4517781 0.3731041 -0.8124277 -0.4480564 0.3429702 -0.7469325 -0.5696168 0.3192109 -0.7609359 -0.5648726 0.2791749 -0.6820504 -0.6759206 0.2558353 -0.6965984 -0.6702976 0.2070341 -0.605648 -0.7683276 0.1843504 -0.620771 -0.7620094 0.1281366 -0.5194433 -0.844843 0.1063168 -0.5351459 -0.8380427 0.04350316 -0.4245201 -0.9043728 0.02270342 -0.4407506 -0.8973425 -0.04469559 -0.3232756 -0.9452488 -0.06436008 -0.3399375 -0.9382432 -0.1269966 -0.2268851 -0.965606 -0.1455771 -0.2438253 -0.9588308 -0.1685492 -0.1775301 -0.9695743 -0.1866039 -0.1945572 -0.9629779 -0.1725555 -0.1729024 -0.9697058 -0.1905624 -0.1899448 -0.9631235 -0.1769727 -0.1686636 -0.9696563 -0.1949648 -0.1857524 -0.9630601 -0.2241564 -0.1245912 -0.9665562 -0.2420946 -0.1422118 -0.9597739 -0.3163676 -0.03725046 -0.947905 -0.3340857 -0.05596646 -0.9408797 -0.4133129 0.0564248 -0.9088392 -0.4306574 0.03655798 -0.9017748 -0.504305 0.146402 -0.8510246 -0.5211707 0.1254864 -0.8441767 -0.5870392 0.2303679 -0.7760899 -0.6033669 0.2085548 -0.7697099 -0.6604792 0.3072368 -0.6851078 -0.6762606 0.2847314 -0.6794112 -0.7229754 0.375318 -0.580037 -0.7382272 0.352356 -0.5752094 -0.7731967 0.4331244 -0.4632171 -0.7879577 0.4099617 -0.4594061 -0.8104064 0.4798474 -0.3361367 -0.8247407 0.4567694 -0.3334133 -0.8335345 0.5142031 -0.2020281 -0.8475071 0.4914981 -0.2004028 -0.8419819 0.5341961 -0.0755057 -0.8556829 0.5120615 -0.0748324 -0.8415825 0.540014 -0.01112967 -0.8551733 0.5182279 -0.01088352 -0.8414384 0.5403297 -0.005017216 -0.8550215 0.5185702 -0.004815169</float_array>
          <technique_common>
            <accessor count="1098" source="#normals-array-array" stride="3">
              <param type="float" name="X"/>
              <param type="float" name="Y"/>
              <param type="float" name="Z"/>
            </accessor>
          </technique_common>
        </source>
        <vertices id="verts-array-vertices">
          <input semantic="POSITION" source="#verts-array"/>
        </vertices>
        <triangles count="2064" material="material0">
          <input offset="0" semantic="VERTEX" source="#verts-array-vertices"/>
          <input offset="1" semantic="NORMAL" source="#normals-array"/>
          <p>0 0 1 1 2 2 3 3 2 2 1 1 2 2 4 4 0 0 5 5 0 0 4 4 0 0 5 5 6 6 7 7 6 6 5 5 6 6 7 7 8 8 3 3 9 9 2 2 10 10 2 2 9 9 2 2 10 10 11 11 12 12 11 11 10 10 11 11 12 12 13 13 14 14 13 13 12 12 13 13 14 14 15 15 0 0 16 16 1 1 17 17 1 1 16 16 1 1 17 17 18 18 19 19 18 18 17 17 18 18 19 19 20 20 21 21 20 20 19 19 20 20 21 21 22 22 1 1 23 23 3 3 24 24 3 3 23 23 3 3 24 24 25 25 26 26 25 25 24 24 25 25 26 26 27 27 28 28 29 29 7 7 30 30 7 7 29 29 7 7 30 30 31 31 32 32 33 33 14 14 34 34 14 14 33 33 14 14 34 34 35 35 36 36 37 37 21 21 38 38 21 21 37 37 21 21 38 38 39 39 40 40 41 41 26 26 42 42 26 26 41 41 26 26 42 42 43 43 44 44 45 45 28 28 46 46 28 28 45 45 28 28 46 46 29 29 31 31 47 47 7 7 48 48 7 7 47 47 7 7 48 48 8 8 49 49 50 50 32 32 51 51 32 32 50 50 32 32 51 51 33 33 35 35 52 52 14 14 53 53 14 14 52 52 14 14 53 53 15 15 54 54 55 55 36 36 56 56 36 36 55 55 36 36 56 56 37 37 39 39 57 57 21 21 58 58 21 21 57 57 21 21 58 58 22 22 59 59 60 60 40 40 61 61 40 40 60 60 40 40 61 61 41 41 43 43 62 62 26 26 63 63 26 26 62 62 26 26 63 63 27 27 64 64 65 65 66 66 67 67 68 68 69 69 69 69 68 68 70 70 71 71 72 72 73 73 74 74 75 75 76 76 77 77 78 78 79 79 80 80 81 81 82 82 82 82 81 81 83 83 84 84 85 85 86 86 87 87 88 88 89 89 90 90 91 91 92 92 93 93 94 94 95 95 95 95 94 94 96 96 97 97 98 98 99 99 100 100 101 101 102 102 103 103 104 104 105 105 105 105 104 104 106 106 107 107 108 108 109 109 110 110 111 111 112 112 113 113 114 114 115 115 116 116 117 117 118 118 119 119 120 120 121 121 122 122 123 123 65 65 124 124 125 125 65 65 126 126 127 127 128 128 129 129 130 130 131 131 65 65 64 64 132 132 133 133 134 134 135 135 136 136 137 137 138 138 139 139 140 140 141 141 142 142 143 143 144 144 145 145 146 146 147 147 148 148 149 149 150 150 151 151 152 152 153 153 154 154 155 155 156 156 157 157 158 158 159 159 160 160 65 65 161 161 162 162 65 65 163 163 164 164 66 66 65 65 162 162 164 164 65 65 165 165 166 166 167 167 167 167 166 166 168 168 169 169 170 170 171 171 172 172 163 163 65 65 171 171 170 170 173 173 174 174 175 175 176 176 176 176 175 175 177 177 178 178 179 179 180 180 181 181 65 65 182 182 183 183 184 184 185 185 185 185 184 184 186 186 187 187 188 188 189 189 190 190 65 65 191 191 189 189 188 188 192 192 193 193 194 194 195 195 195 195 194 194 196 196 197 197 198 198 199 199 200 200 199 199 198 198 199 199 200 200 201 201 202 202 201 201 200 200 203 203 204 204 205 205 206 206 205 205 204 204 207 207 208 208 209 209 210 210 209 209 208 208 209 209 210 210 211 211 212 212 211 211 210 210 211 211 212 212 213 213 214 214 207 207 215 215 209 209 215 215 207 207 215 215 209 209 216 216 211 211 216 216 209 209 216 216 211 211 217 217 213 213 217 217 211 211 217 217 213 213 218 218 212 212 196 196 213 213 194 194 213 213 196 196 213 213 194 194 218 218 193 193 218 218 194 194 218 218 193 193 219 219 181 181 182 182 220 220 221 221 222 222 223 223 195 195 192 192 193 193 188 188 193 193 192 192 193 193 188 188 219 219 187 187 219 219 188 188 219 219 187 187 224 224 189 189 186 186 187 187 184 184 187 187 186 186 187 187 184 184 224 224 183 183 224 224 184 184 224 224 183 183 225 225 226 226 227 227 228 228 229 229 228 228 227 227 228 228 229 229 230 230 220 220 223 223 231 231 220 220 232 232 181 181 233 233 181 181 232 232 181 181 233 233 65 65 234 234 160 160 235 235 161 161 235 235 160 160 235 235 161 161 236 236 237 237 238 238 239 239 240 240 239 239 238 238 239 239 240 240 241 241 242 242 241 241 240 240 241 241 242 242 243 243 244 244 243 243 242 242 243 243 244 244 245 245 246 246 245 245 244 244 229 229 247 247 230 230 248 248 230 230 247 247 230 230 248 248 249 249 250 250 249 249 248 248 249 249 250 250 251 251 252 252 251 251 250 250 251 251 252 252 253 253 254 254 253 253 252 252 253 253 254 254 255 255 185 185 226 226 183 183 228 228 183 183 226 226 183 183 228 228 225 225 230 230 225 225 228 228 225 225 230 230 256 256 249 249 256 256 230 230 256 256 249 249 257 257 251 251 257 257 249 249 257 257 251 251 258 258 253 253 258 258 251 251 258 258 253 253 259 259 255 255 259 259 253 253 259 259 255 255 260 260 254 254 177 177 255 255 175 175 255 255 177 177 255 255 175 175 260 260 174 174 260 260 175 175 260 260 174 174 261 261 234 234 262 262 160 160 172 172 160 160 262 262 160 160 172 172 65 65 232 232 236 236 233 233 161 161 233 233 236 236 233 233 161 161 65 65 176 176 173 173 174 174 170 170 174 174 173 173 174 174 170 170 261 261 169 169 261 261 170 170 261 261 169 169 263 263 171 171 168 168 169 169 166 166 169 169 168 168 169 169 166 166 263 263 165 165 263 263 166 166 263 263 165 165 264 264 265 265 237 237 266 266 239 239 266 266 237 237 266 266 239 239 267 267 241 241 267 267 239 239 267 267 241 241 268 268 243 243 268 268 241 241 268 268 243 243 269 269 245 245 269 269 243 243 269 269 245 245 270 270 246 246 270 270 245 245 270 270 246 246 271 271 272 272 64 64 273 273 66 66 273 273 64 64 273 273 66 66 274 274 164 164 274 274 66 66 274 274 164 164 275 275 162 162 275 275 164 164 275 275 162 162 276 276 163 163 276 276 162 162 276 276 163 163 277 277 172 172 277 277 163 163 277 277 172 172 278 278 262 262 278 278 172 172 220 220 231 231 232 232 279 279 232 232 231 231 232 232 279 279 236 236 280 280 236 236 279 279 236 236 280 280 235 235 281 281 235 235 280 280 235 235 281 281 234 234 282 282 234 234 281 281 234 234 282 282 262 262 283 283 262 262 282 282 262 262 283 283 278 278 284 284 278 278 283 283 278 278 284 284 277 277 285 285 277 277 284 284 277 277 285 285 276 276 286 286 276 276 285 285 276 276 286 286 275 275 287 287 275 275 286 286 275 275 287 287 274 274 288 288 274 274 287 287 274 274 288 288 273 273 289 289 273 273 288 288 273 273 289 289 272 272 290 290 291 291 292 292 293 293 292 292 291 291 292 292 293 293 294 294 295 295 294 294 293 293 294 294 295 295 296 296 297 297 296 296 295 295 296 296 297 297 298 298 299 299 298 298 297 297 300 300 159 159 301 301 158 158 301 301 159 159 301 301 158 158 302 302 155 155 151 151 303 303 152 152 304 304 305 305 306 306 300 300 307 307 301 301 307 307 300 300 307 307 301 301 308 308 302 302 308 308 301 301 308 308 302 302 309 309 310 310 306 306 311 311 307 307 311 311 306 306 311 311 307 307 312 312 308 308 312 312 307 307 312 312 308 308 313 313 309 309 313 313 308 308 313 313 309 309 154 154 155 155 303 303 156 156 314 314 156 156 303 303 156 156 314 314 315 315 316 316 315 315 314 314 315 315 316 316 317 317 318 318 317 317 316 316 317 317 318 318 319 319 154 154 156 156 313 313 315 315 313 313 156 156 313 313 315 315 312 312 317 317 312 312 315 315 312 312 317 317 311 311 319 319 311 311 317 317 311 311 319 319 310 310 151 151 153 153 303 303 320 320 303 303 153 153 303 303 320 320 314 314 321 321 314 314 320 320 314 314 321 321 316 316 322 322 316 316 321 321 316 316 322 322 318 318 323 323 324 324 325 325 326 326 327 327 328 328 329 329 328 328 327 327 328 328 329 329 330 330 331 331 330 330 329 329 330 330 331 331 332 332 333 333 332 332 331 331 332 332 333 333 334 334 335 335 334 334 333 333 334 334 335 335 336 336 337 337 336 336 335 335 336 336 337 337 338 338 339 339 338 338 337 337 338 338 339 339 340 340 341 341 340 340 339 339 340 340 341 341 342 342 343 343 342 342 341 341 342 342 343 343 344 344 345 345 344 344 343 343 344 344 345 345 346 346 347 347 346 346 345 345 346 346 347 347 348 348 349 349 348 348 347 347 348 348 349 349 350 350 351 351 350 350 349 349 350 350 351 351 352 352 353 353 352 352 351 351 352 352 353 353 354 354 355 355 354 354 353 353 354 354 355 355 356 356 357 357 356 356 355 355 356 356 357 357 358 358 359 359 358 358 357 357 358 358 359 359 360 360 361 361 360 360 359 359 360 360 361 361 362 362 363 363 362 362 361 361 362 362 363 363 364 364 365 365 364 364 363 363 364 364 365 365 366 366 367 367 366 366 365 365 366 366 367 367 368 368 369 369 368 368 367 367 368 368 369 369 370 370 371 371 372 372 373 373 374 374 373 373 372 372 373 373 374 374 197 197 197 197 199 199 373 373 201 201 373 373 199 199 373 373 201 201 371 371 202 202 371 371 201 201 371 371 202 202 375 375 372 372 326 326 374 374 328 328 374 374 326 326 374 374 328 328 197 197 330 330 197 197 328 328 197 197 330 330 198 198 332 332 198 198 330 330 198 198 332 332 376 376 334 334 376 376 332 332 376 376 334 334 377 377 336 336 377 377 334 334 377 377 336 336 378 378 338 338 378 378 336 336 378 378 338 338 379 379 340 340 379 379 338 338 379 379 340 340 380 380 342 342 380 380 340 340 380 380 342 342 381 381 344 344 381 381 342 342 381 381 344 344 382 382 346 346 382 382 344 344 382 382 346 346 383 383 348 348 383 383 346 346 383 383 348 348 384 384 350 350 384 384 348 348 384 384 350 350 385 385 352 352 385 385 350 350 385 385 352 352 386 386 354 354 386 386 352 352 386 386 354 354 387 387 356 356 387 387 354 354 387 387 356 356 388 388 358 358 388 388 356 356 388 388 358 358 389 389 360 360 389 389 358 358 389 389 360 360 390 390 362 362 390 390 360 360 390 390 362 362 391 391 364 364 391 391 362 362 391 391 364 364 392 392 366 366 392 392 364 364 392 392 366 366 393 393 368 368 393 393 366 366 393 393 368 368 394 394 370 370 394 394 368 368 394 394 370 370 180 180 291 291 395 395 293 293 396 396 293 293 395 395 293 293 396 396 295 295 397 397 295 295 396 396 295 295 397 397 297 297 398 398 297 297 397 397 297 297 398 398 299 299 399 399 299 299 398 398 299 299 399 399 400 400 395 395 401 401 396 396 402 402 396 396 401 401 396 396 402 402 397 397 403 403 397 397 402 402 397 397 403 403 398 398 404 404 398 398 403 403 398 398 404 404 399 399 405 405 399 399 404 404 399 399 405 405 400 400 406 406 400 400 405 405 400 400 406 406 407 407 408 408 409 409 410 410 411 411 410 410 409 409 410 410 411 411 412 412 413 413 412 412 411 411 412 412 413 413 414 414 415 415 414 414 413 413 414 414 415 415 416 416 417 417 416 416 415 415 416 416 417 417 418 418 419 419 418 418 417 417 418 418 419 419 420 420 421 421 422 422 423 423 424 424 423 423 422 422 423 423 424 424 425 425 426 426 425 425 424 424 425 425 426 426 427 427 428 428 427 427 426 426 427 427 428 428 429 429 430 430 429 429 428 428 429 429 430 430 431 431 432 432 431 431 430 430 431 431 432 432 433 433 152 152 305 305 153 153 434 434 153 153 305 305 153 153 434 434 320 320 435 435 320 320 434 434 320 320 435 435 321 321 436 436 321 321 435 435 321 321 436 436 322 322 437 437 322 322 436 436 322 322 437 437 318 318 438 438 318 318 437 437 318 318 438 438 319 319 439 439 319 319 438 438 319 319 439 439 310 310 437 437 134 134 438 438 133 133 438 438 134 134 438 438 133 133 439 439 440 440 439 439 133 133 439 439 440 440 310 310 441 441 310 310 440 440 310 310 441 441 306 306 442 442 306 306 441 441 306 306 442 442 300 300 443 443 300 300 442 442 300 300 443 443 159 159 444 444 159 159 443 443 159 159 444 444 157 157 445 445 157 157 444 444 446 446 135 135 447 447 134 134 447 447 135 135 447 447 134 134 448 448 437 437 448 448 134 134 448 448 437 437 449 449 436 436 449 449 437 437 449 449 436 436 450 450 435 435 450 450 436 436 450 450 435 435 451 451 434 434 451 451 435 435 451 451 434 434 452 452 305 305 452 452 434 434 452 452 305 305 453 453 304 304 453 453 305 305 453 453 304 304 454 454 455 455 456 456 457 457 132 132 458 458 459 459 457 457 459 459 458 458 401 401 408 408 402 402 410 410 402 402 408 408 402 402 410 410 403 403 412 412 403 403 410 410 403 403 412 412 404 404 414 414 404 404 412 412 404 404 414 414 405 405 416 416 405 405 414 414 405 405 416 416 406 406 418 418 406 406 416 416 406 406 418 418 407 407 420 420 407 407 418 418 407 407 420 420 460 460 461 461 460 460 420 420 460 460 461 461 462 462 463 463 462 462 461 461 462 462 463 463 464 464 465 465 464 464 463 463 464 464 465 465 466 466 238 238 290 290 240 240 292 292 240 240 290 290 240 240 292 292 242 242 294 294 242 242 292 292 242 242 294 294 244 244 296 296 244 244 294 294 244 244 296 296 246 246 298 298 246 246 296 296 246 246 298 298 271 271 299 299 271 271 298 298 271 271 299 299 467 467 400 400 467 467 299 299 467 467 400 400 468 468 407 407 468 468 400 400 468 468 407 407 469 469 460 460 469 469 407 407 469 469 460 460 470 470 462 462 470 470 460 460 470 470 462 462 471 471 464 464 471 471 462 462 471 471 464 464 472 472 466 466 472 472 464 464 472 472 466 466 473 473 130 130 129 129 65 65 409 409 421 421 411 411 423 423 411 411 421 421 411 411 423 423 413 413 425 425 413 413 423 423 413 413 425 425 415 415 427 427 415 415 425 425 415 415 427 427 417 417 429 429 417 417 427 427 417 417 429 429 419 419 431 431 419 419 429 429 419 419 431 431 420 420 433 433 420 420 431 431 420 420 433 433 461 461 474 474 461 461 433 433 461 461 474 474 463 463 475 475 463 463 474 474 463 463 475 475 465 465 476 476 465 465 475 475 465 465 476 476 466 466 127 127 466 466 476 476 466 466 127 127 473 473 126 126 473 473 127 127 473 473 126 126 65 65 477 477 446 446 478 478 447 447 478 478 446 446 478 478 447 447 479 479 448 448 479 479 447 447 479 479 448 448 480 480 449 449 480 480 448 448 480 480 449 449 481 481 450 450 481 481 449 449 481 481 450 450 482 482 451 451 482 482 450 450 482 482 451 451 483 483 452 452 483 483 451 451 483 483 452 452 484 484 453 453 484 484 452 452 484 484 453 453 485 485 454 454 485 485 453 453 485 485 454 454 323 323 486 486 487 487 488 488 489 489 488 488 487 487 488 488 489 489 490 490 491 491 490 490 489 489 490 490 491 491 492 492 325 325 492 492 491 491 492 492 325 325 493 493 324 324 493 493 325 325 493 493 324 324 145 145 494 494 495 495 496 496 497 497 496 496 495 495 496 496 497 497 498 498 499 499 498 498 497 497 498 498 499 499 500 500 501 501 500 500 499 499 500 500 501 501 502 502 147 147 502 502 501 501 502 502 147 147 503 503 146 146 503 503 147 147 503 503 146 146 148 148 504 504 505 505 506 506 507 507 506 506 505 505 506 506 507 507 508 508 509 509 508 508 507 507 508 508 509 509 510 510 511 511 510 510 509 509 510 510 511 511 512 512 150 150 512 512 511 511 512 512 150 150 513 513 149 149 513 513 150 150 513 513 149 149 142 142 514 514 515 515 516 516 517 517 516 516 515 515 516 516 517 517 518 518 519 519 518 518 517 517 518 518 519 519 520 520 521 521 520 520 519 519 520 520 521 521 522 522 144 144 522 522 521 521 522 522 144 144 523 523 143 143 523 523 144 144 523 523 143 143 139 139 524 524 525 525 375 375 526 526 375 375 525 525 375 375 526 526 371 371 527 527 371 371 526 526 371 371 527 527 372 372 138 138 372 372 527 527 372 372 138 138 326 326 137 137 326 326 138 138 326 326 137 137 327 327 214 214 203 203 207 207 205 205 207 207 203 203 207 207 205 205 208 208 206 206 208 208 205 205 208 208 206 206 210 210 528 528 210 210 206 206 210 210 528 528 212 212 529 529 212 212 528 528 212 212 529 529 196 196 530 530 196 196 529 529 196 196 530 530 195 195 531 531 195 195 530 530 195 195 531 531 192 192 532 532 192 192 531 531 192 192 532 532 189 189 533 533 189 189 532 532 189 189 533 533 186 186 534 534 186 186 533 533 186 186 534 534 185 185 535 535 185 185 534 534 185 185 535 535 226 226 536 536 226 226 535 535 226 226 536 536 227 227 537 537 227 227 536 536 227 227 537 537 229 229 538 538 229 229 537 537 229 229 538 538 247 247 539 539 247 247 538 538 247 247 539 539 248 248 540 540 248 248 539 539 248 248 540 540 250 250 541 541 250 250 540 540 250 250 541 541 252 252 542 542 252 252 541 541 252 252 542 542 254 254 543 543 254 254 542 542 254 254 543 543 177 177 544 544 177 177 543 543 177 177 544 544 176 176 545 545 176 176 544 544 176 176 545 545 173 173 546 546 173 173 545 545 173 173 546 546 171 171 179 179 171 171 546 546 171 171 179 179 168 168 178 178 168 168 179 179 168 168 178 178 167 167 547 547 548 548 549 549 550 550 549 549 548 548 549 549 550 550 551 551 552 552 551 551 550 550 551 551 552 552 553 553 554 554 553 553 552 552 553 553 554 554 555 555 141 141 555 555 554 554 555 555 141 141 556 556 140 140 556 556 141 141 556 556 140 140 136 136 457 457 458 458 455 455 557 557 455 455 458 458 455 455 557 557 558 558 559 559 558 558 557 557 558 558 559 559 560 560 561 561 560 560 559 559 560 560 561 561 562 562 563 563 562 562 561 561 562 562 563 563 564 564 565 565 564 564 563 563 564 564 565 565 566 566 567 567 566 566 565 565 566 566 567 567 568 568 569 569 568 568 567 567 568 568 569 569 570 570 571 571 570 570 569 569 570 570 571 571 572 572 573 573 572 572 571 571 572 572 573 573 574 574 575 575 574 574 573 573 574 574 575 575 576 576 577 577 576 576 575 575 576 576 577 577 578 578 579 579 578 578 577 577 578 578 579 579 580 580 581 581 580 580 579 579 580 580 581 581 582 582 583 583 582 582 581 581 582 582 583 583 584 584 585 585 584 584 583 583 584 584 585 585 586 586 587 587 586 586 585 585 586 586 587 587 588 588 589 589 588 588 587 587 588 588 589 589 590 590 591 591 590 590 589 589 590 590 591 591 592 592 593 593 592 592 591 591 592 592 593 593 594 594 456 456 455 455 595 595 558 558 595 595 455 455 595 595 558 558 596 596 560 560 596 596 558 558 596 596 560 560 597 597 562 562 597 597 560 560 597 597 562 562 598 598 564 564 598 598 562 562 598 598 564 564 264 264 566 566 264 264 564 564 264 264 566 566 263 263 568 568 263 263 566 566 263 263 568 568 261 261 570 570 261 261 568 568 261 261 570 570 260 260 572 572 260 260 570 570 260 260 572 572 259 259 574 574 259 259 572 572 259 259 574 574 258 258 576 576 258 258 574 574 258 258 576 576 257 257 578 578 257 257 576 576 257 257 578 578 256 256 580 580 256 256 578 578 256 256 580 580 225 225 582 582 225 225 580 580 225 225 582 582 224 224 584 584 224 224 582 582 224 224 584 584 219 219 586 586 219 219 584 584 219 219 586 586 218 218 588 588 218 218 586 586 218 218 588 588 217 217 590 590 217 217 588 588 217 217 590 590 216 216 592 592 216 216 590 590 216 216 592 592 215 215 594 594 215 215 592 592 215 215 594 594 214 214 323 323 325 325 485 485 491 491 485 485 325 325 485 485 491 491 484 484 489 489 484 484 491 491 484 484 489 489 483 483 487 487 483 483 489 489 483 483 487 487 482 482 486 486 482 482 487 487 482 482 486 486 481 481 599 599 481 481 486 486 481 481 599 599 480 480 600 600 480 480 599 599 480 480 600 600 479 479 601 601 479 479 600 600 479 479 601 601 478 478 602 602 478 478 601 601 478 478 602 602 477 477 145 145 147 147 493 493 501 501 493 493 147 147 493 493 501 501 492 492 499 499 492 492 501 501 492 492 499 499 490 490 497 497 490 490 499 499 490 490 497 497 488 488 495 495 488 488 497 497 488 488 495 495 486 486 494 494 486 486 495 495 486 486 494 494 599 599 603 603 599 599 494 494 599 599 603 603 600 600 604 604 600 600 603 603 600 600 604 604 601 601 605 605 601 601 604 604 601 601 605 605 602 602 148 148 150 150 503 503 511 511 503 503 150 150 503 503 511 511 502 502 509 509 502 502 511 511 502 502 509 509 500 500 507 507 500 500 509 509 500 500 507 507 498 498 505 505 498 498 507 507 498 498 505 505 496 496 504 504 496 496 505 505 496 496 504 504 494 494 606 606 494 494 504 504 494 494 606 606 603 603 607 607 603 603 606 606 603 603 607 607 604 604 608 608 604 604 607 607 604 604 608 608 605 605 142 142 144 144 513 513 521 521 513 513 144 144 513 513 521 521 512 512 519 519 512 512 521 521 512 512 519 519 510 510 517 517 510 510 519 519 510 510 517 517 508 508 515 515 508 508 517 517 508 508 515 515 506 506 514 514 506 506 515 515 506 506 514 514 504 504 609 609 504 504 514 514 504 504 609 609 606 606 610 610 606 606 609 609 606 606 610 610 607 607 611 611 607 607 610 610 607 607 611 611 608 608 139 139 141 141 523 523 554 554 523 523 141 141 523 523 554 554 522 522 552 552 522 522 554 554 522 522 552 552 520 520 550 550 520 520 552 552 520 520 550 550 518 518 548 548 518 518 550 550 518 518 548 548 516 516 547 547 516 516 548 548 516 516 547 547 514 514 612 612 514 514 547 547 514 514 612 612 609 609 613 613 609 609 612 612 609 609 613 613 610 610 614 614 610 610 613 613 610 610 614 614 611 611 136 136 138 138 556 556 527 527 556 556 138 138 556 556 527 527 555 555 526 526 555 555 527 527 555 555 526 526 553 553 525 525 553 553 526 526 553 553 525 525 551 551 524 524 551 551 525 525 551 551 524 524 549 549 615 615 549 549 524 524 549 549 615 615 547 547 616 616 547 547 615 615 547 547 616 616 612 612 617 617 612 612 616 616 612 612 617 617 613 613 618 618 613 613 617 617 613 613 618 618 614 614 222 222 619 619 620 620 621 621 620 620 619 619 620 620 621 621 622 622 623 623 622 622 621 621 622 622 623 623 624 624 625 625 624 624 623 623 624 624 625 625 626 626 618 618 627 627 614 614 628 628 614 614 627 627 614 614 628 628 611 611 629 629 611 611 628 628 611 611 629 629 608 608 630 630 608 608 629 629 608 608 630 630 605 605 128 128 605 605 630 630 605 605 128 128 602 602 127 127 602 602 128 128 602 602 127 127 477 477 476 476 477 477 127 127 477 477 476 476 446 446 475 475 446 446 476 476 446 446 475 475 135 135 474 474 135 135 475 475 135 135 474 474 133 133 433 433 133 133 474 474 133 133 433 433 440 440 432 432 440 440 433 433 440 440 432 432 441 441 430 430 441 441 432 432 441 441 430 430 442 442 428 428 442 442 430 430 442 442 428 428 443 443 426 426 443 443 428 428 443 443 426 426 444 444 424 424 444 444 426 426 444 444 424 424 445 445 422 422 445 445 424 424 631 631 191 191 125 125 65 65 125 125 191 191 223 223 220 220 221 221 182 182 221 221 220 220 221 221 182 182 190 190 65 65 190 190 182 182 222 222 221 221 619 619 190 190 619 619 221 221 619 619 190 190 621 621 191 191 621 621 190 190 621 621 191 191 623 623 631 631 623 623 191 191 623 623 631 631 625 625 123 123 124 124 65 65 632 632 122 122 65 65 132 132 64 64 458 458 272 272 458 458 64 64 458 458 272 272 557 557 289 289 557 557 272 272 557 557 289 289 559 559 288 288 559 559 289 289 559 559 288 288 561 561 287 287 561 561 288 288 561 561 287 287 563 563 286 286 563 563 287 287 563 563 286 286 565 565 285 285 565 565 286 286 565 565 285 285 567 567 284 284 567 567 285 285 567 567 284 284 569 569 283 283 569 569 284 284 569 569 283 283 571 571 282 282 571 571 283 283 571 571 282 282 573 573 281 281 573 573 282 282 573 573 281 281 575 575 280 280 575 575 281 281 575 575 280 280 577 577 279 279 577 577 280 280 577 577 279 279 579 579 231 231 579 579 279 279 579 579 231 231 581 581 223 223 581 581 231 231 581 581 223 223 583 583 222 222 583 583 223 223 583 583 222 222 585 585 620 620 585 585 222 222 585 585 620 620 587 587 622 622 587 587 620 620 587 587 622 622 589 589 624 624 589 589 622 622 589 589 624 624 591 591 626 626 591 591 624 624 591 591 626 626 593 593 459 459 65 65 132 132 456 456 131 131 457 457 130 130 457 457 131 131 457 457 130 130 459 459 65 65 459 459 130 130 180 180 179 179 394 394 546 546 394 394 179 179 394 394 546 546 393 393 545 545 393 393 546 546 393 393 545 545 392 392 544 544 392 392 545 545 392 392 544 544 391 391 543 543 391 391 544 544 391 391 543 543 390 390 542 542 390 390 543 543 390 390 542 542 389 389 541 541 389 389 542 542 389 389 541 541 388 388 540 540 388 388 541 541 388 388 540 540 387 387 539 539 387 387 540 540 387 387 539 539 386 386 538 538 386 386 539 539 386 386 538 538 385 385 537 537 385 385 538 538 385 385 537 537 384 384 536 536 384 384 537 537 384 384 536 536 383 383 535 535 383 383 536 536 383 383 535 535 382 382 534 534 382 382 535 535 382 382 534 534 381 381 533 533 381 381 534 534 381 381 533 533 380 380 532 532 380 380 533 533 380 380 532 532 379 379 531 531 379 379 532 532 379 379 531 531 378 378 530 530 378 378 531 531 378 378 530 530 377 377 529 529 377 377 530 530 377 377 529 529 376 376 528 528 376 376 529 529 376 376 528 528 198 198 206 206 198 198 528 528 198 198 206 206 200 200 204 204 200 200 206 206 200 200 204 204 202 202 203 203 202 202 204 204 202 202 203 203 375 375 214 214 375 375 203 203 375 375 214 214 524 524 594 594 524 524 214 214 524 524 594 594 615 615 593 593 615 615 594 594 615 615 593 593 616 616 626 626 616 616 593 593 616 616 626 626 617 617 625 625 617 617 626 626 617 617 625 625 618 618 631 631 618 618 625 625 618 618 631 631 627 627 125 125 627 627 631 631 627 627 125 125 628 628 124 124 628 628 125 125 628 628 124 124 629 629 123 123 629 629 124 124 629 629 123 123 630 630 122 122 630 630 123 123 630 630 122 122 128 128 632 632 128 128 122 122 128 128 632 632 126 126 65 65 126 126 632 632 369 369 265 265 370 370 266 266 370 370 265 265 370 370 266 266 180 180 267 267 180 180 266 266 180 180 267 267 178 178 268 268 178 178 267 267 178 178 268 268 167 167 269 269 167 167 268 268 167 167 269 269 165 165 270 270 165 165 269 269 165 165 270 270 264 264 271 271 264 264 270 270 264 264 271 271 598 598 467 467 598 598 271 271 598 598 467 467 597 597 468 468 597 597 467 467 597 597 468 468 596 596 469 469 596 596 468 468 596 596 469 469 595 595 470 470 595 595 469 469 595 595 470 470 456 456 471 471 456 456 470 470 456 456 471 471 131 131 472 472 131 131 471 471 131 131 472 472 129 129 473 473 129 129 472 472 129 129 473 473 65 65 118 118 117 117 114 114 633 633 114 114 117 117 114 114 633 633 115 115 112 112 111 111 634 634 635 635 634 634 111 111 634 634 635 635 109 109 119 119 121 121 636 636 637 637 636 636 121 121 636 636 637 637 638 638 639 639 640 640 641 641 109 109 108 108 634 634 640 640 634 634 108 108 634 634 640 640 112 112 639 639 112 112 640 640 112 112 639 639 110 110 109 109 642 642 107 107 643 643 107 107 642 642 107 107 643 643 644 644 116 116 118 118 645 645 646 646 645 645 118 118 645 645 646 646 647 647 648 648 647 647 646 646 647 647 648 648 649 649 648 648 650 650 651 651 652 652 653 653 651 651 654 654 651 651 653 653 655 655 656 656 657 657 658 658 657 657 656 656 657 657 658 658 659 659 660 660 659 659 658 658 659 659 660 660 661 661 662 662 661 661 660 660 661 661 662 662 663 663 664 664 663 663 662 662 663 663 664 664 665 665 666 666 106 106 667 667 104 104 667 667 106 106 667 667 104 104 668 668 103 103 668 668 104 104 668 668 103 103 650 650 669 669 670 670 671 671 652 652 671 671 653 653 670 670 653 653 671 671 653 653 670 670 654 654 672 672 654 654 670 670 654 654 672 672 673 673 644 644 673 673 672 672 673 673 644 644 674 674 643 643 674 674 644 644 668 668 656 656 667 667 655 655 667 667 656 656 667 667 655 655 666 666 657 657 666 666 655 655 666 666 657 657 675 675 659 659 675 675 657 657 675 675 659 659 676 676 661 661 676 676 659 659 676 676 661 661 677 677 663 663 677 677 661 661 677 677 663 663 678 678 665 665 678 678 663 663 678 678 665 665 679 679 680 680 681 681 682 682 683 683 682 682 681 681 682 682 683 683 684 684 685 685 684 684 683 683 684 684 685 685 686 686 102 102 687 687 100 100 688 688 100 100 687 687 100 100 688 688 680 680 689 689 680 680 688 688 680 680 689 689 681 681 651 651 650 650 652 652 103 103 652 652 650 650 652 652 103 103 671 671 105 105 671 671 103 103 671 671 105 105 669 669 106 106 669 669 105 105 669 669 106 106 690 690 666 666 690 690 106 106 690 690 666 666 691 691 675 675 691 691 666 666 691 691 675 675 692 692 676 676 692 692 675 675 692 692 676 676 693 693 677 677 693 693 676 676 693 693 677 677 694 694 678 678 694 694 677 677 694 694 678 678 695 695 679 679 695 695 678 678 695 695 679 679 696 696 679 679 697 697 696 696 698 698 696 696 697 697 696 696 698 698 699 699 698 698 700 700 699 699 701 701 699 699 700 700 699 699 701 701 702 702 703 703 702 702 701 701 702 702 703 703 704 704 705 705 706 706 707 707 704 704 707 707 706 706 707 707 704 704 708 708 703 703 708 708 704 704 703 703 709 709 708 708 710 710 708 708 709 709 708 708 710 710 707 707 711 711 707 707 710 710 707 707 711 711 705 705 712 712 99 99 713 713 98 98 713 713 99 99 713 713 98 98 714 714 715 715 716 716 717 717 718 718 717 717 716 716 717 717 718 718 719 719 720 720 721 721 722 722 723 723 722 722 721 721 722 722 723 723 724 724 725 725 724 724 723 723 724 724 725 725 726 726 727 727 726 726 725 725 726 726 727 727 728 728 729 729 728 728 727 727 728 728 729 729 730 730 731 731 96 96 732 732 94 94 732 732 96 96 732 732 94 94 733 733 93 93 733 733 94 94 733 733 93 93 734 734 664 664 686 686 665 665 685 685 665 665 686 686 665 665 685 685 679 679 683 683 679 679 685 685 679 679 683 683 697 697 681 681 697 697 683 683 697 697 681 681 698 698 689 689 698 698 681 681 698 698 689 689 700 700 688 688 700 700 689 689 700 700 688 688 701 701 687 687 701 701 688 688 701 701 687 687 703 703 102 102 703 703 687 687 703 703 102 102 709 709 101 101 709 709 102 102 709 709 101 101 710 710 97 97 710 710 101 101 710 710 97 97 711 711 99 99 711 711 97 97 711 711 99 99 705 705 712 712 705 705 99 99 705 705 712 712 706 706 735 735 736 736 737 737 715 715 737 737 716 716 736 736 716 716 737 737 716 716 736 736 718 718 738 738 718 718 736 736 739 739 740 740 91 91 741 741 91 91 740 740 91 91 741 741 92 92 92 92 742 742 90 90 743 743 90 90 742 742 90 90 743 743 744 744 745 745 744 744 743 743 744 744 745 745 746 746 747 747 746 746 745 745 746 746 747 747 748 748 733 733 721 721 732 732 720 720 732 732 721 721 732 732 720 720 731 731 722 722 731 731 720 720 731 731 722 722 749 749 724 724 749 749 722 722 749 749 724 724 750 750 726 726 750 750 724 724 750 750 726 726 751 751 728 728 751 751 726 726 751 751 728 728 752 752 730 730 752 752 728 728 752 752 730 730 753 753 754 754 86 86 755 755 85 85 755 755 86 86 755 755 85 85 756 756 757 757 758 758 759 759 760 760 759 759 758 758 759 759 760 760 761 761 762 762 83 83 763 763 81 81 763 763 83 83 763 763 81 81 764 764 80 80 764 764 81 81 764 764 80 80 765 765 766 766 767 767 768 768 769 769 768 768 767 767 768 768 769 769 770 770 771 771 770 770 769 769 770 770 771 771 772 772 773 773 772 772 771 771 772 772 773 773 774 774 775 775 774 774 773 773 774 774 775 775 776 776 89 89 88 88 777 777 778 778 777 777 88 88 777 777 778 778 779 779 780 780 781 781 782 782 783 783 782 782 781 781 781 781 784 784 783 783 785 785 783 783 784 784 783 783 785 785 786 786 787 787 786 786 785 785 786 786 787 787 788 788 780 780 782 782 753 753 789 789 753 753 782 782 753 753 789 789 752 752 790 790 752 752 789 789 752 752 790 790 751 751 791 791 751 751 790 790 751 751 791 791 750 750 792 792 750 750 791 791 750 750 792 792 749 749 793 793 749 749 792 792 749 749 793 793 731 731 794 794 731 731 793 793 731 731 794 794 96 96 735 735 96 96 794 794 96 96 735 735 95 95 737 737 95 95 735 735 95 95 737 737 93 93 715 715 93 93 737 737 93 93 715 715 734 734 717 717 734 734 715 715 734 734 717 717 714 714 719 719 714 714 717 717 714 714 719 719 713 713 718 718 713 713 719 719 713 713 718 718 712 712 738 738 712 712 718 718 712 712 738 738 706 706 779 779 795 795 777 777 788 788 777 777 795 795 777 777 788 788 89 89 787 787 89 89 788 788 89 89 787 787 87 87 729 729 748 748 730 730 747 747 730 730 748 748 730 730 747 747 753 753 745 745 753 753 747 747 753 753 745 745 780 780 743 743 780 780 745 745 780 780 743 743 781 781 742 742 781 781 743 743 781 781 742 742 784 784 92 92 784 784 742 742 784 784 92 92 785 785 741 741 785 785 92 92 785 785 741 741 787 787 740 740 787 787 741 741 787 787 740 740 87 87 739 739 87 87 740 740 87 87 739 739 88 88 84 84 88 88 739 739 88 88 84 84 778 778 86 86 778 778 84 84 778 778 86 86 779 779 754 754 779 779 86 86 779 779 754 754 795 795 796 796 797 797 798 798 757 757 798 798 758 758 797 797 758 758 798 798 758 758 797 797 760 760 799 799 760 760 797 797 800 800 801 801 78 78 802 802 78 78 801 801 78 78 802 802 79 79 79 79 803 803 77 77 804 804 77 77 803 803 77 77 804 804 805 805 806 806 805 805 804 804 805 805 806 806 807 807 808 808 807 807 806 806 807 807 808 808 809 809 764 764 767 767 763 763 766 766 763 763 767 767 763 763 766 766 762 762 768 768 762 762 766 766 762 762 768 768 810 810 770 770 810 810 768 768 810 810 770 770 811 811 772 772 811 811 770 770 811 811 772 772 812 812 774 774 812 812 772 772 812 812 774 774 813 813 776 776 813 813 774 774 813 813 776 776 814 814 815 815 73 73 816 816 72 72 816 816 73 73 816 816 72 72 817 817 818 818 819 819 820 820 821 821 820 820 819 819 820 820 821 821 822 822 823 823 70 70 824 824 68 68 824 824 70 70 824 824 68 68 825 825 67 67 825 825 68 68 825 825 67 67 826 826 827 827 828 828 829 829 830 830 829 829 828 828 829 829 830 830 831 831 832 832 831 831 830 830 831 831 832 832 833 833 834 834 833 833 832 832 833 833 834 834 835 835 836 836 835 835 834 834 835 835 836 836 837 837 838 838 837 837 836 836 837 837 838 838 839 839 840 840 839 839 838 838 76 76 75 75 841 841 842 842 841 841 75 75 841 841 842 842 843 843 844 844 845 845 846 846 847 847 846 846 845 845 845 845 848 848 847 847 849 849 847 847 848 848 847 847 849 849 850 850 851 851 850 850 849 849 850 850 851 851 852 852 844 844 846 846 814 814 853 853 814 814 846 846 814 814 853 853 813 813 854 854 813 813 853 853 813 813 854 854 812 812 855 855 812 812 854 854 812 812 855 855 811 811 856 856 811 811 855 855 811 811 856 856 810 810 857 857 810 810 856 856 810 810 857 857 762 762 858 858 762 762 857 857 762 762 858 858 83 83 796 796 83 83 858 858 83 83 796 796 82 82 798 798 82 82 796 796 82 82 798 798 80 80 757 757 80 80 798 798 80 80 757 757 765 765 759 759 765 765 757 757 765 765 759 759 756 756 761 761 756 756 759 759 756 756 761 761 755 755 760 760 755 755 761 761 755 755 760 760 754 754 799 799 754 754 760 760 754 754 799 799 795 795 843 843 859 859 841 841 852 852 841 841 859 859 841 841 852 852 76 76 851 851 76 76 852 852 76 76 851 851 74 74 775 775 809 809 776 776 808 808 776 776 809 809 776 776 808 808 814 814 806 806 814 814 808 808 814 814 806 806 844 844 804 804 844 844 806 806 844 844 804 804 845 845 803 803 845 845 804 804 845 845 803 803 848 848 79 79 848 848 803 803 848 848 79 79 849 849 802 802 849 849 79 79 849 849 802 802 851 851 801 801 851 851 802 802 851 851 801 801 74 74 800 800 74 74 801 801 74 74 800 800 75 75 71 71 75 75 800 800 75 75 71 71 842 842 73 73 842 842 71 71 842 842 73 73 843 843 815 815 843 843 73 73 843 843 815 815 859 859 860 860 861 861 862 862 818 818 862 862 819 819 861 861 819 819 862 862 819 819 861 861 821 821 863 863 821 821 861 861 648 648 651 651 649 649 654 654 649 649 651 651 649 649 654 654 647 647 673 673 647 647 654 654 647 647 673 673 645 645 674 674 645 645 673 673 645 645 674 674 116 116 643 643 116 116 674 674 116 116 643 643 117 117 642 642 117 117 643 643 117 117 642 642 633 633 109 109 633 633 642 642 633 633 109 109 115 115 635 635 115 115 109 109 115 115 635 635 113 113 111 111 113 113 635 635 113 113 111 111 120 120 110 110 120 120 111 111 120 120 110 110 121 121 639 639 121 121 110 110 121 121 639 639 637 637 641 641 637 637 639 639 637 637 641 641 638 638 864 864 638 638 641 641 638 638 864 864 865 865 866 866 865 865 864 864 865 865 866 866 867 867 868 868 867 867 866 866 867 867 868 868 869 869 870 870 869 869 868 868 869 869 870 870 871 871 872 872 871 871 870 870 871 871 872 872 823 823 873 873 823 823 872 872 823 823 873 873 70 70 860 860 70 70 873 873 70 70 860 860 69 69 862 862 69 69 860 860 69 69 862 862 67 67 818 818 67 67 862 862 67 67 818 818 826 826 820 820 826 826 818 818 826 826 820 820 817 817 822 822 817 817 820 820 817 817 822 822 816 816 821 821 816 816 822 822 816 816 821 821 815 815 863 863 815 815 821 821 815 815 863 863 859 859 825 825 839 839 824 824 840 840 824 824 839 839 824 824 840 840 823 823 838 838 823 823 840 840 823 823 838 838 871 871 836 836 871 871 838 838 871 871 836 836 869 869 834 834 869 869 836 836 869 869 834 834 867 867 832 832 867 867 834 834 867 867 832 832 865 865 830 830 865 865 832 832 865 865 830 830 638 638 828 828 638 638 830 830 638 638 828 828 636 636 827 827 636 636 828 828 636 636 827 827 119 119 874 874 875 875 876 876 877 877 876 876 875 875 876 876 877 877 878 878 879 879 878 878 877 877 878 878 879 879 880 880 881 881 880 880 879 879 880 880 881 881 882 882 883 883 882 882 881 881 882 882 883 883 884 884 885 885 884 884 883 883 884 884 885 885 886 886 887 887 886 886 885 885 886 886 887 887 888 888 889 889 888 888 887 887 888 888 889 889 890 890 891 891 890 890 889 889 890 890 891 891 892 892 893 893 892 892 891 891 892 892 893 893 894 894 895 895 894 894 893 893 894 894 895 895 896 896 897 897 896 896 895 895 896 896 897 897 898 898 899 899 898 898 897 897 898 898 899 899 900 900 901 901 900 900 899 899 900 900 901 901 902 902 903 903 902 902 901 901 902 902 903 903 904 904 905 905 904 904 903 903 904 904 905 905 906 906 907 907 906 906 905 905 906 906 907 907 908 908 909 909 908 908 907 907 908 908 909 909 910 910 911 911 910 910 909 909 910 910 911 911 912 912 913 913 912 912 911 911 912 912 913 913 914 914 915 915 914 914 913 913 914 914 915 915 916 916 917 917 916 916 915 915 916 916 917 917 918 918 919 919 918 918 917 917 918 918 919 919 920 920 921 921 920 920 919 919 920 920 921 921 922 922 923 923 922 922 921 921 922 922 923 923 924 924 925 925 924 924 923 923 924 924 925 925 926 926 927 927 926 926 925 925 926 926 927 927 928 928 929 929 928 928 927 927 928 928 929 929 930 930 931 931 930 930 929 929 930 930 931 931 932 932 933 933 932 932 931 931 932 932 933 933 934 934 935 935 934 934 933 933 934 934 935 935 936 936 937 937 936 936 935 935 936 936 937 937 938 938 939 939 938 938 937 937 938 938 939 939 940 940 941 941 940 940 939 939 940 940 941 941 942 942 943 943 942 942 941 941 942 942 943 943 944 944 945 945 944 944 943 943 944 944 945 945 946 946 947 947 946 946 945 945 946 946 947 947 948 948 949 949 948 948 947 947 948 948 949 949 950 950 951 951 950 950 949 949 950 950 951 951 952 952 953 953 952 952 951 951 952 952 953 953 954 954 955 955 954 954 953 953 954 954 955 955 956 956 957 957 956 956 955 955 956 956 957 957 958 958 959 959 958 958 957 957 958 958 959 959 960 960 961 961 960 960 959 959 960 960 961 961 962 962 963 963 962 962 961 961 962 962 963 963 964 964 965 965 964 964 963 963 964 964 965 965 966 966 967 967 966 966 965 965 966 966 967 967 968 968 969 969 968 968 967 967 968 968 969 969 970 970 971 971 970 970 969 969 970 970 971 971 972 972 973 973 972 972 971 971 972 972 973 973 974 974 975 975 974 974 973 973 974 974 975 975 976 976 977 977 976 976 975 975 976 976 977 977 978 978 979 979 978 978 977 977 978 978 979 979 980 980 981 981 980 980 979 979 980 980 981 981 982 982 983 983 982 982 981 981 982 982 983 983 984 984 985 985 984 984 983 983 984 984 985 985 874 874 875 875 874 874 985 985 986 986 987 987 988 988 989 989 988 988 987 987 988 988 989 989 990 990 991 991 990 990 989 989 990 990 991 991 992 992 993 993 992 992 991 991 992 992 993 993 994 994 995 995 994 994 993 993 994 994 995 995 996 996 997 997 996 996 995 995 996 996 997 997 998 998 999 999 998 998 997 997 998 998 999 999 1000 1000 1001 1001 1000 1000 999 999 1000 1000 1001 1001 1002 1002 1003 1003 1002 1002 1001 1001 1002 1002 1003 1003 1004 1004 1005 1005 1004 1004 1003 1003 1004 1004 1005 1005 1006 1006 1007 1007 1006 1006 1005 1005 1006 1006 1007 1007 1008 1008 1009 1009 1008 1008 1007 1007 1008 1008 1009 1009 1010 1010 1011 1011 1010 1010 1009 1009 1010 1010 1011 1011 1012 1012 1013 1013 1012 1012 1011 1011 1012 1012 1013 1013 1014 1014 1015 1015 1014 1014 1013 1013 1014 1014 1015 1015 1016 1016 1017 1017 1016 1016 1015 1015 1016 1016 1017 1017 1018 1018 1019 1019 1018 1018 1017 1017 1018 1018 1019 1019 1020 1020 1021 1021 1020 1020 1019 1019 1020 1020 1021 1021 1022 1022 1023 1023 1022 1022 1021 1021 1022 1022 1023 1023 1024 1024 1025 1025 1024 1024 1023 1023 1024 1024 1025 1025 1026 1026 1027 1027 1026 1026 1025 1025 1026 1026 1027 1027 1028 1028 1029 1029 1028 1028 1027 1027 1028 1028 1029 1029 1030 1030 1031 1031 1030 1030 1029 1029 1030 1030 1031 1031 1032 1032 1033 1033 1032 1032 1031 1031 1032 1032 1033 1033 1034 1034 1035 1035 1034 1034 1033 1033 1034 1034 1035 1035 1036 1036 1037 1037 1036 1036 1035 1035 1036 1036 1037 1037 1038 1038 1039 1039 1038 1038 1037 1037 1038 1038 1039 1039 1040 1040 1041 1041 1040 1040 1039 1039 1040 1040 1041 1041 1042 1042 1043 1043 1042 1042 1041 1041 1042 1042 1043 1043 1044 1044 1045 1045 1044 1044 1043 1043 1044 1044 1045 1045 1046 1046 1047 1047 1046 1046 1045 1045 1046 1046 1047 1047 1048 1048 1049 1049 1048 1048 1047 1047 1048 1048 1049 1049 1050 1050 1051 1051 1050 1050 1049 1049 1050 1050 1051 1051 1052 1052 1053 1053 1052 1052 1051 1051 1052 1052 1053 1053 1054 1054 1055 1055 1054 1054 1053 1053 1054 1054 1055 1055 1056 1056 1057 1057 1056 1056 1055 1055 1056 1056 1057 1057 1058 1058 1059 1059 1058 1058 1057 1057 1058 1058 1059 1059 1060 1060 1061 1061 1060 1060 1059 1059 1060 1060 1061 1061 1062 1062 1063 1063 1062 1062 1061 1061 1062 1062 1063 1063 1064 1064 1065 1065 1064 1064 1063 1063 1064 1064 1065 1065 1066 1066 1067 1067 1066 1066 1065 1065 1066 1066 1067 1067 1068 1068 1069 1069 1068 1068 1067 1067 1068 1068 1069 1069 1070 1070 1071 1071 1070 1070 1069 1069 1070 1070 1071 1071 1072 1072 1073 1073 1072 1072 1071 1071 1072 1072 1073 1073 1074 1074 1075 1075 1074 1074 1073 1073 1074 1074 1075 1075 1076 1076 1077 1077 1076 1076 1075 1075 1076 1076 1077 1077 1078 1078 1079 1079 1078 1078 1077 1077 1078 1078 1079 1079 1080 1080 1081 1081 1080 1080 1079 1079 1080 1080 1081 1081 1082 1082 1083 1083 1082 1082 1081 1081 1082 1082 1083 1083 1084 1084 1085 1085 1084 1084 1083 1083 1084 1084 1085 1085 1086 1086 1087 1087 1086 1086 1085 1085 1086 1086 1087 1087 1088 1088 1089 1089 1088 1088 1087 1087 1088 1088 1089 1089 1090 1090 1091 1091 1090 1090 1089 1089 1090 1090 1091 1091 1092 1092 1093 1093 1092 1092 1091 1091 1092 1092 1093 1093 1094 1094 1095 1095 1094 1094 1093 1093 1094 1094 1095 1095 1096 1096 1097 1097 1096 1096 1095 1095 1096 1096 1097 1097 986 986 987 987 986 986 1097 1097 875 875 986 986 877 877 988 988 877 877 986 986 877 877 988 988 879 879 990 990 879 879 988 988 879 879 990 990 881 881 992 992 881 881 990 990 881 881 992 992 883 883 994 994 883 883 992 992 883 883 994 994 885 885 996 996 885 885 994 994 885 885 996 996 887 887 998 998 887 887 996 996 887 887 998 998 889 889 1000 1000 889 889 998 998 889 889 1000 1000 891 891 1002 1002 891 891 1000 1000 891 891 1002 1002 893 893 1004 1004 893 893 1002 1002 893 893 1004 1004 895 895 1006 1006 895 895 1004 1004 895 895 1006 1006 897 897 1008 1008 897 897 1006 1006 897 897 1008 1008 899 899 1010 1010 899 899 1008 1008 899 899 1010 1010 901 901 1012 1012 901 901 1010 1010 901 901 1012 1012 903 903 1014 1014 903 903 1012 1012 903 903 1014 1014 905 905 1016 1016 905 905 1014 1014 905 905 1016 1016 907 907 1018 1018 907 907 1016 1016 907 907 1018 1018 909 909 1020 1020 909 909 1018 1018 909 909 1020 1020 911 911 1022 1022 911 911 1020 1020 911 911 1022 1022 913 913 1024 1024 913 913 1022 1022 913 913 1024 1024 915 915 1026 1026 915 915 1024 1024 915 915 1026 1026 917 917 1028 1028 917 917 1026 1026 917 917 1028 1028 919 919 1030 1030 919 919 1028 1028 919 919 1030 1030 921 921 1032 1032 921 921 1030 1030 921 921 1032 1032 923 923 1034 1034 923 923 1032 1032 923 923 1034 1034 925 925 1036 1036 925 925 1034 1034 925 925 1036 1036 927 927 1038 1038 927 927 1036 1036 927 927 1038 1038 929 929 1040 1040 929 929 1038 1038 929 929 1040 1040 931 931 1042 1042 931 931 1040 1040 931 931 1042 1042 933 933 1044 1044 933 933 1042 1042 933 933 1044 1044 935 935 1046 1046 935 935 1044 1044 935 935 1046 1046 937 937 1048 1048 937 937 1046 1046 937 937 1048 1048 939 939 1050 1050 939 939 1048 1048 939 939 1050 1050 941 941 1052 1052 941 941 1050 1050 941 941 1052 1052 943 943 1054 1054 943 943 1052 1052 943 943 1054 1054 945 945 1056 1056 945 945 1054 1054 945 945 1056 1056 947 947 1058 1058 947 947 1056 1056 947 947 1058 1058 949 949 1060 1060 949 949 1058 1058 949 949 1060 1060 951 951 1062 1062 951 951 1060 1060 951 951 1062 1062 953 953 1064 1064 953 953 1062 1062 953 953 1064 1064 955 955 1066 1066 955 955 1064 1064 955 955 1066 1066 957 957 1068 1068 957 957 1066 1066 957 957 1068 1068 959 959 1070 1070 959 959 1068 1068 959 959 1070 1070 961 961 1072 1072 961 961 1070 1070 961 961 1072 1072 963 963 1074 1074 963 963 1072 1072 963 963 1074 1074 965 965 1076 1076 965 965 1074 1074 965 965 1076 1076 967 967 1078 1078 967 967 1076 1076 967 967 1078 1078 969 969 1080 1080 969 969 1078 1078 969 969 1080 1080 971 971 1082 1082 971 971 1080 1080 971 971 1082 1082 973 973 1084 1084 973 973 1082 1082 973 973 1084 1084 975 975 1086 1086 975 975 1084 1084 975 975 1086 1086 977 977 1088 1088 977 977 1086 1086 977 977 1088 1088 979 979 1090 1090 979 979 1088 1088 979 979 1090 1090 981 981 1092 1092 981 981 1090 1090 981 981 1092 1092 983 983 1094 1094 983 983 1092 1092 983 983 1094 1094 985 985 1096 1096 985 985 1094 1094 985 985 1096 1096 875 875 986 986 875 875 1096 1096 870 870 874 874 872 872 876 876 872 872 874 874 872 872 876 876 873 873 878 878 873 873 876 876 873 873 878 878 860 860 880 880 860 860 878 878 860 860 880 880 861 861 882 882 861 861 880 880 861 861 882 882 863 863 884 884 863 863 882 882 863 863 884 884 859 859 886 886 859 859 884 884 859 859 886 886 852 852 888 888 852 852 886 886 852 852 888 888 850 850 890 890 850 850 888 888 850 850 890 890 847 847 892 892 847 847 890 890 847 847 892 892 846 846 894 894 846 846 892 892 846 846 894 894 853 853 896 896 853 853 894 894 853 853 896 896 854 854 898 898 854 854 896 896 854 854 898 898 855 855 900 900 855 855 898 898 855 855 900 900 856 856 902 902 856 856 900 900 856 856 902 902 857 857 904 904 857 857 902 902 857 857 904 904 858 858 906 906 858 858 904 904 858 858 906 906 796 796 908 908 796 796 906 906 796 796 908 908 797 797 910 910 797 797 908 908 797 797 910 910 799 799 912 912 799 799 910 910 799 799 912 912 795 795 914 914 795 795 912 912 795 795 914 914 788 788 916 916 788 788 914 914 788 788 916 916 786 786 918 918 786 786 916 916 786 786 918 918 783 783 920 920 783 783 918 918 783 783 920 920 782 782 922 922 782 782 920 920 782 782 922 922 789 789 924 924 789 789 922 922 789 789 924 924 790 790 926 926 790 790 924 924 790 790 926 926 791 791 928 928 791 791 926 926 791 791 928 928 792 792 930 930 792 792 928 928 792 792 930 930 793 793 932 932 793 793 930 930 793 793 932 932 794 794 934 934 794 794 932 932 794 794 934 934 735 735 936 936 735 735 934 934 735 735 936 936 736 736 938 938 736 736 936 936 736 736 938 938 738 738 940 940 738 738 938 938 738 738 940 940 706 706 942 942 706 706 940 940 706 706 942 942 704 704 944 944 704 704 942 942 704 704 944 944 702 702 946 946 702 702 944 944 702 702 946 946 699 699 948 948 699 699 946 946 699 699 948 948 696 696 950 950 696 696 948 948 696 696 950 950 695 695 952 952 695 695 950 950 695 695 952 952 694 694 954 954 694 694 952 952 694 694 954 954 693 693 956 956 693 693 954 954 693 693 956 956 692 692 958 958 692 692 956 956 692 692 958 958 691 691 960 960 691 691 958 958 691 691 960 960 690 690 962 962 690 690 960 960 690 690 962 962 669 669 964 964 669 669 962 962 669 669 964 964 670 670 966 966 670 670 964 964 670 670 966 966 672 672 968 968 672 672 966 966 672 672 968 968 644 644 970 970 644 644 968 968 644 644 970 970 107 107 972 972 107 107 970 970 107 107 972 972 108 108 974 974 108 108 972 972 108 108 974 974 640 640 976 976 640 640 974 974 640 640 976 976 641 641 978 978 641 641 976 976 641 641 978 978 864 864 980 980 864 864 978 978 864 864 980 980 866 866 982 982 866 866 980 980 866 866 982 982 868 868 984 984 868 868 982 982 868 868 984 984 870 870 874 874 870 870 984 984 987 987 408 408 989 989 401 401 989 989 408 408 989 989 401 401 991 991 395 395 991 991 401 401 991 991 395 395 993 993 291 291 993 993 395 395 993 993 291 291 995 995 290 290 995 995 291 291 995 995 290 290 997 997 238 238 997 997 290 290 997 997 238 238 999 999 237 237 999 999 238 238 999 999 237 237 1001 1001 265 265 1001 1001 237 237 1001 1001 265 265 1003 1003 369 369 1003 1003 265 265 1003 1003 369 369 1005 1005 367 367 1005 1005 369 369 1005 1005 367 367 1007 1007 365 365 1007 1007 367 367 1007 1007 365 365 1009 1009 363 363 1009 1009 365 365 1009 1009 363 363 1011 1011 361 361 1011 1011 363 363 1011 1011 361 361 1013 1013 359 359 1013 1013 361 361 1013 1013 359 359 1015 1015 357 357 1015 1015 359 359 1015 1015 357 357 1017 1017 355 355 1017 1017 357 357 1017 1017 355 355 1019 1019 353 353 1019 1019 355 355 1019 1019 353 353 1021 1021 351 351 1021 1021 353 353 1021 1021 351 351 1023 1023 349 349 1023 1023 351 351 1023 1023 349 349 1025 1025 347 347 1025 1025 349 349 1025 1025 347 347 1027 1027 345 345 1027 1027 347 347 1027 1027 345 345 1029 1029 343 343 1029 1029 345 345 1029 1029 343 343 1031 1031 341 341 1031 1031 343 343 1031 1031 341 341 1033 1033 339 339 1033 1033 341 341 1033 1033 339 339 1035 1035 337 337 1035 1035 339 339 1035 1035 337 337 1037 1037 335 335 1037 1037 337 337 1037 1037 335 335 1039 1039 333 333 1039 1039 335 335 1039 1039 333 333 1041 1041 331 331 1041 1041 333 333 1041 1041 331 331 1043 1043 329 329 1043 1043 331 331 1043 1043 329 329 1045 1045 327 327 1045 1045 329 329 1045 1045 327 327 1047 1047 137 137 1047 1047 327 327 1047 1047 137 137 1049 1049 136 136 1049 1049 137 137 1049 1049 136 136 1051 1051 140 140 1051 1051 136 136 1051 1051 140 140 1053 1053 139 139 1053 1053 140 140 1053 1053 139 139 1055 1055 143 143 1055 1055 139 139 1055 1055 143 143 1057 1057 142 142 1057 1057 143 143 1057 1057 142 142 1059 1059 149 149 1059 1059 142 142 1059 1059 149 149 1061 1061 148 148 1061 1061 149 149 1061 1061 148 148 1063 1063 146 146 1063 1063 148 148 1063 1063 146 146 1065 1065 145 145 1065 1065 146 146 1065 1065 145 145 1067 1067 324 324 1067 1067 145 145 1067 1067 324 324 1069 1069 323 323 1069 1069 324 324 1069 1069 323 323 1071 1071 454 454 1071 1071 323 323 1071 1071 454 454 1073 1073 304 304 1073 1073 454 454 1073 1073 304 304 1075 1075 152 152 1075 1075 304 304 1075 1075 152 152 1077 1077 151 151 1077 1077 152 152 1077 1077 151 151 1079 1079 155 155 1079 1079 151 151 1079 1079 155 155 1081 1081 154 154 1081 1081 155 155 1081 1081 154 154 1083 1083 309 309 1083 1083 154 154 1083 1083 309 309 1085 1085 302 302 1085 1085 309 309 1085 1085 302 302 1087 1087 158 158 1087 1087 302 302 1087 1087 158 158 1089 1089 157 157 1089 1089 158 158 1089 1089 157 157 1091 1091 445 445 1091 1091 157 157 1091 1091 445 445 1093 1093 422 422 1093 1093 445 445 1093 1093 422 422 1095 1095 421 421 1095 1095 422 422 1095 1095 421 421 1097 1097 409 409 1097 1097 421 421 1097 1097 409 409 987 987 408 408 987 987 409 409</p>
        </triangles>
      </mesh>
    </geometry>
  </library_geometries>
  <library_materials>
    <material id="3de4f22c7a8d4bb8a43371ca7fe67b70" name="defaultmaterial">
      <instance_effect url="#e32af595458f4debb69ab6271b218d16"/>
    </material>
  </library_materials>
  <library_visual_scenes>
    <visual_scene id="scene">
      <node id="node0" name="node0">
        <instance_geometry url="#8f0636e249e1456a9bbd58bde88dc04c">
          <bind_material>
            <technique_common>
              <instance_material symbol="material0" target="#3de4f22c7a8d4bb8a43371ca7fe67b70"/>
            </technique_common>
          </bind_material>
        </instance_geometry>
      </node>
    </visual_scene>
  </library_visual_scenes>
  <scene>
    <instance_visual_scene url="#scene"/>
  </scene>
</COLLADA>
