<COLLADA xmlns="http://www.collada.org/2005/11/COLLADASchema" version="1.4.1">
  <asset>
    <created>2026-09-27T19:05:54.541250</created>
    <modified>2026-09-27T19:05:54.541250</modified>
    <up_axis>Y_UP</up_axis>
  </asset>
  <library_effects>
    <effect id="4e8e0adc1c524424ad89675240934f1d" name="4e8e0adc1c524424ad89675240934f1d">
      <profile_COMMON>
        <technique sid="common">
          <phong>
            <emission>
              <color>0.0 0.0 0.0 1.0</color>
            </emission>
            <ambient>
              <color>0.0 0.0 0.0 1.0</color>
            </ambient>
            <diffuse>
              <color>0.8941176470588236 0.8941176470588236 0.8941176470588236 1.0</color>
            </diffuse>
            <specular>
              <color>0.0 0.0 0.0 1.0</color>
            </specular>
            <shininess>
              <float>0.0</float>
            </shininess>
            <reflective>
              <color>0.0 0.0 0.0 1.0</color>
            </reflective>
            <reflectivity>
              <float>0.0</float>
            </reflectivity>
            <transparent>
              <color>0.0 0.0 0.0 1.0</color>
            </transparent>
            <transparency>
              <float>1.0</float>
            </transparency>
          </phong>
        </technique>
        <extra>
          <technique profile="GOOGLEEARTH">
            <double_sided>0</double_sided>
          </technique>
        </extra>
      </profile_COMMON>
    </effect>
  </library_effects>
  <library_geometries>
    <geometry id="3e2eb6074e0140269cea721b5d42ba25" name="400c054505bb46bfb836c7f5a24931c3">
      <mesh>
        <source id="verts-array">
          <float_array count="4398" id="verts-array-array">0.003560084 0.02892421 -0.006143912 0.003297566 0.03086786 -0.006286965 0.003645421 0.03085905 -0.006271732 0.006106419 0.0133703 -0.004261392 0.005961377 0.01337161 -0.004522565 0.005741885 0.01531373 -0.004711956 0.006604244 0.009487855 -0.003526311 0.006425528 0.01142855 -0.00375621 0.006651843 0.01142852 -0.003131273 0.007110706 0.009494168 -0.0014417 0.007188135 0.00755693 -0.001120569 0.007069724 0.007552984 -0.001873934 0.004237858 0.0135081 0.005396185 0.003936143 0.01157977 0.00562532 0.004576821 0.01156126 0.005408902 -0.002363858 0.01174964 0.006446268 -0.002717081 0.01175804 0.006371307 -0.003695657 0.007908015 0.00650312 0.007356854 0.001731543 -0.001805989 0.007319126 0.001725079 -0.002606744 0.007140411 0.003665773 -0.002836643 -0.00581187 0.013746 0.003144399 -0.005571114 0.01568016 0.00337349 -0.005842864 0.01568153 0.002767382 -0.006052625 0.01181185 0.002915308 -0.00582631 0.01181183 0.003540245 -0.007256996 0.004043788 -0.002057769 -0.007016805 0.007920362 -0.001378394 -0.007044186 0.007913684 -0.002173496 -0.007230505 0.004050755 -0.001233898 -0.007192117 0.004057411 -0.0004106927 -0.006887048 0.007931705 0.0002030527 -0.006788431 0.007936347 0.0009765389 -0.006963833 0.007926373 -0.0005840848 -0.007256421 0.002141088 0.001769862 -0.007218694 0.002147552 0.002570617 -0.006940221 0.004080407 0.002764549 -0.003538883 0.01360582 -0.005648118 -0.003336925 0.0116606 -0.005841285 -0.003977603 0.01167911 -0.005624868 -0.000909795 0.009653911 -0.00648317 -0.0006035756 0.00770684 -0.006586466 -0.001397608 0.007728268 -0.006481041 0.004185311 0.01534194 -0.005991663 0.004473106 0.01533589 -0.00584453 0.005142094 0.01144324 -0.005733842 0.005060326 0.01338471 -0.005610604 0.004741207 0.01533046 -0.005685793 0.004986785 0.01532571 -0.005515862 0.005490053 0.01337731 -0.005215748 0.005773404 0.0114329 -0.005096709 0.005591085 0.01143549 -0.005323042 -0.001121685 0.005781732 -0.006610742 -0.0008457645 0.003835196 -0.006740444 -0.00169403 0.003857599 -0.00668043 -0.0005698431 0.00188866 -0.006870146 -0.0002939216 -5.787665e-05 -0.006999848 -0.00121172 -3.424224e-05 -0.007000067 0.002548993 0.003746322 -0.006896326 0.003289697 -0.0001501591 -0.006998991 0.002418826 -0.0001277331 -0.006999199 0.00171202 0.003768102 -0.006872057 0.001527581 -0.0001047825 -0.006999412 0.007313193 -0.0002355351 -0.005034334 0.00729419 -0.0002355101 -0.005084346 0.006655941 0.003655983 -0.005234705 -0.002932529 0.03113791 0.005516546 -0.003041522 0.03114037 0.005479482 -0.003598478 0.02727466 0.005091639 -0.004927402 0.02528384 -0.00425862 -0.005108117 0.02722868 -0.004047708 -0.004952629 0.02722237 -0.00429595 0.003476052 0.02505127 -0.005997905 0.003778196 0.02310616 -0.0059015 0.003135139 0.0231212 -0.006065927 -0.005264516 0.0195505 0.003566042 -0.005089594 0.01954846 0.003831663 -0.004608073 0.02341677 0.004289845 -0.004686348 0.01567019 0.004753492 -0.004598977 0.01566887 0.004854639 -0.004236702 0.01759877 0.004961724 -0.004623893 0.01760517 0.004577488 -0.004943153 0.01567374 0.004424055 -0.004772899 0.01567143 0.004647946 -0.005954762 0.01756713 -0.003209834 -0.005918289 0.01950772 -0.002854027 -0.005792121 0.01950171 -0.003151914 -0.006031841 0.01951358 -0.002538928 -0.003335145 0.02329208 -0.005607694 -0.003053359 0.02328341 -0.00576013 -0.002747135 0.02133634 -0.005863426 -0.004746677 0.023339 -0.004469521 -0.004548703 0.02333193 -0.004682284 -0.004346745 0.02138671 -0.004875451 -0.003602962 0.02136257 -0.00541236 -0.003329062 0.02135402 -0.005573118 -0.003053139 0.01940749 -0.005702819 -0.003890511 0.01943336 -0.005239 -0.00362327 0.01942496 -0.005401889 -0.003382115 0.01747904 -0.005561708 0.005265813 0.02694864 -0.005434248 0.004995753 0.0269541 -0.005595346 0.004638311 0.03083549 -0.006055124 0.004529318 0.03083795 -0.006092189 0.006528915 0.03079992 -0.004642363 0.006653453 0.03079839 -0.004461171 0.006759008 0.02692559 -0.003775482 0.004367746 0.02503042 -0.005770772 0.004126971 0.02697329 -0.005937759 0.004424902 0.02696645 -0.005848321 0.005311303 0.02113587 -0.005102752 0.005510082 0.01919448 -0.004892407 0.005302891 0.01919797 -0.005090748 0.007342514 0.0153311 0.001597675 0.007383301 0.01532661 0.001227711 0.00727878 0.0172706 0.001557785 0.005821858 0.0153964 0.00441304 0.006036487 0.01538931 0.004244668 0.00619396 0.0173203 0.003901764 0.006176231 0.02701308 0.004030822 0.006349904 0.02700639 0.003792244 0.006953344 0.03086305 0.003333974 0.006899897 0.0289233 0.003021742 0.007158016 0.03085242 0.002756498 0.007066346 0.03085751 0.003050254 -0.00137472 0.02916082 0.00565105 -0.002063052 0.02917811 0.005604237 -0.002425327 0.02724822 0.005497152 0.004532906 0.02318958 0.005175923 0.00425112 0.02319826 0.005328359 0.003845139 0.02127178 0.005467622 0.004700965 0.02124555 0.005016556 0.004427066 0.0212541 0.005177314 0.004051386 0.01932708 0.005342983 0.004888758 0.01930121 0.004879164 0.004621517 0.01930961 0.005042053 0.004280604 0.01738198 0.005237839 -0.002621577 0.01756517 0.005822784 -0.00308168 0.01563894 0.005838629 -0.002430596 0.0156243 0.006068715 -0.003386579 0.01564554 0.005703762 -0.00440796 0.01566574 0.005046876 -0.004024852 0.01759487 0.005129948 -0.003874427 0.01952866 0.00506881 -0.001017734 0.01559043 0.006339111 -0.0002729769 0.01557135 0.006350299 0.0006928001 0.01942143 0.006188214 -0.001701372 0.02141762 0.005791092 -0.002161475 0.0194914 0.005806938 -0.001473083 0.01947527 0.005979555 -0.001951839 0.01754979 0.006024135 -0.001249212 0.01753308 0.006173597 -0.001738505 0.01560807 0.006239493 -0.001381463 0.01559943 0.006299476 -0.002685826 0.02144042 0.005515528 -0.003384249 0.01951863 0.005348845 -0.003104712 0.01951262 0.005476316 -0.003786151 0.0175902 0.005288398 -0.003523588 0.01758481 0.005437104 -0.004188053 0.01566176 0.005227961 -0.003942474 0.01565701 0.005397893 -0.001937379 0.02336047 0.005634156 -0.00237163 0.02143325 0.005614779 -0.002805881 0.01950603 0.005595393 -0.003240122 0.0175788 0.005576016 -0.00124127 0.02334385 0.005775246 -0.0009943265 0.02140075 0.005934975 -0.0005155702 0.02332623 0.005890395 -0.0007599293 0.01945809 0.00610769 0.0004718555 0.01555171 0.006300449 0.001207126 0.01553187 0.006202729 0.002113448 0.01938313 0.006003651 0.00192754 0.01551201 0.006062888 0.005867419 0.02120684 0.004082705 0.005609299 0.01927772 0.004347939 0.005819579 0.01927055 0.004158757 0.00535118 0.01734861 0.004613182 0.005584952 0.01734101 0.004442925 0.00509306 0.01541949 0.004878426 0.005350335 0.01541146 0.004727094 0.002359341 0.01743803 0.005945839 0.002791153 0.01936405 0.005828791 0.002566603 0.02130876 0.005904118 0.003222955 0.02129007 0.005711753 0.001412075 0.01940233 0.006125848 0.002352289 0.02325294 0.005951248 0.004962429 0.02123724 0.004846266 0.005210626 0.02122918 0.004667083 0.005444749 0.02122141 0.004479647 0.004802737 0.02318111 0.005011644 0.005059821 0.02317286 0.004836263 0.005303341 0.02316486 0.004650479 0.005746464 0.02314974 0.004250513 0.005532495 0.02315715 0.004454993 0.006125538 0.02313596 0.003817462 0.006054197 0.0212001 0.003874589 0.006013455 0.01926376 0.003964602 0.0058035 0.01733376 0.004268205 0.005593534 0.01540376 0.004571798 -0.003641744 0.019524 0.005213009 -0.003258626 0.02145313 0.005296081 -0.003512152 0.02145855 0.005175895 -0.002875518 0.02338226 0.005379142 -0.003149877 0.02338844 0.005282981 -0.0024924 0.02531139 0.005462214 -0.001776632 0.02723238 0.005590613 -0.002178534 0.02530394 0.005530166 -0.002580436 0.02337551 0.005469729 -0.002982347 0.02144707 0.005409282 0.0002186474 0.02330812 0.005975876 0.001197222 0.02715815 0.005844063 0.0004419446 0.0271772 0.005801224 -3.626923e-05 0.01944015 0.00618244 0.0009451995 0.02328987 0.006025768 0.00192667 0.02713959 0.005869096 -0.0006346254 0.02914214 0.005692305 -0.002787602 0.02531833 0.005390066 -0.0002003783 0.03106936 0.005711681 -0.0009728182 0.03108925 0.005711497 -0.001700777 0.031108 0.005711323 0.001658579 0.0232715 0.006026129 0.002624349 0.02712158 0.005864043 0.002417403 0.02906445 0.00579076 0.0009207019 0.02910268 0.005756644 -0.0003210745 0.02719631 0.005743564 -0.000781177 0.02527008 0.00575941 -0.001503128 0.02528769 0.005653542 -0.001068877 0.02721492 0.005672918 0.0001390301 0.02912254 0.005727718 0.001399458 0.03102816 0.005712064 0.003958157 0.0232071 0.005468212 0.003654757 0.02321609 0.005594704 0.003341711 0.02322519 0.005707085 0.003019768 0.02323439 0.005804574 0.003614051 0.02709457 0.005700897 0.003292507 0.02710356 0.005776657 0.004517641 0.0309461 0.005522178 0.003924598 0.03096268 0.00566342 0.006819958 0.03086902 0.003606651 0.006678225 0.03087492 0.003849636 0.005985165 0.02702012 0.004258906 0.006666989 0.03087538 0.003867333 0.005777524 0.02702748 0.004475677 0.006495226 0.0308821 0.004115081 0.005554098 0.02703514 0.004680305 0.004832407 0.03093692 0.005406418 0.003926087 0.02708565 0.005605496 0.005085343 0.03092933 0.005290783 0.004227787 0.02707683 0.005491733 0.005381985 0.03092016 0.005126521 0.004518371 0.02706813 0.005360608 0.005617517 0.03091265 0.004971044 0.004797059 0.02705958 0.005213021 0.005875041 0.03090417 0.004771325 0.00506308 0.02705121 0.005049842 0.006097448 0.03089656 0.004569037 0.005315687 0.02704305 0.00487198 0.006297531 0.03088945 0.004357983 0.006305459 0.03088916 0.004348966 0.003590129 0.03097165 0.005701968 0.006005962 0.01732688 0.004089581 0.006190067 0.01925736 0.003766133 0.006223421 0.02119376 0.003661009 0.006288824 0.02312964 0.003590421 0.006383658 0.02506507 0.003552218 0.00622492 0.02507137 0.00379088 0.006505392 0.02700009 0.003544001 0.006974997 0.03086203 0.003284222 0.006506092 0.01924515 0.003326697 0.006351433 0.01925128 0.00355886 0.0063744 0.01731365 0.003686057 0.006242709 0.01538215 0.004045426 0.006853252 0.01729389 0.002885966 0.006790367 0.01923286 0.002792078 0.006621743 0.01536787 0.003559258 0.006653023 0.01923898 0.003070353 0.006545823 0.01730698 0.003443208 0.006438614 0.01537498 0.003816063 0.006941367 0.01535421 0.00297428 0.007074043 0.0153478 0.002651625 0.007101819 0.01728158 0.002250413 0.007186236 0.01534176 0.002312667 0.007276286 0.01533617 0.001960363 0.006374171 0.02118785 0.003442674 0.006433376 0.02312376 0.003357415 0.006523451 0.02505919 0.003306253 0.006641777 0.02699419 0.003286985 0.006760223 0.02117098 0.002697509 0.006637783 0.02117664 0.002967328 0.006508896 0.02118227 0.003215966 0.006558275 0.02311833 0.003119225 0.006643341 0.02505375 0.003053822 0.006758069 0.02698873 0.003022084 0.006641597 0.01530594 -0.003055282 0.006534557 0.01724418 -0.003350622 0.006800979 0.01724312 -0.002726215 0.007162074 0.01918134 -0.001725188 0.007022875 0.01724358 -0.00206128 0.007073234 0.01918044 -0.002068555 0.006970108 0.01917998 -0.002404125 0.007183657 0.02305364 -0.002112409 0.0072945 0.01918448 -0.001019578 0.007253834 0.02305501 -0.001770887 0.007362948 0.01918943 -0.0002969067 0.00672355 0.01918036 -0.003047346 0.006581377 0.01918118 -0.003352777 0.006398088 0.02305662 -0.003970317 0.006864553 0.02305279 -0.003089804 0.006988302 0.02305254 -0.002773138 0.007094917 0.02305282 -0.002446926 0.005710635 0.01919132 -0.004675778 0.005353194 0.02307271 -0.005135557 0.005903542 0.01918853 -0.004441812 0.005584677 0.02306859 -0.00493803 0.00608784 0.01918611 -0.004191499 0.005805834 0.0230649 -0.004721616 0.006262762 0.01918407 -0.003925878 0.006015744 0.02306167 -0.004487446 0.006427528 0.01918242 -0.003645961 0.006974632 0.02503499 0.001951809 0.007081831 0.02696699 0.001578954 0.006901166 0.02503964 0.002248598 0.006981305 0.02697523 0.002187254 0.006823832 0.02504424 0.002530158 0.006926483 0.02697929 0.002472318 0.007286263 0.02307387 0.0003500519 0.007291252 0.02694271 -0.0004551043 0.007240689 0.02695051 0.0002443435 0.007157361 0.02114915 0.001447987 0.007283769 0.02113944 0.0007526306 0.007185137 0.02308294 0.001046775 0.007212913 0.02501672 0.0006455571 0.007308986 0.02692932 -0.001847824 0.007339766 0.02306588 -0.0003618626 0.007335967 0.02305938 -0.001072364 0.007361538 0.01919624 0.0004329225 0.007232956 0.02889164 0.0005352935 0.007189041 0.028899 0.001206109 0.007138767 0.02890622 0.00184435 0.007110587 0.02890977 0.00214887 0.007063262 0.02891375 0.002446636 0.007268464 0.02888429 -0.0001568702 0.007169672 0.02695868 0.0009270731 0.007106388 0.02502572 0.001318848 0.007043104 0.02309276 0.001710632 0.007227323 0.03084782 0.002453748 0.007283205 0.03084251 0.002037129 0.00729624 0.03083917 0.001713646 0.00729624 0.0308372 0.001501455 0.00697982 0.0211598 0.002102407 0.007030088 0.01922099 0.002179092 0.006916536 0.01922685 0.002494191 0.007282005 0.03079927 -0.00262328 0.00729624 0.03080203 -0.002286181 0.00729624 0.03080514 -0.001951436 0.007318003 0.02693551 -0.001156649 0.007307122 0.02887033 -0.001554044 0.00729624 0.03081808 -0.0005580828 0.00729624 0.03082459 0.000143514 0.00729624 0.030831 0.0008332542 0.006568691 0.02305484 -0.003689608 0.006214789 0.02693206 -0.004587848 0.006413833 0.02692931 -0.004331871 0.006853337 0.01917996 -0.002730759 0.00672443 0.02305355 -0.003395704 0.006595532 0.02692715 -0.004060649 0.00690338 0.02692464 -0.003477721 0.007027769 0.0269243 -0.003168674 0.007131295 0.0269246 -0.002849683 0.007213168 0.02692553 -0.002522208 0.004863896 0.02308221 -0.005469539 0.004644404 0.02502433 -0.00565893 0.004913755 0.02501865 -0.005523432 0.004608531 0.02308754 -0.005603785 0.004849306 0.02114467 -0.005436798 0.004714976 0.02696005 -0.005733777 0.005523838 0.02694369 -0.005251734 0.005768727 0.02693927 -0.005049004 0.006213469 0.0230589 -0.00423663 0.0059994 0.02693538 -0.004827309 0.00566713 0.03081407 -0.005508422 0.005785331 0.03081186 -0.005417978 0.004317428 0.03084283 -0.006154457 0.003985918 0.03085069 -0.006227113 0.003902146 0.03085272 -0.006240862 0.004946949 0.0308287 -0.005930476 0.005122801 0.03082496 -0.005845538 0.005241831 0.03082248 -0.005781842 0.005521709 0.03081687 -0.005610572 0.006258964 0.03080379 -0.004974133 0.006148871 0.03080554 -0.005090765 0.0060315 0.0308075 -0.005205388 0.006859285 0.0307964 -0.004104417 0.006960612 0.03079578 -0.003890422 0.007100145 0.0307956 -0.003523465 0.007172491 0.03079605 -0.003273518 0.007246337 0.03079747 -0.002915966 0.003822602 0.02698055 -0.006000859 0.00408512 0.02503689 -0.005857805 0.004347638 0.02309323 -0.005714752 0.004610155 0.02114957 -0.005571699 0.004872673 0.01920591 -0.005428646 0.006874675 0.02116535 0.002408488 0.006867432 0.02310299 0.002324654 0.006769475 0.02310814 0.002607968 0.006666369 0.02311326 0.002873062 0.006742379 0.02504881 0.002795767 0.006853297 0.02698375 0.002750229 0.006992696 0.02891828 0.002737916 0.007179249 0.03085111 0.002674497 0.003229328 0.01536317 -0.006356616 0.002850329 0.01731123 -0.006348003 0.003520067 0.01729586 -0.006146652 0.003804128 0.01922854 -0.005955229 0.004138612 0.01728222 -0.005899885 0.003837052 0.01728879 -0.006028631 0.002471329 0.0192593 -0.006339391 0.002147702 0.01732794 -0.006497465 0.003159721 0.01924317 -0.006166774 -0.002134689 0.0174422 -0.006070007 -0.001460852 0.01742299 -0.006269708 -0.001828465 0.01549513 -0.006173303 -0.001128807 0.01547546 -0.006350788 -0.001522242 0.01354805 -0.006276589 0.0003268768 0.01543576 -0.00658835 -0.0004138281 0.01933224 -0.006485685 0.001071709 0.01541612 -0.0066382 0.0003054465 0.01931314 -0.00654805 0.001816466 0.01539704 -0.006627012 0.001034516 0.01929442 -0.006542276 0.001758176 0.01927648 -0.006467526 0.004080351 0.02116105 -0.005805086 0.004382496 0.01921594 -0.005708681 0.003783829 0.0211677 -0.005911332 0.004102958 0.01922195 -0.005836152 0.003469634 0.02117487 -0.006010583 0.002799376 0.02119049 -0.006186896 0.001713331 0.02315543 -0.006322166 0.00209233 0.02120737 -0.006330778 -0.001154528 0.02322873 -0.006383019 -0.001115202 0.01935144 -0.006363487 -0.001468599 0.02129936 -0.006299921 -0.001792907 0.01937052 -0.006188627 -0.002124952 0.02131805 -0.006107557 -0.002760396 0.02327457 -0.005899984 -0.002440912 0.01938927 -0.005966712 -0.002456997 0.02326558 -0.006026476 -0.00214395 0.02325647 -0.006138856 -0.001822007 0.02324728 -0.006236345 -0.003864425 0.02137088 -0.00524207 -0.004112623 0.02137894 -0.005062887 -0.003604976 0.02330056 -0.005443416 -0.003862061 0.02330881 -0.005268035 -0.00410558 0.0233168 -0.005082251 -0.004334734 0.02332452 -0.004886764 -0.006380291 0.01759043 -0.001881653 -0.00620333 0.01757944 -0.002574281 -0.006387504 0.01564571 -0.002600567 -0.006477554 0.0156513 -0.002248264 -0.006543782 0.01565637 -0.001885575 -0.006584568 0.01566086 -0.001515611 -0.005636068 0.01761684 0.003026753 -0.005902489 0.0176179 0.002402346 -0.006163828 0.01955323 0.001365352 -0.006124386 0.01761744 0.001737412 -0.006074987 0.01955413 0.001708719 -0.005971861 0.01955459 0.002044289 -0.005487777 0.01761575 0.003321226 -0.005330349 0.01761431 0.003602572 -0.005269354 0.01567754 0.003928089 -0.005108908 0.01567578 0.004183826 -0.004810372 0.01760794 0.004358203 -0.004990872 0.01761039 0.00412201 -0.004511835 0.01954009 0.004532571 -0.004712389 0.01954325 0.004315942 -0.004334999 0.01760047 0.004872735 -0.004432367 0.01760211 0.004778966 -0.004304644 0.0195366 0.004730912 -0.005881816 0.02144832 -0.00249821 -0.006059357 0.02145896 -0.001843791 -0.005845343 0.02338891 -0.002142404 -0.005669671 0.02337868 -0.002756425 -0.005776671 0.02144277 -0.002804292 -0.005662219 0.02143713 -0.003093312 -0.005654776 0.01949559 -0.003430189 -0.006363292 0.01953833 -0.0007927586 -0.006185765 0.02146868 -0.001148434 -0.006283028 0.01952955 -0.001515042 -0.006131348 0.0195192 -0.002209036 -0.006087238 0.01757342 -0.002900549 -0.005725303 0.01955421 0.00268751 -0.00558313 0.01955339 0.002992941 -0.005200327 0.02342504 0.003538546 -0.005666792 0.02342888 0.002658032 -0.005790541 0.02342913 0.002341366 -0.005429281 0.01955215 0.003286125 -0.004817984 0.02342 0.004055675 -0.004155433 0.02340896 0.004703785 -0.004213299 0.02147225 0.004706948 -0.003983641 0.01953076 0.004991987 -0.003632292 0.02146104 0.005111229 -0.004091835 0.01953278 0.004909985 -0.003751302 0.02146345 0.005040994 -0.003985395 0.02146803 0.004884335 -0.003666136 0.02339946 0.005037768 -0.003914773 0.02340441 0.004881325 -0.003616237 0.02533656 0.005055692 -0.005897156 0.02342885 0.002015155 -0.005985897 0.02342802 0.001680638 -0.006296254 0.01955009 0.0006597418 -0.006056073 0.02342666 0.001339116 -0.006364701 0.01954514 -6.292937e-05 -0.006138206 0.02342229 0.0006405923 0.004422078 0.01727621 -0.005760973 0.004684641 0.01727083 -0.005612266 0.00463999 0.01921057 -0.005572845 0.004356629 0.02115499 -0.005691885 0.004073278 0.0230994 -0.005810914 0.003789917 0.02504382 -0.005929953 0.00243903 0.02313781 -0.006207017 0.002078695 0.02508513 -0.006227149 0.002800645 0.02506752 -0.006121281 0.003173907 0.02699639 -0.00609432 0.002466151 0.02701385 -0.006176625 0.001718349 0.02703245 -0.006247271 0.0009553303 0.02705157 -0.006304931 -0.005360794 0.02724003 -0.003525791 -0.005244502 0.02723458 -0.003790692 -0.005225933 0.02529603 -0.003773992 -0.00508614 0.02529015 -0.004019958 -0.005091063 0.02335203 -0.004022192 -0.004927777 0.02334571 -0.004249233 -0.004956193 0.02140802 -0.004270393 -0.004769415 0.02140128 -0.004478509 -0.004821333 0.01946402 -0.004518593 -0.004611053 0.01945685 -0.004707775 -0.002216776 0.02713419 -0.006204604 -0.001895233 0.02712521 -0.006280364 -0.0004608183 0.02321016 -0.0064579 -0.001227074 0.02710719 -0.00636775 0.0002525612 0.0231918 -0.00645754 -0.0005293954 0.02708917 -0.006372803 0.002569607 0.03088661 -0.006287139 0.002871752 0.0289415 -0.006190724 0.001797167 0.0309065 -0.006287324 -0.001700777 0.03099658 -0.00628816 -0.001311346 0.03098655 -0.006288067 -0.0009203707 0.02903786 -0.006330435 0.0001973308 0.0309477 -0.006287706 0.002131657 0.02896017 -0.00623198 0.001358002 0.02897977 -0.006267393 0.0005763301 0.02899963 -0.006296319 0.0002000527 0.02707062 -0.00634777 0.0009791133 0.02317355 -0.006407648 -0.004778957 0.02721568 -0.004534529 -0.005081436 0.03110094 -0.004425279 -0.00458789 0.02720864 -0.004762613 -0.0050702 0.03110049 -0.004442975 -0.004380249 0.02720128 -0.004979384 -0.004898437 0.03109376 -0.004690724 -0.004156823 0.02719363 -0.005184012 -0.005630534 0.03112804 -0.00302939 -0.00558246 0.03112475 -0.003250139 -0.005495664 0.02918404 -0.003277591 -0.005402865 0.02917901 -0.003561416 -0.005561227 0.03112345 -0.003332141 -0.005469557 0.03111836 -0.003625896 -0.005378208 0.03111383 -0.003859864 -0.005356555 0.03111281 -0.003909617 -0.005223169 0.03110685 -0.004182293 -0.003235618 0.03103895 -0.00598206 -0.002528813 0.02714311 -0.006109203 -0.003488554 0.03104653 -0.005866426 -0.002830513 0.02715194 -0.00599544 -0.003785196 0.0310557 -0.005702164 -0.003121096 0.02716064 -0.005864315 -0.004020728 0.03106321 -0.005546687 -0.003399784 0.02716919 -0.005716728 -0.004278252 0.0310717 -0.005346967 -0.003665806 0.02717755 -0.005553549 -0.004500659 0.0310793 -0.005144679 -0.003918412 0.02718571 -0.005375687 -0.004700742 0.03108641 -0.004933626 -0.00470867 0.0310867 -0.004924608 -0.002920852 0.03102977 -0.00609782 -0.002327809 0.03101318 -0.006239062 -0.00199334 0.03100421 -0.006277611 -0.005015209 0.01947081 -0.004324438 -0.00519182 0.01947721 -0.004125969 -0.005125417 0.02141436 -0.004056812 -0.005276167 0.02142027 -0.003838478 -0.005235615 0.02335791 -0.003789187 -0.005360514 0.02336334 -0.003550997 -0.005345824 0.02530146 -0.003521561 -0.005444861 0.02530641 -0.003263506 -0.005456022 0.02724501 -0.003253936 -0.005529208 0.02724948 -0.002976025 -0.00556623 0.02918856 -0.00298631 -0.005353186 0.01948329 -0.003918696 -0.005410892 0.02142585 -0.00361177 -0.005468608 0.02336841 -0.003304833 -0.005526314 0.02531097 -0.002997897 -0.006088503 0.0234078 -0.0007818235 -0.005915395 0.02533849 -0.001113296 -0.005987376 0.02339873 -0.001478546 -0.00580887 0.0253295 -0.001786587 -0.005677114 0.02532023 -0.002419548 -0.005843414 0.02727826 -0.0007480505 -0.005772397 0.02727009 -0.00143078 -0.005684556 0.02726177 -0.002082661 -0.005361733 0.02730318 0.003271775 -0.005506105 0.02730413 0.002974014 -0.005630494 0.02730446 0.002664967 -0.00573402 0.02730417 0.002345976 -0.005815893 0.02730324 0.002018501 -0.002929585 0.02532161 0.005349724 -0.002578226 0.02725189 0.005468976 -0.003070228 0.0253248 0.005303032 -0.002729696 0.02725547 0.005434052 -0.003027627 0.02726231 0.005344614 -0.003280933 0.02339132 0.005230482 -0.00341077 0.02339413 0.005172013 -0.003346886 0.02533088 0.005191191 -0.003317701 0.02726872 0.00523007 -0.005686416 0.03113335 -0.002612772 -0.005613555 0.02919254 -0.002688544 -0.00558403 0.02725353 -0.002690961 -0.005603648 0.02531558 -0.002716338 -0.005571714 0.02337353 -0.00303974 -0.00553978 0.02143148 -0.003363131 -0.005507845 0.01948942 -0.003686533 -0.005475911 0.01754737 -0.004009925 -0.005647334 0.01755404 -0.003767077 -0.005639882 0.0156125 -0.004103964 -0.005823011 0.0156196 -0.003847159 -0.005893977 0.02728605 -4.860269e-05 -0.005771432 0.02921802 -0.0003828046 -0.005735924 0.02921068 -0.001074968 -0.005692009 0.02920332 -0.001745784 -0.005641735 0.0291961 -0.002384024 -0.005699451 0.03113866 -0.002077098 -0.005699451 0.03113669 -0.002289289 -0.005649548 0.03117839 0.002340324 -0.005685216 0.03117659 0.002047638 -0.005911711 0.02729944 0.001344117 -0.005699451 0.03117383 0.001710539 -0.005699451 0.03117072 0.001375793 -0.006142005 0.02341579 -6.990895e-05 -0.005920728 0.02729326 0.0006529417 -0.00581009 0.02923199 0.001014369 -0.005699451 0.03115778 -1.755965e-05 -0.005699451 0.03115127 -0.0007191564 -0.005699451 0.03114486 -0.001408897 -0.004817514 0.0272967 0.004084141 -0.00443471 0.03116836 0.004629745 -0.004552082 0.03117032 0.004515122 -0.00537093 0.02342683 0.003257837 -0.005016558 0.02729945 0.003828164 -0.004662175 0.03117207 0.004398491 -0.00585509 0.01955461 0.002370923 -0.005526669 0.02342811 0.002963932 -0.005198258 0.02730161 0.003556942 -0.004932126 0.03117595 0.004066721 -0.005056664 0.03117747 0.003885529 -0.005262496 0.03117946 0.003528775 -0.005363822 0.03118008 0.00331478 -0.005503356 0.03118027 0.002947822 -0.005575702 0.03117981 0.002697876 -0.004371452 0.0272895 0.004545297 -0.00392492 0.031159 0.00503493 -0.004070341 0.03116179 0.00493278 -0.005015708 0.02342276 0.003804858 -0.004602125 0.02729338 0.004323602 -0.004188542 0.031164 0.004842335 -0.003868538 0.02728012 0.004930541 -0.00335016 0.03114717 0.005354834 -0.003526012 0.03115091 0.005269895 -0.004126563 0.02728507 0.004748027 -0.003645042 0.03115338 0.005206199 -0.002226878 0.02918218 0.005588219 -0.001875519 0.03111246 0.005707461 -0.002389164 0.02918614 0.005565071 -0.002305356 0.03112314 0.00566522 -0.002389129 0.03112517 0.005651471 -0.002720639 0.03113303 0.005578814 0.006799674 0.003655042 -0.004937394 0.007403973 -0.0002351824 -0.004744574 0.006906828 0.003655224 -0.004620572 0.00747354 -0.000233612 -0.004382503 0.007449388 -0.000234435 -0.004538123 0.00648006 0.003657933 -0.005512445 0.007149048 -0.0002347194 -0.005401747 0.007091377 -0.000234201 -0.005505876 0.0067791 -0.0002302552 -0.005947032 0.006525984 -0.000226172 -0.006209311 0.00578474 0.003669279 -0.006219091 0.006385431 -0.0002236769 -0.00633043 0.006400371 0.009487372 -0.004143773 0.006619864 0.007545252 -0.003954382 0.006447781 0.007543964 -0.004570327 0.006710298 0.005600306 -0.004427274 0.006623477 0.005599642 -0.004739611 0.005811082 0.007550586 -0.005623144 0.006336822 0.005601729 -0.005309885 0.006017693 0.007547475 -0.005385065 0.006195384 0.007545266 -0.005130213 0.002963076 0.01149073 -0.006662233 0.003316299 0.01148233 -0.006587272 0.00409536 0.007585263 -0.00664715 0.0044288 0.007577754 -0.006531025 0.005199484 0.003681078 -0.006571566 0.005503334 0.003674769 -0.0064083 0.006261332 -0.0002213639 -0.006425525 0.004136756 -0.0001719719 -0.006998789 0.003370501 0.003725051 -0.006908639 0.004498846 -0.0001812961 -0.006998702 0.003774197 0.003714646 -0.006909502 0.00490906 -0.0001916033 -0.006970995 0.004162328 0.003704913 -0.006881221 0.005401727 -0.0002032576 -0.006859692 0.004528857 0.003696117 -0.006811936 0.005653474 -0.0002088794 -0.006766906 0.004874412 0.003688192 -0.006707028 0.005922454 -0.0002146131 -0.006638377 0.0008634828 0.003790278 -0.006837251 8.871039e-06 0.003812697 -0.006793048 -0.001935185 0.005803519 -0.006520611 -0.002529073 0.003879721 -0.006613952 -0.002731031 0.005824942 -0.006420785 -0.003344143 0.00390138 -0.00654196 -0.003502506 0.005845814 -0.006312685 -0.004133591 0.003922422 -0.006465462 -0.00424379 0.005865971 -0.006197837 0.001808289 0.007642802 -0.00679367 0.002604235 0.007622074 -0.006818489 0.002998144 0.007611908 -0.006820735 0.003380378 0.00760229 -0.006796484 0.003745966 0.007593426 -0.00673708 0.00488185 0.01144823 -0.005917726 0.005578379 0.00755453 -0.00584379 0.006274908 0.003660826 -0.005769853 0.006971437 -0.0002328768 -0.005695917 0.005922745 0.01143128 -0.004856433 0.005660227 0.01337494 -0.004999486 0.005397709 0.0153186 -0.00514254 0.005379445 0.01143897 -0.005535424 0.00528894 0.0133806 -0.005419447 0.005206692 0.01532173 -0.005334777 0.004923341 0.01726615 -0.005453816 0.005135191 0.01726226 -0.005285593 0.005090081 0.01920179 -0.005269821 0.005083398 0.02114009 -0.005280139 0.005112534 0.02307726 -0.005313097 0.005330856 0.01725891 -0.005102834 0.006042475 0.003664622 -0.006005789 0.005043486 0.007564729 -0.006228881 0.005321784 0.00755926 -0.006046033 0.004302232 0.01146018 -0.006238671 0.004601103 0.0114539 -0.006086286 0.00393161 0.01340791 -0.006243566 0.004240758 0.01340122 -0.006106408 0.006056765 0.009488478 -0.004977679 0.00589323 0.009490378 -0.005226628 0.005698574 0.009493222 -0.005460244 0.002537237 0.01537941 -0.006527394 0.002180196 0.01538804 -0.006587377 0.002926763 0.01343087 -0.006557333 0.003608327 0.0134151 -0.006365228 0.003658116 0.01147443 -0.006490484 0.003987326 0.01146703 -0.006373841 0.004745325 0.007570902 -0.006391076 0.003880412 0.01534854 -0.00612653 0.001067581 0.01153928 -0.006691005 0.001837969 0.0115191 -0.006728349 0.002222092 0.01150917 -0.006731977 0.002598427 0.01149967 -0.006711748 0.000199386 0.007685338 -0.0066751 -0.0004647105 0.0115804 -0.006512939 0.001005218 0.007663937 -0.006744915 0.0002984118 0.01155977 -0.006617772 -0.001673532 0.009674804 -0.006351339 -0.00217634 0.00774944 -0.006360792 -0.002417495 0.00969536 -0.006200973 -0.002932999 0.007770163 -0.006227619 -0.003134957 0.009715383 -0.006034452 -0.003660868 0.007790247 -0.006083409 -0.00381923 0.00973468 -0.005854143 -0.004353988 0.00780952 -0.005930201 -0.004464197 0.009753069 -0.005662576 -0.001216018 0.01160098 -0.006379885 -0.000408394 0.01545561 -0.00649063 -0.002777216 0.01746095 -0.005832521 -0.00314096 0.01553312 -0.005721526 -0.002501292 0.01551441 -0.005962233 -0.002899805 0.0135872 -0.005881335 -0.002225369 0.01356788 -0.006091935 -0.00265865 0.01164128 -0.006041154 -0.001949455 0.01162134 -0.006221637 -0.004565962 0.02139416 -0.004680432 -0.004144777 0.01944149 -0.005068618 -0.004385237 0.01944933 -0.004891333 -0.003942819 0.01749627 -0.005261785 -0.004204522 0.01750449 -0.005102244 -0.003740851 0.01555105 -0.005454951 -0.004023797 0.01555965 -0.005313145 -0.004135965 0.01362355 -0.005395592 -0.004416732 0.01363201 -0.005263195 -0.004574395 0.01169662 -0.00539495 -0.004684603 0.01364017 -0.005127325 -0.001452875 0.001911678 -0.006840249 -0.002125148 -1.07204e-05 -0.007000286 -0.002327105 0.0019345 -0.006807119 -0.003027418 1.251415e-05 -0.007000502 -0.003185781 0.001956947 -0.006771226 -0.003913185 3.532369e-05 -0.007000713 -0.004023383 0.001978873 -0.006733088 -0.00434836 4.652998e-05 -0.007000817 -0.004517044 0.003932665 -0.006425846 -0.004685738 0.0078188 -0.005850874 -0.004498171 5.038777e-05 -0.007000853 -0.004776069 5.766357e-05 -0.00698804 -0.00489149 0.003942788 -0.006374167 -0.005040401 6.480953e-05 -0.006951585 -0.005915671 0.003973262 -0.005932891 -0.005946561 9.114961e-05 -0.006628136 -0.006036021 9.393048e-05 -0.006576769 -0.006210073 0.003983001 -0.005700522 -0.006283019 0.0001018202 -0.006412135 -0.006473446 0.0001081488 -0.006258728 -0.006475025 0.003992318 -0.005431947 -0.005188502 6.891226e-05 -0.006920502 -0.005552901 7.932773e-05 -0.006809474 -0.005252371 0.003953015 -0.006273708 -0.005595207 0.003963222 -0.006125256 -0.005316239 0.007837117 -0.005626914 -0.005610102 0.007846314 -0.005451492 -0.005348174 0.009779168 -0.005303513 -0.006585819 0.0001120041 -0.006155199 -0.00685189 0.0001215921 -0.005860575 -0.006707198 0.004001092 -0.005130995 -0.007075566 0.0001303725 -0.005535343 -0.006903553 0.004009207 -0.004801656 -0.007151541 0.000133588 -0.005399757 -0.007255657 0.0001382992 -0.005181151 -0.006563236 0.007880619 -0.004400505 -0.006364232 0.007872633 -0.004708685 -0.006137127 0.007864182 -0.004988898 -0.005884781 0.007855374 -0.005237647 -0.007497177 0.0001990581 0.0006924269 -0.007497177 0.0002069354 0.001540771 -0.007497177 0.0002146974 0.002376695 -0.007497177 0.000222311 0.00319665 -0.007015656 0.004075241 0.001998954 -0.007083593 0.004069675 0.001211161 -0.00729039 0.002134367 0.0009517966 -0.007142804 0.004063726 0.0004062079 -0.007344642 0.002120263 -0.0007175654 -0.007497177 0.0001831162 -0.001024438 -0.007377081 0.0021055 -0.002397457 -0.007497177 0.000167213 -0.002737144 -0.007497177 0.0001593816 -0.003580538 -0.005064628 0.009770475 -0.005453368 -0.005006912 0.007827912 -0.005760305 -0.00516328 0.007832508 -0.005699085 -0.00507391 0.003947894 -0.006330193 -0.004770085 0.009761868 -0.005563393 -0.004854432 0.01170494 -0.005275902 -0.006419273 0.01176015 -0.003670016 -0.006253428 0.01175295 -0.003985432 -0.006064181 0.01174536 -0.004277275 -0.005853891 0.01173749 -0.004542403 -0.005617544 0.00978786 -0.005114605 -0.005624987 0.01172941 -0.004777728 -0.005380108 0.01172122 -0.004980121 -0.005412042 0.01366327 -0.004656719 -0.005180049 0.0136556 -0.004839505 -0.005237755 0.01559816 -0.004532569 -0.005023126 0.01559107 -0.00470094 -0.005122333 0.01171304 -0.005146432 -0.004938779 0.013648 -0.004988421 -0.004794802 0.01558372 -0.004859699 -0.005632439 0.01367095 -0.004440841 -0.005443977 0.01560532 -0.004333327 -0.005295471 0.01754072 -0.004225633 -0.005107473 0.01753414 -0.00441345 -0.00490501 0.01752727 -0.004592074 -0.004551602 0.01557601 -0.005014994 -0.004686463 0.01752001 -0.004766794 -0.004294328 0.01556798 -0.005166326 -0.00445269 0.01751241 -0.00493705 -0.006275311 0.01563967 -0.002939526 -0.006142635 0.01563326 -0.00326218 -0.005991235 0.01562654 -0.003565651 -0.006559517 0.01176688 -0.003334264 -0.00673153 0.007888041 -0.00406796 -0.00667208 0.01177305 -0.002981486 -0.006866605 0.0078948 -0.003714708 -0.006754862 0.01177859 -0.002615021 -0.006965942 0.007900796 -0.003344477 -0.006805845 0.01178339 -0.00223846 -0.007027122 0.00790593 -0.002961308 -0.00682303 0.01178739 -0.00185545 -0.007047745 0.0079101 -0.00256937 -0.006817691 0.01179084 -0.001469976 -0.006776625 0.01179694 -0.0006990132 -0.006697171 0.01180199 6.572585e-05 -0.00627692 0.01568029 0.001430545 -0.006429455 0.01374315 0.001123669 -0.006256862 0.01374528 0.001832019 -0.006434048 0.01180897 0.001546856 -0.006256437 0.01181091 0.002248648 -0.006463234 0.009875602 0.001989276 -0.00629339 0.009877699 0.002686217 -0.006430499 0.01567761 0.0007155375 -0.006581989 0.011806 0.000816798 -0.006611245 0.009872658 0.001261702 -0.006049651 0.01374622 0.00250801 -0.006079676 0.01568159 0.002117183 -0.006104783 0.009878971 0.003346314 -0.00590091 0.009879454 0.003963776 -0.005581661 0.01181088 0.004117209 -0.005453973 0.01181009 0.004385908 -0.005113441 0.01374076 0.004516927 -0.004961252 0.01373898 0.004747554 -0.005262402 0.01374231 0.004270632 -0.005407444 0.01374362 0.004009459 -0.005547827 0.01374468 0.003734167 -0.005423673 0.015679 0.003657683 -0.005164484 0.01761252 0.00386983 -0.004905295 0.01954604 0.004081976 -0.004386917 0.02341308 0.004506258 -0.006598314 0.01566469 -0.001141524 -0.006591196 0.01566799 -0.0007664511 -0.006536444 0.01567351 -1.963517e-05 -0.006772627 0.004089532 0.004212126 -0.006953764 0.003124587 0.004158584 -0.006706638 0.004090956 0.004548478 -0.007134902 0.002159642 0.004105041 -0.007497177 0.0002297515 0.003997955 -0.007472865 0.0002326947 0.004382345 -0.007316039 0.001194697 0.004051498 -0.007448713 0.0002335177 0.004537964 -0.006599484 0.004091138 0.0048653 -0.00627987 0.004088247 0.005440351 -0.007090701 0.0002332837 0.005505718 -0.006074718 0.004085354 0.005697759 -0.006970761 0.0002319594 0.005695758 -0.005842285 0.004081558 0.005933695 -0.006778425 0.0002293378 0.005946873 -0.00558455 0.004076902 0.006146997 -0.007403298 0.0002342651 0.004744416 -0.007312518 0.0002346177 0.005034175 -0.006455752 0.004090197 0.005162611 -0.007293514 0.0002345927 0.005084187 -0.007148372 0.000233802 0.005401588 -0.006260656 0.0002204466 0.006425366 -0.005303144 0.004071411 0.006336206 -0.006384755 0.0002227595 0.006330271 -0.006525309 0.0002252546 0.006209153 -0.006036875 0.006018 0.005201823 -0.006197582 0.006019575 0.004925746 -0.00632353 0.006020087 0.004631549 -0.006410352 0.006019423 0.004319212 -0.006816112 0.0040874 0.003861831 -0.007018293 0.003119454 0.00342679 -0.007177927 0.00215374 0.003350073 -0.007337552 0.001188025 0.003273367 -0.00579568 0.007948012 0.004986183 -0.005940412 0.007949218 0.004714611 -0.006048077 0.007949313 0.004426297 -0.00647557 0.006018072 0.00399285 -0.006858668 0.004085168 0.003503496 -0.004345621 0.007922376 0.006247046 -0.004643782 0.007928548 0.006084852 -0.00492208 0.007934018 0.005902003 -0.005178675 0.007938748 0.00569976 -0.005411378 0.007942692 0.005479114 -0.005617989 0.007945802 0.005241035 0.004060572 0.007703031 0.005939379 0.003332703 0.007723115 0.006083589 0.003030978 0.005794787 0.006312723 0.002235132 0.00581621 0.006412549 0.00189422 0.003888581 0.006608335 0.001045954 0.003910984 0.00666835 0.0006702758 0.001983972 0.00683402 -0.000663293 0.003955902 0.006765157 -0.001095094 0.002029884 0.006882205 0.000200318 0.00780794 0.006531071 -0.0002314871 0.005881921 0.006648119 0.00100328 0.007786438 0.006442436 0.0005972991 0.00585996 0.00658169 0.001797312 0.00776501 0.006337011 0.001421632 0.005837997 0.00650268 0.002576044 0.007743838 0.006216762 -0.001511831 0.003978078 0.006799963 -0.000605514 0.007829341 0.006600885 -0.002348803 0.003999858 0.006824232 -0.001408585 0.007850475 0.006649641 -0.003170311 0.004021129 0.006836545 -0.002204531 0.007871204 0.006674459 -0.003574007 0.004031534 0.006837408 -0.00259844 0.007881369 0.006676705 -0.003962138 0.004041267 0.006809126 -0.002980674 0.007890988 0.006652455 -0.004328667 0.004050063 0.006739842 -0.003346262 0.007899852 0.00659305 -0.004674222 0.004057988 0.006634934 0.003028094 -1.34315e-05 0.007000343 0.00391386 -3.624104e-05 0.007000555 0.004123816 0.001893759 0.006696961 0.004349036 -4.744733e-05 0.007000659 0.004717234 0.003813515 0.006353751 0.002125823 9.803046e-06 0.007000127 0.003286214 0.001915684 0.006735099 0.004333781 0.003823758 0.006393368 0.006410263 0.003763179 0.005628428 0.00611586 0.003772919 0.005860797 0.006036697 -9.484784e-05 0.006576611 0.004498846 -5.130513e-05 0.007000695 0.004776744 -5.858092e-05 0.006987882 0.00509168 0.003803392 0.006302073 0.005041077 -6.572688e-05 0.006951426 0.00545256 0.003793165 0.006201614 0.005189178 -6.982961e-05 0.006920343 0.005795397 0.003782958 0.006053162 0.005553577 -8.024508e-05 0.006809315 0.005947236 -9.206696e-05 0.006627977 0.007103743 0.003736973 0.004729562 0.007152217 -0.0001345054 0.005399598 0.007261321 0.00372963 0.004375835 0.007256332 -0.0001392166 0.005180992 0.007377212 0.003723173 0.004001829 0.007364006 -0.0001447125 0.004887741 0.007448589 0.003717716 0.003612063 0.007478339 -0.0001527129 0.004343242 0.007472651 0.003713374 0.003211196 0.007497852 -0.0001563883 0.004001541 0.007470871 0.003709647 0.002804923 0.006283695 -0.0001027376 0.006411977 0.006474122 -0.0001090662 0.006258569 0.006675215 0.003753862 0.005359853 0.006586494 -0.0001129215 0.00615504 0.006907388 0.003745088 0.005058901 0.006852566 -0.0001225095 0.005860416 0.007076242 -0.0001312898 0.005535184 0.007445075 0.001752368 0.0006814389 0.007430695 0.003695425 0.001161804 0.007477514 0.001767131 0.00236133 0.007457186 0.003702393 0.001985675 0.007497852 -0.0002156147 -0.002376854 0.007497852 -0.0002078528 -0.00154093 0.007497852 -0.0001999755 -0.0006925857 0.006961685 0.005606467 -0.003066532 0.007058858 0.003661012 -0.003575591 0.00727836 0.001718892 -0.0033862 0.007497852 -0.0002232284 -0.003196809 0.0002945972 5.695929e-05 0.006999689 0.001212396 3.332488e-05 0.006999909 0.001553308 0.001960953 0.006804122 0.002427538 0.001938131 0.006770993 0.002729263 0.003866459 0.006541858 0.003544333 0.0038448 0.006469866 0.003802453 0.005773915 0.006204623 0.004543737 0.005753758 0.006089775 0.004753692 0.007683758 0.005786172 0.005085442 0.007674478 0.005706844 0.005584252 0.005724663 0.005842244 0.005249143 0.005734379 0.005959179 0.005406616 0.007665365 0.005616275 0.007392307 0.003688769 0.0003385985 0.007342994 0.003682454 -0.0004783021 0.007497852 -0.000160299 0.003580379 0.007497852 -0.0001681303 0.002736985 0.007497852 -0.0001840336 0.001024279 0.007390823 0.001738264 -0.0009879231 0.007215846 0.003670939 -0.002071048 0.007074848 0.005610335 -0.002336097 0.006933849 0.007549731 -0.002601156 0.007283783 0.003676505 -0.001283256 0.007176754 0.005614745 -0.001578595 0.007363537 0.007566904 0.0004400551 0.007416509 0.007572916 0.001234364 0.00744389 0.007579593 0.002029467 0.007447449 0.007583178 0.002425341 0.007426826 0.007587348 0.002817279 0.007365646 0.007592482 0.003200448 0.007266309 0.007598478 0.003570678 0.007131234 0.007605236 0.00392393 0.00696294 0.007612658 0.004256476 0.006763936 0.007620645 0.004564655 0.006536831 0.007629096 0.004844868 0.006284485 0.007637904 0.005093617 0.006009806 0.007646964 0.005307463 0.005715943 0.007656161 0.005482885 0.006792851 0.009489127 -0.002866214 0.006782969 0.007547161 -0.003296422 0.006839366 0.005603132 -0.003764991 0.006972816 0.003656648 -0.004284221 0.007235334 0.001712989 -0.004141167 0.007497852 -0.0002306689 -0.003998114 -0.001526906 0.0001038652 0.006999254 -0.003289022 0.0001492417 0.006998832 -0.004136081 0.0001710545 0.00699863 -0.004498171 0.0001803788 0.006998543 -0.004908385 0.0001906859 0.006970836 -0.005401051 0.0002023403 0.006859533 -0.005652798 0.000207962 0.006766747 -0.005921779 0.0002136958 0.006638218 -0.006876807 0.006004984 0.001470533 -0.00667002 0.007940293 0.001729905 -0.006774901 0.006009394 0.002228035 -0.006534145 0.007943546 0.002457126 -0.006661738 0.006013262 0.00295847 -0.006383265 0.007946117 0.003152392 -0.006539419 0.006016597 0.003656929 -0.00622016 0.007948026 0.003810353 -0.006135038 0.007948745 0.004123869 -0.005794506 0.009879417 0.004254889 -0.005685802 0.009879204 0.004533383 -0.005323527 0.01180909 0.004640468 -0.005557304 0.009878349 0.004797682 -0.005174186 0.01180748 0.004880743 -0.005393768 0.009876449 0.00504663 -0.004991867 0.01180489 0.005107077 -0.005199113 0.009873605 0.005280247 -0.004780227 0.01180141 0.005319459 -0.004542875 0.01179714 0.005517877 -0.003388108 0.01177334 0.006157875 -0.003703014 0.0117802 0.006022706 -0.004001885 0.01178648 0.005870321 -0.004282632 0.01179214 0.005701761 0.001063929 0.01165998 0.006296974 0.0003008063 0.0116806 0.006401807 -0.0004683633 0.01170109 0.00647504 -0.001238751 0.01172128 0.006512384 -0.001622874 0.0117312 0.006516012 -0.001999209 0.01174071 0.006495783 -0.004791078 0.01373661 0.004963815 -0.004589965 0.01373332 0.005167514 -0.004361351 0.01372921 0.005358671 -0.003674373 0.01565158 0.00555663 -0.002938562 0.01757223 0.005704763 -0.004999294 0.004065102 0.006499472 -0.004029096 0.007915524 0.006386995 -0.003058897 0.01176595 0.006274519 -0.002909352 0.01369882 0.006113295 -0.003232635 0.01370602 0.005991633 -0.003541782 0.01371271 0.005854475 -0.002227788 0.01368305 0.0063054 -0.007497177 0.000155471 -0.0040017 -0.007477663 0.0001517956 -0.0043434 -0.007363331 0.0001437952 -0.0048879 0.003439159 0.0193453 0.005606876 0.003033178 0.01741882 0.005746139 0.002627198 0.01549235 0.005885402 0.002221217 0.01356587 0.006024656 0.001815237 0.01163939 0.006163919 0.003675705 0.01740007 0.005508653 0.003939692 0.01545435 0.005433626 0.003300025 0.01547306 0.005674332 0.00359878 0.01352672 0.005629402 0.002924344 0.01354605 0.005840002 0.003257868 0.01159909 0.005825189 0.002548673 0.01161903 0.006005672 0.004539584 0.01543643 0.005167051 0.004841309 0.01736475 0.004937916 0.005143024 0.01929308 0.004708782 0.001409256 0.009712915 0.006303173 0.002172993 0.009692022 0.006171341 0.002916956 0.009671466 0.006020976 0.003634418 0.009651443 0.005854454 0.004318692 0.009632146 0.005674146 0.004963658 0.009613757 0.005482578 0.005173613 0.01154376 0.005178985 0.005269546 0.009604959 0.005383396 0.00545365 0.01153544 0.005059937 0.005564089 0.009596352 0.005273371 0.006453109 0.01150289 0.004326438 0.006224205 0.01151097 0.004561763 0.006117005 0.009578967 0.004934608 0.005979326 0.01151916 0.004764156 0.005847635 0.009587658 0.005123515 0.005721552 0.01152734 0.004930467 0.007181208 0.01143438 -0.001032763 0.007286752 0.007561573 -0.0003470824 0.007296389 0.01143838 -0.000281691 0.007375843 0.01144344 0.000483048 0.007416909 0.01144954 0.001254011 0.007422248 0.01145298 0.001639485 0.007405063 0.01145698 0.002022495 0.00735408 0.01146179 0.002399056 0.007271298 0.01146732 0.002765521 0.007158735 0.0114735 0.003118299 0.007018492 0.01148023 0.00345405 0.006852647 0.01148743 0.003769467 0.006663399 0.01149501 0.004061309 0.005383579 0.01347376 0.004875392 0.005115707 0.01348192 0.005011262 0.004834941 0.01349038 0.005143659 0.00482253 0.01542782 0.005025245 0.005103012 0.01735653 0.004778376 0.005383484 0.01928524 0.004531497 0.005663966 0.02121395 0.004284628 0.005944438 0.02314266 0.004037749 0.005637754 0.01346592 0.004736488 0.005879024 0.01345832 0.004587573 0.006111017 0.01345065 0.004404786 0.006331414 0.01344297 0.004188908 0.006789967 0.01536093 0.00327775 0.006985728 0.0172876 0.002576681 0.007129595 0.01921537 0.0018492 0.007281275 0.01920502 0.001155206 0.007075653 0.01530718 -0.001718446 0.00712843 0.01337078 -0.001375602 0.006955837 0.01336865 -0.002083952 0.007033267 0.01143141 -0.001762821 0.006855656 0.01142946 -0.002464613 0.006962695 0.009491224 -0.002169274 0.007229232 0.01530986 -0.001003438 0.006878408 0.01530588 -0.002405084 0.006748626 0.0133677 -0.002759943 0.006510845 0.01336792 -0.003396332 0.006180879 0.01142949 -0.004333174 0.006246802 0.01336924 -0.0039861 0.00590764 0.01531169 -0.004471727 0.006068087 0.01530994 -0.004215989 0.006222406 0.01530847 -0.003945584 0.006369847 0.01530731 -0.003661391 0.006386266 0.01724527 -0.003645094 0.007335177 0.01531396 -0.0002682654 0.007389929 0.01531949 0.0004785505 0.007397046 0.01532279 0.000853623 0.006497529 0.005600154 -0.005033808 0.006340116 0.00754406 -0.00485864 0.006185263 0.009487623 -0.00471338 0.006053192 0.01143029 -0.004601873 0.005812416 0.01337316 -0.00476886 0.005571631 0.01531604 -0.004935847 0.005522383 0.01725585 -0.004901357 0.005708861 0.01725309 -0.004682072 0.005889361 0.01725063 -0.004445879 0.006062974 0.0172485 -0.004193698 0.006228839 0.01724671 -0.00392644 0.0006213179 -8.144516e-05 -0.006999629 0.003297566 0.03097929 0.005712518 0.002908135 0.03098931 0.005712425 0.001399458 0.03102816 0.005712064 0.002908135 0.03098931 0.005712425 0.00729624 0.0308372 0.001501455 0.003297566 0.03097929 0.005712518 -0.005699451 0.03117072 0.001375793 -0.0009728182 0.03108925 0.005711497 -0.0002003783 0.03106936 0.005711681 -0.004188542 0.031164 0.004842335 -0.004070341 0.03116179 0.00493278 -0.005699451 0.03113866 -0.002077098 -0.005699451 0.03114486 -0.001408897 0.00729624 0.03081808 -0.0005580828 -0.005699451 0.03115127 -0.0007191564 0.00729624 0.03082459 0.000143514 -0.005699451 0.03115778 -1.755965e-05 0.00729624 0.030831 0.0008332542 0.006297531 0.03088945 0.004357983 0.006305459 0.03088916 0.004348966 0.002569607 0.03088661 -0.006287139 0.001797167 0.0309065 -0.006287324 0.0001973308 0.0309477 -0.006287706 -0.001311346 0.03098655 -0.006288067 -0.001700777 0.03099658 -0.00628816 -0.00443471 0.03116836 0.004629745 0.005381985 0.03092016 0.005126521 0.005617517 0.03091265 0.004971044 0.006678225 0.03087492 0.003849636 0.006819958 0.03086902 0.003606651 0.005875041 0.03090417 0.004771325 0.006097448 0.03089656 0.004569037 0.006495226 0.0308821 0.004115081 0.006666989 0.03087538 0.003867333 0.006953344 0.03086305 0.003333974 0.006974997 0.03086203 0.003284222 0.007066346 0.03085751 0.003050254 0.007158016 0.03085242 0.002756498 0.007179249 0.03085111 0.002674497 0.007227323 0.03084782 0.002453748 0.006148871 0.03080554 -0.005090765 0.0060315 0.0308075 -0.005205388 0.005785331 0.03081186 -0.005417978 0.00566713 0.03081407 -0.005508422 -0.004700742 0.03108641 -0.004933626 -0.00470867 0.0310867 -0.004924608 -0.00392492 0.031159 0.00503493 -0.003645042 0.03115338 0.005206199 -0.003526012 0.03115091 0.005269895 0.007283205 0.03084251 0.002037129 0.00729624 0.03083917 0.001713646 0.00729624 0.03080514 -0.001951436 0.00729624 0.03080203 -0.002286181 0.007282005 0.03079927 -0.00262328 0.005521709 0.03081687 -0.005610572 0.005241831 0.03082248 -0.005781842 0.005122801 0.03082496 -0.005845538 -0.003785196 0.0310557 -0.005702164 -0.004020728 0.03106321 -0.005546687 -0.005081436 0.03110094 -0.004425279 -0.005223169 0.03110685 -0.004182293 -0.004552082 0.03117032 0.004515122 -0.005699451 0.03117383 0.001710539 -0.004662175 0.03117207 0.004398491 -0.005685216 0.03117659 0.002047638 -0.005649548 0.03117839 0.002340324 -0.005575702 0.03117981 0.002697876 -0.005503356 0.03118027 0.002947822 -0.005363822 0.03118008 0.00331478 -0.00335016 0.03114717 0.005354834 -0.003041522 0.03114037 0.005479482 -0.002932529 0.03113791 0.005516546 -0.002720639 0.03113303 0.005578814 -0.002389129 0.03112517 0.005651471 -0.002305356 0.03112314 0.00566522 0.003924598 0.03096268 0.00566342 0.004517641 0.0309461 0.005522178 0.003590129 0.03097165 0.005701968 0.004832407 0.03093692 0.005406418 0.005085343 0.03092933 0.005290783 0.007246337 0.03079747 -0.002915966 0.007172491 0.03079605 -0.003273518 0.007100145 0.0307956 -0.003523465 0.004946949 0.0308287 -0.005930476 0.004638311 0.03083549 -0.006055124 0.004529318 0.03083795 -0.006092189 0.003902146 0.03085272 -0.006240862 0.003297566 0.03086786 -0.006286965 0.003645421 0.03085905 -0.006271732 -0.004278252 0.0310717 -0.005346967 -0.004500659 0.0310793 -0.005144679 -0.004898437 0.03109376 -0.004690724 -0.0050702 0.03110049 -0.004442975 -0.005356555 0.03111281 -0.003909617 -0.005378208 0.03111383 -0.003859864 -0.005469557 0.03111836 -0.003625896 -0.005561227 0.03112345 -0.003332141 -0.00558246 0.03112475 -0.003250139 -0.005630534 0.03112804 -0.00302939 -0.005262496 0.03117946 0.003528775 -0.005056664 0.03117747 0.003885529 -0.004932126 0.03117595 0.004066721 -0.001875519 0.03111246 0.005707461 -0.001700777 0.031108 0.005711323 0.006960612 0.03079578 -0.003890422 0.006859285 0.0307964 -0.004104417 0.006653453 0.03079839 -0.004461171 0.006528915 0.03079992 -0.004642363 0.006258964 0.03080379 -0.004974133 0.004317428 0.03084283 -0.006154457 0.003985918 0.03085069 -0.006227113 -0.005686416 0.03113335 -0.002612772 -0.005699451 0.03113669 -0.002289289 -0.002327809 0.03101318 -0.006239062 -0.002920852 0.03102977 -0.00609782 -0.00199334 0.03100421 -0.006277611 -0.003235618 0.03103895 -0.00598206 -0.003488554 0.03104653 -0.005866426 0.007497852 -0.0002232284 -0.003196809 0.007497852 -0.0002156147 -0.002376854 0.004136756 -0.0001719719 -0.006998789 0.003028094 -1.34315e-05 0.007000343 0.002125823 9.803046e-06 0.007000127 -0.007497177 0.0001990581 0.0006924269 0.007497852 -0.0002078528 -0.00154093 0.007497852 -0.0001999755 -0.0006925857 0.00391386 -3.624104e-05 0.007000555 0.0002945972 5.695929e-05 0.006999689 -0.007497177 0.000222311 0.00319665 -0.007497177 0.0002146974 0.002376695 -0.001526906 0.0001038652 0.006999254 -0.003289022 0.0001492417 0.006998832 -0.004136081 0.0001710545 0.00699863 0.001212396 3.332488e-05 0.006999909 -0.007497177 0.0002069354 0.001540771 -0.00434836 4.652998e-05 -0.007000817 -0.003913185 3.532369e-05 -0.007000713 -0.007497177 0.0001831162 -0.001024438 -0.003027418 1.251415e-05 -0.007000502 0.004498846 -0.0001812961 -0.006998702 0.006385431 -0.0002236769 -0.00633043 0.006525984 -0.000226172 -0.006209311 0.00729419 -0.0002355101 -0.005084346 0.007149048 -0.0002347194 -0.005401747 0.007091377 -0.000234201 -0.005505876 0.007313193 -0.0002355351 -0.005034334 0.007403973 -0.0002351824 -0.004744574 0.007449388 -0.000234435 -0.004538123 0.007497852 -0.0001840336 0.001024279 0.007497852 -0.0001681303 0.002736985 0.007497852 -0.000160299 0.003580379 -0.002125148 -1.07204e-05 -0.007000286 -0.00121172 -3.424224e-05 -0.007000067 -0.0002939216 -5.787665e-05 -0.006999848 0.005653474 -0.0002088794 -0.006766906 0.005401727 -0.0002032576 -0.006859692 0.00490906 -0.0001916033 -0.006970995 0.0067791 -0.0002302552 -0.005947032 0.006971437 -0.0002328768 -0.005695917 0.00747354 -0.000233612 -0.004382503 0.007497852 -0.0002306689 -0.003998114 0.005922454 -0.0002146131 -0.006638377 0.006261332 -0.0002213639 -0.006425525 -0.004498171 0.0001803788 0.006998543 -0.006384755 0.0002227595 0.006330271 -0.006525309 0.0002252546 0.006209153 -0.007293514 0.0002345927 0.005084187 -0.007148372 0.000233802 0.005401588 -0.007090701 0.0002332837 0.005505718 -0.007312518 0.0002346177 0.005034175 -0.007403298 0.0002342651 0.004744416 -0.007448713 0.0002335177 0.004537964 0.0006213179 -8.144516e-05 -0.006999629 0.001527581 -0.0001047825 -0.006999412 0.002418826 -0.0001277331 -0.006999199 -0.005652798 0.000207962 0.006766747 -0.005401051 0.0002023403 0.006859533 -0.004908385 0.0001906859 0.006970836 -0.006778425 0.0002293378 0.005946873 -0.006970761 0.0002319594 0.005695758 -0.007472865 0.0002326947 0.004382345 -0.007497177 0.0002297515 0.003997955 0.003289697 -0.0001501591 -0.006998991 -0.005921779 0.0002136958 0.006638218 -0.006260656 0.0002204466 0.006425366 -0.007497177 0.000155471 -0.0040017 -0.007151541 0.000133588 -0.005399757 -0.007075566 0.0001303725 -0.005535343 0.007497852 -0.0001563883 0.004001541 0.007152217 -0.0001345054 0.005399598 0.007076242 -0.0001312898 0.005535184 -0.007477663 0.0001517956 -0.0043434 -0.007363331 0.0001437952 -0.0048879 -0.007255657 0.0001382992 -0.005181151 -0.007497177 0.000167213 -0.002737144 -0.007497177 0.0001593816 -0.003580538 -0.004498171 5.038777e-05 -0.007000853 -0.004776069 5.766357e-05 -0.00698804 -0.005040401 6.480953e-05 -0.006951585 0.007478339 -0.0001527129 0.004343242 0.007364006 -0.0001447125 0.004887741 0.007256332 -0.0001392166 0.005180992 0.005041077 -6.572688e-05 0.006951426 0.004776744 -5.858092e-05 0.006987882 0.004498846 -5.130513e-05 0.007000695 0.004349036 -4.744733e-05 0.007000659 -0.00685189 0.0001215921 -0.005860575 -0.006585819 0.0001120041 -0.006155199 -0.006473446 0.0001081488 -0.006258728 -0.006283019 0.0001018202 -0.006412135 -0.006036021 9.393048e-05 -0.006576769 -0.005946561 9.114961e-05 -0.006628136 0.006852566 -0.0001225095 0.005860416 0.006586494 -0.0001129215 0.00615504 0.006474122 -0.0001090662 0.006258569 0.006283695 -0.0001027376 0.006411977 0.006036697 -9.484784e-05 0.006576611 0.005947236 -9.206696e-05 0.006627977 -0.005552901 7.932773e-05 -0.006809474 -0.005188502 6.891226e-05 -0.006920502 0.005553577 -8.024508e-05 0.006809315 0.005189178 -6.982961e-05 0.006920343</float_array>
          <technique_common>
            <accessor count="1466" source="#verts-array-array" stride="3">
              <param type="float" name="X"/>
              <param type="float" name="Y"/>
              <param type="float" name="Z"/>
            </accessor>
          </technique_common>
        </source>
        <source id="normals-array">
          <float_array count="4398" id="normals-array-array">0.08816831 -0.06298843 -0.9941121 0.0179083 -0.07098371 -0.9973167 0.08003083 -0.06921064 -0.9943867 0.8829607 0.0434443 -0.4674323 0.8629094 0.05163782 -0.5027136 0.81081 0.03161889 -0.5844548 0.9544764 0.05372629 -0.2934081 0.9294066 0.04513183 -0.3662873 0.9484013 0.02644406 -0.3159679 0.9804903 0.01043062 -0.1962907 0.9902674 0.01464765 -0.1384053 0.9851659 0.02922954 -0.1690969 0.3681814 0.05537412 0.9281035 0.3020743 0.06625883 0.9509789 0.3420618 0.08576571 0.9357553 -0.1683955 0.07910927 0.9825399 -0.2378437 0.09245677 0.966893 -0.2857031 0.1049311 0.9525562 0.9967517 0.06676075 -0.04504389 0.9950106 0.08608247 -0.05043595 0.9920047 0.07095471 -0.1043652 -0.9223784 0.07251529 0.3794202 -0.8969804 0.05859199 0.4381702 -0.925216 0.05076035 0.3760301 -0.9456321 0.08108043 0.3149695 -0.9256768 0.09969637 0.3649425 -0.9980491 0.05722549 0.02496413 -0.9972218 0.05424149 0.05105447 -0.9982071 0.05602526 0.02106649 -0.997168 0.06510549 0.03764557 -0.9958801 0.07233796 0.05468158 -0.9922352 0.05869471 0.1096547 -0.9881347 0.06816143 0.1376363 -0.995105 0.0554307 0.08181349 -0.991973 0.1187977 0.04332089 -0.9893612 0.1393451 0.04180189 -0.9867085 0.1289443 0.09889242 -0.3652869 0.05701798 -0.9291472 -0.2987181 0.06405947 -0.952189 -0.3376413 0.08587772 -0.9373491 -0.1689152 0.02914403 -0.9851996 -0.1174679 0.03238591 -0.9925485 -0.1403458 0.04648486 -0.9890107 0.4319569 0.06242367 -0.8997314 0.482835 0.05787423 -0.8737969 0.6072689 0.07856206 -0.7906026 0.60741 0.0713347 -0.7911792 0.5378759 0.05824407 -0.8410096 0.6007856 0.05627484 -0.797427 0.7485136 0.06844387 -0.6595778 0.8130194 0.08299981 -0.5762902 0.7425358 0.08216134 -0.6647481 -0.1166048 0.05317224 -0.991754 -0.06408107 0.05719246 -0.9963045 -0.07255139 0.07302948 -0.9946874 -0.04339381 0.06353946 -0.9970355 -0.002513556 0.05961299 -0.9982184 -0.002627285 0.07530954 -0.9971567 -0.01986189 0.02357287 -0.9995248 0.0009217993 0.02651417 -0.999648 -0.0009864573 0.02931959 -0.9995696 -0.0338059 0.02716198 -0.9990593 -0.0048698 0.04059831 -0.9991637 0.935644 0.1350305 -0.3260936 0.913051 0.1399352 -0.3830875 0.8670422 0.1202324 -0.48351 -0.3045477 -0.04479465 0.9514432 -0.3500052 -0.04876663 0.9354775 -0.4809682 -0.01720101 0.8765693 -0.8123747 -0.01497903 -0.5829434 -0.8668674 -0.02312334 -0.4980022 -0.8262621 -0.02878572 -0.5625499 0.2009611 -0.01462356 -0.9794901 0.2748946 -0.003868747 -0.9614666 0.2241439 0.008028849 -0.974523 -0.8481492 0.03128744 0.5288327 -0.8197746 0.03466835 0.5716359 -0.7222313 0.008151049 0.6916035 -0.7613449 0.1012554 0.6403915 -0.7305271 0.103827 0.6749446 -0.6467677 0.08170364 0.7582981 -0.7443867 0.07125306 0.6639364 -0.8078286 0.08414825 0.5833799 -0.7802392 0.09019249 0.6189444 -0.9020199 0.09112327 -0.4219677 -0.9272761 0.08430789 -0.3647618 -0.9043461 0.08473991 -0.4183028 -0.9461718 0.08268346 -0.3129256 -0.497166 -0.02008228 -0.867423 -0.4551348 -0.02242266 -0.8901402 -0.4062217 -0.01306235 -0.9136812 -0.7512392 -0.001088031 -0.6600292 -0.7119417 -0.00402796 -0.7022271 -0.6449244 0.009095365 -0.7641922 -0.5247033 -0.003755846 -0.8512769 -0.4801137 -0.01092645 -0.8771382 -0.4321253 0.001029436 -0.901813 -0.5365262 0.01843284 -0.8436823 -0.4972585 0.008357531 -0.8675622 -0.4405442 0.02160137 -0.897471 0.5421038 -0.06470428 -0.8378167 0.4790265 -0.05819636 -0.8758692 0.3465843 -0.08406744 -0.9342441 0.3013838 -0.07805806 -0.9503024 0.7968035 -0.07924789 -0.5990191 0.8419711 -0.07424643 -0.5343894 0.8827309 -0.05893441 -0.4661683 0.3338456 -0.03947372 -0.9418009 0.2424695 -0.04978836 -0.9688806 0.3279619 -0.05074016 -0.9433273 0.641993 -0.02002735 -0.7664489 0.7144514 -0.005565063 -0.699663 0.669815 0.0004181385 -0.7425279 0.989213 0.03300387 0.1427176 0.9969945 0.02171073 0.07436842 0.9803823 0.03660082 0.1936776 0.5938521 0.08489626 0.8000827 0.6543935 0.08393237 0.7514816 0.7338893 0.06081366 0.6765413 0.7865034 -0.06687556 0.6139545 0.8239542 -0.06082961 0.563382 0.9019884 -0.09680552 0.4207679 0.9338477 -0.07921088 0.3487896 0.9579066 -0.0907205 0.2723689 0.9391963 -0.08713486 0.3321412 -0.06274353 -0.01893646 0.99785 -0.08092738 -0.03715145 0.9960274 -0.1620292 -0.01737874 0.9866329 0.4958879 -0.02954367 0.8678838 0.4538029 -0.02929571 0.8906204 0.4054476 -0.01699509 0.9139603 0.5242213 -0.0149586 0.8514507 0.4793341 -0.01934361 0.8774193 0.4320365 -0.004477861 0.901845 0.5371669 0.006447413 0.8434513 0.4974441 -0.001148628 0.8674952 0.441501 0.01554938 0.897126 -0.3196096 0.08594555 0.9436435 -0.3674003 0.09882805 0.9247973 -0.2833482 0.09068587 0.9547198 -0.4277415 0.1012586 0.8982115 -0.6688318 0.1008031 0.7365478 -0.584879 0.08106266 0.8070598 -0.550511 0.06278255 0.8324638 -0.06161057 0.05782416 0.9964239 0.02772284 0.03628357 0.9989569 0.04045922 0.03235614 0.9986572 -0.2245319 0.06061424 0.9725797 -0.2757694 0.07135864 0.9585714 -0.2071795 0.07299471 0.9755759 -0.2447853 0.08208687 0.9660962 -0.1685278 0.07411567 0.9829065 -0.1983954 0.08115099 0.9767568 -0.1338747 0.07175925 0.9883968 -0.3162224 0.04592887 0.9475726 -0.4370388 0.06566194 0.8970427 -0.3907501 0.06596594 0.9181301 -0.5166437 0.07986665 0.8524673 -0.4638587 0.08258414 0.8820515 -0.5967118 0.1019098 0.7959582 -0.5337633 0.101447 0.8395268 -0.2229679 0.03763738 0.9740989 -0.2811486 0.05609544 0.9580234 -0.3428903 0.06911211 0.9368296 -0.4153323 0.08196529 0.9059695 -0.1756952 0.04909421 0.9832197 -0.1837138 0.06468195 0.9808494 -0.1322585 0.05682684 0.989585 -0.1361789 0.06831201 0.9883263 0.1004005 0.02130919 0.9947189 0.1604665 0.01185245 0.9869701 0.2092505 0.0007833071 0.9778618 0.2164673 0.009543586 0.9762432 0.7213922 -0.0003519227 0.6925267 0.6485472 0.01490212 0.7610285 0.6887489 0.01597209 0.724824 0.5720466 0.03629694 0.8194176 0.6071497 0.04319407 0.7934126 0.4945176 0.05604915 0.8673585 0.52319 0.0617342 0.8499771 0.2648592 0.002543021 0.9642837 0.2864349 -0.005183923 0.9580857 0.2463702 -0.00490047 0.9691634 0.3229001 -0.01327362 0.94634 0.1289177 0.01276674 0.9915731 0.1597882 0.007334712 0.9871241 0.5668928 -0.01408032 0.8236712 0.6051138 -0.01327813 0.7960283 0.6449029 -0.009930245 0.7642 0.5424204 -0.03122387 0.8395268 0.5843795 -0.03263379 0.8108241 0.6271884 -0.03155499 0.7782281 0.7111263 -0.02763306 0.702521 0.669475 -0.02979478 0.7422368 0.7905589 -0.02450657 0.6118954 0.7643386 0.002197489 0.6448113 0.7278963 0.02125087 0.6853579 0.6434564 0.05032057 0.763827 0.5527362 0.07462274 0.8300085 -0.4948943 0.06775012 0.866308 -0.4030309 0.0403609 0.914296 -0.4494051 0.03626551 0.8925917 -0.3118748 0.02074109 0.9498968 -0.3500577 0.01510869 0.9366063 -0.2224874 -0.001697801 0.9749341 -0.131134 0.003004759 0.9913601 -0.2009793 0.01391789 0.9794966 -0.2742699 0.02812736 0.9612413 -0.3591764 0.0427412 0.9322904 -0.08958438 0.05802952 0.9942873 -0.04330976 0.04181467 0.9981863 -0.06496015 0.03923913 0.9971161 -0.05372385 0.05453242 0.9970657 -0.03397777 0.04833382 0.9982532 -0.01334481 0.04284342 0.9989927 -0.05378027 -0.00165282 0.9985514 -0.2566727 -0.007056022 0.9664726 -0.01194787 -0.006460521 0.9999078 -0.007955264 -0.037953 0.9992479 -0.01340876 -0.05559194 0.9983635 0.05459428 0.02880817 0.998093 0.06902108 0.02371726 0.9973332 -0.004765225 0.03816758 0.99926 -0.03318014 0.03187106 0.9989411 -0.08412387 0.03477365 0.9958484 -0.1467648 0.03873606 0.9884127 -0.1611534 0.02550946 0.9865996 -0.1046473 0.02109714 0.9942856 -0.03859314 0.01267314 0.9991746 -0.008724768 0.02645693 0.9996119 0.4060783 -0.02566329 0.9134779 0.3618242 -0.02293071 0.9319643 0.3126099 -0.01707786 0.9497281 0.2539306 -0.01046444 0.9671658 0.2600846 -0.0146194 0.9654752 0.1804339 -0.0009787981 0.9835866 0.2955551 -0.02510994 0.9549956 0.1793444 0.0005721311 0.9837862 0.8783862 -0.0951164 0.4683914 0.8485464 -0.09036783 0.5213469 0.740941 -0.06558901 0.6683596 0.8272995 -0.09527934 0.5536221 0.6967438 -0.0627037 0.7145742 0.7948643 -0.09686573 0.5990056 0.6490721 -0.06130824 0.7582524 0.3825683 -0.04425691 0.9228666 0.3226718 -0.02601046 0.9461535 0.4510009 -0.05629091 0.8907466 0.3813602 -0.03611126 0.9237209 0.5176853 -0.06702868 0.8529414 0.4384165 -0.04367547 0.8977101 0.580592 -0.07601071 0.8106388 0.4941202 -0.05010808 0.8679484 0.6408135 -0.08357774 0.7631335 0.5476308 -0.05485606 0.83492 0.6961095 -0.08940642 0.7123469 0.5992397 -0.05867588 0.7984165 0.7332303 -0.08957012 0.6740553 0.7605419 -0.09302644 0.6425902 0.08140879 0.02152597 0.9964483 0.6844718 0.0565733 0.726841 0.7686745 0.02606702 0.6391088 0.8037982 0.006298402 0.5948687 0.8308552 -0.0189657 0.5561653 0.8503032 -0.04149338 0.5246548 0.8108056 -0.04595039 0.5835091 0.8647663 -0.05846341 0.4987598 0.9189914 -0.09097869 0.3836375 0.849947 0.04624891 0.5248344 0.8111333 0.03689306 0.5836965 0.7922444 0.05863807 0.6073799 0.7277042 0.07686854 0.6815701 0.9057159 0.05239188 0.4206351 0.9077088 0.04583033 0.4170904 0.8368461 0.06781144 0.5432221 0.8830644 0.04375819 0.4672072 0.8383811 0.06025876 0.5417435 0.7884446 0.0706256 0.6110377 0.9090106 0.06342949 0.411918 0.9360752 0.05679197 0.3471856 0.9546515 0.04874235 0.2937087 0.9589869 0.04944403 0.2791046 0.9759736 0.04207769 0.2137872 0.8418334 0.01018208 0.5396414 0.8679434 -0.01619622 0.496399 0.8858541 -0.03950887 0.4622788 0.8971855 -0.05599943 0.4380892 0.9195674 0.02181468 0.3923263 0.899428 0.0196148 0.4366286 0.8765805 0.01276491 0.481086 0.9009673 -0.01322985 0.4336853 0.9181792 -0.03774331 0.3943633 0.9283843 -0.05874982 0.3669483 0.9264225 -0.003912936 -0.3764651 0.9051738 -0.01594836 -0.4247424 0.9348928 -0.0189609 -0.3544235 0.9757374 -0.02495396 -0.2175174 0.9605616 -0.02356019 -0.2770674 0.9620232 -0.02580592 -0.2717453 0.9482604 -0.02857592 -0.3162052 0.9731911 -0.02888511 -0.228177 0.9901398 -0.01705598 -0.1390402 0.9870694 -0.02054069 -0.158972 0.9988874 -0.001271329 -0.04714176 0.9152256 -0.02808381 -0.4019621 0.8966272 -0.02535601 -0.4420597 0.8374117 -0.04696931 -0.5445508 0.9196873 -0.04380806 -0.3902002 0.9405177 -0.04053658 -0.3373178 0.9581047 -0.03517519 -0.2842499 0.7528337 -0.008468308 -0.6581563 0.6228147 -0.03169254 -0.7817272 0.7884728 -0.01351378 -0.6149211 0.673691 -0.03886569 -0.7379905 0.8201992 -0.01818381 -0.571789 0.721363 -0.04186725 -0.6912905 0.8483826 -0.02222574 -0.5289168 0.764254 -0.04431418 -0.6433911 0.8727728 -0.02373753 -0.4875492 0.9736544 -0.007296913 0.2279121 0.9888781 -0.02596788 0.1464441 0.9677726 -0.02337885 0.2507382 0.9831011 -0.04874317 0.1764547 0.9603003 -0.03323047 0.2769819 0.9733885 -0.05558403 0.2223177 0.9940302 0.02070002 0.1071239 0.9986158 0.008074798 0.05197395 0.9959357 0.007617864 0.08974412 0.9751008 0.02925865 0.2198235 0.9894899 0.02545438 0.142344 0.9842956 0.02087376 0.1752894 0.9890845 0.01201577 0.1468587 0.9970067 -0.009423416 -0.07673837 0.9993213 0.01296829 0.03447704 0.9980922 -0.004816619 -0.06155296 0.9983299 0.01648757 0.05536707 0.9980149 -0.02154593 0.05917809 0.996884 -0.04491332 0.06484649 0.9941515 -0.06180817 0.08855801 0.989565 -0.07164491 0.1250124 0.9776969 -0.07460781 0.1963225 0.9989939 -0.004638228 0.04460497 0.9929094 -0.0009989341 0.1188692 0.9838049 0.002875197 0.1792197 0.9700576 0.01436271 0.2424498 0.9809054 -0.08547666 0.174695 0.9925571 -0.08526498 0.08695044 0.9962766 -0.08317975 0.02267288 0.9976393 -0.06810554 0.008806434 0.9545109 0.03012255 0.2966505 0.9493228 0.03966879 0.3117895 0.9305606 0.04322523 0.3635776 0.9962113 -0.01035657 -0.08634664 0.9997465 0.0007429867 -0.02250449 0.9999905 0.004287821 -0.0007699752 0.9998844 0.007077795 0.01345893 0.9999851 0.002525348 0.004837349 0.9998734 -0.01134044 0.01115853 0.9992113 -0.03914061 0.006696599 0.9984695 -0.0553022 0.000513507 0.868322 -0.04694209 -0.4937746 0.7641368 -0.06744916 -0.6415182 0.8090209 -0.0654904 -0.58412 0.9337499 -0.02798139 -0.3568308 0.8956846 -0.04591378 -0.4423133 0.8474751 -0.062947 -0.5270898 0.9126997 -0.05407618 -0.4050371 0.9389794 -0.04746521 -0.3406827 0.9603814 -0.03968217 -0.2758494 0.9809094 -0.02891434 -0.1923039 0.4987561 -0.02796045 -0.8662912 0.4113703 -0.0421779 -0.9104919 0.4847867 -0.04766321 -0.8733327 0.428223 -0.02443751 -0.9033426 0.5240572 -0.008084639 -0.8516447 0.4021789 -0.05398719 -0.913968 0.6068664 -0.06573506 -0.7920809 0.662694 -0.06752067 -0.7458402 0.80281 -0.04605901 -0.5944532 0.7171892 -0.06737254 -0.6936142 0.5894592 -0.08387992 -0.8034314 0.6277941 -0.08762597 -0.7734315 0.2424436 -0.07993201 -0.9668671 0.1869861 -0.07981875 -0.9791145 0.1404978 -0.07358876 -0.9873424 0.3991852 -0.08396248 -0.9130178 0.4522106 -0.08202214 -0.8881317 0.494603 -0.08719155 -0.8647343 0.5429391 -0.08638634 -0.835317 0.7479407 -0.08258454 -0.658608 0.7107091 -0.08211222 -0.6986775 0.6709692 -0.08562957 -0.7365242 0.8824988 -0.06747015 -0.4654499 0.9170678 -0.05938845 -0.3942837 0.946226 -0.04938522 -0.3197146 0.9689224 -0.03728495 -0.2445387 0.9859946 -0.02377735 -0.1650736 0.1703977 -0.04102427 -0.984521 0.2626304 -0.03928311 -0.9640965 0.3563316 -0.02157412 -0.9341105 0.4556569 -0.00494038 -0.8901418 0.5568249 0.01725039 -0.8304507 0.9385207 0.02395829 0.3443905 0.9522334 0.007258136 0.3052849 0.9386463 -0.0001144448 0.3448812 0.9257771 -0.00953663 0.3779494 0.9446032 -0.03539876 0.3263001 0.9542831 -0.05760513 0.293301 0.9587179 -0.07553612 0.2741427 0.9679201 -0.08996462 0.2345999 0.2871838 0.05824983 -0.9561027 0.248224 0.05143737 -0.9673361 0.3231585 0.05185585 -0.944923 0.3455451 0.03397585 -0.9377869 0.4185674 0.04365399 -0.907136 0.3698393 0.04556251 -0.9279779 0.2101956 0.04411842 -0.9766634 0.1716492 0.047091 -0.984032 0.2786185 0.03927015 -0.9595987 -0.3150377 0.001541773 -0.9490779 -0.2648381 -0.001723194 -0.9642913 -0.2719642 0.00897522 -0.9622655 -0.2161557 0.002554303 -0.9763556 -0.2468767 0.01632139 -0.9689094 -0.09964605 0.007985674 -0.9949909 -0.1285636 0.0009821259 -0.9917008 -0.02629605 0.01911839 -0.9994714 -0.03921755 0.01585793 -0.9991049 0.06402882 0.03607589 -0.9972958 0.05598283 0.03318309 -0.9978802 0.1390419 0.0428604 -0.9893585 0.3604546 0.006890451 -0.9327513 0.4394103 0.02642352 -0.8978977 0.3177143 0.01200052 -0.9481105 0.3931886 0.02871813 -0.9190093 0.2832052 0.02376312 -0.9587649 0.2268892 0.03091899 -0.9734297 0.134535 0.03157085 -0.9904058 0.1863306 0.03692799 -0.9817929 -0.1596706 -0.002770354 -0.9871665 -0.2094001 -0.006594326 -0.9778078 -0.246759 -0.01019769 -0.9690232 -0.2867799 -0.008213088 -0.9579613 -0.3236075 -0.0141959 -0.9460849 -0.4072974 -0.02167616 -0.9130383 -0.3598111 -0.006321962 -0.9330038 -0.3629702 -0.0215684 -0.9315511 -0.3135284 -0.01858693 -0.9493969 -0.2545948 -0.01532713 -0.9669263 -0.5672598 -0.0001671423 -0.8235389 -0.6053755 0.003113975 -0.7959339 -0.5437097 -0.0188388 -0.8390619 -0.585672 -0.01755442 -0.8103581 -0.6283531 -0.01366905 -0.7778081 -0.6704759 -0.009067158 -0.7418759 -0.9772916 0.08341048 -0.1947919 -0.9510178 0.09235322 -0.2950188 -0.9553044 0.09354799 -0.2804324 -0.9726165 0.08827907 -0.2149976 -0.9862714 0.08121909 -0.1437782 -0.9945911 0.07161171 -0.07523496 -0.9045918 0.0385452 0.4245326 -0.9344601 0.03576184 0.3542675 -0.9756245 0.02933939 0.2174767 -0.9603686 0.03105507 0.2769978 -0.9619463 0.02878916 0.2717176 -0.9483231 0.02614001 0.3162278 -0.8829373 0.04573726 0.4672577 -0.8592496 0.0492018 0.509185 -0.8543186 0.07434201 0.5144055 -0.8323111 0.07926862 0.5486116 -0.7764299 0.06355404 0.6269908 -0.8076847 0.05767468 0.5867871 -0.7134564 0.0441985 0.6993042 -0.7519572 0.04250484 0.6578402 -0.6796307 0.07869092 0.7293215 -0.7041869 0.0740164 0.7061462 -0.6685508 0.04867083 0.7420721 -0.9518372 0.07369948 -0.2976145 -0.9724075 0.07532228 -0.2207946 -0.9681485 0.05976921 -0.2431382 -0.9507436 0.05059187 -0.3058221 -0.9362082 0.06583556 -0.3452243 -0.9174133 0.06183011 -0.393103 -0.879865 0.08047245 -0.4683607 -0.9961845 0.06681772 -0.0561406 -0.9869363 0.07370208 -0.1432647 -0.9836901 0.07869853 -0.1617415 -0.9632331 0.08490395 -0.2548987 -0.9263056 0.09415059 -0.3648199 -0.9152658 0.02652254 0.4019765 -0.8965325 0.02903312 0.4420256 -0.8384589 0.006306397 0.5449284 -0.9205365 0.01083321 0.3905064 -0.9411962 0.01419055 0.3375624 -0.8726046 0.03026558 0.4874886 -0.7652143 0.007026438 0.6437373 -0.6232467 0.01491665 0.781883 -0.6418065 0.02726792 0.7663816 -0.5880827 0.05723528 0.8067731 -0.4903222 0.0354764 0.8708189 -0.61969 0.05387573 0.7829954 -0.5285063 0.03337978 0.8482729 -0.5849311 0.03248539 0.8104322 -0.4991201 0.01382733 0.8664225 -0.5651263 0.01663306 0.8248367 -0.4861799 -0.006434227 0.873835 -0.9585094 0.0194643 0.2843958 -0.9732788 0.02548089 0.2282086 -0.9896388 0.0365105 0.1388595 -0.9867423 0.03324286 0.158854 -0.9976063 0.05101637 0.04667985 -0.9969877 0.04770289 0.06115474 0.4670728 0.04221819 -0.8832104 0.5196621 0.03733701 -0.8535556 0.4973113 0.02610119 -0.8671795 0.404137 0.002590532 -0.9146948 0.312075 -0.01296889 -0.949969 0.2216392 -0.03123818 -0.9746283 0.1775192 0.0217323 -0.9838773 0.1480916 0.0127823 -0.988891 0.1617812 -0.001131398 -0.986826 0.130641 -0.02214568 -0.9911824 0.1051193 -0.002771471 -0.9944558 0.08532618 0.01191186 -0.9962819 0.06641709 0.01733345 -0.9976414 -0.9303529 -0.01768898 -0.3662385 -0.8990879 -0.01786862 -0.4374033 -0.8869342 -0.002434859 -0.4618893 -0.8515625 -0.007403648 -0.5242008 -0.8309959 0.01350459 -0.5561146 -0.7910648 0.004863856 -0.611713 -0.7635206 0.02956758 -0.6451063 -0.720785 0.02392615 -0.6927456 -0.6873603 0.03794628 -0.7253247 -0.6472843 0.03413695 -0.7614839 -0.2609537 -0.01912776 -0.9651618 -0.1807151 -0.00994317 -0.9834852 -0.05351621 0.01305324 -0.9984817 -0.06818554 0.00872658 -0.9976345 0.03594332 0.02798803 -0.9989618 0.01505477 0.02355408 -0.9996092 0.005513797 -0.05684868 -0.9983676 0.06120886 -0.04065454 -0.9972967 0.01112166 -0.02562111 -0.9996099 -0.01913105 0.01812626 -0.9996527 0.0003633738 0.02112032 -0.9997769 0.006245774 0.01932185 -0.9997938 0.009597173 0.00741842 -0.9999264 0.0531467 -0.02294848 -0.998323 0.03871674 -0.007873878 -0.9992192 0.03429911 0.01157821 -0.9993445 0.04492744 0.02099958 -0.9987695 0.09197713 0.03488083 -0.99515 -0.7891962 -0.03768862 -0.6129836 -0.8523219 -0.05623393 -0.5199856 -0.743654 -0.03975861 -0.6673814 -0.8313713 -0.06283056 -0.552154 -0.6993891 -0.04000997 -0.7136204 -0.7990825 -0.06692614 -0.5974847 -0.6517295 -0.04188073 -0.7572943 -0.984088 -0.03810497 -0.1735475 -0.9713795 -0.0443662 -0.2333526 -0.9614659 -0.03116673 -0.2731519 -0.9368534 -0.03750123 -0.3477059 -0.9614363 -0.0463372 -0.2710962 -0.9425948 -0.04482911 -0.3309159 -0.9226391 -0.05066272 -0.3823223 -0.9059763 -0.05804497 -0.4193301 -0.8823412 -0.05845689 -0.4669654 -0.3847801 -0.04162617 -0.9220692 -0.324035 -0.02692195 -0.945662 -0.453726 -0.04952399 -0.8897641 -0.3831547 -0.03357075 -0.9230739 -0.5208566 -0.05611199 -0.851798 -0.4405123 -0.03770436 -0.8969545 -0.584122 -0.06105786 -0.8093661 -0.4964591 -0.04070808 -0.8671051 -0.6446304 -0.0646325 -0.7617573 -0.5501273 -0.04208194 -0.8340198 -0.7001288 -0.06666402 -0.7108977 -0.6018469 -0.04256242 -0.7974765 -0.7371905 -0.06420635 -0.6726274 -0.7646288 -0.06566792 -0.6411166 -0.2969121 -0.02758252 -0.9545064 -0.1795474 -0.008454337 -0.983713 -0.08066919 0.007192567 -0.996715 -0.7261653 0.04596437 -0.685982 -0.7666195 0.05373034 -0.6398497 -0.8026929 0.03662006 -0.5952672 -0.8404514 0.04348038 -0.5401397 -0.8678638 0.01928787 -0.4964277 -0.9006612 0.02511326 -0.4337956 -0.9190932 0.002252083 -0.3940337 -0.945329 0.007216172 -0.3260384 -0.9561232 -0.01384637 -0.2926375 -0.9750654 -0.009527732 -0.2217131 -0.9803347 -0.02781889 -0.1953715 -0.8084383 0.06775374 -0.5846682 -0.8749915 0.04893432 -0.4816589 -0.9252215 0.03111216 -0.3781498 -0.9608702 0.01110431 -0.2767765 -0.9916984 0.0698421 -0.1079646 -0.9872252 0.06017896 -0.147529 -0.9820004 0.06824961 -0.176117 -0.9824385 0.05017982 -0.1797123 -0.9728483 0.03859693 -0.2282027 -0.9942664 0.05720014 -0.09034598 -0.9917016 0.04790001 -0.1193047 -0.9889738 0.02224927 -0.1464095 -0.8843713 -0.004762821 0.4667597 -0.9140795 0.0004961566 0.4055347 -0.9400149 0.007255574 0.3410561 -0.961019 0.01492536 0.2760793 -0.9810054 0.02518325 0.1923386 -0.2943699 -0.00545206 0.955676 -0.2034788 -0.02343277 0.9787989 -0.3419398 -0.005601663 0.9397052 -0.2555476 -0.019 0.9666097 -0.3280521 -0.0143685 0.9445504 -0.3910039 0.01433265 0.9202774 -0.4346474 0.01333004 0.900502 -0.4125608 -0.004046188 0.9109211 -0.4039876 -0.01624634 0.9146202 -0.9956714 -0.03566564 -0.08582754 -0.9920005 -0.02292628 -0.1241342 -0.9843911 -0.001346143 -0.1759896 -0.9678129 0.02181277 -0.2507237 -0.9375729 0.04179624 -0.3452682 -0.897435 0.05777487 -0.4373471 -0.8466909 0.08018555 -0.5260084 -0.7884666 0.0880545 -0.608742 -0.8344273 0.09326535 -0.5431691 -0.7840566 0.09976063 -0.6126198 -0.8325063 0.1007003 -0.5447868 -0.9969014 0.05849523 -0.05259209 -0.9979298 0.04595745 -0.04498864 -0.9978293 0.02875425 -0.05924502 -0.9979053 0.005258471 -0.06447827 -0.9960573 -0.01219173 -0.08787089 -0.9998264 -0.01682021 -0.008017858 -0.999248 -0.0321993 -0.02160153 -0.9858326 0.03006896 0.1650152 -0.9953826 0.04253453 0.08604785 -0.9961335 0.04332893 0.07642355 -0.9983723 0.05261469 0.02200903 -0.998444 0.05576345 0.0002123709 -0.9973458 0.0637424 -0.03518933 -0.9982012 0.05827973 -0.01406581 -0.998532 0.05389928 -0.005361278 -0.9991371 0.03993122 -0.01142401 -0.9999045 0.0122214 -0.006446642 -0.9999926 -0.003839418 3.565081e-05 -0.7662888 -0.01611468 0.6422941 -0.6741351 -0.0373 0.7376657 -0.7136593 -0.0324449 0.6997412 -0.8693511 0.006982226 0.4941456 -0.8110401 -0.01291388 0.5848481 -0.7508851 -0.03174384 0.6596696 -0.9337818 0.02674071 0.3568423 -0.8966491 0.008462326 0.4426611 -0.8493397 -0.009453437 0.527762 -0.7995399 -0.02700309 0.6000057 -0.8444211 -0.02088376 0.5352728 -0.8845792 -0.01331105 0.4661999 -0.9187205 -0.004782887 0.3948795 -0.9473608 0.005322304 0.3201237 -0.9694403 0.01717755 0.2447254 -0.6649344 -0.01947126 0.746648 -0.5462664 -0.04281182 0.8365167 -0.592611 -0.03850654 0.8045678 -0.8038324 0.006360495 0.5948219 -0.7193746 -0.01748774 0.6944022 -0.6311023 -0.04083067 0.7746243 -0.5443151 -0.02115883 0.838614 -0.4025412 -0.04634845 0.9142278 -0.4554082 -0.04214371 0.8892847 -0.6090667 -0.01970358 0.7928742 -0.4980218 -0.04555769 0.865967 -0.1201584 -0.03941736 0.9919719 -0.05855718 -0.05249627 0.9969028 -0.1731149 -0.04084274 0.9840544 -0.1304003 -0.04556568 0.9904138 -0.1926236 -0.04781732 0.980107 -0.2457742 -0.04939195 0.9680679 0.918907 0.1226585 -0.3749197 0.9578648 0.1362607 -0.25284 0.959574 0.1203529 -0.2544265 0.9852028 0.1315901 -0.109816 0.9732486 0.1361022 -0.1851034 0.8086094 0.1208442 -0.5758016 0.885371 0.1395485 -0.4434461 0.8521531 0.1370795 -0.5050192 0.7531306 0.1367923 -0.6434922 0.6854734 0.1286358 -0.7166443 0.5970216 0.1126441 -0.7942774 0.6277849 0.1211887 -0.768895 0.9394752 0.07675043 -0.3339097 0.9635485 0.08459166 -0.2538081 0.9451757 0.1022756 -0.3101331 0.9666918 0.1112451 -0.2305025 0.9370535 0.1163649 -0.3292263 0.7183252 0.1006976 -0.6883813 0.8286264 0.1171229 -0.5474126 0.784023 0.1016496 -0.6123522 0.8483668 0.1059332 -0.5187021 0.1717744 0.05209073 -0.9837582 0.2418249 0.06213422 -0.9683285 0.2902697 0.07239264 -0.9542027 0.367442 0.08201697 -0.926423 0.429598 0.0944181 -0.8980706 0.5143993 0.1047102 -0.8511341 0.5708881 0.1171511 -0.8126268 -5.958597e-05 0.02429918 -0.9997047 -0.008435894 0.02203639 -0.9997216 0.0389568 0.03021294 -0.998784 0.03603887 0.02996906 -0.9989009 0.1555739 0.05232743 -0.9864373 0.1310687 0.047189 -0.9902496 0.2926017 0.07851699 -0.9530054 0.2392022 0.0656298 -0.9687492 0.3926778 0.0947613 -0.9147811 0.3384412 0.08206027 -0.9374026 0.4854102 0.1068796 -0.867729 -0.04867336 0.03319098 -0.9982631 -0.05123068 0.04611785 -0.9976215 -0.114911 0.06753339 -0.9910775 -0.08069022 0.09046136 -0.9926257 -0.1285904 0.08508943 -0.9880406 -0.08855 0.1097291 -0.9900093 -0.1421003 0.104758 -0.9842933 -0.09886539 0.1258257 -0.9871137 -0.1574453 0.126451 -0.9793983 -0.04477466 0.02014442 -0.998794 -0.01835079 0.02007748 -0.99963 0.02961453 0.0285398 -0.9991539 0.113149 0.04397417 -0.9926044 0.2062256 0.05987785 -0.9766707 0.5457696 0.08139927 -0.8339722 0.6519501 0.1021081 -0.7513554 0.7430863 0.1212726 -0.6581153 0.8133574 0.1393008 -0.5648408 0.8686028 0.08524961 -0.4881205 0.8122912 0.06778582 -0.5792997 0.739076 0.046955 -0.6719835 0.6725945 0.07841981 -0.7358444 0.6762309 0.06841591 -0.733506 0.6727815 0.0525604 -0.7379719 0.5878902 0.03586192 -0.8081455 0.6527062 0.0323777 -0.756919 0.6173991 0.009099189 -0.7865974 0.5854404 -0.01270786 -0.8106158 0.5648391 -0.02778444 -0.8247332 0.7040576 0.026464 -0.7096496 0.672331 0.1163224 -0.7310542 0.513156 0.0952212 -0.852997 0.5830975 0.09929828 -0.8063108 0.4248328 0.0781903 -0.9018888 0.4846661 0.08029285 -0.8710062 0.3782354 0.06728243 -0.9232611 0.4330909 0.06614598 -0.8989199 0.8655352 0.09589992 -0.4915811 0.800079 0.09473403 -0.5923674 0.7314714 0.09623747 -0.6750466 0.2018424 0.05269266 -0.9779996 0.1369183 0.04641976 -0.9894941 0.2283362 0.05959029 -0.971757 0.3155565 0.06703309 -0.9465361 0.3032237 0.06808593 -0.9504839 0.3659298 0.0736388 -0.9277245 0.4414065 0.08953312 -0.8928293 0.3715579 0.06260908 -0.9262963 -0.07178148 0.01330542 -0.9973316 -0.02891903 0.01801527 -0.9994194 0.02272078 0.02699356 -0.9993774 0.09545857 0.04027825 -0.9946182 -0.09733704 0.02482495 -0.9949418 -0.1511886 0.01678808 -0.9883624 -0.07269985 0.02367345 -0.9970729 -0.1156219 0.01208179 -0.9932198 -0.182496 0.04011661 -0.9823878 -0.1606858 0.06142252 -0.9850926 -0.2099676 0.05463977 -0.9761804 -0.1808545 0.07895923 -0.9803352 -0.2375856 0.07197763 -0.9686962 -0.2011738 0.09886936 -0.9745532 -0.2658993 0.09191185 -0.9596092 -0.2233793 0.1153806 -0.9678786 -0.2936223 0.1117684 -0.9493649 -0.1915816 0.02211885 -0.9812274 -0.1601155 0.001778392 -0.9870967 -0.3771405 0.008964553 -0.9261127 -0.3779235 0.02981641 -0.9253566 -0.3249048 0.01762405 -0.9455825 -0.318844 0.03886383 -0.9470101 -0.2748854 0.02570324 -0.9611334 -0.2627406 0.04713349 -0.9637146 -0.227365 0.0331983 -0.9732436 -0.6845187 0.01558977 -0.7288286 -0.5762068 0.02407438 -0.8169493 -0.6114993 0.02909548 -0.7907098 -0.4991473 0.03294448 -0.8658907 -0.5361152 0.04178697 -0.8431099 -0.4309487 0.04203417 -0.9013969 -0.4586086 0.05704508 -0.8868055 -0.4093301 0.07291618 -0.909468 -0.433619 0.08810477 -0.8967788 -0.370785 0.1057377 -0.9226798 -0.4591794 0.09930532 -0.8827756 -0.03344877 0.07797004 -0.9963944 -0.002690677 0.09175329 -0.9957781 -0.03693108 0.09516961 -0.9947758 -0.002629592 0.1096529 -0.9939665 -0.04018941 0.1139282 -0.9926758 -0.002442174 0.1287113 -0.9916791 -0.04604648 0.1341961 -0.9898844 0.0007171233 0.1418836 -0.9898831 -0.1142376 0.1369594 -0.9839674 -0.244555 0.1291335 -0.9609981 -0.02098678 0.1503039 -0.9884171 -0.08434706 0.1530683 -0.9846094 -0.1804844 0.1469806 -0.9725338 -0.165209 0.1521183 -0.9744568 -0.5596165 0.14877 -0.8152894 -0.449616 0.1558902 -0.8795133 -0.516713 0.15905 -0.8412554 -0.6567455 0.1459914 -0.7398458 -0.5781597 0.1576469 -0.8005491 -0.6420749 0.1538968 -0.7510363 -0.7432487 0.1423675 -0.6536917 -0.2408797 0.1532081 -0.9583863 -0.3467753 0.1538428 -0.9252455 -0.3404757 0.1516761 -0.9279389 -0.4481665 0.1509387 -0.8811154 -0.4596173 0.1401814 -0.8769841 -0.5560099 0.1399912 -0.8193018 -0.5137734 0.1316754 -0.8477608 -0.6971394 0.1505552 -0.7009492 -0.7725423 0.1413462 -0.6190312 -0.8176518 0.1353862 -0.5595678 -0.8385547 0.1337823 -0.5281366 -0.8799404 0.1264095 -0.457958 -0.8784694 0.1272816 -0.4605334 -0.9131129 0.1200435 -0.3896337 -0.8588313 0.1284417 -0.4958947 -0.8003744 0.1355392 -0.5839777 -0.7309438 0.1406126 -0.6677943 -0.6513396 0.1408767 -0.745594 -0.9947007 0.1021304 0.01182609 -0.9915613 0.129568 0.004274994 -0.9897599 0.1427361 -0.001325372 -0.9879892 0.154442 0.004995696 -0.9902584 0.1053547 0.09104201 -0.992513 0.09123829 0.08120047 -0.9941121 0.1002367 0.04115579 -0.9946504 0.08295031 0.06156199 -0.9966181 0.07843521 0.0244988 -0.9973407 0.07276493 0.004089469 -0.9979206 0.06403241 0.007370902 -0.9980796 0.06194129 -0.0005751541 -0.9982244 0.05956318 0.0004777666 -0.4033613 0.130182 -0.905733 -0.3138778 0.1359648 -0.9396778 -0.3895898 0.1373307 -0.9106921 -0.261245 0.151878 -0.9532492 -0.3234013 0.1247954 -0.9379966 -0.4075367 0.1163808 -0.9057424 -0.8979825 0.1130878 -0.4252512 -0.8555774 0.1180781 -0.5040286 -0.8044561 0.121448 -0.5814644 -0.7449167 0.1203039 -0.6562211 -0.6140682 0.1347469 -0.7776654 -0.6722924 0.1208554 -0.730354 -0.5835803 0.1238065 -0.8025621 -0.6539587 0.1135154 -0.7479654 -0.5670795 0.1118587 -0.8160321 -0.6495654 0.1035419 -0.7532224 -0.5890778 0.1004865 -0.8018041 -0.4830795 0.122453 -0.8669714 -0.4972137 0.1058944 -0.8611417 -0.5485595 0.08755684 -0.8315144 -0.7286128 0.1165228 -0.6749414 -0.7231091 0.1015591 -0.6832269 -0.7301099 0.08593997 -0.677904 -0.6810002 0.07822912 -0.7280927 -0.6403787 0.06918841 -0.7649367 -0.5197254 0.07279635 -0.8512263 -0.604501 0.05965492 -0.7943676 -0.4913919 0.06532155 -0.8684855 -0.5698118 0.05047885 -0.8202234 -0.9320774 0.09844233 -0.348627 -0.904738 0.1024757 -0.4134585 -0.8713618 0.1038669 -0.479521 -0.9325561 0.1063027 -0.3450201 -0.9074565 0.1176498 -0.4033376 -0.9598991 0.09751811 -0.2628381 -0.9452926 0.1054641 -0.3087057 -0.9801924 0.08654057 -0.1781393 -0.9735982 0.09158148 -0.2090919 -0.9932106 0.07320679 -0.09040682 -0.9914228 0.07593104 -0.1063732 -0.9980235 0.06074655 -0.01609055 -0.997827 0.06199935 -0.02230203 -0.9980391 0.05285679 0.03352645 -0.9957331 0.04867768 0.07839663 -0.990982 0.04560813 0.1259946 -0.9697492 0.04160812 0.2405314 -0.9742989 0.04501642 0.2207152 -0.9632124 0.0500067 0.2640479 -0.9735974 0.05726875 0.2209713 -0.9611349 0.06751757 0.267696 -0.973297 0.07559763 0.216744 -0.962947 0.09038802 0.2540928 -0.9837303 0.04174361 0.1747348 -0.9837925 0.04881178 0.1725393 -0.97856 0.06452168 0.1955948 -0.945391 0.05878578 0.3205932 -0.9502841 0.04230753 0.3084966 -0.9503058 0.1082158 0.2919044 -0.9350024 0.1253041 0.3317672 -0.9039292 0.1157319 0.4117258 -0.8891784 0.1271828 0.4395296 -0.8404278 0.1106634 0.5305042 -0.8069018 0.1177398 0.5788323 -0.8588676 0.1053018 0.5012563 -0.879331 0.09749783 0.4661236 -0.896768 0.08453258 0.4343517 -0.8769979 0.06874495 0.4755511 -0.835518 0.0521702 0.5469807 -0.7878294 0.03849889 0.6146891 -0.6744457 0.009561136 0.7382626 -0.9981926 0.05936821 -0.00932647 -0.9976555 0.05057556 0.04610498 -0.993191 0.04334141 0.1081353 -0.9725249 0.1739773 0.1546841 -0.975085 0.1726542 0.1392832 -0.9519862 0.1742817 0.2516907 -0.9793466 0.1805052 0.09109421 -0.983768 0.1761436 0.03426399 -0.9770717 0.1841375 0.1068844 -0.9828545 0.1784634 0.04634512 -0.9648652 0.1894247 0.1820808 -0.9111968 0.1767267 0.3721398 -0.8010428 0.172966 0.5730734 -0.8437269 0.1901047 0.5019811 -0.7355451 0.171549 0.6553963 -0.8048398 0.191436 0.5617697 -0.6651035 0.1643181 0.7284483 -0.7447843 0.1872911 0.6404829 -0.5900531 0.1579425 0.7917648 -0.9494612 0.1900482 0.2498101 -0.9272982 0.1890356 0.3230845 -0.8594738 0.17365 0.4807812 -0.9044554 0.1938277 0.3799884 -0.8768032 0.193137 0.440357 -0.5637135 0.1614382 0.81004 -0.5079214 0.1468231 0.8487985 -0.6203479 0.1675865 0.7662136 -0.6776017 0.177022 0.7138061 -0.8212383 0.1697538 0.5447488 -0.880246 0.1694635 0.4432258 -0.929665 0.1705286 0.3265623 -0.9599161 0.1682267 0.2241893 -0.9789751 0.1677508 0.1160489 -0.9824616 0.1606399 0.0946789 -0.9860548 0.1578299 0.05277922 -0.9859101 0.1635894 0.03492591 -0.8415422 0.1590641 0.5162415 -0.8995763 0.1610854 0.4059729 -0.9388404 0.159852 0.3050016 -0.969258 0.1583114 0.1883521 -0.9816444 0.1506407 0.1169684 -0.4357867 0.1286857 0.890803 -0.5071673 0.1373189 0.8508378 -0.5768286 0.1441233 0.8040505 -0.6454716 0.1494528 0.7490196 -0.7118614 0.150292 0.6860508 -0.7774594 0.1532131 0.6099857 0.2070221 0.09739426 0.9734764 0.1857075 0.07947222 0.979386 0.133871 0.09669887 0.9862697 0.1193586 0.07985644 0.9896345 0.07728392 0.08761675 0.9931518 0.0701542 0.07111695 0.9949979 0.03833381 0.07688249 0.996303 0.04912902 0.05291625 0.9973897 0.03193156 0.05734188 0.9978438 0.09896124 0.03824246 0.9943562 0.08584749 0.04327371 0.9953681 0.1219242 0.04068369 0.9917053 0.08698833 0.05692849 0.9945814 0.1435908 0.05104998 0.9883196 0.1067038 0.06738828 0.9920046 0.1646676 0.06394167 0.9842744 0.03368539 0.04481447 0.9984272 0.07329037 0.03736409 0.9966105 0.0234779 0.04017166 0.9989169 0.0472516 0.03437313 0.9982914 0.01003666 0.04012108 0.9991444 0.01983755 0.0376531 0.9990939 -0.03397126 0.05031567 0.9981554 -0.02762888 0.04856259 0.9984379 -0.127993 0.07224029 0.9891406 -0.1102614 0.06815168 0.9915633 -0.2350443 0.09581993 0.9672501 -0.2024037 0.08852635 0.9752927 -0.3333211 0.1167517 0.9355566 0.0089708 0.1416627 0.9898743 0.003755001 0.1549917 0.9879086 0.04726494 0.1513049 0.9873565 0.007059398 0.1600773 0.9870792 0.1233816 0.1513099 0.980756 0.008100073 0.1228821 0.9923882 0.04688005 0.1302521 0.990372 0.09921563 0.1403542 0.9851177 0.6633133 0.1301148 0.7369435 0.5651254 0.1373969 0.8134834 0.5246162 0.1478287 0.8384059 0.02916721 0.1673407 0.9854676 0.09258397 0.1667693 0.9816396 0.202197 0.1560637 0.9668301 0.1747342 0.163539 0.9709392 0.3351019 0.1469787 0.9306471 0.2505595 0.165169 0.9539073 0.4575227 0.1408795 0.8779669 0.3542134 0.162647 0.920912 0.4543489 0.1543276 0.877354 0.8846689 0.08970245 0.4575089 0.8843621 0.0913833 0.4577693 0.9341268 0.07199755 0.3496048 0.9179327 0.08176138 0.3882199 0.9701082 0.05107094 0.2372379 0.9572649 0.06248341 0.2823821 0.9922607 0.02982351 0.1205375 0.9896774 0.03379239 0.139272 0.9995458 0.01226326 0.02753 0.9994103 0.01317263 0.0317111 0.9999248 0.00635887 -0.01048677 0.5858897 0.1425097 0.797762 0.6495036 0.1345568 0.7483579 0.7504592 0.1177738 0.6503386 0.7056919 0.1302483 0.6964441 0.8235766 0.103607 0.5576622 0.7783292 0.1194126 0.6163962 0.8432623 0.1038387 0.5273767 0.9993224 0.02656891 -0.02547381 0.9991792 0.0129869 -0.03837069 0.9998067 0.01082166 -0.0164154 0.9996506 0.006900532 -0.0255165 0.9951497 0.09813053 -0.00688474 0.9969136 0.07826069 -0.006204781 0.9986331 0.05056243 -0.01324391 0.9841091 0.07180992 -0.1623962 0.9890744 0.09164753 -0.1154663 0.992698 0.1071897 -0.05532745 0.9928247 0.1193457 -0.007469662 0.01309714 0.08068104 0.9966539 0.007198946 0.1053744 0.9944066 0.03843434 0.0946157 0.9947717 0.04273263 0.1116534 0.992828 0.08624975 0.1046408 0.990763 0.09502503 0.1235011 0.9877842 0.1483159 0.1156492 0.9821546 0.1573834 0.1380231 0.9778446 0.2260501 0.1178884 0.9669559 0.2513352 0.1340111 0.9585779 0.3935226 0.1444068 0.9079023 0.2646861 0.1450726 0.95336 0.3348331 0.1381275 0.9320985 0.998257 0.01995868 -0.0555386 0.9975719 0.03049075 -0.06261535 0.9999758 0.006958787 -6.461562e-05 0.9999628 0.00853875 -0.001192431 0.9997619 0.02124867 -0.00496243 0.9979337 0.04815758 -0.0425337 0.9943248 0.05254055 -0.09250814 0.9883245 0.0528069 -0.1429203 0.9792914 0.04476224 -0.1974453 0.9958545 0.03851189 -0.08240526 0.9892533 0.03716032 -0.1414109 0.9965998 0.002613151 -0.08235245 0.9986966 0.001282888 -0.0510232 0.9997485 0.003136209 -0.02220793 0.9997052 0.01086283 0.02171584 0.9940984 0.02685682 0.105105 0.9770568 0.04568528 0.2080212 0.9496152 0.06238222 0.3071472 0.9121616 0.07704156 0.4025242 0.8646923 0.08982136 0.4942058 0.8067625 0.1009377 0.5821905 0.7377539 0.1105694 0.6659531 0.6583047 0.1158728 0.7437798 0.5630899 0.1209906 0.8174907 0.4563877 0.129527 0.8803028 0.9662013 0.03597623 -0.2552662 0.9721333 0.06328816 -0.2257244 0.979005 0.09331386 -0.1812231 0.9813842 0.1114282 -0.1564251 0.9878991 0.1281627 -0.08734779 0.9908243 0.1315385 -0.03106044 0.004023165 0.05529945 0.9984617 0.002782736 0.04696327 0.9988927 0.001787909 0.04281127 0.9990816 -0.03687283 0.0507072 0.9980327 -0.1522031 0.07856152 0.985222 -0.2877173 0.111144 0.9512443 -0.386843 0.1318054 0.9126773 -0.4788512 0.1478052 0.8653642 -0.9859619 0.09064396 0.1402242 -0.9822749 0.08302846 0.1680545 -0.9842283 0.1062473 0.1414434 -0.9755952 0.09876161 0.1961127 -0.9790312 0.1253663 0.1605653 -0.9674795 0.1174161 0.2240465 -0.9725971 0.1437341 0.1827441 -0.9575513 0.1353615 0.254505 -0.9522398 0.1500618 0.2659337 -0.9262073 0.1397692 0.3501494 -0.9076628 0.1492206 0.3922772 -0.8643387 0.1360531 0.4841572 -0.8592172 0.1494262 0.4893031 -0.8073945 0.1354144 0.5742622 -0.7938596 0.1467634 0.590125 -0.7370052 0.132591 0.662754 -0.7252261 0.1462677 0.6727949 -0.6673152 0.1265747 0.7339409 -0.6020427 0.1243707 0.7887183 -0.3612113 0.1095781 0.9260232 -0.4198144 0.116675 0.9000793 -0.4794749 0.1212808 0.8691345 -0.5404582 0.1248432 0.8320572 0.1523246 0.0273226 0.9879528 0.1165651 0.02454406 0.9928797 0.07284777 0.02809854 0.9969472 0.03028554 0.03504614 0.9989267 -0.02082374 0.04666801 0.9986934 -0.09278365 0.06358817 0.9936537 -0.7436835 0.1191059 0.6578363 -0.6714627 0.1167296 0.7317869 -0.6025553 0.1171721 0.7894288 -0.4787987 0.0988533 0.8723416 -0.3665606 0.08174977 0.9267957 -0.4237399 0.1330529 0.8959584 -0.3622909 0.1179974 0.9245658 -0.2988633 0.1012285 0.9489118 -0.3112358 0.1007387 0.9449783 -0.3738299 0.1037818 0.9216727 -0.4286828 0.1050186 0.8973306 -0.2245021 0.08928603 0.9703746 -0.997424 0.06398916 -0.03241575 -0.9866299 0.08247797 -0.1405664 -0.9530591 0.10627 -0.2835227 0.3594546 -0.007517553 0.9331323 0.315153 0.0029371 0.9490363 0.2725255 0.01282105 0.9620631 0.2478526 0.02157072 0.9685576 0.192935 0.03043402 0.9807394 0.3775446 0.006726272 0.925967 0.3793994 0.02749257 0.9248244 0.3258332 0.01842258 0.9452478 0.3208742 0.03996898 0.9462781 0.2763033 0.02935266 0.9606222 0.2652787 0.05142379 0.9627995 0.2292374 0.03950701 0.9725685 0.4329717 0.03651829 0.9006675 0.5005951 0.02327327 0.8653687 0.5770725 0.009542124 0.8166372 0.1706621 0.03868899 0.9845698 0.1847883 0.04889398 0.9815613 0.2129681 0.06186628 0.9750985 0.2414381 0.07761785 0.9673071 0.270736 0.09589632 0.9578653 0.2994394 0.1141062 0.9472676 0.3761767 0.1036179 0.9207358 0.3298439 0.12537 0.9356737 0.4134193 0.1120392 0.9036214 0.4093623 0.1269304 0.9034994 0.7504348 0.09396163 0.6542315 0.6779705 0.09962588 0.7283067 0.6205611 0.1173712 0.7753244 0.5895625 0.1084783 0.8004052 0.5207626 0.1215163 0.845009 0.489156 0.1134948 0.8647805 0.9849183 -0.005097223 -0.1729452 0.9938886 0.005503321 -0.1102508 0.9919556 -0.007802375 -0.1263457 0.9968812 -0.004098681 -0.07881057 0.9994207 0.0007881404 -0.03402457 0.9998349 0.00958763 0.01543746 0.9957052 0.02365601 0.08950741 0.9834324 0.03926791 0.1769712 0.9637715 0.05284521 0.2614419 0.9369561 0.06454899 0.3434337 0.9028159 0.07459219 0.4235085 0.8607615 0.08321941 0.5021595 0.8099184 0.09065236 0.5794949 0.4641038 0.09190512 0.8810001 0.4380074 0.08229676 0.8951965 0.4129751 0.06861649 0.9081538 0.4613605 0.04981234 0.8858133 0.5379582 0.02977709 0.8424454 0.6125642 0.01225233 0.7903259 0.6847621 -0.006139657 0.7287408 0.7505029 -0.02750318 0.6602946 0.5024164 0.09612531 0.8592658 0.572475 0.09764774 0.8140868 0.6592918 0.0935673 0.7460425 0.7339668 0.09137272 0.673011 0.8757818 0.06776235 0.4779273 0.9300979 0.05310421 0.3634525 0.966448 0.03993102 0.2537395 0.986514 0.03095329 0.1607233 0.9704903 -0.01282904 -0.2407986 0.9752189 -0.009292285 -0.2210469 0.9643832 -0.004542995 -0.26447 0.9751489 0.002973045 -0.2215307 0.963208 0.01298087 -0.2684435 0.9757942 0.02136838 -0.2176444 0.9844913 -0.01219235 -0.1750092 0.9510546 -0.01239008 -0.3087744 0.9470103 0.004090849 -0.3211771 0.9247067 0.01789257 -0.3802597 0.9084908 0.06139449 -0.4133705 0.8997225 0.03019061 -0.4354169 0.8350255 0.02613169 -0.5495903 0.8567666 0.02071453 -0.5152881 0.8791464 0.01467962 -0.4763257 0.8985977 0.004207084 -0.4387533 0.8838977 -0.008445399 -0.467604 0.9940535 -0.00984798 -0.1084463 0.9989141 -0.001703341 -0.04655878 0.9999295 0.008077138 0.008700208 0.8875894 0.11568 -0.4458735 0.9064807 0.1070108 -0.4084623 0.9142857 0.09412057 -0.3939834 0.8951549 0.07712404 -0.4390325 0.8439799 0.05895277 -0.5331252 0.7804478 0.03593253 -0.6241876 0.74675 0.02051337 -0.6647885 0.7783721 0.01186227 -0.6276911 0.8093021 0.005129147 -0.5873703 0.8368343 -0.001060935 -0.5474553 0.8603997 -0.004544924 -0.5095996 0.001609435 0.05322715 -0.9985811 0.02051636 0.03566506 0.9991532 0.001201934 0.03966028 0.9992125 0.02574377 0.9996255 -0.009281994 0.02574377 0.9996255 -0.009281994 0.02574377 0.9996255 -0.009281994 0.02574377 0.9996255 -0.009281994 0.02574377 0.9996255 -0.009281994 0.02574377 0.9996255 -0.009281994 0.02574377 0.9996255 -0.009281994 0.02574377 0.9996255 -0.009281994 0.02574377 0.9996255 -0.009281994 0.02574377 0.9996255 -0.009281994 0.02574377 0.9996255 -0.009281994 0.02574377 0.9996255 -0.009281994 0.02574377 0.9996255 -0.009281994 0.02574377 0.9996255 -0.009281994 0.02574377 0.9996255 -0.009281994 0.02574377 0.9996255 -0.009281994 0.02574377 0.9996255 -0.009281994 0.02574377 0.9996255 -0.009281994 0.02574377 0.9996255 -0.009281994 0.02574377 0.9996255 -0.009281994 0.02574377 0.9996255 -0.009281994 0.02574377 0.9996255 -0.009281994 0.02574377 0.9996255 -0.009281994 0.02574377 0.9996255 -0.009281994 0.02574377 0.9996255 -0.009281994 0.02574377 0.9996255 -0.009281994 0.02574377 0.9996255 -0.009281994 0.02574377 0.9996255 -0.009281994 0.02574377 0.9996255 -0.009281994 0.02574377 0.9996255 -0.009281994 0.02574377 0.9996255 -0.009281994 0.02574377 0.9996255 -0.009281994 0.02574377 0.9996255 -0.009281994 0.02574377 0.9996255 -0.009281994 0.02574377 0.9996255 -0.009281994 0.02574377 0.9996255 -0.009281994 0.02574377 0.9996255 -0.009281994 0.02574377 0.9996255 -0.009281994 0.02574377 0.9996255 -0.009281994 0.02574377 0.9996255 -0.009281994 0.02574377 0.9996255 -0.009281994 0.02574377 0.9996255 -0.009281994 0.02574377 0.9996255 -0.009281994 0.02574377 0.9996255 -0.009281994 0.02574377 0.9996255 -0.009281994 0.02574377 0.9996255 -0.009281994 0.02574377 0.9996255 -0.009281994 0.02574377 0.9996255 -0.009281994 0.02574377 0.9996255 -0.009281994 0.02574377 0.9996255 -0.009281994 0.02574377 0.9996255 -0.009281994 0.02574377 0.9996255 -0.009281994 0.02574377 0.9996255 -0.009281994 0.02574377 0.9996255 -0.009281994 0.02574377 0.9996255 -0.009281994 0.02574377 0.9996255 -0.009281994 0.02574377 0.9996255 -0.009281994 0.02574377 0.9996255 -0.009281994 0.02574377 0.9996255 -0.009281994 0.02574377 0.9996255 -0.009281994 0.02574377 0.9996255 -0.009281994 0.02574377 0.9996255 -0.009281994 0.02574377 0.9996255 -0.009281994 0.02574377 0.9996255 -0.009281994 0.02574377 0.9996255 -0.009281994 0.02574377 0.9996255 -0.009281994 0.02574377 0.9996255 -0.009281994 0.02574377 0.9996255 -0.009281994 0.02574377 0.9996255 -0.009281994 0.02574377 0.9996255 -0.009281994 0.02574377 0.9996255 -0.009281994 0.02574377 0.9996255 -0.009281994 0.02574377 0.9996255 -0.009281994 0.02574377 0.9996255 -0.009281994 0.02574377 0.9996255 -0.009281994 0.02574377 0.9996255 -0.009281994 0.02574377 0.9996255 -0.009281994 0.02574377 0.9996255 -0.009281994 0.02574377 0.9996255 -0.009281994 0.02574377 0.9996255 -0.009281994 0.02574377 0.9996255 -0.009281994 0.02574377 0.9996255 -0.009281994 0.02574377 0.9996255 -0.009281994 0.02574377 0.9996255 -0.009281994 0.02574377 0.9996255 -0.009281994 0.02574377 0.9996255 -0.009281994 0.02574377 0.9996255 -0.009281994 0.02574377 0.9996255 -0.009281994 0.02574377 0.9996255 -0.009281994 0.02574377 0.9996255 -0.009281994 0.02574377 0.9996255 -0.009281994 0.02574377 0.9996255 -0.009281994 0.02574377 0.9996255 -0.009281994 0.02574377 0.9996255 -0.009281994 0.02574377 0.9996255 -0.009281994 0.02574377 0.9996255 -0.009281994 0.02574377 0.9996255 -0.009281994 0.02574377 0.9996255 -0.009281994 0.02574377 0.9996255 -0.009281994 0.02574377 0.9996255 -0.009281994 0.02574377 0.9996255 -0.009281994 0.02574377 0.9996255 -0.009281994 0.02574377 0.9996255 -0.009281994 0.02574377 0.9996255 -0.009281994 0.02574377 0.9996255 -0.009281994 0.02574377 0.9996255 -0.009281994 0.02574377 0.9996255 -0.009281994 0.02574377 0.9996255 -0.009281994 0.02574377 0.9996255 -0.009281994 0.02574377 0.9996255 -0.009281994 0.02574377 0.9996255 -0.009281994 0.02574377 0.9996255 -0.009281994 0.02574377 0.9996255 -0.009281994 0.02574377 0.9996255 -0.009281994 0.02574377 0.9996255 -0.009281994 0.02574377 0.9996255 -0.009281994 -0.02574377 -0.9996255 0.009281994 -0.02574377 -0.9996255 0.009281994 -0.02574377 -0.9996255 0.009281994 -0.02574377 -0.9996255 0.009281994 -0.02574377 -0.9996255 0.009281994 -0.02574377 -0.9996255 0.009281994 -0.02574377 -0.9996255 0.009281994 -0.02574377 -0.9996255 0.009281994 -0.02574377 -0.9996255 0.009281994 -0.02574377 -0.9996255 0.009281994 -0.02574377 -0.9996255 0.009281994 -0.02574377 -0.9996255 0.009281994 -0.02574377 -0.9996255 0.009281994 -0.02574377 -0.9996255 0.009281994 -0.02574377 -0.9996255 0.009281994 -0.02574377 -0.9996255 0.009281994 -0.02574377 -0.9996255 0.009281994 -0.02574377 -0.9996255 0.009281994 -0.02574377 -0.9996255 0.009281994 -0.02574377 -0.9996255 0.009281994 -0.02574377 -0.9996255 0.009281994 -0.02574377 -0.9996255 0.009281994 -0.02574377 -0.9996255 0.009281994 -0.02574377 -0.9996255 0.009281994 -0.02574377 -0.9996255 0.009281994 -0.02574377 -0.9996255 0.009281994 -0.02574377 -0.9996255 0.009281994 -0.02574377 -0.9996255 0.009281994 -0.02574377 -0.9996255 0.009281994 -0.02574377 -0.9996255 0.009281994 -0.02574377 -0.9996255 0.009281994 -0.02574377 -0.9996255 0.009281994 -0.02574377 -0.9996255 0.009281994 -0.02574377 -0.9996255 0.009281994 -0.02574377 -0.9996255 0.009281994 -0.02574377 -0.9996255 0.009281994 -0.02574377 -0.9996255 0.009281994 -0.02574377 -0.9996255 0.009281994 -0.02574377 -0.9996255 0.009281994 -0.02574377 -0.9996255 0.009281994 -0.02574377 -0.9996255 0.009281994 -0.02574377 -0.9996255 0.009281994 -0.02574377 -0.9996255 0.009281994 -0.02574377 -0.9996255 0.009281994 -0.02574377 -0.9996255 0.009281994 -0.02574377 -0.9996255 0.009281994 -0.02574377 -0.9996255 0.009281994 -0.02574377 -0.9996255 0.009281994 -0.02574377 -0.9996255 0.009281994 -0.02574377 -0.9996255 0.009281994 -0.02574377 -0.9996255 0.009281994 -0.02574377 -0.9996255 0.009281994 -0.02574377 -0.9996255 0.009281994 -0.02574377 -0.9996255 0.009281994 -0.02574377 -0.9996255 0.009281994 -0.02574377 -0.9996255 0.009281994 -0.02574377 -0.9996255 0.009281994 -0.02574377 -0.9996255 0.009281994 -0.02574377 -0.9996255 0.009281994 -0.02574377 -0.9996255 0.009281994 -0.02574377 -0.9996255 0.009281994 -0.02574377 -0.9996255 0.009281994 -0.02574377 -0.9996255 0.009281994 -0.02574377 -0.9996255 0.009281994 -0.02574377 -0.9996255 0.009281994 -0.02574377 -0.9996255 0.009281994 -0.02574377 -0.9996255 0.009281994 -0.02574377 -0.9996255 0.009281994 -0.02574377 -0.9996255 0.009281994 -0.02574377 -0.9996255 0.009281994 -0.02574377 -0.9996255 0.009281994 -0.02574377 -0.9996255 0.009281994 -0.02574377 -0.9996255 0.009281994 -0.02574377 -0.9996255 0.009281994 -0.02574377 -0.9996255 0.009281994 -0.02574377 -0.9996255 0.009281994 -0.02574377 -0.9996255 0.009281994 -0.02574377 -0.9996255 0.009281994 -0.02574377 -0.9996255 0.009281994 -0.02574377 -0.9996255 0.009281994 -0.02574377 -0.9996255 0.009281994 -0.02574377 -0.9996255 0.009281994 -0.02574377 -0.9996255 0.009281994 -0.02574377 -0.9996255 0.009281994 -0.02574377 -0.9996255 0.009281994 -0.02574377 -0.9996255 0.009281994 -0.02574377 -0.9996255 0.009281994 -0.02574377 -0.9996255 0.009281994 -0.02574377 -0.9996255 0.009281994 -0.02574377 -0.9996255 0.009281994 -0.02574377 -0.9996255 0.009281994 -0.02574377 -0.9996255 0.009281994 -0.02574377 -0.9996255 0.009281994 -0.02574377 -0.9996255 0.009281994 -0.02574377 -0.9996255 0.009281994 -0.02574377 -0.9996255 0.009281994 -0.02574377 -0.9996255 0.009281994 -0.02574377 -0.9996255 0.009281994 -0.02574377 -0.9996255 0.009281994 -0.02574377 -0.9996255 0.009281994 -0.02574377 -0.9996255 0.009281994 -0.02574377 -0.9996255 0.009281994 -0.02574377 -0.9996255 0.009281994 -0.02574377 -0.9996255 0.009281994</float_array>
          <technique_common>
            <accessor count="1466" source="#normals-array-array" stride="3">
              <param type="float" name="X"/>
              <param type="float" name="Y"/>
              <param type="float" name="Z"/>
            </accessor>
          </technique_common>
        </source>
        <vertices id="verts-array-vertices">
          <input semantic="POSITION" source="#verts-array"/>
        </vertices>
        <triangles count="2488" material="material0">
          <input offset="0" semantic="VERTEX" source="#verts-array-vertices"/>
          <input offset="1" semantic="NORMAL" source="#normals-array"/>
          <p>0 0 1 1 2 2 3 3 4 4 5 5 6 6 7 7 8 8 9 9 10 10 11 11 12 12 13 13 14 14 15 15 16 16 17 17 18 18 19 19 20 20 21 21 22 22 23 23 21 21 24 24 25 25 26 26 27 27 28 28 29 29 30 30 31 31 31 31 30 30 32 32 27 27 26 26 33 33 34 34 35 35 36 36 37 37 38 38 39 39 40 40 41 41 42 42 43 43 44 44 45 45 46 46 47 47 48 48 49 49 50 50 51 51 52 52 53 53 54 54 55 55 56 56 57 57 58 58 59 59 60 60 61 61 60 60 62 62 63 63 64 64 65 65 66 66 67 67 68 68 69 69 70 70 71 71 72 72 73 73 74 74 75 75 76 76 77 77 78 78 79 79 80 80 81 81 82 82 83 83 84 84 85 85 86 86 85 85 84 84 87 87 88 88 89 89 90 90 91 91 92 92 93 93 94 94 95 95 96 96 97 97 98 98 99 99 100 100 101 101 102 102 102 102 101 101 103 103 104 104 105 105 106 106 107 107 108 108 109 109 110 110 111 111 112 112 113 113 114 114 115 115 116 116 117 117 118 118 119 119 120 120 121 121 122 122 123 123 124 124 125 125 126 126 127 127 128 128 129 129 130 130 131 131 132 132 133 133 134 134 135 135 136 136 137 137 138 138 139 139 138 138 137 137 140 140 79 79 141 141 80 80 142 142 80 80 141 141 80 80 142 142 143 143 144 144 145 145 146 146 147 147 148 148 149 149 150 150 149 149 148 148 149 149 150 150 151 151 152 152 151 151 150 150 151 151 152 152 153 153 154 154 155 155 156 156 157 157 156 156 155 155 156 156 157 157 158 158 159 159 158 158 157 157 158 158 159 159 160 160 161 161 154 154 162 162 156 156 162 162 154 154 162 162 156 156 163 163 158 158 163 163 156 156 163 163 158 158 164 164 160 160 164 164 158 158 165 165 166 166 167 167 168 168 167 167 166 166 169 169 170 170 171 171 172 172 171 171 170 170 173 173 174 174 175 175 176 176 175 175 174 174 175 175 176 176 177 177 178 178 177 177 176 176 177 177 178 178 179 179 172 172 180 180 171 171 181 181 171 171 180 180 171 171 181 181 182 182 183 183 182 182 181 181 145 145 169 169 184 184 171 171 184 184 169 169 184 184 171 171 185 185 182 182 185 185 171 171 186 186 135 135 187 187 134 134 187 187 135 135 187 187 134 134 188 188 189 189 132 132 190 190 131 131 190 190 132 132 190 190 131 131 191 191 188 188 192 192 187 187 193 193 187 187 192 192 187 187 193 193 186 186 194 194 173 173 195 195 175 175 195 195 173 173 195 195 175 175 196 196 177 177 196 196 175 175 196 196 177 177 197 197 179 179 197 197 177 177 197 197 179 179 198 198 142 142 199 199 143 143 200 200 143 143 199 199 143 143 200 200 201 201 202 202 201 201 200 200 201 201 202 202 203 203 204 204 203 203 202 202 205 205 204 204 206 206 202 202 206 206 204 204 206 206 202 202 207 207 200 200 207 207 202 202 207 207 200 200 208 208 199 199 208 208 200 200 168 168 209 209 167 167 210 210 167 167 209 209 167 167 210 210 211 211 144 144 212 212 168 168 213 213 168 168 212 212 168 168 213 213 209 209 214 214 209 209 213 213 209 209 214 214 210 210 215 215 125 125 205 205 127 127 205 205 125 125 205 205 127 127 204 204 216 216 204 204 127 127 204 204 216 216 203 203 215 215 217 217 125 125 218 218 125 125 217 217 125 125 218 218 126 126 219 219 126 126 218 218 144 144 146 146 212 212 220 220 212 212 146 146 212 212 220 220 213 213 221 221 213 213 220 220 213 213 221 221 214 214 222 222 214 214 221 221 214 214 222 222 210 210 223 223 210 210 222 222 210 210 223 223 211 211 224 224 211 211 223 223 211 211 224 224 167 167 225 225 167 167 224 224 167 167 225 225 165 165 141 141 159 159 142 142 157 157 142 142 159 159 142 142 157 157 199 199 155 155 199 199 157 157 199 199 155 155 208 208 154 154 208 208 155 155 208 208 154 154 207 207 161 161 207 207 154 154 207 207 161 161 206 206 226 226 206 206 161 161 206 206 226 226 205 205 227 227 205 205 226 226 205 205 227 227 215 215 228 228 215 215 227 227 215 215 228 228 217 217 229 229 217 217 228 228 230 230 231 231 183 183 232 232 183 183 231 231 183 183 232 232 182 182 233 233 182 182 232 232 182 182 233 233 185 185 234 234 185 185 233 233 185 185 234 234 235 235 236 236 235 235 234 234 235 235 236 236 237 237 121 121 238 238 119 119 239 239 119 119 238 238 119 119 239 239 240 240 241 241 240 240 239 239 240 240 241 241 242 242 243 243 242 242 241 241 242 242 243 243 244 244 245 245 246 246 247 247 248 248 247 247 246 246 247 247 248 248 249 249 250 250 249 249 248 248 249 249 250 250 251 251 252 252 251 251 250 250 251 251 252 252 253 253 254 254 253 253 252 252 253 253 254 254 255 255 256 256 255 255 254 254 255 255 256 256 257 257 244 244 257 257 256 256 257 257 244 244 258 258 243 243 258 258 244 244 145 145 184 184 146 146 185 185 146 146 184 184 146 146 185 185 220 220 235 235 220 220 185 185 220 220 235 235 221 221 237 237 221 221 235 235 221 221 237 237 259 259 198 198 116 116 260 260 198 198 260 260 197 197 261 261 197 197 260 260 197 197 261 261 196 196 262 262 196 196 261 261 196 196 262 262 195 195 263 263 195 195 262 262 195 195 263 263 194 194 264 264 194 194 263 263 194 194 264 264 265 265 266 266 265 265 264 264 265 265 266 266 120 120 267 267 120 120 266 266 120 120 267 267 121 121 268 268 269 269 270 270 118 118 270 270 269 269 270 270 118 118 271 271 117 117 271 271 118 118 272 272 273 273 274 274 275 275 268 268 276 276 270 270 276 276 268 268 276 276 270 270 277 277 271 271 277 277 270 270 278 278 279 279 280 280 281 281 280 280 279 279 280 280 281 281 115 115 282 282 115 115 281 281 115 115 282 282 113 113 116 116 118 118 260 260 269 269 260 260 118 118 260 260 269 269 261 261 283 283 261 261 269 269 261 261 283 283 262 262 284 284 262 262 283 283 262 262 284 284 263 263 285 285 263 263 284 284 263 263 285 285 264 264 286 286 264 264 285 285 264 264 286 286 266 266 275 275 287 287 268 268 288 288 268 268 287 287 268 268 288 288 269 269 289 289 269 269 288 288 269 269 289 289 283 283 290 290 283 283 289 289 283 283 290 290 284 284 291 291 284 284 290 290 284 284 291 291 285 285 292 292 285 285 291 291 285 285 292 292 286 286 122 122 286 286 292 292 286 286 122 122 266 266 124 124 266 266 122 122 266 266 124 124 267 267 293 293 294 294 295 295 296 296 297 297 298 298 299 299 298 298 297 297 296 296 300 300 301 301 302 302 301 301 300 300 301 301 302 302 303 303 304 304 305 305 306 306 299 299 307 307 298 298 308 308 298 298 307 307 298 298 308 308 296 296 309 309 296 296 308 308 296 296 309 309 300 300 111 111 110 110 310 310 311 311 310 310 110 110 310 310 311 311 312 312 313 313 312 312 311 311 312 312 313 313 314 314 315 315 314 314 313 313 314 314 315 315 316 316 317 317 316 316 315 315 316 316 317 317 318 318 319 319 320 320 321 321 322 322 321 321 320 320 321 321 322 322 323 323 324 324 323 323 322 322 325 325 326 326 327 327 328 328 329 329 330 330 325 325 330 330 329 329 330 330 325 325 331 331 327 327 331 331 325 325 332 332 333 333 334 334 335 335 334 334 333 333 334 334 335 335 303 303 336 336 337 337 320 320 338 338 320 320 337 337 320 320 338 338 322 322 339 339 322 322 338 338 322 322 339 339 324 324 340 340 324 324 339 339 341 341 336 336 342 342 320 320 342 342 336 336 342 342 320 320 343 343 319 319 343 343 320 320 343 343 319 319 344 344 345 345 340 340 346 346 339 339 346 346 340 340 346 346 339 339 347 347 338 338 347 347 339 339 347 347 338 338 348 348 337 337 348 348 338 338 326 326 341 341 327 327 342 342 327 327 341 341 327 327 342 342 331 331 343 343 331 331 342 342 331 331 343 343 330 330 344 344 330 330 343 343 330 330 344 344 328 328 349 349 328 328 344 344 328 328 349 349 350 350 351 351 350 350 349 349 350 350 351 351 272 272 352 352 353 353 332 332 354 354 332 332 353 353 325 325 355 355 326 326 356 356 326 326 355 355 326 326 356 356 341 341 357 357 341 341 356 356 341 341 357 357 336 336 358 358 336 336 357 357 336 336 358 358 337 337 359 359 337 337 358 358 337 337 359 359 348 348 304 304 306 306 360 360 361 361 360 360 306 306 360 360 361 361 362 362 294 294 305 305 295 295 304 304 295 295 305 305 295 295 304 304 363 363 360 360 363 363 304 304 363 363 360 360 364 364 362 362 364 364 360 360 364 364 362 362 365 365 307 307 106 106 308 308 366 366 308 308 106 106 308 308 366 366 309 309 367 367 309 309 366 366 309 309 367 367 300 300 368 368 300 300 367 367 300 300 368 368 302 302 369 369 302 302 368 368 370 370 371 371 372 372 107 107 371 371 373 373 370 370 373 373 371 371 373 373 370 370 374 374 107 107 109 109 371 371 375 375 371 371 109 109 371 371 375 375 372 372 311 311 101 101 313 313 100 100 313 313 101 101 313 313 100 100 315 315 376 376 315 315 100 100 315 315 376 376 317 317 377 377 317 317 376 376 318 318 317 317 378 378 377 377 378 378 317 317 378 378 377 377 379 379 380 380 379 379 377 377 379 379 380 380 381 381 382 382 375 375 383 383 109 109 383 383 375 375 383 383 109 109 384 384 108 108 384 384 109 109 384 384 108 108 2 2 102 102 385 385 100 100 386 386 100 100 385 385 100 100 386 386 376 376 387 387 376 376 386 386 376 376 387 387 377 377 388 388 377 377 387 387 377 377 388 388 380 380 104 104 365 365 389 389 362 362 389 389 365 365 389 389 362 362 390 390 361 361 390 390 362 362 390 390 361 361 391 391 381 381 391 391 361 361 106 106 105 105 366 366 392 392 366 366 105 105 366 366 392 392 367 367 393 393 367 367 392 392 367 367 393 393 368 368 394 394 368 368 393 393 368 368 394 394 369 369 395 395 369 369 394 394 369 369 395 395 396 396 303 303 302 302 334 334 369 369 334 334 302 302 334 334 369 369 332 332 396 396 332 332 369 369 332 332 396 396 352 352 397 397 108 108 398 398 107 107 398 398 108 108 398 398 107 107 399 399 373 373 399 399 107 107 399 399 373 373 400 400 374 374 400 400 373 373 400 400 374 374 401 401 272 272 351 351 273 273 349 349 273 273 351 351 273 273 349 349 402 402 344 344 402 402 349 349 402 402 344 344 403 403 319 319 403 403 344 344 403 403 319 319 404 404 321 321 404 404 319 319 404 404 321 321 405 405 323 323 405 405 321 321 405 405 323 323 406 406 324 324 406 406 323 323 406 406 324 324 407 407 340 340 407 407 324 324 407 407 340 340 408 408 345 345 408 408 340 340 408 408 345 345 409 409 410 410 411 411 412 412 413 413 414 414 415 415 416 416 411 411 417 417 412 412 411 411 418 418 419 419 420 420 421 421 422 422 421 421 420 420 421 421 422 422 423 423 424 424 425 425 426 426 427 427 426 426 425 425 426 426 427 427 428 428 429 429 428 428 427 427 428 428 429 429 430 430 431 431 432 432 433 433 434 434 433 433 432 432 433 433 434 434 435 435 413 413 435 435 434 434 435 435 413 413 418 418 415 415 418 418 413 413 418 418 415 415 412 412 411 411 416 416 418 418 436 436 418 418 416 416 418 418 436 436 435 435 74 74 435 435 436 436 435 435 74 74 433 433 73 73 433 433 74 74 433 433 73 73 431 431 437 437 438 438 430 430 439 439 440 440 441 441 442 442 441 441 440 440 441 441 442 442 443 443 89 89 444 444 90 90 443 443 90 90 444 444 90 90 443 443 445 445 442 442 445 445 443 443 445 445 442 442 419 419 444 444 446 446 443 443 447 447 443 443 446 446 443 443 447 447 441 441 448 448 441 441 447 447 441 441 448 448 439 439 449 449 98 98 450 450 97 97 450 450 98 98 450 450 97 97 93 93 451 451 95 95 452 452 94 94 452 452 95 95 452 452 94 94 453 453 93 93 92 92 450 450 454 454 450 450 92 92 450 450 454 454 449 449 455 455 456 456 457 457 457 457 458 458 455 455 459 459 455 455 458 458 455 455 459 459 460 460 23 23 461 461 462 462 463 463 464 464 465 465 466 466 465 465 464 464 461 461 23 23 467 467 22 22 467 467 23 23 467 467 22 22 468 468 469 469 470 470 471 471 469 469 471 471 472 472 473 473 472 472 471 471 472 472 473 473 474 474 78 78 475 475 83 83 476 476 83 83 475 475 83 83 476 476 81 81 477 477 81 81 476 476 86 86 85 85 478 478 87 87 478 478 85 85 478 478 87 87 479 479 480 480 481 481 482 482 483 483 482 482 481 481 482 482 483 483 484 484 485 485 486 486 487 487 479 479 487 487 486 486 487 487 479 479 488 488 87 87 488 488 479 479 488 488 87 87 489 489 84 84 489 489 87 87 490 490 491 491 492 492 466 466 493 493 465 465 494 494 465 465 493 493 465 465 494 494 463 463 495 495 75 75 496 496 497 497 474 474 498 498 473 473 498 498 474 474 498 498 473 473 477 477 471 471 477 477 473 473 477 477 471 471 81 81 470 470 81 81 471 471 81 81 470 470 82 82 499 499 500 500 501 501 502 502 501 501 500 500 501 501 502 502 503 503 504 504 503 503 502 502 503 503 504 504 505 505 506 506 505 505 504 504 494 494 507 507 463 463 508 508 463 463 507 507 463 463 508 508 509 509 510 510 509 509 508 508 509 509 510 510 511 511 512 512 511 511 510 510 511 511 512 512 485 485 414 414 413 413 513 513 434 434 513 513 413 413 513 513 434 434 514 514 432 432 514 514 434 434 514 514 432 432 515 515 431 431 515 515 432 432 515 515 431 431 516 516 73 73 516 516 431 431 516 516 73 73 517 517 72 72 517 517 73 73 517 517 72 72 518 518 438 438 437 437 519 519 520 520 519 519 437 437 519 519 520 520 521 521 522 522 521 521 523 523 520 520 523 523 521 521 523 523 520 520 524 524 437 437 524 524 520 520 524 524 437 437 525 525 526 526 527 527 528 528 529 529 528 528 527 527 528 528 529 529 530 530 531 531 530 530 529 529 530 530 531 531 532 532 533 533 532 532 531 531 532 532 533 533 534 534 535 535 534 534 533 533 448 448 536 536 439 439 537 537 439 439 536 536 439 439 537 537 538 538 539 539 538 538 537 537 538 538 539 539 540 540 541 541 540 540 539 539 1 1 0 0 542 542 543 543 542 542 0 0 542 542 543 543 544 544 539 539 545 545 546 546 541 541 539 539 547 547 546 546 547 547 539 539 547 547 546 546 548 548 543 543 549 549 544 544 550 550 544 544 549 549 544 544 550 550 548 548 551 551 548 548 550 550 548 548 551 551 547 547 552 552 547 547 551 551 547 547 552 552 541 541 553 553 541 541 552 552 541 541 553 553 540 540 554 554 555 555 556 556 557 557 556 556 555 555 556 556 557 557 558 558 559 559 558 558 557 557 558 558 559 559 560 560 561 561 562 562 563 563 564 564 563 563 562 562 563 563 564 564 526 526 526 526 564 564 527 527 70 70 527 527 564 564 527 527 70 70 529 529 69 69 529 529 70 70 529 529 69 69 531 531 562 562 565 565 564 564 566 566 564 564 565 565 564 564 566 566 70 70 567 567 70 70 566 566 70 70 567 567 71 71 568 568 71 71 567 567 71 71 568 568 554 554 569 569 554 554 568 568 554 554 569 569 555 555 570 570 571 571 572 572 573 573 572 572 571 571 572 572 573 573 574 574 575 575 574 574 573 573 574 574 575 575 576 576 577 577 576 576 575 575 576 576 577 577 578 578 579 579 578 578 577 577 578 578 579 579 580 580 581 581 580 580 579 579 580 580 581 581 582 582 560 560 582 582 581 581 582 582 560 560 583 583 559 559 583 583 560 560 536 536 584 584 537 537 585 585 537 537 584 584 537 537 585 585 539 539 586 586 539 539 585 585 539 539 586 586 545 545 587 587 588 588 589 589 590 590 589 589 588 588 589 589 590 590 591 591 592 592 591 591 590 590 591 591 592 592 593 593 594 594 593 593 592 592 593 593 594 594 595 595 596 596 595 595 594 594 595 595 596 596 597 597 588 588 598 598 590 590 599 599 590 590 598 598 590 590 599 599 592 592 600 600 592 592 599 599 592 592 600 600 594 594 601 601 594 594 600 600 594 594 601 601 596 596 602 602 603 603 604 604 605 605 604 604 603 603 604 604 605 605 480 480 606 606 480 480 605 605 480 480 606 606 481 481 602 602 607 607 603 603 608 608 603 603 607 607 603 603 608 608 605 605 609 609 605 605 608 608 605 605 609 609 606 606 493 493 610 610 494 494 611 611 494 494 610 610 494 494 611 611 507 507 612 612 507 507 611 611 507 507 612 612 508 508 613 613 508 508 612 612 508 508 613 613 510 510 614 614 510 510 613 613 510 510 614 614 512 512 615 615 616 616 617 617 618 618 617 617 616 616 617 617 618 618 619 619 620 620 615 615 621 621 617 617 621 621 615 615 621 621 617 617 622 622 619 619 622 622 617 617 622 622 619 619 623 623 500 500 620 620 502 502 621 621 502 502 620 620 502 502 621 621 504 504 622 622 504 504 621 621 504 504 622 622 506 506 623 623 506 506 622 622 624 624 597 597 625 625 596 596 625 625 597 597 625 625 596 596 626 626 601 601 626 626 596 596 626 626 601 601 627 627 600 600 627 627 601 601 627 627 600 600 628 628 599 599 628 628 600 600 628 628 599 599 629 629 598 598 629 629 599 599 629 629 598 598 630 630 631 631 630 630 598 598 630 630 631 631 632 632 633 633 632 632 631 631 632 632 633 633 634 634 602 602 635 635 607 607 636 636 607 607 635 635 607 607 636 636 608 608 637 637 608 608 636 636 608 608 637 637 609 609 638 638 609 609 637 637 609 609 638 638 639 639 640 640 639 639 638 638 639 639 640 640 641 641 642 642 643 643 644 644 645 645 644 644 643 643 644 644 645 645 646 646 602 602 647 647 648 648 644 644 648 648 647 647 648 648 644 644 649 649 646 646 649 649 644 644 649 649 646 646 650 650 602 602 648 648 635 635 649 649 635 635 648 648 635 635 649 649 636 636 650 650 636 636 649 649 636 636 650 650 637 637 651 651 637 637 650 650 637 637 651 651 638 638 652 652 638 638 651 651 638 638 652 652 640 640 653 653 654 654 655 655 490 490 492 492 656 656 653 653 656 656 492 492 656 656 653 653 657 657 655 655 657 657 653 653 657 657 655 655 658 658 461 461 491 491 462 462 490 490 462 462 491 491 462 462 490 490 659 659 656 656 659 659 490 490 659 659 656 656 660 660 657 657 660 660 656 656 660 660 657 657 661 661 658 658 661 661 657 657 661 661 658 658 662 662 610 610 663 663 611 611 664 664 611 611 663 663 611 611 664 664 612 612 665 665 612 612 664 664 612 612 665 665 613 613 666 666 613 613 665 665 613 613 666 666 614 614 667 667 614 614 666 666 668 668 669 669 670 670 495 495 496 496 671 671 668 668 671 671 496 496 671 671 668 668 672 672 670 670 672 672 668 668 672 672 670 670 673 673 674 674 675 675 676 676 75 75 77 77 496 496 677 677 496 496 77 77 496 496 677 677 668 668 678 678 668 668 677 677 668 668 678 678 669 669 475 475 499 499 476 476 501 501 476 476 499 499 476 476 501 501 477 477 503 503 477 477 501 501 477 477 503 503 498 498 505 505 498 498 503 503 498 498 505 505 497 497 506 506 497 497 505 505 497 497 506 506 68 68 623 623 68 68 506 506 68 68 623 623 66 66 679 679 680 680 681 681 682 682 681 681 680 680 681 681 682 682 683 683 616 616 679 679 618 618 681 681 618 618 679 679 618 618 681 681 619 619 683 683 619 619 681 681 619 619 683 683 623 623 684 684 623 623 683 683 623 623 684 684 66 66 468 468 76 76 467 467 75 75 467 467 76 76 467 467 75 75 461 461 495 495 461 461 75 75 461 461 495 495 491 491 671 671 491 491 495 495 491 491 671 671 492 492 672 672 492 492 671 671 492 492 672 672 653 653 673 673 653 653 672 672 653 653 673 673 654 654 667 667 642 642 614 614 644 644 614 614 642 642 614 614 644 644 512 512 647 647 512 512 644 644 512 512 647 647 485 485 602 602 485 485 647 647 485 485 602 602 486 486 604 604 486 486 602 602 486 486 604 604 479 479 480 480 479 479 604 604 479 479 480 480 478 478 482 482 478 478 480 480 478 478 482 482 86 86 484 484 86 86 482 482 624 624 561 561 597 597 563 563 597 597 561 561 597 597 563 563 595 595 526 526 595 595 563 563 595 595 526 526 593 593 528 528 593 593 526 526 593 593 528 528 591 591 530 530 591 591 528 528 591 591 530 530 589 589 532 532 589 589 530 530 589 589 532 532 587 587 534 534 587 587 532 532 685 685 686 686 63 63 687 687 688 688 689 689 690 690 691 691 692 692 693 693 694 694 695 695 696 696 695 695 694 694 697 697 698 698 699 699 700 700 699 699 698 698 699 699 700 700 701 701 687 687 701 701 700 700 701 701 687 687 685 685 689 689 685 685 687 687 685 685 689 689 686 686 690 690 702 702 703 703 704 704 703 703 702 702 703 703 704 704 705 705 706 706 707 707 708 708 709 709 708 708 707 707 708 708 709 709 710 710 711 711 710 710 709 709 710 710 711 711 712 712 59 59 58 58 713 713 714 714 713 713 58 58 713 713 714 714 715 715 716 716 715 715 714 714 715 715 716 716 717 717 718 718 717 717 716 716 717 717 718 718 719 719 720 720 719 719 718 718 719 719 720 720 721 721 722 722 721 721 720 720 721 721 722 722 723 723 724 724 725 725 41 41 52 52 54 54 726 726 727 727 726 726 54 54 726 726 727 727 728 728 729 729 728 728 727 727 728 728 729 729 730 730 731 731 730 730 729 729 730 730 731 731 732 732 60 60 61 61 58 58 733 733 58 58 61 61 58 58 733 733 714 714 734 734 714 714 733 733 714 714 734 734 716 716 735 735 716 716 734 734 716 716 735 735 718 718 736 736 718 718 735 735 718 718 736 736 720 720 737 737 720 720 736 736 720 720 737 737 722 722 738 738 702 702 739 739 690 690 739 739 702 702 739 739 690 690 740 740 692 692 740 740 690 690 740 740 692 692 741 741 742 742 50 50 743 743 49 49 743 743 50 50 743 743 49 49 744 744 745 745 46 46 746 746 48 48 746 746 46 46 746 746 48 48 747 747 748 748 747 747 48 48 747 747 748 748 749 749 401 401 749 749 748 748 749 749 401 401 750 750 374 374 750 750 401 401 750 750 374 374 751 751 370 370 751 751 374 374 751 751 370 370 752 752 372 372 752 752 370 370 382 382 103 103 375 375 101 101 375 375 103 103 375 375 101 101 372 372 311 311 372 372 101 101 372 372 311 311 752 752 110 110 752 752 311 311 752 752 110 110 751 751 112 112 751 751 110 110 751 751 112 112 750 750 753 753 750 750 112 112 750 750 753 753 749 749 744 744 749 749 753 753 749 749 744 744 747 747 49 49 747 747 744 744 747 747 49 49 746 746 51 51 746 746 49 49 746 746 51 51 745 745 693 693 695 695 754 754 755 755 754 754 695 695 754 754 755 755 756 756 757 757 756 756 755 755 756 756 757 757 758 758 759 759 758 758 757 757 758 758 759 759 760 760 760 760 738 738 758 758 739 739 758 758 738 738 758 758 739 739 756 756 740 740 756 756 739 739 756 756 740 740 754 754 741 741 754 754 740 740 754 754 741 741 693 693 742 742 761 761 50 50 762 762 50 50 761 761 50 50 762 762 51 51 763 763 51 51 762 762 51 51 763 763 745 745 45 45 745 745 763 763 745 745 45 45 46 46 44 44 46 46 45 45 46 46 44 44 47 47 417 417 764 764 765 765 766 766 765 765 764 764 417 417 411 411 764 764 410 410 764 764 411 411 764 764 410 410 766 766 767 767 766 766 410 410 766 766 767 767 768 768 769 769 768 768 767 767 768 768 769 769 770 770 397 397 518 518 522 522 72 72 522 522 518 518 522 522 72 72 521 521 74 74 521 521 72 72 521 521 74 74 519 519 436 436 519 519 74 74 519 519 436 436 438 438 416 416 438 438 436 436 438 438 416 416 430 430 417 417 430 430 416 416 430 430 417 417 428 428 765 765 428 428 417 417 428 428 765 765 706 706 766 766 706 706 765 765 706 706 766 766 707 707 768 768 707 707 766 766 707 707 768 768 709 709 770 770 709 709 768 768 709 709 770 770 711 711 761 761 705 705 762 762 704 704 762 762 705 705 762 762 704 704 763 763 702 702 763 763 704 704 763 763 702 702 45 45 738 738 45 45 702 702 45 45 738 738 43 43 760 760 43 43 738 738 43 43 760 760 771 771 759 759 771 771 760 760 397 397 398 398 518 518 399 399 518 518 398 398 518 518 399 399 517 517 400 400 517 517 399 399 517 517 400 400 516 516 401 401 516 516 400 400 516 516 401 401 515 515 748 748 515 515 401 401 515 515 748 748 514 514 48 48 514 514 748 748 514 514 48 48 513 513 47 47 513 513 48 48 513 513 47 47 414 414 44 44 414 414 47 47 414 414 44 44 415 415 43 43 415 415 44 44 415 415 43 43 412 412 771 771 412 412 43 43 412 412 771 771 410 410 759 759 410 410 771 771 410 410 759 759 767 767 757 757 767 767 759 759 767 767 757 757 769 769 755 755 769 769 757 757 769 769 755 755 770 770 695 695 770 770 755 755 770 770 695 695 711 711 696 696 711 711 695 695 711 711 696 696 712 712 733 733 772 772 734 734 773 773 734 734 772 772 734 734 773 773 735 735 774 774 735 735 773 773 735 735 774 774 736 736 775 775 736 736 774 774 736 736 775 775 737 737 776 776 777 777 778 778 779 779 778 778 777 777 40 40 42 42 780 780 781 781 780 780 42 42 780 780 781 781 782 782 783 783 782 782 781 781 782 782 783 783 784 784 785 785 784 784 783 783 784 784 785 785 786 786 787 787 786 786 785 785 786 786 787 787 788 788 779 779 777 777 422 422 789 789 422 422 777 777 422 422 789 789 423 423 419 419 442 442 420 420 440 440 420 420 442 442 420 420 440 440 422 422 790 790 422 422 440 440 422 422 790 790 779 779 454 454 453 453 449 449 94 94 449 449 453 453 449 449 94 94 98 98 96 96 98 98 94 94 98 98 96 96 99 99 791 791 99 99 96 96 99 99 791 791 792 792 793 793 792 792 791 791 792 792 793 793 794 794 795 795 794 794 793 793 794 794 795 795 796 796 797 797 796 796 795 795 798 798 799 799 800 800 801 801 800 800 799 799 800 800 801 801 802 802 803 803 802 802 801 801 802 802 803 803 804 804 37 37 804 804 803 803 804 804 37 37 805 805 39 39 805 805 37 37 805 805 39 39 806 806 807 807 806 806 39 39 806 806 807 807 808 808 796 796 38 38 794 794 37 37 794 794 38 38 794 794 37 37 792 792 803 803 792 792 37 37 792 792 803 803 99 99 801 801 99 99 803 803 99 99 801 801 97 97 799 799 97 97 801 801 97 97 799 799 93 93 798 798 93 93 799 799 93 93 798 798 91 91 451 451 88 88 95 95 90 90 95 95 88 88 95 95 90 90 96 96 445 445 96 96 90 90 96 96 445 445 791 791 419 419 791 791 445 445 791 791 419 419 793 793 421 421 793 793 419 419 793 793 421 421 795 795 423 423 795 795 421 421 795 795 423 423 797 797 789 789 797 797 423 423 778 778 724 724 776 776 41 41 776 776 724 724 776 776 41 41 777 777 40 40 777 777 41 41 777 777 40 40 789 789 780 780 789 789 40 40 789 789 780 780 797 797 782 782 797 797 780 780 797 797 782 782 796 796 784 784 796 796 782 782 796 796 784 784 38 38 786 786 38 38 784 784 38 38 786 786 39 39 788 788 39 39 786 786 39 39 788 788 807 807 772 772 424 424 773 773 426 426 773 773 424 424 773 773 426 426 774 774 428 428 774 774 426 426 774 774 428 428 775 775 706 706 775 775 428 428 775 775 706 706 737 737 708 708 737 737 706 706 737 737 708 708 722 722 710 710 722 722 708 708 722 722 710 710 723 723 712 712 723 723 710 710 55 55 57 57 809 809 810 810 809 809 57 57 809 809 810 810 811 811 812 812 811 811 810 810 811 811 812 812 813 813 814 814 813 813 812 812 813 813 814 814 815 815 816 816 815 815 814 814 815 815 816 816 817 817 818 818 732 732 817 817 731 731 817 817 732 732 817 817 731 731 815 815 729 729 815 815 731 731 815 815 729 729 813 813 727 727 813 813 729 729 813 813 727 727 811 811 54 54 811 811 727 727 811 811 54 54 809 809 53 53 809 809 54 54 809 809 53 53 55 55 819 819 820 820 821 821 822 822 821 821 820 820 823 823 824 824 825 825 823 823 825 825 826 826 825 825 827 827 826 826 828 828 826 826 827 827 826 826 828 828 829 829 830 830 831 831 832 832 833 833 832 832 831 831 832 832 833 833 834 834 835 835 834 834 833 833 834 834 835 835 836 836 828 828 837 837 829 829 838 838 829 829 837 837 829 829 838 838 839 839 840 840 839 839 838 838 839 839 840 840 841 841 842 842 841 841 840 840 841 841 842 842 843 843 841 841 844 844 839 839 845 845 839 839 844 844 839 839 845 845 829 829 846 846 829 829 845 845 829 829 846 846 826 826 847 847 826 826 846 846 826 826 847 847 823 823 848 848 849 849 34 34 34 34 849 849 35 35 850 850 35 35 849 849 35 35 850 850 851 851 852 852 853 853 854 854 855 855 854 854 853 853 854 854 855 855 856 856 36 36 852 852 34 34 854 854 34 34 852 852 34 34 854 854 848 848 856 856 848 848 854 854 848 848 856 856 857 857 858 858 857 857 856 856 857 857 858 858 859 859 860 860 859 859 858 858 861 861 862 862 863 863 821 821 863 863 862 862 863 863 821 821 864 864 822 822 864 864 821 821 864 864 822 822 830 830 816 816 819 819 817 817 821 821 817 817 819 819 817 817 821 821 818 818 862 862 818 818 821 821 818 818 862 862 865 865 861 861 865 865 862 862 865 865 861 861 866 866 844 844 867 867 845 845 868 868 845 845 867 867 845 845 868 868 846 846 869 869 846 846 868 868 846 846 869 869 847 847 870 870 847 847 869 869 56 56 55 55 725 725 53 53 725 725 55 55 725 725 53 53 41 41 52 52 41 41 53 53 41 41 52 52 42 42 726 726 42 42 52 52 42 42 726 726 781 781 728 728 781 781 726 726 781 781 728 728 783 783 730 730 783 783 728 728 783 783 730 730 785 785 732 732 785 785 730 730 785 785 732 732 787 787 818 818 787 787 732 732 787 787 818 818 788 788 865 865 788 788 818 818 788 788 865 865 807 807 866 866 807 807 865 865 807 807 866 866 808 808 871 871 872 872 873 873 874 874 873 873 872 872 873 873 874 874 875 875 876 876 875 875 874 874 875 875 876 876 877 877 835 835 871 871 836 836 873 873 836 836 871 871 836 836 873 873 878 878 875 875 878 878 873 873 878 878 875 875 879 879 877 877 879 879 875 875 879 879 877 877 880 880 831 831 824 824 833 833 823 823 833 833 824 824 833 833 823 823 835 835 847 847 835 835 823 823 835 835 847 847 871 871 870 870 871 871 847 847 871 871 870 870 872 872 881 881 872 872 870 870 872 872 881 881 874 874 882 882 874 874 881 881 874 874 882 882 876 876 883 883 876 876 882 882 876 876 883 883 877 877 884 884 877 877 883 883 877 877 884 884 880 880 885 885 880 880 884 884 880 880 885 885 886 886 887 887 886 886 885 885 886 886 887 887 888 888 889 889 888 888 887 887 867 867 890 890 868 868 891 891 868 868 890 890 868 868 891 891 869 869 892 892 869 869 891 891 869 869 892 892 870 870 634 634 870 870 892 892 870 870 634 634 881 881 633 633 881 881 634 634 881 881 633 633 882 882 631 631 882 882 633 633 882 882 631 631 883 883 598 598 883 883 631 631 883 883 598 598 884 884 588 588 884 884 598 598 884 884 588 588 885 885 587 587 885 885 588 588 885 885 587 587 887 887 534 534 887 887 587 587 887 887 534 534 889 889 535 535 889 889 534 534 893 893 894 894 895 895 896 896 895 895 894 894 895 895 896 896 897 897 898 898 897 897 896 896 897 897 898 898 899 899 900 900 899 899 898 898 899 899 900 900 901 901 902 902 901 901 900 900 901 901 902 902 903 903 28 28 903 903 902 902 903 903 28 28 904 904 27 27 904 904 28 28 904 904 27 27 905 905 33 33 905 905 27 27 906 906 907 907 908 908 909 909 908 908 907 907 908 908 909 909 910 910 911 911 910 910 909 909 910 910 911 911 912 912 906 906 913 913 907 907 914 914 907 907 913 913 907 907 914 914 909 909 915 915 909 909 914 914 909 909 915 915 911 911 24 24 21 21 916 916 23 23 916 916 21 21 916 916 23 23 917 917 462 462 917 917 23 23 917 917 462 462 464 464 659 659 464 464 462 462 464 464 659 659 466 466 660 660 466 466 659 659 466 466 660 660 493 493 661 661 493 493 660 660 493 493 661 661 610 610 662 662 610 610 661 661 610 610 662 662 663 663 24 24 918 918 25 25 919 919 25 25 918 918 25 25 919 919 920 920 921 921 920 920 919 919 920 920 921 921 922 922 923 923 922 922 921 921 922 922 924 924 920 920 925 925 920 920 924 924 920 920 925 925 25 25 926 926 25 25 925 925 25 25 926 926 21 21 927 927 21 21 926 926 21 21 927 927 22 22 928 928 22 22 927 927 22 22 928 928 468 468 929 929 468 468 928 928 468 468 929 929 76 76 930 930 76 76 929 929 76 76 930 930 77 77 674 674 77 77 930 930 77 77 674 674 677 677 676 676 677 677 674 674 677 677 676 676 678 678 489 489 456 456 488 488 455 455 488 488 456 456 488 488 455 455 487 487 460 460 487 487 455 455 487 487 460 460 485 485 931 931 485 485 460 460 485 485 931 931 511 511 932 932 511 511 931 931 511 511 932 932 509 509 933 933 509 509 932 932 509 509 933 933 463 463 913 913 463 463 933 933 463 463 913 913 464 464 906 906 464 464 913 913 464 464 906 906 917 917 908 908 917 917 906 906 917 917 908 908 916 916 910 910 916 916 908 908 916 916 910 910 24 24 912 912 24 24 910 910 24 24 912 912 918 918 33 33 914 914 905 905 913 913 905 905 914 914 905 905 913 913 904 904 933 933 904 904 913 913 904 904 933 933 903 903 932 932 903 903 933 933 903 903 932 932 901 901 931 931 901 901 932 932 901 901 931 931 899 899 460 460 899 899 931 931 899 899 460 460 897 897 459 459 897 897 460 460 897 897 459 459 895 895 458 458 895 895 459 459 895 895 458 458 893 893 457 457 893 893 458 458 830 830 832 832 864 864 834 834 864 864 832 832 864 864 834 834 863 863 836 836 863 863 834 834 863 863 836 836 861 861 878 878 861 861 836 836 861 861 878 878 866 866 879 879 866 866 878 878 866 866 879 879 808 808 880 880 808 808 879 879 808 808 880 880 806 806 886 886 806 806 880 880 806 806 886 886 805 805 888 888 805 805 886 886 805 805 888 888 804 804 889 889 804 804 888 888 804 804 889 889 802 802 535 535 802 802 889 889 802 802 535 535 800 800 533 533 800 800 535 535 800 800 533 533 798 798 531 531 798 798 533 533 798 798 531 531 91 91 69 69 91 91 531 531 91 91 69 69 92 92 71 71 92 92 69 69 92 92 71 71 454 454 554 554 454 454 71 71 454 454 554 554 453 453 556 556 453 453 554 554 453 453 556 556 452 452 558 558 452 452 556 556 452 452 558 558 451 451 560 560 451 451 558 558 451 451 560 560 88 88 581 581 88 88 560 560 88 88 581 581 89 89 579 579 89 89 581 581 89 89 579 579 444 444 577 577 444 444 579 579 444 444 577 577 446 446 575 575 446 446 577 577 446 446 575 575 447 447 573 573 447 447 575 575 447 447 573 573 448 448 571 571 448 448 573 573 448 448 571 571 536 536 570 570 536 536 571 571 536 536 570 570 584 584 934 934 935 935 936 936 937 937 936 936 935 935 938 938 939 939 940 940 937 937 940 940 939 939 937 937 939 939 936 936 941 941 936 936 939 939 936 936 941 941 942 942 943 943 944 944 945 945 946 946 945 945 944 944 945 945 946 946 947 947 948 948 947 947 946 946 947 947 948 948 949 949 941 941 950 950 942 942 951 951 942 942 950 950 942 942 951 951 952 952 953 953 952 952 951 951 952 952 953 953 943 943 954 954 943 943 953 953 943 943 954 954 944 944 955 955 956 956 957 957 949 949 957 957 956 956 957 957 949 949 958 958 948 948 958 958 949 949 943 943 959 959 952 952 960 960 952 952 959 959 952 952 960 960 942 942 961 961 942 942 960 960 942 942 961 961 936 936 962 962 936 936 961 961 936 936 962 962 934 934 963 963 934 934 962 962 934 934 963 963 935 935 964 964 935 935 963 963 935 935 964 964 937 937 965 965 937 937 964 964 937 937 965 965 940 940 966 966 940 940 965 965 940 940 966 966 938 938 959 959 967 967 960 960 968 968 960 960 967 967 960 960 968 968 961 961 969 969 961 961 968 968 961 961 969 969 962 962 970 970 962 962 969 969 962 962 970 970 963 963 971 971 963 963 970 970 963 963 971 971 964 964 36 36 964 964 971 971 964 964 36 36 965 965 35 35 965 965 36 36 965 965 35 35 966 966 851 851 966 966 35 35 966 966 851 851 938 938 956 956 972 972 949 949 973 973 949 949 972 972 949 949 973 973 947 947 974 974 947 947 973 973 947 947 974 974 945 945 975 975 945 945 974 974 945 945 975 975 943 943 976 976 943 943 975 975 943 943 976 976 959 959 977 977 959 959 976 976 959 959 977 977 967 967 978 978 979 979 980 980 981 981 980 980 979 979 980 980 981 981 982 982 983 983 982 982 981 981 982 982 983 983 984 984 985 985 984 984 983 983 984 984 985 985 986 986 987 987 988 988 989 989 990 990 989 989 988 988 989 989 990 990 991 991 992 992 991 991 990 990 991 991 992 992 993 993 986 986 985 985 994 994 995 995 994 994 985 985 994 994 995 995 996 996 997 997 996 996 995 995 996 996 997 997 998 998 999 999 998 998 997 997 998 998 999 999 1000 1000 1001 1001 1000 1000 999 999 1000 1000 1001 1001 1002 1002 1003 1003 1002 1002 1001 1001 1002 1002 1003 1003 1004 1004 1005 1005 1004 1004 1003 1003 1004 1004 1005 1005 1006 1006 1007 1007 1008 1008 1009 1009 1010 1010 1009 1009 1008 1008 1009 1009 1010 1010 1011 1011 1012 1012 1007 1007 1013 1013 1009 1009 1013 1013 1007 1007 1013 1013 1009 1009 1014 1014 1011 1011 1014 1014 1009 1009 1015 1015 1016 1016 1017 1017 1018 1018 1019 1019 1020 1020 1021 1021 1020 1020 1019 1019 1020 1020 1021 1021 1022 1022 1023 1023 1022 1022 1021 1021 1022 1022 1023 1023 1024 1024 1025 1025 1024 1024 1023 1023 1024 1024 1025 1025 1016 1016 1026 1026 1016 1016 1025 1025 1016 1016 1026 1026 1017 1017 1027 1027 1028 1028 1029 1029 1030 1030 1029 1029 1028 1028 1029 1029 1030 1030 1031 1031 1032 1032 1031 1031 1030 1030 1031 1031 1032 1032 1033 1033 1034 1034 1033 1033 1032 1032 1033 1033 1034 1034 1035 1035 1036 1036 1035 1035 1034 1034 1035 1035 1036 1036 1037 1037 1017 1017 1038 1038 1015 1015 1039 1039 1015 1015 1038 1038 1015 1015 1039 1039 1040 1040 1041 1041 1040 1040 1039 1039 1040 1040 1041 1041 1042 1042 1043 1043 1042 1042 1041 1041 1042 1042 1043 1043 1027 1027 1044 1044 1027 1027 1043 1043 1027 1027 1044 1044 1028 1028 1045 1045 1046 1046 1047 1047 1048 1048 1047 1047 1046 1046 1047 1047 1048 1048 1037 1037 1049 1049 19 19 1050 1050 18 18 1050 1050 19 19 1050 1050 18 18 1051 1051 1052 1052 20 20 1053 1053 19 19 1053 1053 20 20 1053 1053 19 19 1054 1054 1049 1049 1054 1054 19 19 1054 1054 1049 1049 1055 1055 1056 1056 1057 1057 1058 1058 1059 1059 1058 1058 1057 1057 1058 1058 1059 1059 1060 1060 1061 1061 1060 1060 1059 1059 1060 1060 1061 1061 1062 1062 1063 1063 1062 1062 1061 1061 1062 1062 1063 1063 1064 1064 1065 1065 1064 1064 1063 1063 1024 1024 1066 1066 1022 1022 1067 1067 1022 1022 1066 1066 1022 1022 1067 1067 1020 1020 1011 1011 1020 1020 1067 1067 1020 1020 1011 1011 1018 1018 1010 1010 1018 1018 1011 1011 1057 1057 1012 1012 1059 1059 1013 1013 1059 1059 1012 1012 1059 1059 1013 1013 1061 1061 1014 1014 1061 1061 1013 1013 1061 1061 1014 1014 1063 1063 1011 1011 1063 1063 1014 1014 1063 1063 1011 1011 1065 1065 1067 1067 1065 1065 1011 1011 1065 1065 1067 1067 1068 1068 1066 1066 1068 1068 1067 1067 1069 1069 1070 1070 10 10 1036 1036 1071 1071 1037 1037 1072 1072 1037 1037 1071 1071 1037 1037 1072 1072 1047 1047 1073 1073 1047 1047 1072 1072 1047 1047 1073 1073 1045 1045 1051 1051 1045 1045 1073 1073 1045 1045 1051 1051 1074 1074 18 18 1074 1074 1051 1051 1074 1074 18 18 1075 1075 20 20 1075 1075 18 18 1075 1075 20 20 1076 1076 1052 1052 1076 1076 20 20 1076 1076 1052 1052 1077 1077 1070 1070 1078 1078 10 10 1079 1079 10 10 1078 1078 10 10 1079 1079 11 11 1046 1046 1080 1080 1048 1048 1081 1081 1048 1048 1080 1080 1048 1048 1081 1081 1037 1037 1082 1082 1037 1037 1081 1081 1037 1037 1082 1082 1035 1035 1083 1083 1035 1035 1082 1082 1035 1035 1083 1083 1033 1033 1084 1084 1033 1033 1083 1083 1033 1033 1084 1084 1031 1031 1085 1085 1031 1031 1084 1084 1031 1031 1085 1085 1029 1029 1086 1086 1029 1029 1085 1085 1029 1029 1086 1086 1027 1027 1087 1087 1027 1027 1086 1086 1027 1027 1087 1087 1042 1042 1088 1088 1042 1042 1087 1087 1042 1042 1088 1088 1040 1040 1089 1089 1040 1040 1088 1088 1040 1040 1089 1089 1015 1015 1090 1090 1015 1015 1089 1089 1015 1015 1090 1090 1016 1016 1091 1091 1016 1016 1090 1090 1016 1016 1091 1091 1024 1024 1092 1092 1024 1024 1091 1091 1024 1024 1092 1092 1066 1066 1093 1093 1066 1066 1092 1092 1066 1066 1093 1093 1068 1068 1094 1094 1077 1077 1095 1095 1052 1052 1095 1095 1077 1077 1095 1095 1052 1052 1096 1096 1053 1053 1096 1096 1052 1052 1096 1096 1053 1053 1097 1097 1054 1054 1097 1097 1053 1053 1097 1097 1054 1054 1098 1098 1055 1055 1098 1098 1054 1054 1098 1098 1055 1055 1099 1099 1064 1064 978 978 1062 1062 980 980 1062 1062 978 978 1062 1062 980 980 1060 1060 982 982 1060 1060 980 980 1060 1060 982 982 1058 1058 984 984 1058 1058 982 982 1058 1058 984 984 1056 1056 986 986 1056 1056 984 984 1056 1056 986 986 1100 1100 994 994 1100 1100 986 986 1100 1100 994 994 1101 1101 996 996 1101 1101 994 994 1101 1101 996 996 1102 1102 998 998 1102 1102 996 996 1102 1102 998 998 1103 1103 1000 1000 1103 1103 998 998 1103 1103 1000 1000 1104 1104 1002 1002 1104 1104 1000 1000 1104 1104 1002 1002 1105 1105 1004 1004 1105 1105 1002 1002 1105 1105 1004 1004 1106 1106 1006 1006 1106 1106 1004 1004 1106 1106 1006 1006 1107 1107 32 32 1108 1108 1109 1109 1110 1110 1109 1109 1108 1108 1109 1109 1110 1110 1111 1111 1112 1112 1111 1111 1110 1110 1111 1111 1112 1112 1113 1113 1114 1114 1113 1113 1112 1112 1113 1113 1114 1114 1115 1115 1116 1116 1115 1115 1114 1114 1115 1115 1116 1116 1117 1117 1118 1118 1117 1117 1116 1116 1117 1117 1118 1118 1119 1119 1120 1120 1119 1119 1118 1118 1119 1119 1120 1120 1121 1121 1122 1122 1121 1121 1120 1120 1121 1121 1122 1122 1123 1123 1124 1124 1123 1123 1122 1122 1123 1123 1124 1124 1125 1125 1126 1126 1125 1125 1124 1124 972 972 1127 1127 973 973 1128 1128 973 973 1127 1127 973 973 1128 1128 974 974 1129 1129 974 974 1128 1128 974 974 1129 1129 975 975 1130 1130 975 975 1129 1129 975 975 1130 1130 976 976 1131 1131 1132 1132 995 995 995 995 1132 1132 997 997 1133 1133 997 997 1132 1132 997 997 1133 1133 999 999 1134 1134 999 999 1133 1133 999 999 1134 1134 1001 1001 1135 1135 1001 1001 1134 1134 1001 1001 1135 1135 1003 1003 1136 1136 1003 1003 1135 1135 1003 1003 1136 1136 1005 1005 26 26 29 29 33 33 31 31 33 33 29 29 33 33 31 31 914 914 32 32 914 914 31 31 914 914 32 32 915 915 1109 1109 915 915 32 32 915 915 1109 1109 911 911 1111 1111 911 911 1109 1109 911 911 1111 1111 912 912 1113 1113 912 912 1111 1111 912 912 1113 1113 918 918 1115 1115 918 918 1113 1113 918 918 1115 1115 919 919 1117 1117 919 919 1115 1115 919 919 1117 1117 921 921 1119 1119 921 921 1117 1117 921 921 1119 1119 923 923 1121 1121 923 923 1119 1119 923 923 1121 1121 1137 1137 1123 1123 1137 1137 1121 1121 1137 1137 1123 1123 1138 1138 1125 1125 1138 1138 1123 1123 1138 1138 1125 1125 1139 1139 1126 1126 1139 1139 1125 1125 1139 1139 1126 1126 1140 1140 140 140 1140 1140 1126 1126 1140 1140 140 140 1141 1141 137 137 1141 1141 140 140 1141 1141 137 137 148 148 955 955 1142 1142 956 956 1143 1143 956 956 1142 1142 956 956 1143 1143 972 972 1144 1144 972 972 1143 1143 972 972 1144 1144 1127 1127 1145 1145 1127 1127 1144 1144 1127 1127 1145 1145 1128 1128 1146 1146 1128 1128 1145 1145 1128 1128 1146 1146 1129 1129 1147 1147 1129 1129 1146 1146 1129 1129 1147 1147 1130 1130 148 148 137 137 150 150 139 139 150 150 137 137 150 150 139 139 152 152 1148 1148 152 152 139 139 152 152 1148 1148 153 153 165 165 147 147 166 166 149 149 166 166 147 147 166 166 149 149 168 168 151 151 168 168 149 149 168 168 151 151 144 144 153 153 144 144 151 151 144 144 153 153 15 15 1148 1148 15 15 153 153 15 15 1148 1148 16 16 1142 1142 17 17 1143 1143 16 16 1143 1143 17 17 1143 1143 16 16 1144 1144 1148 1148 1144 1144 16 16 1144 1144 1148 1148 1145 1145 139 139 1145 1145 1148 1148 1145 1145 139 139 1146 1146 138 138 1146 1146 139 139 1146 1146 138 138 1147 1147 140 140 1147 1147 138 138 1147 1147 140 140 1130 1130 1126 1126 1130 1130 140 140 1130 1130 1126 1126 976 976 1124 1124 976 976 1126 1126 976 976 1124 1124 977 977 1122 1122 977 977 1124 1124 977 977 1122 1122 967 967 1120 1120 967 967 1122 1122 967 967 1120 1120 968 968 1118 1118 968 968 1120 1120 968 968 1118 1118 969 969 1116 1116 969 969 1118 1118 969 969 1116 1116 970 970 1114 1114 970 970 1116 1116 970 970 1114 1114 971 971 1112 1112 971 971 1114 1114 971 971 1112 1112 36 36 1110 1110 36 36 1112 1112 36 36 1110 1110 852 852 1108 1108 852 852 1110 1110 852 852 1108 1108 853 853 32 32 853 853 1108 1108 853 853 32 32 855 855 30 30 855 855 32 32 855 855 30 30 856 856 29 29 856 856 30 30 856 856 29 29 858 858 26 26 858 858 29 29 858 858 26 26 860 860 28 28 860 860 26 26 860 860 28 28 1149 1149 902 902 1149 1149 28 28 1149 1149 902 902 1150 1150 900 900 1150 1150 902 902 1150 1150 900 900 1151 1151 898 898 1151 1151 900 900 1151 1151 898 898 843 843 896 896 843 843 898 898 843 843 896 896 841 841 894 894 841 841 896 896 841 841 894 894 844 844 893 893 844 844 894 894 844 844 893 893 867 867 457 457 867 867 893 893 867 867 457 457 890 890 456 456 890 890 457 457 890 890 456 456 891 891 489 489 891 891 456 456 891 891 489 489 892 892 84 84 892 892 489 489 892 892 84 84 634 634 86 86 634 634 84 84 634 634 86 86 632 632 484 484 632 632 86 86 632 632 484 484 630 630 483 483 630 630 484 484 630 630 483 483 629 629 481 481 629 629 483 483 629 629 481 481 628 628 606 606 628 628 481 481 628 628 606 606 627 627 609 609 627 627 606 606 627 627 609 609 626 626 639 639 626 626 609 609 626 626 639 639 625 625 641 641 625 625 639 639 625 625 641 641 624 624 129 129 230 230 130 130 183 183 130 130 230 230 130 130 183 183 1152 1152 181 181 1152 1152 183 183 1152 1152 181 181 1153 1153 180 180 1153 1153 181 181 1153 1153 180 180 1154 1154 172 172 1154 1154 180 180 1154 1154 172 172 1155 1155 1156 1156 1155 1155 172 172 193 193 191 191 186 186 131 131 186 186 191 191 186 186 131 131 135 135 133 133 135 135 131 131 135 135 133 133 136 136 1157 1157 136 136 133 133 136 136 1157 1157 1158 1158 1159 1159 1158 1158 1157 1157 1158 1158 1159 1159 1160 1160 1161 1161 1160 1160 1159 1159 1160 1160 1161 1161 1162 1162 1163 1163 1162 1162 1161 1161 1162 1162 13 13 1160 1160 12 12 1160 1160 13 13 1160 1160 12 12 1158 1158 1164 1164 1158 1158 12 12 1158 1158 1164 1164 136 136 1165 1165 136 136 1164 1164 136 136 1165 1165 134 134 1166 1166 134 134 1165 1165 134 134 1166 1166 188 188 189 189 128 128 132 132 130 130 132 132 128 128 132 132 130 130 133 133 1152 1152 133 133 130 130 133 133 1152 1152 1157 1157 1153 1153 1157 1157 1152 1152 1157 1157 1153 1153 1159 1159 1154 1154 1159 1159 1153 1153 1159 1159 1154 1154 1161 1161 1155 1155 1161 1161 1154 1154 1161 1161 1155 1155 1163 1163 1156 1156 1163 1163 1155 1155 955 955 1107 1107 1142 1142 1006 1006 1142 1142 1107 1107 1142 1142 1006 1006 17 17 1005 1005 17 17 1006 1006 17 17 1005 1005 15 15 1136 1136 15 15 1005 1005 15 15 1136 1136 144 144 1135 1135 144 144 1136 1136 144 144 1135 1135 145 145 1134 1134 145 145 1135 1135 145 145 1134 1134 169 169 1133 1133 169 169 1134 1134 169 169 1133 1133 170 170 1132 1132 170 170 1133 1133 170 170 1132 1132 172 172 1131 1131 172 172 1132 1132 172 172 1131 1131 1156 1156 1131 1131 1167 1167 1156 1156 1168 1168 1156 1156 1167 1167 1156 1156 1168 1168 1163 1163 1169 1169 1163 1163 1168 1168 1163 1163 1169 1169 1162 1162 1170 1170 1162 1162 1169 1169 1162 1162 1170 1170 13 13 1171 1171 13 13 1170 1170 13 13 1171 1171 14 14 1172 1172 14 14 1171 1171 14 14 1172 1172 1173 1173 1174 1174 1173 1173 1172 1172 1173 1173 1174 1174 1175 1175 1176 1176 1175 1175 1174 1174 1177 1177 1178 1178 1179 1179 1180 1180 1179 1179 1178 1178 1179 1179 1180 1180 1181 1181 1182 1182 1181 1181 1180 1180 1181 1181 1182 1182 1176 1176 9 9 1183 1183 10 10 1184 1184 10 10 1183 1183 10 10 1184 1184 1069 1069 1080 1080 1185 1185 1081 1081 1186 1186 1081 1081 1185 1185 1081 1081 1186 1186 1082 1082 1187 1187 1082 1082 1186 1186 1082 1082 1187 1187 1083 1083 1188 1188 1083 1083 1187 1187 1083 1083 1188 1188 1084 1084 1189 1189 1084 1084 1188 1188 1084 1084 1189 1189 1085 1085 1190 1190 1085 1085 1189 1189 1085 1085 1190 1190 1086 1086 1191 1191 1086 1086 1190 1190 1086 1086 1191 1191 1087 1087 1192 1192 1087 1087 1191 1191 1087 1087 1192 1192 1088 1088 1193 1193 1088 1088 1192 1192 1088 1088 1193 1193 1089 1089 1194 1194 1089 1089 1193 1193 1089 1089 1194 1194 1090 1090 1195 1195 1090 1090 1194 1194 1090 1090 1195 1195 1091 1091 1175 1175 1196 1196 1173 1173 1197 1197 1173 1173 1196 1196 1173 1173 1197 1197 14 14 1198 1198 14 14 1197 1197 14 14 1198 1198 12 12 1199 1199 12 12 1198 1198 12 12 1199 1199 1164 1164 1200 1200 1164 1164 1199 1199 1164 1164 1200 1200 1165 1165 1201 1201 1165 1165 1200 1200 1165 1165 1201 1201 1166 1166 1202 1202 1166 1166 1201 1201 1166 1166 1202 1202 188 188 1203 1203 188 188 1202 1202 188 188 1203 1203 192 192 1204 1204 1182 1182 1205 1205 1180 1180 1205 1205 1182 1182 1205 1205 1180 1180 1206 1206 1178 1178 1206 1206 1180 1180 1206 1206 1178 1178 1207 1207 1177 1177 1207 1207 1178 1178 1207 1207 1177 1177 274 274 1208 1208 274 274 1177 1177 274 274 1208 1208 272 272 1209 1209 272 272 1208 1208 272 272 1209 1209 350 350 1210 1210 350 350 1209 1209 350 350 1210 1210 328 328 1211 1211 328 328 1210 1210 328 328 1211 1211 329 329 335 335 329 329 1211 1211 329 329 335 335 325 325 333 333 325 325 335 335 325 325 333 333 355 355 332 332 355 355 333 333 355 355 332 332 356 356 354 354 356 356 332 332 356 356 354 354 357 357 198 198 1204 1204 116 116 1205 1205 116 116 1204 1204 116 116 1205 1205 117 117 1206 1206 117 117 1205 1205 117 117 1206 1206 271 271 1207 1207 271 271 1206 1206 271 271 1207 1207 277 277 274 274 277 277 1207 1207 277 277 274 274 276 276 273 273 276 276 274 274 276 276 273 273 275 275 402 402 275 275 273 273 275 275 402 402 287 287 403 403 287 287 402 402 287 287 403 403 288 288 404 404 288 288 403 403 288 288 404 404 289 289 405 405 289 289 404 404 289 289 405 405 290 290 406 406 290 290 405 405 290 290 406 406 291 291 407 407 291 291 406 406 291 291 407 407 292 292 408 408 292 292 407 407 292 292 408 408 122 122 409 409 122 122 408 408 122 122 409 409 123 123 1212 1212 1213 1213 1214 1214 1215 1215 1214 1214 1213 1213 1214 1214 1215 1215 1216 1216 1217 1217 1216 1216 1215 1215 1216 1216 1217 1217 1094 1094 1212 1212 1218 1218 1213 1213 1183 1183 1213 1213 1218 1218 1213 1213 1183 1183 1215 1215 9 9 1215 1215 1183 1183 1215 1215 9 9 1217 1217 11 11 1217 1217 9 9 104 104 106 106 365 365 307 307 365 365 106 106 365 365 307 307 364 364 299 299 364 364 307 307 364 364 299 299 363 363 297 297 363 363 299 299 363 363 297 297 295 295 1219 1219 295 295 297 297 295 295 1219 1219 293 293 1220 1220 293 293 1219 1219 293 293 1220 1220 1221 1221 4 4 3 3 1222 1222 7 7 1222 1222 3 3 1222 1222 7 7 697 697 6 6 697 697 7 7 697 697 6 6 698 698 1220 1220 8 8 1221 1221 7 7 1221 1221 8 8 1221 1221 7 7 1223 1223 3 3 1223 1223 7 7 1223 1223 3 3 1224 1224 5 5 1224 1224 3 3 1224 1224 1225 1225 1223 1223 1226 1226 1223 1223 1225 1225 1223 1223 1226 1226 1221 1221 1227 1227 1221 1221 1226 1226 1221 1221 1227 1227 293 293 1228 1228 293 293 1227 1227 293 293 1228 1228 294 294 1094 1094 1217 1217 1077 1077 11 11 1077 1077 1217 1217 1077 1077 11 11 1076 1076 1079 1079 1076 1076 11 11 1076 1076 1079 1079 1075 1075 1078 1078 1075 1075 1079 1079 1075 1075 1078 1078 1074 1074 1070 1070 1074 1074 1078 1078 1074 1074 1070 1070 1045 1045 1069 1069 1045 1045 1070 1070 1045 1045 1069 1069 1046 1046 1184 1184 1046 1046 1069 1069 1046 1046 1184 1184 1080 1080 1183 1183 1080 1080 1184 1184 1080 1080 1183 1183 1185 1185 1218 1218 1185 1185 1183 1183 1185 1185 1218 1218 1186 1186 1229 1229 1186 1186 1218 1218 1186 1186 1229 1229 1187 1187 1230 1230 1187 1187 1229 1229 1187 1187 1230 1230 1188 1188 1231 1231 1188 1188 1230 1230 1188 1188 1231 1231 1189 1189 114 114 1189 1189 1231 1231 1189 1189 114 114 1190 1190 113 113 1190 1190 114 114 1190 1190 113 113 1191 1191 282 282 1191 1191 113 113 1191 1191 282 282 1192 1192 281 281 1192 1192 282 282 1192 1192 281 281 1193 1193 279 279 1193 1193 281 281 1193 1193 279 279 1194 1194 278 278 1194 1194 279 279 1194 1194 278 278 1195 1195 63 63 65 65 685 685 1232 1232 685 685 65 65 685 685 1232 1232 701 701 1233 1233 701 701 1232 1232 701 701 1233 1233 699 699 1234 1234 699 699 1233 1233 699 699 1234 1234 697 697 1235 1235 697 697 1234 1234 697 697 1235 1235 1222 1222 1236 1236 1222 1222 1235 1235 1222 1222 1236 1236 4 4 1237 1237 4 4 1236 1236 4 4 1237 1237 5 5 1238 1238 5 5 1237 1237 5 5 1238 1238 1224 1224 1239 1239 1224 1224 1238 1238 1224 1224 1239 1239 1225 1225 1240 1240 1225 1225 1239 1239 1225 1225 1240 1240 1226 1226 1241 1241 1226 1226 1240 1240 1226 1226 1241 1241 1227 1227 1242 1242 1227 1227 1241 1241 1227 1227 1242 1242 1228 1228 1176 1176 1182 1182 1175 1175 1204 1204 1175 1175 1182 1182 1175 1175 1204 1204 1196 1196 198 198 1196 1196 1204 1204 1196 1196 198 198 1197 1197 179 179 1197 1197 198 198 1197 1197 179 179 1198 1198 178 178 1198 1198 179 179 1198 1198 178 178 1199 1199 176 176 1199 1199 178 178 1199 1199 176 176 1200 1200 174 174 1200 1200 176 176 1200 1200 174 174 1201 1201 173 173 1201 1201 174 174 1201 1201 173 173 1202 1202 194 194 1202 1202 173 173 1202 1202 194 194 1203 1203 265 265 1203 1203 194 194 1203 1203 265 265 192 192 120 120 192 192 265 265 192 192 120 120 193 193 119 119 193 193 120 120 193 193 119 119 191 191 240 240 191 191 119 119 191 191 240 240 190 190 242 242 190 190 240 240 190 190 242 242 189 189 244 244 189 189 242 242 189 189 244 244 128 128 256 256 128 128 244 244 128 128 256 256 129 129 254 254 129 129 256 256 129 129 254 254 230 230 252 252 230 230 254 254 230 230 252 252 231 231 250 250 231 231 252 252 231 231 250 250 232 232 248 248 232 232 250 250 232 232 248 248 233 233 246 246 233 233 248 248 233 233 246 246 234 234 245 245 234 234 246 246 234 234 245 245 236 236 1099 1099 688 688 1098 1098 687 687 1098 1098 688 688 1098 1098 687 687 1097 1097 700 700 1097 1097 687 687 1097 1097 700 700 1096 1096 698 698 1096 1096 700 700 1096 1096 698 698 1095 1095 6 6 1095 1095 698 698 1095 1095 6 6 1094 1094 8 8 1094 1094 6 6 1094 1094 8 8 1216 1216 1220 1220 1216 1216 8 8 1216 1216 1220 1220 1214 1214 1219 1219 1214 1214 1220 1220 1214 1214 1219 1219 1212 1212 297 297 1212 1212 1219 1219 1212 1212 297 297 1218 1218 296 296 1218 1218 297 297 1218 1218 296 296 1229 1229 301 301 1229 1229 296 296 1229 1229 301 301 1230 1230 303 303 1230 1230 301 301 1230 1230 303 303 1231 1231 335 335 1231 1231 303 303 1231 1231 335 335 114 114 1211 1211 114 114 335 335 114 114 1211 1211 115 115 1210 1210 115 115 1211 1211 115 115 1210 1210 280 280 1209 1209 280 280 1210 1210 280 280 1209 1209 278 278 1208 1208 278 278 1209 1209 278 278 1208 1208 1195 1195 1177 1177 1195 1195 1208 1208 1195 1195 1177 1177 1091 1091 1179 1179 1091 1091 1177 1177 1091 1091 1179 1179 1092 1092 1181 1181 1092 1092 1179 1179 1092 1092 1181 1181 1093 1093 1176 1176 1093 1093 1181 1181 1093 1093 1176 1176 1068 1068 1174 1174 1068 1068 1176 1176 1068 1068 1174 1174 1065 1065 1172 1172 1065 1065 1174 1174 1065 1065 1172 1172 1064 1064 1171 1171 1064 1064 1172 1172 1064 1064 1171 1171 978 978 1170 1170 978 978 1171 1171 978 978 1170 1170 979 979 1169 1169 979 979 1170 1170 979 979 1169 1169 993 993 1168 1168 993 993 1169 1169 993 993 1168 1168 991 991 1167 1167 991 991 1168 1168 991 991 1167 1167 989 989 1131 1131 989 989 1167 1167 989 989 1131 1131 987 987 995 995 987 987 1131 1131 987 987 995 995 988 988 985 985 988 988 995 995 988 988 985 985 990 990 983 983 990 990 985 985 990 990 983 983 992 992 981 981 992 992 983 983 992 992 981 981 993 993 979 979 993 993 981 981 78 78 80 80 475 475 143 143 475 475 80 80 475 475 143 143 499 499 201 201 499 499 143 143 499 499 201 201 500 500 203 203 500 500 201 201 500 500 203 203 620 620 216 216 620 620 203 203 620 620 216 216 615 615 127 127 615 615 216 216 615 615 127 127 616 616 126 126 616 616 127 127 616 616 126 126 679 679 219 219 679 679 126 126 679 679 219 219 680 680 2 2 108 108 0 0 397 397 0 0 108 108 0 0 397 397 543 543 522 522 543 543 397 397 543 543 522 522 549 549 523 523 549 549 522 522 549 549 523 523 550 550 524 524 550 550 523 523 550 550 524 524 551 551 525 525 551 551 524 524 551 551 525 525 552 552 437 437 552 552 525 525 552 552 437 437 553 553 430 430 553 553 437 437 553 553 430 430 540 540 429 429 540 540 430 430 540 540 429 429 538 538 427 427 538 538 429 429 538 538 427 427 439 439 425 425 439 439 427 427 439 439 425 425 440 440 424 424 440 440 425 425 440 440 424 424 790 790 772 772 790 790 424 424 790 790 772 772 779 779 733 733 779 779 772 772 779 779 733 733 778 778 61 61 778 778 733 733 778 778 61 61 724 724 62 62 724 724 61 61 724 724 62 62 725 725 1243 1243 725 725 62 62 725 725 1243 1243 56 56 259 259 1244 1244 221 221 1245 1245 221 221 1244 1244 221 221 1245 1245 222 222 229 229 222 222 1245 1245 222 222 229 229 223 223 228 228 223 223 229 229 223 223 228 228 224 224 227 227 224 224 228 228 224 224 227 227 225 225 226 226 225 225 227 227 225 225 226 226 165 165 161 161 165 165 226 226 165 165 161 161 147 147 162 162 147 147 161 161 147 147 162 162 148 148 163 163 148 148 162 162 148 148 163 163 1141 1141 164 164 1141 1141 163 163 1141 1141 164 164 1140 1140 160 160 1140 1140 164 164 1140 1140 160 160 1139 1139 159 159 1139 1139 160 160 1139 1139 159 159 1138 1138 141 141 1138 1138 159 159 1138 1138 141 141 1137 1137 79 79 1137 1137 141 141 1137 1137 79 79 923 923 78 78 923 923 79 79 923 923 78 78 922 922 83 83 922 922 78 78 922 922 83 83 924 924 82 82 924 924 83 83 924 924 82 82 925 925 470 470 925 925 82 82 925 925 470 470 926 926 469 469 926 926 470 470 926 926 469 469 927 927 472 472 927 927 469 469 927 927 472 472 928 928 474 474 928 928 472 472 928 928 474 474 929 929 497 497 929 929 474 474 929 929 497 497 930 930 68 68 930 930 497 497 930 930 68 68 674 674 67 67 674 674 68 68 674 674 67 67 675 675 381 381 361 361 379 379 306 306 379 379 361 361 379 379 306 306 378 378 305 305 378 378 306 306 378 378 305 305 318 318 294 294 318 318 305 305 318 318 294 294 316 316 1228 1228 316 316 294 294 316 316 1228 1228 314 314 1242 1242 314 314 1228 1228 314 314 1242 1242 312 312 1241 1241 312 312 1242 1242 312 312 1241 1241 310 310 1240 1240 310 310 1241 1241 310 310 1240 1240 111 111 1239 1239 111 111 1240 1240 111 111 1239 1239 112 112 1238 1238 112 112 1239 1239 112 112 1238 1238 753 753 1237 1237 753 753 1238 1238 753 753 1237 1237 744 744 1236 1236 744 744 1237 1237 744 744 1236 1236 743 743 1235 1235 743 743 1236 1236 743 743 1235 1235 742 742 1234 1234 742 742 1235 1235 742 742 1234 1234 761 761 1233 1233 761 761 1234 1234 761 761 1233 1233 705 705 1232 1232 705 705 1233 1233 705 705 1232 1232 703 703 65 65 703 703 1232 1232 703 703 65 65 690 690 64 64 690 690 65 65 690 690 64 64 691 691 1246 1246 1247 1247 1248 1248 1249 1249 1248 1248 1247 1247 1250 1250 1251 1251 1252 1252 1253 1253 1254 1254 1250 1250 1255 1255 1256 1256 1257 1257 1258 1258 1257 1257 1256 1256 1257 1257 1258 1258 1259 1259 1260 1260 1259 1259 1258 1258 1259 1259 1260 1260 1261 1261 1250 1250 1261 1261 1260 1260 1261 1261 1250 1250 1248 1248 1252 1252 1248 1248 1250 1250 1248 1248 1252 1252 1246 1246 1249 1249 1262 1262 1263 1263 1264 1264 1265 1265 1257 1257 1266 1266 1257 1257 1265 1265 1257 1257 1266 1266 1255 1255 1267 1267 1255 1255 1266 1266 1255 1255 1267 1267 1268 1268 1253 1253 1250 1250 1269 1269 1270 1270 1271 1271 1249 1249 1249 1249 1272 1272 1273 1273 1271 1271 1274 1274 1249 1249 1275 1275 1249 1249 1274 1274 1249 1249 1275 1275 1262 1262 1263 1263 1276 1276 1249 1249 1277 1277 1249 1249 1276 1276 1249 1249 1277 1277 1272 1272 1273 1273 1278 1278 1249 1249 1279 1279 1249 1249 1278 1278 1249 1249 1279 1279 1280 1280 1280 1280 1281 1281 1249 1249 1282 1282 1249 1249 1281 1281 1249 1249 1282 1282 1283 1283 1284 1284 1285 1285 1264 1264 1286 1286 1264 1264 1285 1285 1264 1264 1286 1286 1287 1287 1268 1268 1288 1288 1289 1289 1254 1254 1290 1290 1250 1250 1291 1291 1250 1250 1290 1290 1250 1250 1291 1291 1292 1292 1283 1283 1293 1293 1249 1249 1294 1294 1249 1249 1293 1293 1249 1249 1294 1294 1248 1248 1257 1257 1295 1295 1264 1264 1296 1296 1264 1264 1295 1295 1264 1264 1296 1296 1297 1297 1287 1287 1298 1298 1264 1264 1299 1299 1264 1264 1298 1298 1264 1264 1299 1299 1300 1300 1301 1301 1302 1302 1268 1268 1268 1268 1303 1303 1304 1304 1269 1269 1250 1250 1305 1305 1306 1306 1305 1305 1250 1250 1305 1305 1306 1306 1307 1307 1308 1308 1307 1307 1306 1306 1307 1307 1308 1308 1309 1309 1309 1309 1310 1310 1307 1307 1311 1311 1307 1307 1310 1310 1307 1307 1311 1311 1312 1312 1292 1292 1313 1313 1250 1250 1314 1314 1250 1250 1313 1313 1250 1250 1314 1314 1315 1315 1315 1315 1316 1316 1250 1250 1317 1317 1250 1250 1316 1316 1250 1250 1317 1317 1318 1318 1319 1319 1320 1320 1321 1321 1322 1322 1321 1321 1320 1320 1321 1321 1322 1322 1249 1249 1323 1323 1249 1249 1322 1322 1249 1249 1323 1323 1270 1270 1297 1297 1324 1324 1264 1264 1325 1325 1264 1264 1324 1324 1264 1264 1325 1325 1326 1326 1300 1300 1327 1327 1264 1264 1328 1328 1264 1264 1327 1327 1264 1264 1328 1328 1329 1329 1264 1264 1330 1330 1331 1331 1332 1332 1331 1331 1330 1330 1302 1302 1333 1333 1268 1268 1334 1334 1268 1268 1333 1333 1268 1268 1334 1334 1288 1288 1289 1289 1335 1335 1268 1268 1336 1336 1268 1268 1335 1335 1268 1268 1336 1336 1303 1303 1304 1304 1337 1337 1268 1268 1338 1338 1268 1268 1337 1337 1268 1268 1338 1338 1339 1339 1339 1339 1340 1340 1268 1268 1341 1341 1268 1268 1340 1340 1268 1268 1341 1341 1342 1342 1312 1312 1343 1343 1307 1307 1344 1344 1307 1307 1343 1343 1307 1307 1344 1344 1345 1345 1318 1318 1346 1346 1250 1250 1347 1347 1250 1250 1346 1346 1250 1250 1347 1347 1251 1251 1326 1326 1348 1348 1264 1264 1349 1349 1264 1264 1348 1348 1264 1264 1349 1349 1350 1350 1350 1350 1351 1351 1264 1264 1352 1352 1264 1264 1351 1351 1264 1264 1352 1352 1284 1284 1329 1329 1353 1353 1264 1264 1354 1354 1264 1264 1353 1353 1264 1264 1354 1354 1330 1330 1342 1342 1355 1355 1268 1268 1356 1356 1268 1268 1355 1355 1268 1268 1356 1356 1255 1255 1357 1357 1358 1358 1359 1359 1360 1360 1359 1359 1358 1358 1359 1359 1360 1360 1268 1268 1361 1361 1268 1268 1360 1360 1268 1268 1361 1361 1301 1301 1362 1362 1363 1363 1364 1364 1365 1365 1366 1366 1367 1367 1363 1363 1368 1368 1364 1364 1369 1369 1364 1364 1368 1368 1364 1364 1369 1369 1370 1370 1371 1371 1372 1372 1373 1373 1371 1371 1374 1374 1372 1372 1375 1375 1372 1372 1374 1374 1372 1372 1375 1375 1376 1376 1366 1366 1377 1377 1367 1367 1371 1371 1367 1367 1377 1377 1367 1367 1371 1371 1378 1378 1373 1373 1378 1378 1371 1371 1379 1379 1380 1380 1381 1381 1382 1382 1381 1381 1380 1380 1383 1383 1384 1384 1364 1364 1385 1385 1364 1364 1384 1384 1386 1386 1364 1364 1387 1387 1388 1388 1387 1387 1364 1364 1386 1386 1389 1389 1364 1364 1390 1390 1364 1364 1389 1389 1364 1364 1390 1390 1391 1391 1369 1369 1392 1392 1370 1370 1393 1393 1370 1370 1392 1392 1370 1370 1393 1393 1394 1394 1382 1382 1395 1395 1381 1381 1396 1396 1381 1381 1395 1395 1381 1381 1396 1396 1397 1397 1398 1398 1383 1383 1399 1399 1400 1400 1399 1399 1383 1383 1385 1385 1401 1401 1364 1364 1402 1402 1364 1364 1401 1401 1364 1364 1402 1402 1388 1388 1391 1391 1403 1403 1364 1364 1404 1404 1364 1364 1403 1403 1364 1364 1404 1404 1362 1362 1398 1398 1405 1405 1383 1383 1406 1406 1383 1383 1405 1405 1383 1383 1406 1406 1384 1384 1407 1407 1408 1408 1376 1376 1409 1409 1376 1376 1408 1408 1410 1410 1376 1376 1411 1411 1412 1412 1411 1411 1376 1376 1410 1410 1413 1413 1376 1376 1414 1414 1376 1376 1413 1413 1376 1376 1414 1414 1415 1415 1397 1397 1416 1416 1381 1381 1417 1417 1381 1381 1416 1416 1381 1381 1417 1417 1418 1418 1419 1419 1407 1407 1420 1420 1421 1421 1420 1420 1407 1407 1409 1409 1422 1422 1376 1376 1423 1423 1376 1376 1422 1422 1376 1376 1423 1423 1412 1412 1415 1415 1424 1424 1376 1376 1425 1425 1376 1376 1424 1424 1376 1376 1425 1425 1372 1372 1418 1418 1426 1426 1381 1381 1364 1364 1381 1381 1426 1426 1381 1381 1364 1364 1367 1367 1370 1370 1367 1367 1364 1364 1367 1367 1370 1370 1365 1365 1419 1419 1427 1427 1407 1407 1428 1428 1407 1407 1427 1427 1407 1407 1428 1428 1408 1408 1429 1429 1430 1430 1431 1431 1432 1432 1433 1433 1434 1434 1435 1435 1436 1436 1429 1429 1437 1437 1429 1429 1436 1436 1429 1429 1437 1437 1430 1430 1381 1381 1438 1438 1379 1379 1439 1439 1379 1379 1438 1438 1379 1379 1439 1439 1440 1440 1429 1429 1440 1440 1439 1439 1440 1440 1429 1429 1441 1441 1442 1442 1441 1441 1429 1429 1443 1443 1444 1444 1432 1432 1445 1445 1432 1432 1444 1444 1432 1432 1445 1445 1433 1433 1446 1446 1447 1447 1432 1432 1448 1448 1432 1432 1447 1447 1432 1432 1448 1448 1394 1394 1449 1449 1394 1394 1448 1448 1394 1394 1449 1449 1370 1370 1431 1431 1450 1450 1429 1429 1451 1451 1429 1429 1450 1450 1429 1429 1451 1451 1452 1452 1452 1452 1453 1453 1429 1429 1454 1454 1429 1429 1453 1453 1429 1429 1454 1454 1455 1455 1434 1434 1456 1456 1432 1432 1457 1457 1432 1432 1456 1456 1432 1432 1457 1457 1458 1458 1458 1458 1459 1459 1432 1432 1460 1460 1432 1432 1459 1459 1432 1432 1460 1460 1461 1461 1455 1455 1462 1462 1429 1429 1463 1463 1429 1429 1462 1462 1429 1429 1463 1463 1442 1442 1461 1461 1464 1464 1432 1432 1465 1465 1432 1432 1464 1464 1432 1432 1465 1465 1446 1446</p>
        </triangles>
      </mesh>
    </geometry>
  </library_geometries>
  <library_materials>
    <material id="72d974db5c2e4c8395e33bfcf2cdbdfa" name="defaultmaterial">
      <instance_effect url="#4e8e0adc1c524424ad89675240934f1d"/>
    </material>
  </library_materials>
  <library_visual_scenes>
    <visual_scene id="scene">
      <node id="node0" name="node0">
        <instance_geometry url="#3e2eb6074e0140269cea721b5d42ba25">
          <bind_material>
            <technique_common>
              <instance_material symbol="material0" target="#72d974db5c2e4c8395e33bfcf2cdbdfa"/>
            </technique_common>
          </bind_material>
        </instance_geometry>
      </node>
    </visual_scene>
  </library_visual_scenes>
  <scene>
    <instance_visual_scene url="#scene"/>
  </scene>
</COLLADA>
