<COLLADA xmlns="http://www.collada.org/2005/11/COLLADASchema" version="1.4.1">
  <asset>
    <created>2026-09-27T18:30:25.037901</created>
    <modified>2026-09-27T18:30:25.037901</modified>
    <up_axis>Y_UP</up_axis>
  </asset>
  <library_effects>
    <effect id="670c7e20609c4d0e88c4ac1812eee87b" name="670c7e20609c4d0e88c4ac1812eee87b">
      <profile_COMMON>
        <technique sid="common">
          <phong>
            <emission>
              <color>0.0 0.0 0.0 1.0</color>
            </emission>
            <ambient>
              <color>0.0 0.0 0.0 1.0</color>
            </ambient>
            <diffuse>
              <color>0.8941176470588236 0.8941176470588236 0.8941176470588236 1.0</color>
            </diffuse>
            <specular>
              <color>0.0 0.0 0.0 1.0</color>
            </specular>
            <shininess>
              <float>0.0</float>
            </shininess>
            <reflective>
              <color>0.0 0.0 0.0 1.0</color>
            </reflective>
            <reflectivity>
              <float>0.0</float>
            </reflectivity>
            <transparent>
              <color>0.0 0.0 0.0 1.0</color>
            </transparent>
            <transparency>
              <float>1.0</float>
            </transparency>
          </phong>
        </technique>
        <extra>
          <technique profile="GOOGLEEARTH">
            <double_sided>0</double_sided>
          </technique>
        </extra>
      </profile_COMMON>
    </effect>
  </library_effects>
  <library_geometries>
    <geometry id="50cbb2625ebd4f08a49ae3ccfaf2f233" name="ae3e86ef6ece4c65b22e4b0c30712357">
      <mesh>
        <source id="verts-array">
          <float_array count="3750" id="verts-array-array">0.003199888 -0.003332563 0.004000027 0.003238433 -0.003373906 0.003918357 0.003239804 -0.003447541 -0.003856354 0.001197866 -0.001210711 0.005497 -4.244795e-07 -5.112694e-05 -0.005499731 0.001032579 -0.001036558 0.005509894 0.0007987068 -0.0007903331 0.005507607 0.001032579 -0.001138694 -0.005489632 0.0007987068 -0.0008924689 -0.005491919 0.001396595 -0.001420158 0.005475184 0.001362713 -0.001384399 0.005484142 -0.003453796 0.00366728 0.003364926 -0.001397444 0.00142004 -0.00547512 -0.001593694 0.001627155 -0.005423251 -0.002981341 0.003098121 -0.004357443 -0.003113745 0.003239533 -0.004141706 -0.001398133 0.001522217 0.005450753 -0.001198612 0.001312336 0.005472052 -4.244795e-07 5.100884e-05 0.005499795 -0.0007995558 0.000790215 -0.005507543 -0.001033428 0.00103644 -0.005509829 -0.001198715 0.001210593 -0.005496936 -0.001363562 0.001384281 -0.005484078 -0.001723198 0.001763829 -0.005389028 -0.001787541 0.001831857 -0.005358798 -0.00197718 0.002032357 -0.005269706 -0.001788037 0.001931594 0.005326226 -0.00175695 0.00189901 0.005342099 -0.001593543 0.001727416 0.005391585 -0.001033428 0.001138576 0.005489696 -0.0007995558 0.0008923508 0.005491983 0.001722349 -0.001763947 0.005389092 0.001786692 -0.001831975 0.005358863 0.001976331 -0.002032475 0.00526977 0.002830211 -0.002938248 0.004546869 0.002705142 -0.002805098 0.00470448 0.002677278 -0.002775513 0.004731066 0.002980492 -0.003098239 0.004357507 0.003112896 -0.003239652 0.00414177 0.003351017 -0.003494661 0.003679868 0.003406159 -0.003553805 0.003563042 0.003451879 -0.003603166 0.003431575 0.003541661 -0.003700095 0.003173414 0.003570502 -0.003731233 0.00309047 0.003614639 -0.003779426 0.002905109 0.003723456 -0.003899158 0.002349667 0.003762889 -0.003943308 0.002066314 0.003776215 -0.003960028 0.001776737 0.003699414 -0.003918553 -0.002465291 0.003678162 -0.003897046 -0.002558924 0.003615528 -0.00383366 -0.002834895 0.003221306 -0.003428442 -0.003896993 0.003111918 -0.003314962 -0.004079665 0.002980492 -0.00317862 -0.00429916 0.002831024 -0.003023042 -0.004492873 0.001975959 -0.002129577 -0.005229771 0.002103913 -0.002263695 -0.005164433 0.002161231 -0.002323651 -0.005121994 -0.002981341 0.003178502 0.004299224 -0.002831873 0.003022924 0.004492937 -0.002512158 0.002689532 0.004841818 -0.002431329 0.002605177 0.004922674 -0.00234048 0.002510146 0.00498995 -0.00216208 0.002323533 0.005122058 0.001592845 -0.001627273 0.005423315 0.00206948 -0.002130959 0.005226013 0.002160653 -0.002227546 0.005162447 0.002340223 -0.002417781 0.005037258 0.002400254 -0.002481377 0.004995407 0.002510882 -0.002598838 0.004889843 0.003787254 -0.003977031 0.00119741 0.003787254 -0.003987805 3.706018e-05 0.003584765 -0.003802528 -0.00297045 0.003540373 -0.003757021 -0.003103268 0.003452947 -0.003667398 -0.003364861 0.00342372 -0.003637436 -0.003452313 0.003350273 -0.003561602 -0.003613665 0.002732819 -0.002920823 -0.004620148 0.002676314 -0.002861853 -0.004676668 0.002511309 -0.00268965 -0.004841754 0.001787188 -0.001931712 -0.005326162 0.001756101 -0.001899129 -0.005342035 0.001592694 -0.001727535 -0.005391521 0.001397284 -0.001522335 -0.005450688 0.001197763 -0.001312454 -0.005471988 -0.002070329 0.002130841 -0.005225949 -0.002161502 0.002227428 -0.005162383 -0.002341072 0.002417663 -0.005037194 -0.003200737 0.003332445 -0.003999963 -0.003239282 0.003373788 -0.003918293 -0.003351866 0.003494543 -0.003679804 -0.003615488 0.003779308 -0.002905045 -0.003571351 0.003731115 -0.003090405 -0.00354251 0.003699977 -0.00317335 -0.003680602 0.003850406 -0.002631583 -0.003691324 0.003862114 -0.00258655 -0.003724305 0.00389904 -0.002349603 -0.002733668 0.002920705 0.004620212 -0.002677163 0.002861735 0.004676732 -0.002104762 0.002263577 0.005164497 -0.001976808 0.002129459 0.005229835 0.003690475 -0.003862232 0.002586614 0.003679753 -0.003850524 0.002631647 0.00243048 -0.002605295 -0.00492261 0.002339631 -0.002510264 -0.004989886 -0.002401103 0.002481259 -0.004995342 -0.002511731 0.00259872 -0.004889779 -0.002678127 0.002775395 -0.004731002 -0.002705991 0.00280498 -0.004704416 -0.00283106 0.00293813 -0.004546805 -0.003407008 0.003553687 -0.003562978 -0.003452728 0.003603047 -0.003431511 -0.003424569 0.003637318 0.003452378 -0.003351122 0.003561484 0.003613729 -0.003240653 0.003447423 0.003856418 0.003787254 -0.003973878 0.001536996 -0.003724704 0.003942421 0.002277074 -0.003761748 0.003978775 0.001991754 -0.00377811 0.003993323 0.001703037 -0.003768145 0.003985054 0.001942494 -0.003222155 0.003428324 0.003897057 -0.003112767 0.003314844 0.004079729 0.003787254 -0.00399858 -0.00112329 0.003723855 -0.003942539 -0.00227701 -0.003700263 0.003918435 0.002465355 -0.003679011 0.003896928 0.002558989 -0.003616377 0.003833542 0.002834959 0.003787254 -0.004001733 -0.001462875 0.003777262 -0.003993441 -0.001702972 0.003760899 -0.003978893 -0.00199169 0.003767296 -0.003985172 -0.00194243 -0.003788103 0.00397376 -0.001536931 -0.003788103 0.003976913 -0.001197346 -0.003777064 0.00395991 -0.001776673 -0.003763738 0.00394319 -0.00206625 -0.003788103 0.004001615 0.001462939 -0.003788103 0.003998462 0.001123354 -0.003788103 0.003987687 -3.699603e-05 -0.003585614 0.00380241 0.002970514 -0.003541222 0.003756903 0.003103332 -0.0131574 -0.01225883 0.0001138605 -0.01305179 -0.01239556 0.0001151302 -0.01315559 -0.01226006 0.0001862205 -0.00661239 -0.001885578 0.003842535 -0.006338933 -0.002171126 0.004098587 -0.005108811 -0.0007067502 0.004398703 -0.004238315 0.001336136 0.004230898 -0.00437547 0.001478817 0.004044455 -0.005667638 -0.0001240179 0.003788796 -0.004904526 0.002025483 0.002926221 -0.00497508 0.002097425 0.002673722 -0.006227278 0.0004533538 0.00250944 -0.003700263 0.003918435 0.002465355 -0.003724704 0.003942421 0.002277074 -0.005077513 0.002200415 0.002150053 -0.005109012 0.00223109 0.001881707 -0.003222155 0.003428324 0.003897057 -0.003240653 0.003447423 0.003856418 -0.004620147 0.0017326 0.003630831 -0.004726512 0.001842505 0.003405981 -0.002512158 0.002689532 0.004841818 -0.002677163 0.002861735 0.004676732 -0.004092255 0.001183941 0.004402498 -0.001801811 -0.006956423 0.003225261 -0.001627309 -0.007143829 0.002829904 -3.47605e-05 -0.006061962 0.003032438 0.001341218 -0.00454168 0.00390119 0.001213739 -0.004405617 0.004099095 -0.0004510401 -0.00561616 0.003839793 0.0004471748 -0.00359143 0.004859798 0.0002737542 -0.003407898 0.004960548 -0.001328363 -0.004684951 0.004643822 0.001722349 -0.001763947 0.005389092 0.001592845 -0.001627273 0.005423315 -8.620613e-05 -0.003027543 0.005105763 -0.0002708038 -0.00283277 0.005149696 0.002705142 -0.002805098 0.00470448 0.002677278 -0.002775513 0.004731066 0.0009305239 -0.004104144 0.004451601 0.000776386 -0.00394043 0.004604537 0.003351017 -0.003494661 0.003679868 0.003238433 -0.003373906 0.003918357 0.001458416 -0.004667037 0.003690254 0.001947281 -0.005233248 -0.001853767 0.001915782 -0.005202573 -0.002122114 0.003723855 -0.003942539 -0.00227701 0.003699414 -0.003918553 -0.002465291 0.001742795 -0.005027641 -0.002898281 0.001813349 -0.005099583 -0.002645783 0.0001085997 -0.006263865 -0.002455424 0.003221306 -0.003428442 -0.003896993 0.003239804 -0.003447541 -0.003856354 0.001458416 -0.004734757 -0.003602891 0.001564781 -0.004844662 -0.003378041 0.001076584 -0.004338294 -0.004202958 0.001213739 -0.004480975 -0.004016515 -0.0004510401 -0.005686493 -0.00373478 0.002511309 -0.00268965 -0.004841754 0.002676314 -0.002861853 -0.004676668 0.0009305239 -0.004186099 -0.004374559 0.001756101 -0.001899129 -0.005342035 0.001787188 -0.001931712 -0.005326162 9.563688e-05 -0.003312676 -0.004981915 0.001397284 -0.001522335 -0.005450688 0.001592694 -0.001727535 -0.005391521 -8.620613e-05 -0.003121831 -0.0050486 -0.002890927 -0.0001693877 -0.005121756 -0.003075525 2.538521e-05 -0.005077823 -0.001593694 0.001627155 -0.005423251 -0.001723198 0.001763829 -0.005389028 -0.003608906 0.0005892719 -0.004831858 -0.003435485 0.0004057399 -0.004932608 -0.004790315 -0.00112556 -0.004589805 -0.002705991 0.00280498 -0.004704416 -0.002678127 0.002775395 -0.004731002 -0.004092255 0.001101986 -0.004423661 -0.003938117 0.0009382724 -0.004576598 -0.004502949 0.001539522 -0.00387325 -0.00437547 0.00140346 -0.004071155 -0.005667638 -0.0001943514 -0.003785777 -0.007069893 -0.001468768 -0.003146967 -0.007244395 -0.001281362 -0.00275161 -0.006083917 0.0002514509 -0.002978422 -0.003351866 0.003494543 -0.003679804 -0.003239282 0.003373788 -0.003918293 -0.004620147 0.001664879 -0.003662315 -0.01296584 -0.01246196 -4.111404e-05 -0.01294588 -0.01248277 -1.933186e-05 -0.01293101 -0.01249816 9.793226e-06 -0.01292248 -0.01250683 4.38148e-05 -0.01303903 -0.01238504 -5.684995e-05 -0.01300082 -0.01235034 -0.0002290545 -0.01290118 -0.0124552 -0.0002228246 -0.01311223 -0.01230784 -4.254515e-05 -0.01313218 -0.01228663 -2.115319e-05 -0.01318713 -0.01215352 -0.000157661 -0.01315559 -0.0122614 4.153593e-05 -0.01303214 -0.01150616 -0.0008342959 -0.0128919 -0.0116545 -0.0009072747 -0.01298223 -0.0118385 -0.0007363129 -0.007978702 -0.01121589 -0.001332176 -0.00792407 -0.01127082 -0.001052893 -0.008921922 -0.01175036 -0.0009037445 -0.008168003 -0.01102131 -0.001842634 -0.008060619 -0.0111321 -0.001597235 -0.009041399 -0.01162898 -0.001380042 -0.008449545 -0.0107287 -0.002254189 -0.008298492 -0.01088597 -0.00206324 -0.009249536 -0.01141362 -0.001787799 -0.009189655 -0.009953139 -0.002654017 -0.008991796 -0.01016109 -0.002613685 -0.009856177 -0.01077935 -0.002269429 -0.008799823 -0.01036247 -0.002532481 -0.008617828 -0.01055297 -0.002411757 -0.009528956 -0.01112224 -0.002092748 -0.01077808 -0.00827972 -0.002551821 -0.01058611 -0.00848257 -0.002629271 -0.0112512 -0.009310641 -0.002283067 -0.01112836 -0.007908388 -0.002280377 -0.01096007 -0.008087008 -0.002434655 -0.01157842 -0.008964526 -0.002112783 -0.0115992 -0.007404156 -0.001367569 -0.01151728 -0.007492854 -0.001631027 -0.01206598 -0.008444642 -0.00140961 -0.01303903 -0.01238185 0.0002868852 -0.01298921 -0.01243433 0.0002847444 -0.01313218 -0.01228411 0.0002493671 -0.01311223 -0.01230493 0.0002711493 -0.01314705 -0.01226873 0.0002202421 -0.01321927 -0.01096279 0.0007302313 -0.01318343 -0.01099945 0.0008461956 -0.01310025 -0.01070313 0.0009497338 -0.01304656 -0.01075853 0.001072432 -0.01313645 -0.01104792 0.0009535573 -0.01307936 -0.01110713 0.00105007 -0.01298131 -0.0108262 0.001182735 -0.01308885 -0.01232942 0.0002837703 -0.01290579 -0.01090484 0.001278209 -0.01301328 -0.01117593 0.00113361 -0.01293965 -0.01125281 0.001202547 -0.01282165 -0.0109927 0.001356998 -0.01273065 -0.01108795 0.001417355 -0.01279035 -0.01010718 0.001309514 -0.01270879 -0.01019178 0.001447385 -0.01233432 -0.009460523 0.001711137 -0.01294588 -0.01248026 0.0002511885 -0.01293101 -0.01249618 0.0002223541 -0.01199454 -0.01224736 0.001263824 -0.01191492 -0.01233168 0.001212564 -0.01165052 -0.01222569 0.001368447 -0.01156638 -0.012315 0.001291303 -0.01184129 -0.01240982 0.001145067 -0.01177521 -0.01248017 0.00106282 -0.01149085 -0.01239539 0.001197305 -0.01292248 -0.01250548 0.0001884994 -0.01292067 -0.01250806 0.0001161748 -0.01142561 -0.0124651 0.001088279 -0.01171812 -0.01254116 0.0009674228 -0.01167114 -0.01259162 0.0008609797 -0.01137191 -0.01252276 0.00096663 -0.01133096 -0.01256711 0.0008349 -0.009796101 -0.01214789 0.0001128304 -0.009796101 -0.01214384 0.0005479606 -0.01020755 -0.01230161 0.0001142578 -0.0105936 -0.01243124 0.0001154615 -0.0105936 -0.01243461 -0.0002471469 -0.01095414 -0.01253967 -0.0002099078 -0.01128916 -0.01262047 -0.0001728939 -0.01095414 -0.01253664 0.0001164401 -0.01128916 -0.01261778 0.0001171936 -0.0105936 -0.01242788 0.0004780699 -0.01159873 -0.01267475 0.0001177226 -0.01128916 -0.01261509 0.0004072811 -0.01159873 -0.0126724 0.0003715487 -0.01129042 -0.01261242 0.0005522746 -0.0116114 -0.01265672 0.000623995 -0.01130365 -0.01259716 0.00069579 -0.0116353 -0.01263042 0.000745716 -0.01159873 -0.01267711 -0.0001361035 -0.01188277 -0.0127075 0.0001180266 -0.01188277 -0.01270548 0.0003355922 -0.01189364 -0.01269203 0.0005519747 -0.01194484 -0.01263623 0.0007551034 -0.01203404 -0.0125407 0.0009281098 -0.01281451 -0.01254079 0.0003870223 -0.01278478 -0.01257263 0.0003293535 -0.01261302 -0.01262484 0.0004361289 -0.01265763 -0.01257707 0.0005226311 -0.01215379 -0.01241342 0.001056464 -0.01229403 -0.01226509 0.001129442 -0.01174152 -0.01212933 0.001427025 -0.01183751 -0.0120279 0.001465745 -0.01207853 -0.01215861 0.001297711 -0.01193643 -0.01192357 0.001483987 -0.01225248 -0.01197531 0.0013144 -0.0127175 -0.01251344 0.000586808 -0.01285443 -0.01249836 0.0004298072 -0.01296584 -0.01245905 0.0002725804 -0.01300082 -0.01234396 0.0004584158 -0.01295087 -0.01239654 0.0004589041 -0.01290118 -0.01244892 0.0004541342 -0.01127941 -0.007707407 0.002235952 -0.0114099 -0.007572062 0.002015346 -0.01197202 -0.008513942 0.001780971 -0.01206598 -0.00841701 0.001566242 -0.01251273 -0.009275922 0.001361638 -0.01257417 -0.009213074 0.001162846 -0.01290866 -0.00998557 0.000990473 -0.01294281 -0.00995124 0.0008159187 -0.01316852 -0.01063378 0.0006775592 -0.01318175 -0.01062119 0.000533785 -0.0120363 -0.01181841 0.00148483 -0.01223608 -0.01160808 0.001482877 -0.01242728 -0.01179127 0.001312691 -0.01243587 -0.01139774 0.001480924 -0.01260209 -0.01160722 0.001310982 -0.01253573 -0.01129262 0.001478128 -0.01277604 -0.01142426 0.001290892 -0.01263466 -0.01118864 0.001457952 -0.01286003 -0.01133616 0.001255363 -0.01244313 -0.01210797 0.001143754 -0.01259296 -0.01195022 0.001142289 -0.0127428 -0.01179247 0.001140825 -0.0128919 -0.01163564 0.001123598 -0.01303214 -0.01148869 0.001047877 -0.01315189 -0.01136381 0.0009171819 -0.01305077 -0.01229138 0.0004579276 -0.01324109 -0.01127151 0.0007424313 -0.01329229 -0.01121949 0.0005383015 -0.01112836 -0.007864679 0.0024269 -0.01185784 -0.008632373 0.001973999 -0.01243219 -0.009359008 0.001545687 -0.01285746 -0.01003794 0.001156134 -0.01314121 -0.01066124 0.0008172032 -0.01324317 -0.01093875 0.0006080429 -0.01325584 -0.01092777 0.0003553489 -0.01323755 -0.01209792 0.0001123664 -0.01323755 -0.01209724 0.0001848882 -0.01323393 -0.01210039 0.0002570866 -0.01321686 -0.01211773 0.0003251295 -0.01318713 -0.01214849 0.0003833797 -0.01314721 -0.01219012 0.000426945 -0.01310046 -0.0122391 0.000452186 -0.01278762 -0.01243927 0.0006232979 -0.01286217 -0.01236071 0.0006304538 -0.01293709 -0.01228183 0.0006297214 -0.013012 -0.01220296 0.000628989 -0.01308655 -0.01212455 0.0006203755 -0.01315667 -0.01205107 0.0005825147 -0.01321655 -0.01198863 0.0005171671 -0.01326115 -0.01194248 0.0004297928 -0.01328675 -0.01191647 0.0003277269 -0.01329218 -0.01191176 0.0002194295 -0.01329218 -0.01191277 0.0001106472 -0.01151728 -0.007461275 0.001769946 -0.0115992 -0.007377484 0.001504887 -0.01213765 -0.008343694 0.001334321 -0.01218545 -0.008295634 0.001089944 -0.01261514 -0.009171883 0.0009533792 -0.01263497 -0.009153002 0.0007377176 -0.01295933 -0.009935506 0.0006362008 -0.0129609 -0.009935536 0.0004549273 -0.013183 -0.01062121 0.000388767 -0.013183 -0.01062391 9.867953e-05 -0.01243219 -0.009386096 -0.001371567 -0.01197202 -0.008545545 -0.001622502 -0.0114099 -0.007608179 -0.001874327 -0.01141918 -0.009133144 -0.002215302 -0.01038825 -0.008691236 -0.002665735 -0.01107807 -0.009493225 -0.002314983 -0.01270879 -0.01021689 -0.001257818 -0.01233432 -0.009490666 -0.001535103 -0.01185784 -0.00866754 -0.001813298 -0.01127941 -0.007747598 -0.002092382 -0.01290579 -0.01092669 -0.00107543 -0.01261439 -0.01031738 -0.00137532 -0.01222103 -0.009611256 -0.00167611 -0.01172567 -0.00880823 -0.001977799 -0.01195833 -0.009889753 -0.001879692 -0.01209482 -0.009745221 -0.001791811 -0.01239546 -0.01054947 -0.001544973 -0.01250921 -0.01042902 -0.001471738 -0.01273065 -0.01111236 -0.001211152 -0.01282165 -0.011016 -0.001152574 -0.01181434 -0.01004189 -0.001937772 -0.01227547 -0.01067625 -0.001593377 -0.01263466 -0.01121379 -0.001249872 -0.009788951 -0.009322222 -0.002663526 -0.009389386 -0.009742892 -0.00265962 -0.01020407 -0.01041342 -0.002309629 -0.008898776 -0.01177239 -0.0006521351 -0.007897625 -0.01129599 -0.0007653414 -0.008896579 -0.01177235 -0.0003983526 -0.007895111 -0.01129595 -0.0004753043 -0.008896579 -0.01176763 0.0001092996 -0.007895111 -0.01129056 0.0001048697 -0.008896579 -0.01176292 0.0006169517 -0.007895111 -0.01128517 0.0006850437 -0.008898776 -0.01175825 0.0008706913 -0.007897625 -0.01127983 0.0009750316 -0.008921922 -0.01173155 0.001121848 -0.00792407 -0.01124932 0.001262067 -0.008969723 -0.01167896 0.00136529 -0.007978702 -0.01118922 0.001540281 -0.009041399 -0.01160135 0.00159581 -0.008060619 -0.01110052 0.001803738 -0.009135354 -0.01150045 0.001808702 -0.008168003 -0.0109852 0.002047038 -0.009249536 -0.01137845 0.001999497 -0.008298492 -0.01084578 0.002265093 -0.009381705 -0.01123776 0.002163998 -0.008449545 -0.01068499 0.002453088 -0.009528956 -0.01108146 0.002298983 -0.008617828 -0.01050637 0.002607366 -0.009688197 -0.01091285 0.002401502 -0.008799823 -0.01031366 0.002724532 -0.009856177 -0.01073535 0.002469266 -0.008991796 -0.01011081 0.002801982 -0.0100293 -0.01055277 0.002501183 -0.009189655 -0.009902139 0.002838446 -0.01020407 -0.01036874 0.002502664 -0.009389386 -0.009691824 0.002840143 -0.01055369 -0.01000065 0.002499246 -0.009788951 -0.009271154 0.002836237 -0.01090331 -0.009632567 0.002495828 -0.01018852 -0.008850483 0.002832331 -0.01107807 -0.0094486 0.00249093 -0.01038825 -0.008640236 0.002826729 -0.0112512 -0.00926664 0.002455629 -0.01058611 -0.008432283 0.002786396 -0.01141918 -0.009090432 0.00238458 -0.01077808 -0.008230906 0.002705193 -0.01157842 -0.008923746 0.002278947 -0.01096007 -0.008040403 0.002584469 -0.01172567 -0.008769984 0.002141084 -0.01059517 -0.01243464 -0.0004284204 -0.009797988 -0.01215196 -0.0005398279 -0.01020755 -0.01230532 -0.000284612 -0.009796101 -0.01215193 -0.0003222999 -0.01129042 -0.0126205 -0.0003179119 -0.009797988 -0.01213984 0.0007654518 -0.009817822 -0.01211696 0.0009807256 -0.00985879 -0.01207188 0.001189391 -0.009920233 -0.01200535 0.001386982 -0.01000077 -0.01191887 0.001569457 -0.01009864 -0.01181429 0.001732993 -0.01021193 -0.0116937 0.001873999 -0.01033814 -0.01155974 0.0019897 -0.01047463 -0.01141521 0.002077582 -0.01061862 -0.01126307 0.002135662 -0.01076701 -0.01110657 0.00216301 -0.01091681 -0.01094883 0.002164286 -0.01121648 -0.01063333 0.002161356 -0.01151615 -0.01031783 0.002158426 -0.01166595 -0.01016014 0.002154222 -0.01181434 -0.01000418 0.002123973 -0.01195833 -0.009853142 0.002063078 -0.01209482 -0.009710267 0.001972527 -0.01222103 -0.009578474 0.001854358 -0.01165383 -0.007322555 0.001225605 -0.0122086 -0.008273599 0.0008383346 -0.01263686 -0.009153035 0.0005201895 -0.0129609 -0.009938903 9.231893e-05 -0.013183 -0.0106266 -0.000191408 -0.01325584 -0.01093248 -0.0001523032 -0.01168028 -0.007297381 0.0009380527 -0.0122108 -0.008273643 0.0005845521 -0.01263686 -0.009157076 8.505929e-05 -0.0129609 -0.00994227 -0.0002702894 -0.01318175 -0.01062927 -0.0003364015 -0.01324317 -0.01094816 -0.0004047495 -0.01329229 -0.01122755 -0.000329807 -0.01168279 -0.007297427 0.0006480156 -0.01168279 -0.007302814 6.78416e-05 -0.0122108 -0.008278356 7.689997e-05 -0.0122108 -0.00828307 -0.0004307521 -0.01263686 -0.009161116 -0.0003500709 -0.01263497 -0.009165122 -0.0005675621 -0.01295933 -0.009945606 -0.0004515323 -0.01294281 -0.009964675 -0.000630927 -0.01316852 -0.01064453 -0.0004799169 -0.01314121 -0.01067458 -0.0006190269 -0.01321927 -0.01097446 -0.0005264705 -0.01318343 -0.01101326 -0.0006417342 -0.01324109 -0.01128335 -0.0005329357 -0.01168279 -0.007308202 -0.0005123324 -0.01168028 -0.007313541 -0.0008023203 -0.0122086 -0.008287739 -0.0006844917 -0.01218545 -0.008314442 -0.0009356486 -0.01261514 -0.009188004 -0.0007828359 -0.01257417 -0.009233078 -0.0009915014 -0.01290866 -0.01000224 -0.0008048137 -0.01285746 -0.01005768 -0.000969474 -0.01310025 -0.01071892 -0.0007507569 -0.01304656 -0.01077659 -0.0008724057 -0.01313645 -0.01106372 -0.0007481773 -0.01307936 -0.01112471 -0.0008435741 -0.01315189 -0.01137888 -0.0007059422 -0.01166595 -0.01019839 -0.00196512 -0.01215181 -0.01080667 -0.001616167 -0.01253573 -0.01131812 -0.001268114 -0.01277604 -0.01144626 -0.001078466 -0.01286003 -0.01135751 -0.001044578 -0.01293965 -0.0112732 -0.0009933188 -0.01301328 -0.01119506 -0.0009258215 -0.01298131 -0.0108463 -0.0009814321 -0.01279035 -0.01012975 -0.001121541 -0.01251273 -0.009299607 -0.001189092 -0.01213765 -0.008367032 -0.001179091 -0.01165383 -0.00734405 -0.001089355 -0.01294779 -0.01210313 -0.0005751148 -0.01285799 -0.01196943 -0.0007482387 -0.0127428 -0.01181162 -0.0009215865 -0.01260209 -0.01162957 -0.001095154 -0.01243587 -0.01142328 -0.001268957 -0.01202698 -0.01093811 -0.001617227 -0.01151615 -0.01035613 -0.001966396 -0.01090331 -0.009677251 -0.002316464 -0.01018852 -0.008901551 -0.002667432 -0.01328675 -0.0119205 -0.0001063263 -0.01326115 -0.0119484 -0.0002078917 -0.01321686 -0.01212167 -9.999218e-05 -0.01323393 -0.01210307 -3.228297e-05 -0.01314705 -0.0122707 7.681223e-06 -0.01327323 -0.01152921 -0.0004243632 -0.01319889 -0.01160882 -0.0005685353 -0.01322052 -0.01181465 -0.0004313512 -0.01314068 -0.0118995 -0.0005169211 -0.01315667 -0.01205981 -0.0003585708 -0.01308655 -0.01213397 -0.0003950607 -0.01310046 -0.01224539 -0.0002247729 -0.01325584 -0.01093012 0.0001015229 -0.01330315 -0.01121411 -0.0001134245 -0.0133159 -0.01148271 -0.0002550887 -0.01327998 -0.01175096 -0.0003160146 -0.01321655 -0.01199617 -0.0002943939 -0.01314721 -0.01219594 -0.0002004459 -0.01308885 -0.01233256 -5.470912e-05 -0.0130991 -0.01171488 -0.0006754961 -0.01304719 -0.01199839 -0.000565574 -0.013012 -0.01221253 -0.0004022166 -0.01293709 -0.01229141 -0.0004014842 -0.0128479 -0.0122083 -0.0005741383 -0.01273312 -0.01210089 -0.0007470181 -0.01259296 -0.01196937 -0.0009201217 -0.01242728 -0.01181361 -0.001093445 -0.01223608 -0.01163361 -0.001267004 -0.01177725 -0.01120103 -0.001614786 -0.01121648 -0.01067163 -0.001963466 -0.01055369 -0.01004534 -0.002313047 -0.01225248 -0.01199765 -0.001091736 -0.0120363 -0.01184395 -0.001265051 -0.01193643 -0.01194907 -0.001262255 -0.01152753 -0.01146395 -0.001612344 -0.01140269 -0.01159536 -0.001608844 -0.01091681 -0.01098713 -0.001960537 -0.01076701 -0.01114482 -0.001956332 -0.0100293 -0.01059739 -0.00230473 -0.01229403 -0.01228394 -0.00090143 -0.01207853 -0.01218061 -0.001071647 -0.01199454 -0.01226872 -0.001036117 -0.01183751 -0.01205305 -0.001242079 -0.01174152 -0.01215374 -0.001201482 -0.01127903 -0.01172533 -0.001583636 -0.01115905 -0.01185119 -0.001532885 -0.01061862 -0.01130078 -0.001926083 -0.01047463 -0.01145182 -0.001865188 -0.009688197 -0.01095556 -0.00219838 -0.01215379 -0.0124309 -0.0008257093 -0.01191492 -0.01235206 -0.0009833011 -0.01184129 -0.01242894 -0.0009143643 -0.01165052 -0.01224899 -0.001141125 -0.01156638 -0.01233685 -0.001062336 -0.0110453 -0.01197025 -0.001457427 -0.01094012 -0.01208008 -0.001358953 -0.01033814 -0.01159469 -0.001774637 -0.01021193 -0.01172649 -0.001656469 -0.009381705 -0.01127601 -0.001954884 -0.01203404 -0.01255577 -0.0006950142 -0.01177521 -0.01249775 -0.0008308248 -0.01171812 -0.01255696 -0.0007343118 -0.01149085 -0.01241549 -0.0009668615 -0.01142561 -0.01248316 -0.0008565594 -0.01084572 -0.01217837 -0.001239605 -0.01076416 -0.01226297 -0.001101733 -0.01009864 -0.01184444 -0.001513247 -0.01000077 -0.01194595 -0.001347798 -0.009135354 -0.01153205 -0.001594771 -0.0116114 -0.01266612 -0.0003887974 -0.01130365 -0.01260791 -0.0004616861 -0.0106117 -0.01241891 -0.0006081382 -0.009817822 -0.01213308 -0.0007554895 -0.01059517 -0.01242454 0.0006593127 -0.0106117 -0.01240547 0.0008387074 -0.01064585 -0.01236791 0.001012594 -0.01069705 -0.01231247 0.001177254 -0.01076416 -0.01224039 0.001329322 -0.01084572 -0.01215325 0.001465599 -0.01094012 -0.01205276 0.001583101 -0.0110453 -0.01194112 0.001679518 -0.01115905 -0.01182068 0.001752753 -0.01127903 -0.0116939 0.001801158 -0.01140269 -0.01156348 0.001823948 -0.01152753 -0.01143203 0.001825007 -0.01177725 -0.01116912 0.001822566 -0.01202698 -0.0109062 0.001820125 -0.01215181 -0.01077479 0.001816625 -0.01227547 -0.01064482 0.001791417 -0.01239546 -0.01051896 0.001740666 -0.01250921 -0.0103999 0.001665207 -0.01261439 -0.01029006 0.001566733 -0.01194484 -0.01264807 -0.0005202636 -0.01167114 -0.01260543 -0.0006269502 -0.0116353 -0.01264209 -0.0005109858 -0.01137191 -0.01253855 -0.0007338607 -0.01133096 -0.01258045 -0.0006013301 -0.01069705 -0.0123322 -0.000948354 -0.01064585 -0.01238458 -0.0007826925 -0.009920233 -0.01202904 -0.001163748 -0.00985879 -0.01209189 -0.000964956 -0.008969723 -0.0117023 -0.001148121 -0.01329218 -0.01191378 1.864903e-06 -0.01332136 -0.0117048 -3.634017e-05 -0.01332136 -0.01170345 0.0001087036 -0.01332495 -0.01146982 0.0001065342 -0.01332136 -0.0117021 0.0002537473 -0.01332495 -0.01146814 0.0002878384 -0.01331412 -0.01170839 0.0003981439 -0.0133159 -0.01147599 0.0004683341 -0.01327998 -0.01174306 0.0005342308 -0.01327323 -0.01151934 0.0006384429 -0.01322052 -0.0118046 0.0006507301 -0.01319889 -0.01159626 0.0007840684 -0.01314068 -0.01188785 0.0007378608 -0.0130991 -0.01170032 0.0008929803 -0.01304719 -0.01198582 0.0007883417 -0.01298223 -0.01182278 0.0009560821 -0.01294779 -0.01209037 0.0007998259 -0.01285799 -0.01195347 0.0009704372 -0.0128479 -0.01219553 0.0008008025 -0.01273312 -0.01208493 0.0009716578 -0.01274801 -0.0123007 0.000801779 -0.01260826 -0.01221639 0.0009728785 -0.01264861 -0.01240545 0.0007922381 -0.01248401 -0.01234732 0.0009609527 -0.01255512 -0.01250434 0.0007435853 -0.01236715 -0.01247093 0.0009001358 -0.01247529 -0.01258919 0.0006580154 -0.01226735 -0.012577 0.000793175 -0.01241582 -0.01265288 0.0005426788 -0.01219302 -0.0126566 0.000649003 -0.01238168 -0.01269008 0.0004072594 -0.01215035 -0.01270311 0.0004797284 -0.01237444 -0.01269904 0.0002630044 -0.0121413 -0.01271431 0.0002994097 -0.01237444 -0.01270039 0.0001179606 -0.0121413 -0.01271599 0.0001181055 -0.0121413 -0.01271768 -6.319867e-05 -0.01188277 -0.01270952 -9.953901e-05 -0.01331412 -0.01171376 -0.0001805952 -0.01332495 -0.0114715 -7.476995e-05 -0.01330315 -0.01121209 0.0001041411 -0.01330315 -0.01121007 0.0003217067 -0.01244313 -0.01212712 -0.0009186569 -0.01260826 -0.01223235 -0.0007457974 -0.01274801 -0.01231347 -0.0005731617 -0.01286217 -0.01237028 -0.0004007518 -0.01248401 -0.01236303 -0.0007314424 -0.01264861 -0.01241802 -0.0005616775 -0.01278762 -0.0124487 -0.0003921383 -0.01236715 -0.0124855 -0.0006683406 -0.01255512 -0.01251599 -0.0005111966 -0.0127175 -0.01252218 -0.0003542775 -0.01226735 -0.01258956 -0.0005594287 -0.01247529 -0.01259924 -0.0004240659 -0.01265763 -0.01258461 -0.0002889299 -0.01219302 -0.01266647 -0.0004138032 -0.01241582 -0.01266077 -0.0003075666 -0.01261302 -0.01263076 -0.0002015556 -0.01189364 -0.01270009 -0.0003161338 -0.01215035 -0.01270982 -0.0002436944 -0.01238168 -0.01269545 -0.0001714797 -0.01258742 -0.01265677 -9.948975e-05 -0.01276771 -0.01259123 0.0002616443 -0.01258742 -0.01265274 0.0003345635 -0.01276409 -0.01259571 0.0001895167 -0.01258199 -0.01265946 0.0002263723 -0.01276409 -0.01259639 0.0001169949 -0.01258199 -0.01266047 0.00011759 -0.01258199 -0.01266148 8.807673e-06 -0.01237444 -0.01270173 -2.708314e-05 -0.01276771 -0.01259392 -2.772523e-05 -0.01278478 -0.01257658 -9.576817e-05 -0.01281451 -0.01254581 -0.0001540184 -0.01285443 -0.01250419 -0.0001975837 -0.01276409 -0.01259706 4.447314e-05 -0.01298921 -0.01243747 -5.3735e-05 -0.003777064 0.00395991 -0.001776673 -0.005127104 0.002217324 -0.001652298 -0.003788103 0.00397376 -0.001536931 -0.005131814 0.002227332 -0.001108567 -0.003763738 0.00394319 -0.00206625 -0.003724305 0.00389904 -0.002349603 -0.005077513 0.002160111 -0.00219048 -0.003691324 0.003862114 -0.00258655 -0.00497508 0.002047415 -0.002712146 -0.005032811 0.002110597 -0.002454081 -0.003680602 0.003850406 -0.002631583 -0.003407008 0.003553687 -0.003562978 -0.004726512 0.001778941 -0.003439544 -0.005896 4.963741e-05 -0.003404186 -0.005786619 -6.735943e-05 -0.003601058 -0.003452728 0.003603047 -0.003431511 -0.004821486 0.001881107 -0.003206133 -0.00354251 0.003699977 -0.00317335 -0.004904526 0.001970796 -0.002963265 -0.003571351 0.003731115 -0.003090405 -0.003615488 0.003779308 -0.002905045 -0.00616142 0.0003351593 -0.002751739 -0.006227278 0.0004066776 -0.002517363 -0.005109012 0.002195764 -0.001922749 -0.006322879 0.0005118579 -0.002030479 -0.006369164 0.0005652565 -0.001528173 -0.006281152 0.0004656392 -0.00227651 -0.007377508 -0.001137231 -0.002323479 -0.007466284 -0.001039559 -0.001871377 -0.006857845 -0.001695326 -0.003501298 -0.00283106 0.00293813 -0.004546805 -0.004238315 0.001257341 -0.004254916 -0.002981341 0.003098121 -0.004357443 -0.003113745 0.003239533 -0.004141706 -0.003200737 0.003332445 -0.003999963 -0.001787541 0.001831857 -0.005358798 -0.003257368 0.000217436 -0.005014694 -0.00197718 0.002032357 -0.005269706 -0.002070329 0.002130841 -0.005225949 -0.002161502 0.002227428 -0.005162383 -0.002341072 0.002417663 -0.005037194 -0.002511731 0.00259872 -0.004889779 -0.002401103 0.002481259 -0.004995342 -0.003776727 0.0007670777 -0.004712924 -0.005539621 -0.0003307342 -0.003957288 -0.005403299 -0.0004757315 -0.004114779 -0.005108811 -0.0007883088 -0.004384758 -0.001397444 0.00142004 -0.00547512 -0.001363562 0.001384281 -0.005484078 -0.002704546 -0.0003658578 -0.005146203 -0.004624077 -0.001301305 -0.004666407 -0.004454355 -0.001480555 -0.004725335 -0.006043185 -0.002560024 -0.004247892 -0.006338933 -0.002246859 -0.004057501 -0.004952173 -0.0009542652 -0.004495762 -0.00661239 -0.001956605 -0.003806795 0.001032579 -0.001138694 -0.005489632 -0.0004571851 -0.002731925 -0.005124233 -0.0008316833 -0.00233771 -0.005134734 -0.001198715 0.001210593 -0.005496936 -0.001033428 0.00103644 -0.005509829 -0.002330048 -0.0007602006 -0.005149382 -0.0007995558 0.000790215 -0.005507543 -0.001580865 -0.001548955 -0.005142058 -4.244795e-07 -5.112694e-05 -0.005499731 0.0007987068 -0.0008924689 -0.005491919 -0.004108106 -0.001845717 -0.004789157 -0.003758579 -0.002213766 -0.00479212 -0.003059339 -0.00294994 -0.004785284 -0.002360099 -0.003686114 -0.004778449 -0.002010572 -0.004054044 -0.004768652 0.001197763 -0.001312454 -0.005471988 -0.0002708038 -0.002927908 -0.005096142 -0.001664323 -0.004417958 -0.00469806 -0.001494601 -0.004596083 -0.004635813 0.0002737542 -0.003499424 -0.004896347 0.00243048 -0.002605295 -0.00492261 0.000776386 -0.004025253 -0.004530509 -0.0007153788 -0.005411271 -0.00406895 -0.0005790568 -0.005553319 -0.003908794 0.002339631 -0.002510264 -0.004989886 0.0006149965 -0.00385662 -0.004669991 0.002161231 -0.002323651 -0.005121994 0.0004471748 -0.003681053 -0.004792206 0.002103913 -0.002263695 -0.005164433 0.001975959 -0.002129577 -0.005229771 -0.001009867 -0.005103761 -0.004344687 -0.001166505 -0.004939894 -0.004458753 -0.001328363 -0.004770375 -0.004555962 -0.005731225 -0.002889659 -0.004373746 -0.005409706 -0.00322874 -0.004433 -0.005085146 -0.003570499 -0.004435757 -0.004435852 -0.004254088 -0.00442941 -0.003786559 -0.004937678 -0.004423062 -0.003461999 -0.005279326 -0.00441396 -0.00314048 -0.005617248 -0.004348419 -0.00282852 -0.00594449 -0.004216465 -0.002532771 -0.006254065 -0.004020292 -0.002259314 -0.006539613 -0.00376424 -0.002013859 -0.006795175 -0.003453944 0.003111918 -0.003314962 -0.004079665 0.001341218 -0.004613339 -0.003816118 0.002980492 -0.00317862 -0.00429916 0.002831024 -0.003023042 -0.004492873 0.002732819 -0.002920823 -0.004620148 0.003678162 -0.003897046 -0.002558924 0.00187108 -0.005157962 -0.002386589 0.003615528 -0.00383366 -0.002834895 0.003584765 -0.003802528 -0.00297045 0.003540373 -0.003757021 -0.003103268 0.003452947 -0.003667398 -0.003364861 0.003350273 -0.003561602 -0.003613665 0.00342372 -0.003637436 -0.003452313 0.001659755 -0.004942477 -0.003142773 -0.0003320588 -0.005810033 -0.003547735 -0.0002226776 -0.005923354 -0.003348724 -3.47605e-05 -0.006117226 -0.002919285 0.003760899 -0.003978893 -0.00199169 0.003767296 -0.003985172 -0.00194243 0.001965373 -0.005249782 -0.001582962 0.0001624743 -0.006318344 -0.002213518 0.0002042007 -0.006359986 -0.00196667 -0.001494196 -0.007331303 -0.002265964 -0.001627309 -0.007195146 -0.002696697 4.274229e-05 -0.006196711 -0.002691088 -0.001801811 -0.007015114 -0.003095466 0.003777262 -0.003993441 -0.001702972 0.003787254 -0.004001733 -0.001462875 0.001970083 -0.005249692 -0.00103914 0.003787254 -0.00399858 -0.00112329 0.001970083 -0.005239591 4.86836e-05 0.003787254 -0.003987805 3.706018e-05 0.001970083 -0.00522949 0.001136507 0.003787254 -0.003977031 0.00119741 0.001915782 -0.005162269 0.002218419 0.003723456 -0.003899158 0.002349667 0.003690475 -0.003862232 0.002586614 0.001813349 -0.005049573 0.002740085 0.00187108 -0.005112755 0.002482021 0.003679753 -0.003850524 0.002631647 0.003406159 -0.003553805 0.003563042 0.001564781 -0.004781098 0.003467484 -0.0002226776 -0.005860148 0.003458202 -0.0003320588 -0.005743151 0.003655075 0.003451879 -0.003603166 0.003431575 0.001659755 -0.004883265 0.003234072 0.003541661 -0.003700095 0.003173414 0.001742795 -0.004972954 0.002991205 0.003570502 -0.003731233 0.00309047 0.003614639 -0.003779426 0.002905109 0.003762889 -0.003943308 0.002066314 0.001947281 -0.005197922 0.001950689 0.003776215 -0.003960028 0.001776737 0.001965373 -0.005219481 0.001680237 0.003787254 -0.003973878 0.001536996 0.0002504861 -0.006404048 -0.00146346 0.0002548798 -0.006403961 -0.0009558984 0.0002548798 -0.006394533 5.940779e-05 0.0002548798 -0.006385106 0.001074714 0.0002504861 -0.006375767 0.001582189 4.274229e-05 -0.00614567 0.002805755 0.0001085997 -0.006217189 0.002571379 0.0002042007 -0.006322369 0.002084495 0.002830211 -0.002938248 0.004546869 0.001076584 -0.004259499 0.004282856 0.002980492 -0.003098239 0.004357507 0.003112896 -0.003239652 0.00414177 0.003199888 -0.003332563 0.004000027 0.001786692 -0.001831975 0.005358863 9.563688e-05 -0.003219594 0.005042633 0.001976331 -0.002032475 0.00526977 0.00206948 -0.002130959 0.005226013 0.002160653 -0.002227546 0.005162447 0.002340223 -0.002417781 0.005037258 0.002510882 -0.002598838 0.004889843 0.002400254 -0.002481377 0.004995407 0.0006149965 -0.003769236 0.004740864 0.001396595 -0.001420158 0.005475184 0.001362713 -0.001384399 0.005484142 -0.0004571851 -0.0026363 0.005174143 -0.0005790568 -0.005479777 0.004011305 -0.0007153788 -0.005334779 0.004168795 -0.001009867 -0.005022202 0.004438774 -0.001494601 -0.004509206 0.004720423 -0.001664323 -0.004329956 0.004779351 0.0001624743 -0.00627615 0.002330526 -0.001494196 -0.00728796 0.002401774 -0.00140542 -0.007385632 0.001949672 -0.00140542 -0.007420562 -0.001812126 -0.001362447 -0.00746147 -0.001344856 -0.001358363 -0.007461394 -0.0008735506 -0.001358363 -0.007452639 6.92328e-05 -0.001358363 -0.007443885 0.001012016 -0.001362447 -0.00743521 0.001483242 -0.002013859 -0.006729865 0.003579593 -0.00282852 -0.005865167 0.004326187 -0.002532771 -0.006178332 0.004135796 -0.001166505 -0.004856246 0.004549778 -0.002259314 -0.006468586 0.00388509 0.001197866 -0.001210711 0.005497 0.001032579 -0.001036558 0.005509894 -0.0008316833 -0.002241957 0.005177321 0.0007987068 -0.0007903331 0.005507607 -0.001580865 -0.001453203 0.005169997 -4.244795e-07 5.100884e-05 0.005499795 -0.002330048 -0.0006644483 0.005162674 -0.0007995558 0.0008923508 0.005491983 -0.003075525 0.0001196733 0.005076539 -0.001593543 0.001727416 0.005391585 -0.00175695 0.00189901 0.005342099 -0.003435485 0.0004972658 0.004924287 -0.003257368 0.0003105186 0.005009854 -0.001788037 0.001931594 0.005326226 -0.002431329 0.002605177 0.004922674 -0.003938117 0.001023096 0.004558449 -0.005403299 -0.0003992402 0.004122966 -0.005539621 -0.0002571923 0.00396281 -0.00234048 0.002510146 0.00498995 -0.003776727 0.0008544619 0.00469793 -0.00216208 0.002323533 0.005122058 -0.003608906 0.0006788954 0.004820146 -0.002104762 0.002263577 0.005164497 -0.001976808 0.002129459 0.005229835 -0.001398133 0.001522217 0.005450753 -0.002890927 -7.425029e-05 0.005124082 -0.001198612 0.001312336 0.005472052 -0.002704546 -0.0002702325 0.005152173 -0.001033428 0.001138576 0.005489696 -0.002010572 -0.003964794 0.004843174 -0.002360099 -0.003596745 0.004846136 -0.003059339 -0.002860571 0.004839301 -0.003758579 -0.002124397 0.004832465 -0.004108106 -0.001756467 0.004822668 -0.004952173 -0.0008706167 0.00451277 -0.004790315 -0.001040136 0.004609978 -0.004454355 -0.001392553 0.004752076 -0.003112767 0.003314844 0.004079729 -0.004502949 0.001611181 0.003844057 -0.002981341 0.003178502 0.004299224 -0.002831873 0.003022924 0.004492937 -0.002733668 0.002920705 0.004620212 -0.003679011 0.003896928 0.002558989 -0.005032811 0.002155804 0.002414529 -0.003616377 0.003833542 0.002834959 -0.003585614 0.00380241 0.002970514 -0.003541222 0.003756903 0.003103332 -0.003453796 0.00366728 0.003364926 -0.003351122 0.003561484 0.003613729 -0.003424569 0.003637318 0.003452378 -0.004821486 0.001940319 0.003170712 -0.003761748 0.003978775 0.001991754 -0.003768145 0.003985054 0.001942494 -0.005127104 0.002247624 0.001610902 -0.005786619 -4.779496e-07 0.003601751 -0.005896 0.0001128429 0.00340274 -0.006083917 0.0003067154 0.002973302 -0.006281152 0.0005078327 0.002267534 -0.006322879 0.0005494749 0.002020687 -0.00377811 0.003993323 0.001703037 -0.003788103 0.004001615 0.001462939 -0.005131814 0.002247534 0.001067079 -0.003788103 0.003998462 0.001123354 -0.005131814 0.002237433 -2.074409e-05 -0.003788103 0.003987687 -3.699603e-05 -0.003788103 0.003976913 -0.001197346 -0.004624077 -0.001214428 0.00468983 -0.006043185 -0.002480702 0.00429476 -0.005731225 -0.002807943 0.004426714 -0.00314048 -0.005535532 0.004452041 -0.003461999 -0.005196451 0.004511295 -0.003786559 -0.004854693 0.004514052 -0.004435852 -0.004171103 0.004507705 -0.005085146 -0.003487513 0.004501357 -0.005409706 -0.003145865 0.004492255 -0.006857845 -0.001630016 0.003532239 -0.007377508 -0.001093889 0.002344259 -0.007244395 -0.001230045 0.002774992 -0.00616142 0.0003862001 0.002745104 -0.007069893 -0.001410077 0.003173761 -0.007466284 -0.001004629 0.001890421 -0.007509257 -0.0009637212 0.001423151 -0.006369164 0.0005935368 0.001517476 -0.007513341 -0.0009637976 0.0009518455 -0.006373558 0.0005934501 0.001009915 -0.007513341 -0.0009725518 9.062129e-06 -0.006373558 0.0005840225 -5.391397e-06 -0.007513341 -0.000981306 -0.0009337212 -0.006373558 0.0005745949 -0.001020698 -0.007509257 -0.0009899814 -0.001404947 -0.008551157 -0.002424202 0.0008928779 -0.009487013 -0.00378777 0.0008330111 -0.00854739 -0.002424129 0.001327937 -0.009483563 -0.0037877 0.001231814 -0.008507716 -0.002461897 0.001759256 -0.009447194 -0.003822321 0.001627192 -0.008425771 -0.002544287 0.002178189 -0.009372074 -0.00389785 0.00201121 -0.008302899 -0.002669969 0.002575783 -0.009259442 -0.004013057 0.002375675 -0.008141826 -0.002836147 0.002943872 -0.009111792 -0.004165387 0.002713094 -0.007946086 -0.003039171 0.003274782 -0.008932359 -0.004351497 0.003016416 -0.007719507 -0.003275079 0.003561214 -0.00872467 -0.004567737 0.003278985 -0.007467089 -0.003538658 0.003797562 -0.008493284 -0.004809354 0.003495637 -0.007194094 -0.003824417 0.003978643 -0.008243036 -0.005071302 0.003661627 -0.006906127 -0.004126489 0.004100443 -0.007979069 -0.005348199 0.003773283 -0.006609345 -0.004438412 0.004160952 -0.007707017 -0.00563413 0.00382875 -0.006309746 -0.004753786 0.00416935 -0.007432386 -0.005923222 0.003836444 -0.005710398 -0.005384791 0.00417521 -0.006882984 -0.006501644 0.003841815 -0.00511105 -0.006015797 0.004181069 -0.006333582 -0.007080065 0.003847186 -0.004811451 -0.006331272 0.004178528 -0.00605895 -0.00736925 0.003844861 -0.004514669 -0.006644265 0.004123822 -0.005786898 -0.007656162 0.003794713 -0.004226702 -0.006948547 0.004007652 -0.005522932 -0.007935084 0.003688218 -0.003953707 -0.007237619 0.003831909 -0.005272683 -0.008200069 0.003527122 -0.003701289 -0.007505541 0.003600496 -0.005041297 -0.008445668 0.003314993 -0.003474711 -0.007746727 0.003318493 -0.004833609 -0.008666746 0.003056485 -0.00327897 -0.007955862 0.002991411 -0.004654176 -0.008858457 0.002756672 -0.003117897 -0.008128846 0.002626472 -0.004506525 -0.009017026 0.00242214 -0.002995025 -0.008261889 0.00223128 -0.004393894 -0.009138981 0.002059876 -0.00291308 -0.008352045 0.001813949 -0.004318774 -0.009221628 0.001677327 -0.002873406 -0.008397816 0.001383405 -0.004282405 -0.009263586 0.00128266 -0.002869639 -0.008405821 0.0009484201 -0.004278955 -0.009270921 0.0008839248 -0.002869639 -0.008413902 7.815858e-05 -0.004278955 -0.009278328 8.618518e-05 -0.002869639 -0.008421983 -0.0007921029 -0.004278955 -0.009285736 -0.0007115544 -0.002873406 -0.008422056 -0.001227162 -0.004282405 -0.009285806 -0.001110357 -0.00291308 -0.008384288 -0.001658481 -0.004318774 -0.009251184 -0.001505735 -0.002995025 -0.008301897 -0.002077414 -0.004393894 -0.009175655 -0.001889753 -0.003117897 -0.008176215 -0.002475008 -0.004506525 -0.009060448 -0.002254219 -0.00327897 -0.008010038 -0.002843097 -0.004654176 -0.008908118 -0.002591638 -0.003474711 -0.007807013 -0.003174007 -0.004833609 -0.008722008 -0.002894959 -0.003701289 -0.007571106 -0.003460439 -0.005041297 -0.008505768 -0.003157528 -0.003953707 -0.007307527 -0.003696787 -0.005272683 -0.008264151 -0.003374181 -0.004226702 -0.007021768 -0.003877868 -0.005522932 -0.008002203 -0.00354017 -0.004514669 -0.006719696 -0.003999668 -0.005786898 -0.007725306 -0.003651826 -0.004811451 -0.006407772 -0.004060177 -0.00605895 -0.007439375 -0.003707293 -0.00511105 -0.006092399 -0.004068575 -0.006333582 -0.007150284 -0.003714988 -0.005710398 -0.005461393 -0.004074435 -0.006882984 -0.006571862 -0.003720359 -0.006309746 -0.004830388 -0.004080294 -0.007432386 -0.00599344 -0.00372573 -0.006609345 -0.004514913 -0.004077753 -0.007707017 -0.005704256 -0.003723405 -0.006906127 -0.00420192 -0.004023047 -0.007979069 -0.005417344 -0.003673256 -0.007194094 -0.003897637 -0.003906877 -0.008243036 -0.005138421 -0.003566762 -0.007467089 -0.003608566 -0.003731134 -0.008493284 -0.004873436 -0.003405665 -0.007719507 -0.003340643 -0.003499721 -0.00872467 -0.004627837 -0.003193536 -0.007946086 -0.003099457 -0.003217718 -0.008932359 -0.004406759 -0.002935028 -0.008141826 -0.002890323 -0.002890636 -0.009111792 -0.004215049 -0.002635215 -0.008302899 -0.002717339 -0.002525697 -0.009259442 -0.004056479 -0.002300683 -0.008425771 -0.002584296 -0.002130505 -0.009372074 -0.003934524 -0.00193842 -0.008507716 -0.00249414 -0.001713174 -0.009447194 -0.003851877 -0.001555871 -0.00854739 -0.002448369 -0.00128263 -0.009483563 -0.00380992 -0.001161203 -0.008551157 -0.002440363 -0.0008476451 -0.009487013 -0.003802585 -0.0007624681 -0.008551157 -0.002432283 2.261642e-05 -0.009487013 -0.003795177 3.527154e-05 -0.01032094 -0.005054529 0.0007722455 -0.01105284 -0.006224389 0.0007105801 -0.0103178 -0.005054469 0.001134792 -0.01105001 -0.006224333 0.001036872 -0.01028474 -0.005085936 0.001494229 -0.01102026 -0.006252661 0.001360367 -0.01021645 -0.005154597 0.001843332 -0.0109588 -0.006314452 0.001674564 -0.01011405 -0.005259336 0.002174669 -0.01086664 -0.006408717 0.001972752 -0.009979826 -0.005397819 0.002481408 -0.01074583 -0.006533352 0.002248831 -0.009816708 -0.005567007 0.00275716 -0.01059903 -0.006685618 0.002497006 -0.009627896 -0.005763593 0.002995856 -0.0104291 -0.006862544 0.002711828 -0.009417549 -0.005983241 0.003192814 -0.01023978 -0.007060237 0.002889091 -0.009190047 -0.006221379 0.003343722 -0.01003504 -0.00727455 0.003024907 -0.00895008 -0.0064731 0.003445223 -0.009819066 -0.007501103 0.003116254 -0.008702759 -0.00673304 0.003495639 -0.009596476 -0.007735049 0.003161638 -0.008453095 -0.006995849 0.003502639 -0.009371778 -0.007971577 0.003167935 -0.007953638 -0.007521687 0.003507522 -0.008922267 -0.008444832 0.003172329 -0.007454182 -0.008047525 0.003512405 -0.008472757 -0.008918086 0.003176724 -0.007204518 -0.008310418 0.003510286 -0.008248059 -0.00915469 0.00317482 -0.006957196 -0.008571249 0.003464706 -0.008025469 -0.009389439 0.003133788 -0.00671723 -0.008824812 0.003367896 -0.007809496 -0.009617648 0.003046663 -0.006489728 -0.009065711 0.003221436 -0.007604754 -0.009834447 0.002914851 -0.006279381 -0.009288978 0.003028591 -0.007415432 -0.0100354 0.002741289 -0.006090569 -0.009489963 0.002793587 -0.007245503 -0.01021628 0.002529789 -0.005927451 -0.009664243 0.002521023 -0.0070987 -0.01037313 0.002284485 -0.005793222 -0.009808397 0.002216909 -0.006977894 -0.01050287 0.002010768 -0.005690824 -0.009919272 0.001887574 -0.006885736 -0.01060266 0.001714382 -0.005622536 -0.009994403 0.001539807 -0.006824279 -0.01067027 0.001401386 -0.00558948 -0.01003254 0.001181015 -0.006794522 -0.0107046 0.001078473 -0.005586339 -0.01003921 0.0008185306 -0.006791698 -0.0107106 0.0007522367 -0.005586339 -0.01004595 9.331287e-05 -0.006791698 -0.01071666 9.954081e-05 -0.005586339 -0.01005268 -0.0006319049 -0.006791698 -0.01072273 -0.0005531551 -0.00558948 -0.01005274 -0.0009944509 -0.006794522 -0.01072278 -0.0008794466 -0.005622536 -0.01002127 -0.001353889 -0.006824279 -0.01069445 -0.001202942 -0.005690824 -0.009952612 -0.001702991 -0.006885736 -0.01063266 -0.001517139 -0.005793222 -0.009847872 -0.002034328 -0.006977894 -0.0105384 -0.001815327 -0.005927451 -0.00970939 -0.002341067 -0.0070987 -0.01041376 -0.002091406 -0.006090569 -0.009540201 -0.00261682 -0.007245503 -0.0102615 -0.002339581 -0.006279381 -0.009343615 -0.002855515 -0.007415432 -0.01008457 -0.002554403 -0.006489728 -0.009123967 -0.003052473 -0.007604754 -0.009886877 -0.002731666 -0.00671723 -0.008885829 -0.003203381 -0.007809496 -0.009672564 -0.002867482 -0.006957196 -0.008634108 -0.003304883 -0.008025469 -0.009446011 -0.002958829 -0.007204518 -0.008374168 -0.003355298 -0.008248059 -0.009212065 -0.003004213 -0.007454182 -0.00811136 -0.003362299 -0.008472757 -0.008975537 -0.00301051 -0.007953638 -0.007585522 -0.003367182 -0.008922267 -0.008502283 -0.003014904 -0.008453095 -0.007059684 -0.003372064 -0.009371778 -0.008029029 -0.003019299 -0.008702759 -0.00679679 -0.003369945 -0.009596476 -0.007792425 -0.003017395 -0.00895008 -0.006535959 -0.003324365 -0.009819066 -0.007557676 -0.002976363 -0.009190047 -0.006282396 -0.003227555 -0.01003504 -0.007329466 -0.002889238 -0.009417549 -0.006041497 -0.003081096 -0.01023978 -0.007112668 -0.002757426 -0.009627896 -0.00581823 -0.00288825 -0.0104291 -0.006911717 -0.002583864 -0.009816708 -0.005617245 -0.002653246 -0.01059903 -0.006730833 -0.002372364 -0.009979826 -0.005442965 -0.002380683 -0.01074583 -0.006573984 -0.00212706 -0.01011405 -0.005298811 -0.002076568 -0.01086664 -0.006444244 -0.001853343 -0.01021645 -0.005187937 -0.001747233 -0.0109588 -0.006344458 -0.001556957 -0.01028474 -0.005112806 -0.001399466 -0.01102026 -0.006276843 -0.001243961 -0.0103178 -0.005074669 -0.001040675 -0.01105001 -0.006242513 -0.000921048 -0.01032094 -0.005067997 -0.00067819 -0.01105284 -0.006236511 -0.0005948117 -0.01032094 -0.005061263 4.702774e-05 -0.01105284 -0.00623045 5.788419e-05</float_array>
          <technique_common>
            <accessor count="1250" source="#verts-array-array" stride="3">
              <param type="float" name="X"/>
              <param type="float" name="Y"/>
              <param type="float" name="Z"/>
            </accessor>
          </technique_common>
        </source>
        <source id="normals-array">
          <float_array count="3750" id="normals-array-array">0.725076 0.6886392 -0.006394339 0.725076 0.6886392 -0.006394339 0.725076 0.6886392 -0.006394339 0.725076 0.6886392 -0.006394339 0.725076 0.6886392 -0.006394339 0.725076 0.6886392 -0.006394339 0.725076 0.6886392 -0.006394339 0.725076 0.6886392 -0.006394339 0.725076 0.6886392 -0.006394339 0.725076 0.6886392 -0.006394339 0.725076 0.6886392 -0.006394339 0.725076 0.6886392 -0.006394339 0.725076 0.6886392 -0.006394339 0.725076 0.6886392 -0.006394339 0.725076 0.6886392 -0.006394339 0.725076 0.6886392 -0.006394339 0.725076 0.6886392 -0.006394339 0.725076 0.6886392 -0.006394339 0.725076 0.6886392 -0.006394339 0.725076 0.6886392 -0.006394339 0.725076 0.6886392 -0.006394339 0.725076 0.6886392 -0.006394339 0.725076 0.6886392 -0.006394339 0.725076 0.6886392 -0.006394339 0.725076 0.6886392 -0.006394339 0.725076 0.6886392 -0.006394339 0.725076 0.6886392 -0.006394339 0.725076 0.6886392 -0.006394339 0.725076 0.6886392 -0.006394339 0.725076 0.6886392 -0.006394339 0.725076 0.6886392 -0.006394339 0.725076 0.6886392 -0.006394339 0.725076 0.6886392 -0.006394339 0.725076 0.6886392 -0.006394339 0.725076 0.6886392 -0.006394339 0.725076 0.6886392 -0.006394339 0.725076 0.6886392 -0.006394339 0.725076 0.6886392 -0.006394339 0.725076 0.6886392 -0.006394339 0.725076 0.6886392 -0.006394339 0.725076 0.6886392 -0.006394339 0.725076 0.6886392 -0.006394339 0.725076 0.6886392 -0.006394339 0.725076 0.6886392 -0.006394339 0.725076 0.6886392 -0.006394339 0.725076 0.6886392 -0.006394339 0.725076 0.6886392 -0.006394339 0.725076 0.6886392 -0.006394339 0.725076 0.6886392 -0.006394339 0.725076 0.6886392 -0.006394339 0.725076 0.6886392 -0.006394339 0.725076 0.6886392 -0.006394339 0.725076 0.6886392 -0.006394339 0.725076 0.6886392 -0.006394339 0.725076 0.6886392 -0.006394339 0.725076 0.6886392 -0.006394339 0.725076 0.6886392 -0.006394339 0.725076 0.6886392 -0.006394339 0.725076 0.6886392 -0.006394339 0.725076 0.6886392 -0.006394339 0.725076 0.6886392 -0.006394339 0.725076 0.6886392 -0.006394339 0.725076 0.6886392 -0.006394339 0.725076 0.6886392 -0.006394339 0.725076 0.6886392 -0.006394339 0.725076 0.6886392 -0.006394339 0.725076 0.6886392 -0.006394339 0.725076 0.6886392 -0.006394339 0.725076 0.6886392 -0.006394339 0.725076 0.6886392 -0.006394339 0.725076 0.6886392 -0.006394339 0.725076 0.6886392 -0.006394339 0.725076 0.6886392 -0.006394339 0.725076 0.6886392 -0.006394339 0.725076 0.6886392 -0.006394339 0.725076 0.6886392 -0.006394339 0.725076 0.6886392 -0.006394339 0.725076 0.6886392 -0.006394339 0.725076 0.6886392 -0.006394339 0.725076 0.6886392 -0.006394339 0.725076 0.6886392 -0.006394339 0.725076 0.6886392 -0.006394339 0.725076 0.6886392 -0.006394339 0.725076 0.6886392 -0.006394339 0.725076 0.6886392 -0.006394339 0.725076 0.6886392 -0.006394339 0.725076 0.6886392 -0.006394339 0.725076 0.6886392 -0.006394339 0.725076 0.6886392 -0.006394339 0.725076 0.6886392 -0.006394339 0.725076 0.6886392 -0.006394339 0.725076 0.6886392 -0.006394339 0.725076 0.6886392 -0.006394339 0.725076 0.6886392 -0.006394339 0.725076 0.6886392 -0.006394339 0.725076 0.6886392 -0.006394339 0.725076 0.6886392 -0.006394339 0.725076 0.6886392 -0.006394339 0.725076 0.6886392 -0.006394339 0.725076 0.6886392 -0.006394339 0.725076 0.6886392 -0.006394339 0.725076 0.6886392 -0.006394339 0.725076 0.6886392 -0.006394339 0.725076 0.6886392 -0.006394339 0.725076 0.6886392 -0.006394339 0.725076 0.6886392 -0.006394339 0.725076 0.6886392 -0.006394339 0.725076 0.6886392 -0.006394339 0.725076 0.6886392 -0.006394339 0.725076 0.6886392 -0.006394339 0.725076 0.6886392 -0.006394339 0.725076 0.6886392 -0.006394339 0.725076 0.6886392 -0.006394339 0.725076 0.6886392 -0.006394339 0.725076 0.6886392 -0.006394339 0.725076 0.6886392 -0.006394339 0.725076 0.6886392 -0.006394339 0.725076 0.6886392 -0.006394339 0.725076 0.6886392 -0.006394339 0.725076 0.6886392 -0.006394339 0.725076 0.6886392 -0.006394339 0.725076 0.6886392 -0.006394339 0.725076 0.6886392 -0.006394339 0.725076 0.6886392 -0.006394339 0.725076 0.6886392 -0.006394339 0.725076 0.6886392 -0.006394339 0.725076 0.6886392 -0.006394339 0.725076 0.6886392 -0.006394339 0.725076 0.6886392 -0.006394339 0.725076 0.6886392 -0.006394339 0.725076 0.6886392 -0.006394339 0.725076 0.6886392 -0.006394339 0.725076 0.6886392 -0.006394339 0.725076 0.6886392 -0.006394339 0.725076 0.6886392 -0.006394339 0.725076 0.6886392 -0.006394339 0.725076 0.6886392 -0.006394339 0.725076 0.6886392 -0.006394339 0.725076 0.6886392 -0.006394339 0.725076 0.6886392 -0.006394339 -0.8480585 -0.5298856 0.004238249 -0.725076 -0.6886392 0.006394339 -0.8450082 -0.5331735 0.0410761 -0.5511323 0.289335 0.7826483 -0.4684534 0.2060011 0.8591362 -0.4693318 0.226742 0.8534142 -0.5723795 0.351191 0.7409768 -0.6079635 0.3881859 0.6925981 -0.6164612 0.3781928 0.6906126 -0.7446519 0.534513 0.3997368 -0.7624588 0.5554266 0.3319003 -0.7699062 0.5450778 0.3318654 -0.7753095 0.5829895 0.2429371 -0.7841418 0.5948346 0.1768996 -0.7865976 0.5860142 0.1945549 -0.7933001 0.5956863 0.125828 -0.6628021 0.4563835 0.5936392 -0.6879681 0.4835182 0.5412116 -0.6725891 0.4553749 0.583316 -0.6997067 0.4842733 0.5252523 -0.5052493 0.2939781 0.8113569 -0.5053441 0.2935907 0.8114382 -0.5331204 0.3109214 0.7868358 0.3919036 -0.7053812 0.5906344 0.4455459 -0.7599422 0.4732617 0.4516591 -0.7463653 0.4888179 0.383511 -0.6561223 0.6499407 0.3504207 -0.6208273 0.7012695 0.3395414 -0.6283065 0.6999589 0.1522399 -0.4051758 0.9014741 0.1070541 -0.3545502 0.9288884 0.0978813 -0.3631033 0.9265934 0.05338583 -0.2829167 0.9576576 0.009562746 -0.2334801 0.9723146 0.01588734 -0.2517526 0.9676612 -0.02975454 -0.2003349 0.9792756 0.2883901 -0.543329 0.7884318 0.2530212 -0.504621 0.8254319 0.2756737 -0.5411009 0.7944896 0.2363155 -0.4984072 0.8341135 0.4380107 -0.7015049 0.5621722 0.4378205 -0.7017946 0.5619586 0.4151537 -0.6893206 0.5937041 0.5528728 -0.8240316 -0.1237077 0.5429216 -0.8174448 -0.192406 0.5520201 -0.8152916 -0.1748526 0.5400334 -0.8064423 -0.2408622 0.4917472 -0.7747085 -0.3975064 0.5123447 -0.7929719 -0.3296946 0.5016271 -0.7998752 -0.3294994 0.4161395 -0.6906507 -0.5914639 0.442428 -0.7167194 -0.5390462 0.4147243 -0.7002814 -0.581042 0.4427257 -0.7283402 -0.522986 0.3143788 -0.5962264 -0.7387016 0.3499402 -0.6332429 -0.6903226 0.3395418 -0.6411963 -0.6881705 0.2600468 -0.5268586 -0.8091945 0.2596543 -0.5269339 -0.8092715 0.2757598 -0.555349 -0.7845661 0.06150711 -0.3102844 -0.9486519 0.1017618 -0.3546424 -0.9294478 0.0620295 -0.3222307 -0.9446268 -0.02509286 -0.2138268 -0.9765493 0.01898967 -0.2602879 -0.9653443 0.0157659 -0.2706294 -0.9625545 -0.2106728 -0.02801037 -0.9771553 -0.2595632 0.02032202 -0.9655123 -0.2416844 0.01302312 -0.9702675 -0.2886619 0.05946387 -0.9555827 -0.4051446 0.1649802 -0.8992438 -0.3571682 0.1170049 -0.9266826 -0.3661605 0.1083058 -0.9242274 -0.5350528 0.3090618 -0.7862566 -0.4985613 0.2714199 -0.8232666 -0.5335385 0.2961945 -0.7922156 -0.4932964 0.2543402 -0.8318472 -0.6415116 0.4110868 -0.6476654 -0.608444 0.3757702 -0.698994 -0.6164609 0.365303 -0.6975168 -0.6897212 0.4225297 -0.588008 -0.7403582 0.479945 -0.4706618 -0.7266294 0.4852129 -0.4863929 -0.6832131 0.4686244 -0.5600098 -0.6835103 0.4684514 -0.5597919 -0.6725144 0.444893 -0.5914344 -0.6504401 -0.7423486 -0.1607674 -0.6211024 -0.7736665 -0.1251877 -0.5964229 -0.7984908 -0.08180559 -0.5763178 -0.8167271 -0.02854138 -0.7103347 -0.6765014 -0.1943464 -0.6723185 -0.6420098 -0.3685258 -0.626818 -0.6941521 -0.3539097 -0.7733206 -0.6129775 -0.1619684 -0.8034151 -0.5817239 -0.1269703 -0.849488 -0.4685178 -0.2426133 -0.8457202 -0.53275 -0.03057547 -0.7297945 -0.2148869 -0.6490174 -0.5796362 -0.3450781 -0.7382026 -0.6191556 -0.3942318 -0.6791374 0.3871097 -0.8655631 -0.3177211 0.419839 -0.8884088 -0.1856473 0.3824639 -0.9057157 -0.1827578 0.2897078 -0.7773055 -0.5584493 0.3433364 -0.8281637 -0.4430181 0.305445 -0.8465477 -0.4359591 0.1563185 -0.638669 -0.7534364 0.2269188 -0.7137002 -0.6626763 0.1902905 -0.7339404 -0.652013 -0.1683244 -0.2644414 -0.9495987 -0.0884876 -0.3600874 -0.9287125 -0.1186689 -0.3848643 -0.9153126 -0.0028683 -0.4602422 -0.8877888 0.07941899 -0.5538619 -0.8288121 0.04553737 -0.5764204 -0.8158835 -0.4515288 0.01211495 -0.8921743 -0.3555364 -0.07893118 -0.9313237 -0.3819616 -0.1076693 -0.9178849 -0.6227625 0.1815636 -0.7610529 -0.5413323 0.0996754 -0.8348797 -0.5657218 0.06713042 -0.8218591 -0.841507 0.427952 -0.3297317 -0.80525 0.3810942 -0.4542463 -0.8256276 0.3442642 -0.4470137 -0.7105734 -0.6730176 0.2052628 -0.6857856 -0.6993304 0.2015816 -0.8034151 -0.5792658 0.1377506 -0.7733206 -0.6098642 0.1733231 -0.8273378 -0.553722 0.09436118 -0.9534534 0.1302077 0.271979 -0.9220489 0.09057223 0.3763276 -0.9035951 0.1617485 0.3966778 -0.8602199 0.1109734 0.4977013 -0.8813048 0.04000616 0.4708518 -0.8296109 -0.01314188 0.5581872 -0.8062465 0.05296524 0.589204 -0.7355401 -0.6469479 0.2010951 -0.7425882 -0.01128209 0.6696533 -0.7700446 -0.07563258 0.6334911 -0.7010053 -0.1391664 0.6994457 -0.670331 -0.08069151 0.737662 -0.5899187 -0.1547496 0.7924951 -0.8319644 0.1857705 0.5228046 -0.7752324 0.1249781 0.6191891 -0.7436541 0.1871917 0.6418238 -0.6211024 -0.7712085 0.1395326 -0.5964229 -0.7968341 0.09661893 -0.2493823 -0.6066331 0.7548542 -0.1815412 -0.6860694 0.7045223 -0.1219252 -0.6580647 0.7430243 -0.05569845 -0.7344574 0.6763653 -0.1210375 -0.7589188 0.6398376 -0.06100007 -0.8223513 0.5657008 0.005930027 -0.8021109 0.5971456 -0.5763178 -0.8160563 0.04370255 -0.5735249 -0.8191528 0.00760622 0.06193446 -0.8598861 0.5067149 -0.009778078 -0.877557 0.4793727 0.03950177 -0.9217678 0.385725 0.1113397 -0.9067956 0.4066021 0.1536694 -0.9422784 0.2974848 0.3697779 -0.9290801 0.008626947 0.3629525 -0.9316677 0.01614552 0.3302065 -0.9436637 0.02150379 0.3024174 -0.9531072 0.01141506 0.2990445 -0.9542338 0.00320556 0.2558034 -0.9666004 -0.01575865 0.2077653 -0.9781716 0.003725875 0.2522587 -0.9672758 0.02726053 0.2124778 -0.9770838 0.01267034 0.2983301 -0.9543141 0.01684385 0.1478443 -0.988968 0.009183034 0.2197069 -0.9754588 0.01445943 0.1411767 -0.98935 0.03543687 0.2090613 -0.9753357 0.07080776 0.1154668 -0.9815268 0.1525532 0.187872 -0.9652558 0.1816185 0.07843925 -0.956183 0.2820661 0.1411767 -0.9898374 -0.01705918 0.07374408 -0.9972342 0.00925979 0.07058136 -0.9968092 0.03727814 0.03694625 -0.9859156 0.1631115 -0.03965318 -0.9321771 0.3598244 -0.1339053 -0.8389733 0.5274402 -0.5093504 -0.8220358 0.2545965 -0.4634154 -0.8686697 0.1750973 -0.3339991 -0.9113281 0.2406776 -0.3976168 -0.8477335 0.3510681 -0.2461379 -0.7120018 0.6576242 -0.3675945 -0.5545483 0.7465591 -0.1922415 -0.5734213 0.7963864 -0.2651396 -0.4822063 0.8349719 -0.3313235 -0.5051194 0.7969185 -0.3348965 -0.3953131 0.8553197 -0.4018639 -0.410308 0.8186286 -0.4718391 -0.764349 0.4394751 -0.563162 -0.7623095 0.318956 -0.6504401 -0.7392353 0.1745246 -0.6719642 -0.6347081 0.3815883 -0.6629754 -0.6445074 0.3808856 -0.6230248 -0.6915068 0.3655933 -0.694899 0.2692371 0.6668034 -0.756152 0.3343013 0.5625628 -0.7773643 0.2977938 0.5540972 -0.8256252 0.3525078 0.4405465 -0.8496129 0.3040107 0.4309704 -0.8843519 0.3484377 0.3106653 -0.9110123 0.2823957 0.3005149 -0.9317332 0.3165154 0.1780205 -0.9559486 0.2389839 0.1704375 -0.9638974 0.259578 0.05933761 -0.3679 -0.3488902 0.8619311 -0.3713139 -0.3446793 0.8621613 -0.4161229 -0.3876079 0.8225581 -0.3753412 -0.3410573 0.8618578 -0.4380177 -0.3722405 0.8182771 -0.4199422 -0.3057738 0.8544887 -0.5288721 -0.2971298 0.7949895 -0.502936 -0.2318511 0.8326466 -0.6256343 -0.2105 0.75118 -0.4414875 -0.4507851 0.7758103 -0.4592078 -0.4289459 0.7779034 -0.4800855 -0.4101517 0.7754312 -0.5796362 -0.3313106 0.7444832 -0.7297945 -0.2027981 0.6528958 -0.849608 -0.08546674 0.5204437 -0.681281 -0.6252347 0.380707 -0.936279 0.01180906 0.3510586 -0.9841772 0.08914842 0.1531265 -0.6227627 0.1956648 0.7575499 -0.7170957 0.2336085 0.6566588 -0.8025024 0.2500439 0.5417269 -0.8774211 0.2384436 0.4162653 -0.9358349 0.2047854 0.2868379 -0.9756567 0.167224 0.1418806 -0.9810588 0.1921587 0.02446866 -0.9304302 -0.3664636 -0.002040526 -0.9302997 -0.3664203 0.0166934 -0.9218615 -0.3795258 0.07830424 -0.8929571 -0.4164392 0.1708978 -0.849488 -0.4639319 0.2512715 -0.7932104 -0.52011 0.3167064 -0.7260172 -0.583074 0.364587 -0.5533798 -0.6648045 0.5018026 -0.6070654 -0.5974402 0.5239626 -0.6193012 -0.5833508 0.5255167 -0.6327274 -0.5704231 0.5237113 -0.6970304 -0.5135662 0.5003982 -0.7916641 -0.4276305 0.4363486 -0.8702941 -0.3500891 0.3464475 -0.9295038 -0.2843687 0.2348556 -0.966515 -0.2334805 0.1064684 -0.9768972 -0.212714 0.02060735 -0.9774625 -0.2111002 0.001960165 -0.8052507 0.3894618 0.4470916 -0.8415076 0.4339997 0.3217283 -0.8612177 0.3970582 0.317252 -0.8830959 0.4302417 0.1871728 -0.9056862 0.3821414 0.1835769 -0.9130533 0.4028821 0.06340054 -0.9389799 0.3383614 0.06187356 -0.9384096 0.3455163 0.002450313 -0.9629492 0.2696673 0.002898773 -0.962828 0.2701037 -0.00250804 -0.8025008 0.2399431 -0.5462781 -0.7773644 0.2874496 -0.5595332 -0.7561518 0.3237971 -0.5686739 -0.476997 -0.01859714 -0.8787081 -0.2639368 -0.1637763 -0.9505339 -0.2910553 -0.1906731 -0.937513 -0.7752313 0.1134574 -0.6214048 -0.7436552 0.1752422 -0.6451877 -0.7170974 0.2213763 -0.6608812 -0.6948986 0.2568082 -0.6716885 -0.7425909 -0.02371591 -0.6693253 -0.7082703 0.044135 -0.7045603 -0.6742178 0.103151 -0.7312936 -0.6460409 0.1474226 -0.7489311 -0.5085592 -0.05810017 -0.8590645 -0.5955993 0.02509987 -0.8028895 -0.5480921 -0.1102165 -0.8291245 -0.6323438 -0.03065399 -0.7740812 -0.589916 -0.1694308 -0.7894886 -0.6703295 -0.0943773 -0.7360375 -0.4150548 -0.1444952 -0.8982487 -0.457245 -0.1927933 -0.8681922 -0.5029357 -0.2472713 -0.8281984 -0.2125747 -0.2107694 -0.9541427 -0.2086651 -0.2153652 -0.9539794 -0.2361789 -0.2412678 -0.9412807 0.4029499 -0.9132513 -0.06002881 0.4394922 -0.8961659 -0.06110096 0.4094751 -0.9123178 0.002527432 0.4455084 -0.8952748 0.0022873 0.4098339 -0.9121208 0.008469472 0.445833 -0.8950776 0.008311217 0.4094733 -0.9122082 0.01441445 0.4455099 -0.8951622 0.01433799 0.4029515 -0.9119784 0.07697709 0.4394906 -0.8948775 0.07773136 0.3824675 -0.9021647 0.1995433 0.4198378 -0.8848088 0.2021126 0.3492438 -0.8773426 0.3290876 0.3871111 -0.8595134 0.333739 0.3054427 -0.8383085 0.4516011 0.3433381 -0.8197938 0.4583198 0.2522333 -0.7861915 0.5641643 0.2897076 -0.7668012 0.5727874 0.1902922 -0.7217082 0.665527 0.2269184 -0.7012712 0.6758156 0.1209135 -0.646161 0.7535621 0.1563183 -0.6245678 0.7651665 0.0455415 -0.5611703 0.8264465 0.07941801 -0.5383773 0.8389533 -0.0349749 -0.4676469 0.8832231 -0.002869107 -0.4436783 0.8961815 -0.1186704 -0.3678047 0.9222999 -0.08848684 -0.3427788 0.9352394 -0.1966996 -0.2725709 0.9418144 -0.168323 -0.2467614 0.9543459 -0.2361777 -0.2237458 0.9455992 -0.2086664 -0.1976142 0.9578136 -0.2400114 -0.2191886 0.9457013 -0.2125747 -0.1930152 0.957892 -0.2443656 -0.2151281 0.9455186 -0.2169645 -0.1888755 0.957733 -0.2910542 -0.17323 0.9408926 -0.2639378 -0.1460986 0.9534107 -0.3819581 -0.09060494 0.9197275 -0.3555374 -0.06162422 0.9326283 -0.4769996 -0.002276251 0.8789006 -0.4515277 0.02868071 0.891796 -0.5657222 0.08237612 0.8204709 -0.5413309 0.1151623 0.8328857 -0.6460439 0.1613039 0.7460619 0.2884231 -0.9554965 -0.06195562 0.3569561 -0.9321421 -0.06077361 0.3327936 -0.9429462 -0.01004187 0.3693723 -0.9292774 0.002772457 0.2036443 -0.9774181 -0.05641638 0.3547481 -0.9318848 0.07579259 0.3332959 -0.9222902 0.1956903 0.2995613 -0.8980113 0.3222401 0.2558714 -0.8598621 0.441777 0.2033751 -0.8089612 0.5515617 0.1427088 -0.7459895 0.6504874 0.07508865 -0.6721724 0.7365772 0.001854747 -0.5890073 0.8081256 -0.07623054 -0.4973024 0.8642217 -0.1573312 -0.3991271 0.9032964 -0.2329166 -0.3052566 0.9233462 -0.2712307 -0.2570668 0.9275508 -0.2749732 -0.2525636 0.927686 -0.2792752 -0.2485946 0.927473 -0.3253875 -0.2079007 0.9224426 -0.4150585 -0.1277923 0.900775 -0.5085602 -0.0421376 0.8599947 -0.5955971 0.0400062 0.8022865 -0.674217 0.1167156 0.7292523 -0.8638622 0.4666989 0.189563 -0.8907048 0.4500073 0.06433025 -0.9123576 0.4093892 0.002040274 -0.9382665 0.3458983 -0.003211829 -0.9629495 0.269566 -0.007904882 -0.9810588 0.1916712 -0.0280327 -0.871752 0.4856282 0.06491299 -0.8900168 0.4559245 0.001710396 -0.9121991 0.4097295 -0.003804532 -0.9384094 0.3454116 -0.008864478 -0.963897 0.2584323 -0.06415097 -0.9756557 0.1645633 -0.144965 -0.9841772 0.08628959 -0.1547555 -0.8711403 0.491032 0.001466285 -0.8709824 0.491293 -0.004561887 -0.8898568 0.4562203 -0.004236221 -0.8900177 0.4558123 -0.0101766 -0.9123567 0.4092826 -0.00964244 -0.9130532 0.4016359 -0.07086898 -0.9389808 0.337151 -0.06814913 -0.9317333 0.3131555 -0.1838659 -0.9559491 0.2357765 -0.174845 -0.9358379 0.1994158 -0.290587 -0.9534527 0.1251412 -0.2743495 -0.9220499 0.08356991 -0.377942 -0.936279 0.005288097 -0.3512173 -0.8711395 0.4909215 -0.01058442 -0.8717529 0.4843376 -0.0739193 -0.890704 0.4487367 -0.07267567 -0.8830945 0.4266954 -0.1951283 -0.9056877 0.3786625 -0.1906425 -0.8843518 0.342608 -0.3170829 -0.9110112 0.2767718 -0.3057058 -0.8774206 0.2306702 -0.4206237 -0.9035942 0.1543538 -0.3996153 -0.8602202 0.1017162 -0.4996749 -0.8813044 0.0312536 -0.4715143 -0.8296112 -0.02350454 -0.5578466 -0.849608 -0.0951163 -0.5187669 -0.3253891 -0.2249929 -0.9184226 -0.3697646 -0.2698019 -0.88909 -0.4199406 -0.3215916 -0.8486629 -0.5288715 -0.3118454 -0.7893335 -0.6256383 -0.2244156 -0.7471375 -0.7010073 -0.1521289 -0.6967392 -0.7700431 -0.08738279 -0.6319793 -0.8062452 0.0420136 -0.5900878 -0.8319661 0.1760298 -0.5261615 -0.8496121 0.2959584 -0.4365409 -0.8612178 0.3910966 -0.3245726 -0.8638628 0.4630972 -0.1981968 -0.5792486 -0.5246326 -0.6238844 -0.5273272 -0.4718776 -0.7065816 -0.4800855 -0.4244802 -0.7676812 -0.4380177 -0.3873712 -0.8112238 -0.3753412 -0.3570013 -0.8553766 -0.3247414 -0.3089452 -0.8939216 -0.2792763 -0.2657759 -0.922696 -0.2443641 -0.2326476 -0.9413614 -0.2169655 -0.2066286 -0.95406 -0.966515 -0.2354173 -0.1021145 -0.9295038 -0.2886807 -0.2295346 -0.8929571 -0.4195409 -0.1631353 -0.9226552 -0.3799857 -0.06571333 -0.8273378 -0.5553788 -0.08406266 -0.943752 -0.07025301 -0.3231047 -0.8632327 -0.1636497 -0.4775439 -0.8725629 -0.2535307 -0.4175598 -0.7759389 -0.3502084 -0.5246645 -0.7916641 -0.4356594 -0.4283326 -0.6970305 -0.5227695 -0.4907755 -0.7221828 -0.5937502 -0.3548419 -0.9800901 0.1985446 -0.00184358 -0.9921574 0.1215471 -0.02915362 -0.9894107 0.0005725457 -0.1451418 -0.943914 -0.1710955 -0.282405 -0.8702941 -0.356462 -0.3398869 -0.7932104 -0.5259013 -0.3069937 -0.7349555 -0.6508588 -0.1903242 -0.7526958 -0.2739766 -0.5986534 -0.6592491 -0.4558682 -0.5979756 -0.6328954 -0.5803607 -0.5124694 -0.6193012 -0.5930087 -0.5145937 -0.5625548 -0.5401431 -0.6259213 -0.5081973 -0.4892819 -0.7087585 -0.4592078 -0.4433171 -0.769804 -0.4161229 -0.4028155 -0.8152186 -0.3713139 -0.3606296 -0.8556122 -0.3205524 -0.3127723 -0.8941027 -0.2749732 -0.2697466 -0.9228361 -0.2400114 -0.2367119 -0.941468 -0.4018639 -0.4254386 -0.8108683 -0.3679014 -0.3648355 -0.8553033 -0.3348935 -0.4111295 -0.8478319 -0.3169486 -0.3171491 -0.8938456 -0.2802202 -0.3640802 -0.8882129 -0.2712291 -0.2742455 -0.9226181 -0.2329176 -0.3223482 -0.917519 -0.1966983 -0.2900117 -0.9365911 -0.3675945 -0.5683158 -0.7361328 -0.3313191 -0.5198313 -0.7874027 -0.2493791 -0.6205418 -0.7434634 -0.2651411 -0.4976282 -0.8258731 -0.1922498 -0.588113 -0.7855973 -0.2080143 -0.4551882 -0.8657562 -0.1305856 -0.5497695 -0.825046 -0.1573333 -0.4158354 -0.8957272 -0.07623029 -0.5132657 -0.8548375 -0.03497436 -0.4839697 -0.8743856 -0.2461379 -0.7240907 -0.6442894 -0.1815428 -0.6990315 -0.6916626 -0.1210378 -0.7706708 -0.6256328 -0.1219235 -0.6717503 -0.7306752 -0.05569754 -0.7468878 -0.6626133 -0.05598049 -0.6374631 -0.7684445 0.01414986 -0.7164463 -0.6974988 0.001856375 -0.6039099 -0.7970504 0.0750914 -0.6857337 -0.7239686 0.1209129 -0.6600458 -0.7414308 -0.1339053 -0.8486229 -0.51177 -0.0610003 -0.8327139 -0.5503331 -0.009775853 -0.8863078 -0.4629935 0.005931323 -0.8130626 -0.5821461 0.06193059 -0.8691468 -0.4906613 0.07916391 -0.7860674 -0.6130506 0.1378469 -0.8450069 -0.5166832 0.1427078 -0.757939 -0.6365242 0.2033733 -0.8190653 -0.5364432 0.2522369 -0.7965322 -0.5494661 0.1154639 -0.9841912 -0.1342971 0.1878733 -0.9684615 -0.1636639 0.2664747 -0.948343 -0.1721536 0.3333001 -0.9257637 -0.1785291 0.2889917 -0.9544765 0.07388129 0.2664751 -0.9449828 0.1897327 0.2323376 -0.9213403 0.3116909 0.1890936 -0.8844071 0.426694 0.1378462 -0.8352685 0.5322828 0.07916278 -0.7745468 0.6275433 0.01415282 -0.7033714 0.7106817 -0.0559812 -0.623081 0.7801514 -0.1305879 -0.5343581 0.8351097 -0.2080135 -0.4390343 0.8740591 -0.2802203 -0.3475197 0.8948221 -0.3169479 -0.3004975 0.8995806 -0.3205524 -0.2961154 0.8997565 -0.3247401 -0.2922932 0.8995046 -0.3697688 -0.2532453 0.8939451 -0.4572439 -0.1766391 0.871623 -0.548088 -0.094799 0.8310311 -0.6323465 -0.0162737 0.7745147 -0.7082698 0.05720763 0.7036201 -0.03965318 -0.938698 -0.3424524 0.0395004 -0.9287705 -0.3685446 0.07843282 -0.9612563 -0.2642623 0.1113404 -0.9141905 -0.389691 0.1536775 -0.9476375 -0.2799402 0.1890961 -0.8921786 -0.4101951 0.2323324 -0.9269703 -0.2945297 0.2558684 -0.8679181 -0.4257342 0.2995621 -0.9038403 -0.3055082 0.3492458 -0.8833023 -0.312737 -0.9767602 -0.2136965 -0.01653469 -0.996582 -0.07962865 -0.02199039 -0.9970426 -0.07684739 0.0007135642 -0.9994048 0.03449423 -0.0003202952 -0.996582 -0.07920657 0.02346525 -0.9991715 0.0317299 0.02548471 -0.9861446 -0.1049308 0.1284846 -0.9894107 0.003267634 0.1451061 -0.943914 -0.1658219 0.2855335 -0.943752 -0.06424105 0.3243535 -0.8725629 -0.2457331 0.4221957 -0.8632327 -0.1547538 0.4805004 -0.7759389 -0.3404054 0.5310772 -0.7526958 -0.2628128 0.6036377 -0.6592491 -0.4446856 0.6063377 -0.6191556 -0.3815527 0.686341 -0.5792486 -0.512957 0.6335189 -0.5273272 -0.4586754 0.7152222 -0.5625548 -0.528427 0.6358435 -0.5081973 -0.4760364 0.717722 -0.5479435 -0.5459157 0.6338249 -0.4918219 -0.4960565 0.7155691 -0.4836317 -0.6295793 0.6080545 -0.4192626 -0.592004 0.6882951 -0.384801 -0.7522029 0.5349008 -0.3067923 -0.7322694 0.6079967 -0.2942237 -0.8546205 0.4278506 -0.2034288 -0.8494089 0.4869509 -0.2168266 -0.9313151 0.2926403 -0.1157359 -0.9359932 0.3324483 -0.1567358 -0.9781494 0.1365933 -0.04900783 -0.986808 0.1542989 -0.1306102 -0.9909195 0.03193074 -0.01997729 -0.9991856 0.03505747 -0.1280671 -0.9917228 0.009208614 -0.01698984 -0.9998126 0.009283731 -0.01997729 -0.9996643 -0.0164972 0.07058136 -0.9973296 -0.01876162 -0.9861446 -0.1072985 -0.1265139 -0.9991715 0.0312512 -0.02606952 -0.9921597 0.1249713 -0.001160417 -0.9921574 0.1220675 0.02689155 -0.4414875 -0.4651137 -0.7673057 -0.4918219 -0.5092586 -0.7062343 -0.5479435 -0.5575912 -0.6235783 -0.6073897 -0.6072135 -0.5122202 -0.4192626 -0.6046831 -0.6771833 -0.4836317 -0.6407619 -0.5962588 -0.5533798 -0.674008 -0.4893711 -0.3067923 -0.7434333 -0.5942941 -0.384801 -0.762006 -0.5208407 -0.4718391 -0.772378 -0.4252059 -0.2034288 -0.8583048 -0.471094 -0.2942237 -0.8624181 -0.4119071 -0.3976168 -0.8541064 -0.3352658 -0.1157359 -0.9420052 -0.3150102 -0.2168266 -0.9365887 -0.275296 -0.3339991 -0.9156402 -0.2237134 0.03694625 -0.9887745 -0.1447756 -0.04900783 -0.9895031 -0.1359479 -0.1567358 -0.9805171 -0.1184061 -0.2838953 -0.9540935 -0.09544103 -0.4271807 -0.9003358 0.08313946 -0.2838953 -0.9521568 0.1131415 -0.4139563 -0.9100371 0.02174148 -0.2628958 -0.9644297 0.02758748 -0.4132461 -0.9105801 0.008455166 -0.26114 -0.9652593 0.008962888 -0.2628958 -0.9647757 -0.009673896 -0.1306102 -0.9913415 -0.01352451 -0.4271807 -0.9017244 -0.06640648 -0.4634154 -0.8717714 -0.1589365 -0.5093504 -0.8266217 -0.2392879 -0.563162 -0.7681008 -0.3047454 -0.4139563 -0.9102839 -0.004838943 -0.6860315 -0.7023669 -0.189846 -0.7919869 0.6062023 -0.07263276 -0.796433 0.6016967 -0.06046159 -0.7926481 0.6084807 -0.03821358 -0.7967894 0.6041473 -0.01151914 -0.7892889 0.598602 -0.1367428 -0.7819448 0.5901245 -0.2007869 -0.7869613 0.5815961 -0.2060046 -0.773458 0.5751959 -0.2662937 -0.7625992 0.548803 -0.3424291 -0.7764715 0.566852 -0.275265 -0.7615914 0.5599937 -0.3261681 -0.7066781 0.4949629 -0.5055866 -0.6993903 0.4745787 -0.5344421 -0.6876307 0.4410919 -0.5767166 -0.6499964 0.4011063 -0.6454598 -0.7274727 0.5196142 -0.4480899 -0.7239713 0.5026521 -0.4724473 -0.7278285 0.5193692 -0.4477961 -0.7446776 0.5269914 -0.4095551 -0.7457279 0.5404979 -0.3895535 -0.7607008 0.5607614 -0.3269266 -0.7524818 0.516989 -0.4080362 -0.7699058 0.5388209 -0.3419313 -0.7932424 0.5936207 -0.1355766 -0.7965816 0.5742508 -0.1889279 -0.8039879 0.5897319 -0.07628693 -0.783901 0.5570245 -0.2742681 -0.7793223 0.5257766 -0.3409044 -0.8027126 0.5603088 -0.2042217 -0.6266086 0.3524768 -0.6950696 -0.5693182 0.3472576 -0.7451771 -0.5724487 0.3366295 -0.7476517 -0.6029608 0.3797153 -0.7016086 -0.6315052 0.410427 -0.6578381 -0.6586288 0.4408872 -0.6097758 -0.3321236 0.1025229 -0.9376476 -0.3098453 0.06976317 -0.9482241 -0.3317133 0.1026309 -0.937781 -0.3763676 0.1473648 -0.9146754 -0.4179812 0.1900711 -0.8883494 -0.4184114 0.1899098 -0.8881814 -0.4973973 0.2719016 -0.8238116 -0.4592038 0.2312634 -0.8576999 -0.4495716 0.2100764 -0.8681897 -0.5803783 0.3268736 -0.7458651 -0.5329226 0.2761276 -0.7998419 -0.4693305 0.2108559 -0.8574781 -0.2430031 0.01269577 -0.9699424 -0.2001573 -0.02874423 -0.979342 -0.156018 -0.08266923 -0.9842887 -0.3180323 0.06026742 -0.9461624 -0.2576141 -0.0004544237 -0.9662478 -0.3770062 0.09678496 -0.9211401 -0.468454 0.190011 -0.8628132 -0.4132587 0.1552733 -0.8972778 -0.5511333 0.274751 -0.7878858 -0.09029731 -0.1398335 -0.9860492 -0.08020714 -0.1609982 -0.9836902 -0.1131172 -0.1247448 -0.9857197 -0.1534472 -0.07267887 -0.9854805 -0.1332213 -0.09492147 -0.9865303 -0.1212565 -0.1161762 -0.9857991 -0.1129528 -0.1164483 -0.986753 -0.1167452 -0.1200424 -0.9858805 -0.1129528 -0.1164483 -0.986753 -0.1129528 -0.1164483 -0.986753 -0.1766325 -0.07921928 -0.9810837 -0.1292856 -0.1233903 -0.9839004 -0.1248638 -0.1277354 -0.983917 -0.120753 -0.1323751 -0.9838168 -0.07910542 -0.1818977 -0.9801304 -0.06721083 -0.1653846 -0.9839363 -0.03043517 -0.2173479 -0.9756196 -0.004751451 -0.266671 -0.9637759 0.05258827 -0.3299298 -0.9425395 0.1069892 -0.3721779 -0.9219745 0.222963 -0.4870134 -0.8444557 0.2367515 -0.5137899 -0.8246021 0.2557354 -0.5541893 -0.7921323 0.3034694 -0.6036607 -0.7372245 0.1843206 -0.4444029 -0.8766595 0.1946869 -0.4682297 -0.8618921 0.1838092 -0.4444873 -0.8767241 0.1521966 -0.4218342 -0.8938077 0.1444355 -0.4015456 -0.904378 0.1031343 -0.3543747 -0.9293987 0.1943614 -0.4878944 -0.8509893 0.1421103 -0.4294296 -0.8918491 0.09788234 -0.3802479 -0.9196905 -0.2783479 0.001179417 -0.9604796 -0.1857695 -0.08707378 -0.9787277 -0.138603 -0.13223 -0.9814807 -0.1341761 -0.1365581 -0.9815033 -0.1300811 -0.1412005 -0.9813976 -0.08744171 -0.1905971 -0.9777662 -0.004244185 -0.287405 -0.9577997 0.08579002 -0.3904558 -0.9166157 0.1736411 -0.4859983 -0.8565363 0.2533147 -0.5721865 -0.7800219 0.3261879 -0.650647 -0.685755 0.3884731 -0.6602608 -0.642763 0.3833041 -0.6686674 -0.6371513 0.3565802 -0.6304833 -0.68945 0.3263668 -0.5988101 -0.7313762 0.293801 -0.5634447 -0.772147 0.5259748 -0.7950764 -0.3020001 0.5288718 -0.8069677 -0.2628646 0.5263362 -0.7949138 -0.3017983 0.5088916 -0.7796305 -0.3649735 0.4898136 -0.7614502 -0.4245895 0.4893915 -0.7616231 -0.4247662 0.4436552 -0.716295 -0.5386014 0.4671974 -0.7406742 -0.4828336 0.4690902 -0.7534102 -0.4607901 0.3730877 -0.6760164 -0.6354584 0.4104439 -0.7149822 -0.5659826 0.4516604 -0.7553132 -0.4748735 0.5509401 -0.8158794 -0.1755158 0.5595555 -0.8206377 -0.1159798 0.5596097 -0.8274535 -0.04645145 0.5184576 -0.8141252 -0.2615375 0.5342151 -0.8268419 -0.1759168 0.4881058 -0.8085985 -0.3285136 0.445545 -0.7686 -0.4590682 0.4813336 -0.7819983 -0.3959755 0.3919024 -0.7162278 -0.5774341 0.5667119 -0.8222746 -0.05198085 0.5671093 -0.8233508 -0.02192084 0.5624159 -0.8268526 0.001768073 0.5673086 -0.8234698 0.007646305 0.5629383 -0.8264633 0.007674102 0.5673086 -0.8234698 0.007646305 0.5624162 -0.8267426 0.01358605 0.5673086 -0.8234698 0.007646305 0.5422052 -0.8140526 0.2081631 0.5509316 -0.8095287 0.2028242 0.5370678 -0.799707 0.2683783 0.5119759 -0.7868319 0.3446393 0.5286633 -0.8022072 0.2774504 0.5230524 -0.7865455 0.3282717 0.4626007 -0.7267748 0.5077391 0.442887 -0.718192 0.5367041 0.4104433 -0.7043499 0.579161 0.373087 -0.6641003 0.6479019 0.4856147 -0.7493182 0.4502228 0.469082 -0.7447326 0.4746951 0.485349 -0.7496634 0.4499345 0.491739 -0.7672192 0.4117857 0.5049875 -0.7691405 0.3916766 0.5238719 -0.785689 0.3290152 0.5584257 -0.8178638 0.1387787 0.5532369 -0.8215653 0.1376932 0.5652823 -0.8215145 0.07463204 0.5604412 -0.8258293 0.06254276 0.5672044 -0.8225953 0.04020173 0.5482505 -0.8339327 -0.0630684 0.5533224 -0.8329658 0.001538755 0.5535168 -0.8328021 0.00773296 0.5533215 -0.8328513 0.01392929 0.5482506 -0.8326178 0.07854224 0.4813346 -0.7745104 0.4104274 0.5016268 -0.7936183 0.3442972 0.5342164 -0.8234315 0.1912416 0.3243892 -0.5798784 0.7473371 0.3136374 -0.5824348 0.7499341 0.3546669 -0.6155318 0.7037982 0.3834614 -0.6460059 0.6600255 0.4120382 -0.675086 0.6119505 0.09398262 -0.3286967 0.9397477 0.06251247 -0.3046669 0.9504053 0.09411288 -0.3282914 0.9398763 0.1362729 -0.3753942 0.9167927 0.1765347 -0.4193842 0.8904787 0.17635 -0.419807 0.8903161 0.2535672 -0.5034786 0.8259619 0.2152647 -0.4629439 0.8598512 0.1946997 -0.4521403 0.8704373 0.009164956 -0.234783 0.9720046 -0.02992587 -0.1897766 0.9813711 -0.08145934 -0.1428742 0.986383 0.3034702 -0.5898664 0.7483071 0.2557367 -0.5393842 0.8022864 0.1943619 -0.4720067 0.859903 0.05258921 -0.3123713 0.9485033 -0.004753532 -0.2487286 0.9685616 0.5184576 -0.8091286 0.276609 0.4881061 -0.8023584 0.3434726 0.5201197 -0.8287007 0.2067139 0.5201211 -0.8323954 -0.1912903 0.5379418 -0.8405802 -0.06358837 0.5423891 -0.8401259 0.001614126 0.5425987 -0.8399558 0.007799386 0.54239 -0.8400104 0.01398688 0.5379408 -0.8392552 0.07918634 0.3261878 -0.6378007 0.6977189 0.08578934 -0.3733675 0.9237083 0.1736401 -0.4700098 0.8654131 0.1421104 -0.4127957 0.899669 0.2533138 -0.5576043 0.7905122 -0.07133927 -0.1408115 0.9874628 -0.09250067 -0.1194574 0.9885209 -0.1131173 -0.1064197 0.9878661 -0.1129528 -0.0981049 0.9887452 -0.1167452 -0.1017146 0.9879396 -0.1129528 -0.0981049 0.9887452 -0.121256 -0.09785045 0.9877866 -0.1129528 -0.0981049 0.9887452 -0.260522 0.03817289 0.964713 -0.2500029 0.04088368 0.9673816 -0.2978974 0.08577336 0.9507366 -0.3576125 0.1341491 0.9241847 -0.3098377 0.08687545 0.9468121 -0.3403008 0.1280906 0.9315515 -0.4670405 0.2552015 0.8466082 -0.4932547 0.2701766 0.8268642 -0.5329228 0.2909313 0.7945768 -0.5803788 0.3406667 0.7396666 -0.4261786 0.2146989 0.8787924 -0.4495762 0.2261493 0.8641399 -0.4262886 0.2141931 0.8788625 -0.4051352 0.1816064 0.8960383 -0.3851758 0.1729031 0.906501 -0.3399632 0.129447 0.9314872 -0.2057704 -0.005435008 0.9785852 -0.2095702 -0.01059668 0.9777362 -0.1594938 -0.04992759 0.9859356 -0.1557847 -0.0631344 0.9857714 -0.1351464 -0.07428108 0.9880373 -0.07910487 -0.1636667 0.983339 -0.1207524 -0.1140826 0.9861055 -0.1248638 -0.1094427 0.9861193 -0.1292864 -0.1050993 0.9860219 -0.1766319 -0.06098813 0.9823857 -0.4132575 0.1719082 0.8942403 -0.3661614 0.1254505 0.9220564 -0.2576138 0.01749031 0.9660897 -0.6334022 0.4276401 0.644923 -0.6421153 0.4228621 0.6394338 -0.6048741 0.3946668 0.6916397 -0.5744105 0.3632312 0.7335637 -0.5403916 0.3292459 0.7743216 -0.7641157 0.5689026 0.3041003 -0.7762046 0.572064 0.2650458 -0.7639367 0.5692534 0.3038937 -0.7489863 0.5516011 0.3670908 -0.73126 0.532137 0.4267188 -0.7314528 0.5317259 0.4269009 -0.6874853 0.484718 0.5407517 -0.7111365 0.5089937 0.4849848 -0.723962 0.5113463 0.4630378 -0.7847782 0.5937922 0.1775779 -0.7896386 0.6021169 0.1180089 -0.797087 0.60191 0.04854573 -0.6499958 0.4130236 0.6379004 -0.6876297 0.4517256 0.5684271 -0.726629 0.4941625 0.4772984 -0.7839006 0.5620213 0.2638784 -0.7965828 0.5776589 0.1782305 -0.7914984 0.6087843 0.05396321 -0.7928313 0.6089719 0.02391145 -0.7967896 0.6042567 0.0002988344 -0.7932141 0.6089166 -0.005654078 -0.7964287 0.6047063 -0.005614984 -0.7932141 0.6089166 -0.005654078 -0.7932141 0.6089166 -0.005654078 -0.3180316 0.07782567 0.9448804 -0.3770062 0.1138739 0.9191839 -0.2783487 0.01901313 0.9602919 -0.00424259 -0.269569 0.9629717 -0.08744075 -0.172407 0.9811371 -0.130082 -0.1229529 0.9838502 -0.1341761 -0.1183087 0.9838698 -0.1386023 -0.1139809 0.9837671 -0.1857704 -0.06888535 0.9801756 -0.6266087 0.3653231 0.6884044 -0.7793227 0.532016 0.3310818 -0.7403589 0.4886012 0.4616682 -0.7524819 0.5244759 0.3983667 -0.6897219 0.4333746 0.5800606 -0.8027115 0.5640058 0.1937825 -0.8111521 0.5810994 0.06599777 -0.8039879 0.5910468 0.06532371 -0.8110741 0.584943 0.0007553677 -0.8033603 0.5954928 0.0006662931 -0.8109508 0.5850891 -0.005432828 -0.8032443 0.595624 -0.00553065 -0.8110734 0.584829 -0.0116174 -0.803361 0.5953769 -0.01172423 -0.8111528 0.5797727 -0.07677692 -0.8198554 0.57257 0.000849029 -0.8299284 0.5578692 0.0009580407 -0.8200347 0.5685064 0.06590553 -0.8302155 0.5535493 0.06576742 -0.811104 0.5517818 0.1940287 -0.8215142 0.5364031 0.1933548 -0.7873949 0.5205629 0.3301871 -0.7980772 0.5048876 0.3288789 -0.7495367 0.4764355 0.4595693 -0.760517 0.4606495 0.4576199 -0.6986176 0.4206266 0.5787976 -0.7099059 0.4049015 0.5762711 -0.6353886 0.3539246 0.686308 -0.6470021 0.3384561 0.6832538 -0.5612204 0.2778216 0.7796453 -0.5731516 0.2627703 0.7761759 -0.4778204 0.1940308 0.8567612 -0.4900245 0.1795136 0.8530246 -0.3862757 0.1036632 0.9165397 -0.3987109 0.08981106 0.9126684 -0.2889557 0.009092984 0.9572993 -0.3015418 -0.004020512 0.9534445 -0.1965833 -0.07946869 0.9772613 -0.2092114 -0.09188362 0.973544 -0.1493829 -0.1242774 0.9809383 -0.1620021 -0.1363338 0.9773272 -0.1449604 -0.1285782 0.9810475 -0.1575841 -0.140602 0.9774448 -0.1408917 -0.1332172 0.9810213 -0.1535472 -0.1452334 0.9774101 -0.09854214 -0.18269 0.9782197 -0.111553 -0.1947006 0.9744986 -0.01466823 -0.2796823 0.9599805 -0.02837925 -0.2916151 0.9561147 0.07514163 -0.3821251 0.9210506 0.0607035 -0.3938699 0.9171595 0.1612271 -0.4787719 0.8630083 0.1461378 -0.4902484 0.859244 0.2413264 -0.5671134 0.7874922 0.2257112 -0.5782917 0.7839854 0.3143736 -0.6460047 0.6955913 0.2983564 -0.6568368 0.6924947 0.3787234 -0.7136231 0.5893307 0.362466 -0.7241111 0.5867551 0.4329433 -0.7685035 0.4711289 0.4166299 -0.7786777 0.4691274 0.4762605 -0.8098408 0.3425402 0.4600697 -0.8197154 0.3411782 0.5074796 -0.8364505 0.2069181 0.4915943 -0.8460611 0.2061931 0.5249106 -0.8474781 0.07905542 0.5094505 -0.8568785 0.07886294 0.5295803 -0.8481436 0.01404028 0.5143789 -0.8574471 0.01410006 0.5298051 -0.8480828 0.007874849 0.5146236 -0.8573792 0.007961171 0.5295802 -0.8482581 0.001710865 0.51438 -0.8575604 0.001824734 0.5249097 -0.8488006 -0.06330287 0.5094504 -0.8581952 -0.06293864 0.5074796 -0.8401484 -0.191351 0.4915924 -0.8497456 -0.1904453 0.4762612 -0.8160614 -0.3274433 0.4600696 -0.8259094 -0.325898 0.432943 -0.7771195 -0.4567773 0.4166315 -0.7872539 -0.4545872 0.3787257 -0.7244431 -0.5759765 0.3624646 -0.7348831 -0.573207 0.3143726 -0.6588089 -0.683477 0.2983558 -0.669582 -0.6801792 0.2413257 -0.5816409 -0.7768242 0.225713 -0.5927493 -0.7731119 0.161227 -0.4947145 -0.8539692 0.1461363 -0.5061206 -0.8499919 0.07514069 -0.3991629 -0.9137958 0.06070336 -0.4108328 -0.9096876 -0.01466895 -0.2974597 -0.9546217 -0.02837657 -0.3093187 -0.950535 -0.09854008 -0.200824 -0.9746587 -0.1115535 -0.2127621 -0.9707153 -0.1408921 -0.1514106 -0.9783784 -0.1535481 -0.1633592 -0.9745444 -0.1449604 -0.1467734 -0.9784907 -0.1575841 -0.1587282 -0.9746654 -0.1493834 -0.1424709 -0.9784614 -0.1620011 -0.1544578 -0.9746273 -0.1965828 -0.09760417 -0.975617 -0.2092122 -0.1099452 -0.9716699 -0.2889562 -0.008684245 -0.9573029 -0.3015426 -0.0217273 -0.9532051 -0.3862753 0.08662671 -0.9183067 -0.3987111 0.07284808 -0.9141787 -0.4778207 0.1780879 -0.8602163 -0.4900233 0.163644 -0.8562113 -0.5612183 0.2632968 -0.7846712 -0.5731526 0.2483102 -0.7809214 -0.6353897 0.3411205 -0.6927603 -0.6470027 0.3257109 -0.68942 -0.6986181 0.4098039 -0.5865096 -0.7099046 0.3941321 -0.5836911 -0.7495367 0.4678197 -0.4683369 -0.7605181 0.4520708 -0.4660947 -0.7873955 0.5143411 -0.3397963 -0.7980772 0.4986936 -0.3381973 -0.8111042 0.5480837 -0.2042405 -0.8215127 0.532722 -0.2032836 -0.820034 0.5671854 -0.07645277 -0.8302155 0.5522328 -0.07603416 -0.8198553 0.5724556 -0.01148039 -0.8299291 0.5577541 -0.01131727 -0.8197259 0.5727313 -0.00531808 -0.8297918 0.5580491 -0.005181749 -0.8415832 0.5401263 0.0010999 -0.8551725 0.518342 0.001258285 -0.8419811 0.5355072 0.06557321 -0.8556837 0.5133615 0.06531085 -0.8335332 0.5178678 0.1924457 -0.8475077 0.4951337 0.1912414 -0.8104071 0.4860067 0.3271664 -0.8247405 0.4628826 0.3248737 -0.7731971 0.4416495 0.4550955 -0.7879573 0.4184219 0.451715 -0.7229755 0.3860234 0.572968 -0.7382266 0.3629767 0.5685678 -0.6604801 0.3199067 0.6792832 -0.6762616 0.2972996 0.6740053 -0.5870385 0.2447398 0.7716788 -0.6033669 0.2228111 0.7657046 -0.5043031 0.1621801 0.8481604 -0.5211704 0.1411398 0.8417012 -0.413314 0.07329321 0.9076341 -0.430658 0.05329673 0.9009402 -0.3163686 -0.01964424 0.9484329 -0.3340849 -0.03848455 0.941757 -0.2241573 -0.1066225 0.9687028 -0.2420936 -0.1243639 0.9622496 -0.1769718 -0.1506276 0.9726214 -0.194966 -0.1678379 0.9663429 -0.1725555 -0.1548658 0.9727493 -0.1905624 -0.1720275 0.9664846 -0.1685503 -0.1594959 0.9727034 -0.1866029 -0.1766406 0.9664251 -0.1269955 -0.2089145 0.969653 -0.1455782 -0.2259794 0.9631928 -0.04469337 -0.3056663 0.9510892 -0.06436085 -0.3224571 0.9443935 0.04350162 -0.4076521 0.9121005 0.02270376 -0.4240109 0.9053725 0.1281362 -0.5036674 0.854342 0.1063176 -0.5194921 0.8478352 0.2070339 -0.591277 0.7794412 0.1843512 -0.606514 0.7734051 0.279174 -0.6693805 0.6884705 0.2558343 -0.6840303 0.6831189 0.342971 -0.7362262 0.5833882 0.3192107 -0.7503159 0.5789047 0.3970302 -0.7903877 0.4665344 0.3731041 -0.8039679 0.4630647 0.4405956 -0.8310743 0.339398 0.4167862 -0.8442232 0.337011 0.4724703 -0.8571229 0.2052123 0.4490622 -0.8699202 0.2039166 0.4908279 -0.8677036 0.07860247 0.4680122 -0.8802507 0.07825122 0.4960615 -0.8681717 0.01417677 0.4736034 -0.8806229 0.01424853 0.4963275 -0.8680979 0.008060699 0.4738968 -0.8805424 0.008176252 0.4960603 -0.8682859 0.001947216 0.4736048 -0.8807349 0.002106704 0.4908292 -0.8690129 -0.06247645 0.4680109 -0.8815527 -0.06189202 0.4724722 -0.8607845 -0.1892616 0.4490612 -0.8735573 -0.1877276 0.4405958 -0.837234 -0.3239051 0.4167868 -0.8503355 -0.321276 0.3970283 -0.7989149 -0.4517781 0.3731041 -0.8124277 -0.4480564 0.3429702 -0.7469325 -0.5696168 0.3192109 -0.7609359 -0.5648726 0.2791749 -0.6820504 -0.6759206 0.2558353 -0.6965984 -0.6702976 0.2070341 -0.605648 -0.7683276 0.1843504 -0.620771 -0.7620094 0.1281366 -0.5194433 -0.844843 0.1063168 -0.5351459 -0.8380427 0.04350316 -0.4245201 -0.9043728 0.02270342 -0.4407506 -0.8973425 -0.04469559 -0.3232756 -0.9452488 -0.06436008 -0.3399375 -0.9382432 -0.1269966 -0.2268851 -0.965606 -0.1455771 -0.2438253 -0.9588308 -0.1685492 -0.1775301 -0.9695743 -0.1866039 -0.1945572 -0.9629779 -0.1725555 -0.1729024 -0.9697058 -0.1905624 -0.1899448 -0.9631235 -0.1769727 -0.1686636 -0.9696563 -0.1949648 -0.1857524 -0.9630601 -0.2241564 -0.1245912 -0.9665562 -0.2420946 -0.1422118 -0.9597739 -0.3163676 -0.03725046 -0.947905 -0.3340857 -0.05596646 -0.9408797 -0.4133129 0.0564248 -0.9088392 -0.4306574 0.03655798 -0.9017748 -0.504305 0.146402 -0.8510246 -0.5211707 0.1254864 -0.8441767 -0.5870392 0.2303679 -0.7760899 -0.6033669 0.2085548 -0.7697099 -0.6604792 0.3072368 -0.6851078 -0.6762606 0.2847314 -0.6794112 -0.7229754 0.375318 -0.580037 -0.7382272 0.352356 -0.5752094 -0.7731967 0.4331244 -0.4632171 -0.7879577 0.4099617 -0.4594061 -0.8104064 0.4798474 -0.3361367 -0.8247407 0.4567694 -0.3334133 -0.8335345 0.5142031 -0.2020281 -0.8475071 0.4914981 -0.2004028 -0.8419819 0.5341961 -0.0755057 -0.8556829 0.5120615 -0.0748324 -0.8415825 0.540014 -0.01112967 -0.8551733 0.5182279 -0.01088352 -0.8414384 0.5403297 -0.005017216 -0.8550215 0.5185702 -0.004815169</float_array>
          <technique_common>
            <accessor count="1250" source="#normals-array-array" stride="3">
              <param type="float" name="X"/>
              <param type="float" name="Y"/>
              <param type="float" name="Z"/>
            </accessor>
          </technique_common>
        </source>
        <vertices id="verts-array-vertices">
          <input semantic="POSITION" source="#verts-array"/>
        </vertices>
        <triangles count="2216" material="material0">
          <input offset="0" semantic="VERTEX" source="#verts-array-vertices"/>
          <input offset="1" semantic="NORMAL" source="#normals-array"/>
          <p>0 0 1 1 2 2 3 3 4 4 5 5 6 6 5 5 4 4 7 7 8 8 9 9 4 4 9 9 8 8 9 9 4 4 10 10 3 3 10 10 4 4 11 11 12 12 13 13 14 14 15 15 11 11 16 16 17 17 12 12 6 6 4 4 18 18 19 19 18 18 4 4 18 18 19 19 20 20 20 20 21 21 18 18 22 22 18 18 21 21 18 18 22 22 12 12 13 13 23 23 11 11 24 24 11 11 23 23 11 11 24 24 25 25 26 26 27 27 12 12 28 28 12 12 27 27 12 12 28 28 16 16 17 17 29 29 12 12 30 30 12 12 29 29 12 12 30 30 18 18 31 31 32 32 2 2 33 33 2 2 32 32 34 34 2 2 35 35 36 36 35 35 2 2 34 34 37 37 2 2 38 38 2 2 37 37 2 2 38 38 0 0 1 1 39 39 2 2 40 40 2 2 39 39 2 2 40 40 41 41 41 41 42 42 2 2 43 43 2 2 42 42 2 2 43 43 44 44 45 45 46 46 47 47 48 48 49 49 44 44 50 50 44 44 49 49 51 51 52 52 9 9 53 53 9 9 52 52 9 9 53 53 54 54 55 55 9 9 56 56 57 57 56 56 9 9 58 58 59 59 12 12 60 60 61 61 12 12 62 62 12 12 61 61 12 12 62 62 63 63 51 51 9 9 2 2 64 64 2 2 9 9 2 2 64 64 31 31 33 33 65 65 2 2 66 66 2 2 65 65 2 2 66 66 67 67 67 67 68 68 2 2 69 69 2 2 68 68 2 2 69 69 36 36 70 70 71 71 44 44 50 50 72 72 44 44 73 73 44 44 72 72 44 44 73 73 74 74 74 74 75 75 44 44 76 76 44 44 75 75 44 44 76 76 2 2 54 54 77 77 9 9 78 78 9 9 77 77 9 9 78 78 79 79 55 55 80 80 9 9 81 81 9 9 80 80 9 9 81 81 82 82 82 82 83 83 9 9 84 84 9 9 83 83 9 9 84 84 7 7 25 25 85 85 11 11 86 86 11 11 85 85 11 11 86 86 87 87 15 15 88 88 11 11 89 89 11 11 88 88 11 11 89 89 90 90 91 91 11 11 92 92 93 93 92 92 11 11 91 91 94 94 11 11 95 95 11 11 94 94 11 11 95 95 96 96 59 59 97 97 12 12 98 98 12 12 97 97 12 12 98 98 60 60 63 63 99 99 12 12 100 100 12 12 99 99 12 12 100 100 26 26 101 101 45 45 102 102 44 44 102 102 45 45 79 79 103 103 9 9 104 104 9 9 103 103 9 9 104 104 57 57 87 87 105 105 11 11 106 106 11 11 105 105 11 11 106 106 107 107 107 107 108 108 11 11 109 109 11 11 108 108 11 11 109 109 14 14 90 90 110 110 11 11 111 111 11 11 110 110 11 11 111 111 93 93 11 11 112 112 12 12 113 113 12 12 112 112 12 12 113 113 114 114 45 45 47 47 44 44 115 115 44 44 47 47 44 44 115 115 70 70 116 116 96 96 117 117 118 118 117 117 96 96 117 117 118 118 119 119 114 114 120 120 12 12 121 121 12 12 120 120 12 12 121 121 58 58 71 71 122 122 44 44 123 123 44 44 122 122 44 44 123 123 48 48 116 116 124 124 96 96 125 125 96 96 124 124 96 96 125 125 126 126 122 122 127 127 123 123 128 128 123 123 127 127 123 123 128 128 129 129 130 130 129 129 128 128 131 131 132 132 133 133 96 96 133 133 132 132 133 133 96 96 134 134 135 135 118 118 136 136 96 96 136 136 118 118 136 136 96 96 137 137 132 132 137 137 96 96 126 126 138 138 96 96 139 139 96 96 138 138 96 96 139 139 11 11 140 140 141 141 142 142 143 143 144 144 145 145 146 146 147 147 148 148 149 149 150 150 151 151 152 152 153 153 154 154 154 154 153 153 155 155 156 156 157 157 158 158 158 158 157 157 159 159 160 160 161 161 162 162 163 163 164 164 165 165 166 166 167 167 168 168 169 169 170 170 171 171 172 172 173 173 174 174 174 174 173 173 175 175 176 176 177 177 178 178 178 178 177 177 179 179 180 180 181 181 182 182 183 183 184 184 185 185 185 185 184 184 186 186 187 187 188 188 189 189 190 190 191 191 192 192 192 192 191 191 193 193 194 194 195 195 196 196 197 197 198 198 199 199 200 200 201 201 202 202 203 203 204 204 205 205 206 206 207 207 208 208 208 208 207 207 209 209 210 210 211 211 212 212 213 213 214 214 215 215 215 215 214 214 216 216 217 217 218 218 219 219 220 220 221 221 222 222 223 223 224 224 225 225 226 226 227 227 141 141 228 228 229 229 141 141 230 230 231 231 232 232 233 233 234 234 235 235 141 141 140 140 236 236 237 237 238 238 239 239 240 240 241 241 242 242 243 243 244 244 245 245 246 246 247 247 248 248 249 249 250 250 251 251 252 252 253 253 254 254 255 255 256 256 257 257 258 258 259 259 260 260 261 261 262 262 263 263 264 264 141 141 265 265 266 266 141 141 267 267 268 268 142 142 141 141 266 266 268 268 141 141 269 269 270 270 271 271 271 271 270 270 272 272 273 273 274 274 275 275 276 276 267 267 141 141 275 275 274 274 277 277 278 278 279 279 280 280 280 280 279 279 281 281 282 282 283 283 284 284 285 285 141 141 286 286 287 287 288 288 289 289 289 289 288 288 290 290 291 291 292 292 293 293 294 294 141 141 295 295 293 293 292 292 296 296 297 297 298 298 299 299 299 299 298 298 300 300 301 301 302 302 303 303 304 304 303 303 302 302 303 303 304 304 305 305 306 306 305 305 304 304 307 307 308 308 309 309 310 310 309 309 308 308 311 311 312 312 313 313 314 314 313 313 312 312 313 313 314 314 315 315 316 316 315 315 314 314 315 315 316 316 317 317 318 318 311 311 319 319 313 313 319 319 311 311 319 319 313 313 320 320 315 315 320 320 313 313 320 320 315 315 321 321 317 317 321 321 315 315 321 321 317 317 322 322 316 316 300 300 317 317 298 298 317 317 300 300 317 317 298 298 322 322 297 297 322 322 298 298 322 322 297 297 323 323 285 285 286 286 324 324 325 325 326 326 327 327 299 299 296 296 297 297 292 292 297 297 296 296 297 297 292 292 323 323 291 291 323 323 292 292 323 323 291 291 328 328 293 293 290 290 291 291 288 288 291 291 290 290 291 291 288 288 328 328 287 287 328 328 288 288 328 328 287 287 329 329 330 330 331 331 332 332 333 333 332 332 331 331 332 332 333 333 334 334 324 324 327 327 335 335 324 324 336 336 285 285 337 337 285 285 336 336 285 285 337 337 141 141 338 338 264 264 339 339 265 265 339 339 264 264 339 339 265 265 340 340 341 341 342 342 343 343 344 344 343 343 342 342 343 343 344 344 345 345 346 346 345 345 344 344 345 345 346 346 347 347 348 348 347 347 346 346 347 347 348 348 349 349 350 350 349 349 348 348 333 333 351 351 334 334 352 352 334 334 351 351 334 334 352 352 353 353 354 354 353 353 352 352 353 353 354 354 355 355 356 356 355 355 354 354 355 355 356 356 357 357 358 358 357 357 356 356 357 357 358 358 359 359 289 289 330 330 287 287 332 332 287 287 330 330 287 287 332 332 329 329 334 334 329 329 332 332 329 329 334 334 360 360 353 353 360 360 334 334 360 360 353 353 361 361 355 355 361 361 353 353 361 361 355 355 362 362 357 357 362 362 355 355 362 362 357 357 363 363 359 359 363 363 357 357 363 363 359 359 364 364 358 358 281 281 359 359 279 279 359 359 281 281 359 359 279 279 364 364 278 278 364 364 279 279 364 364 278 278 365 365 338 338 366 366 264 264 276 276 264 264 366 366 264 264 276 276 141 141 336 336 340 340 337 337 265 265 337 337 340 340 337 337 265 265 141 141 280 280 277 277 278 278 274 274 278 278 277 277 278 278 274 274 365 365 273 273 365 365 274 274 365 365 273 273 367 367 275 275 272 272 273 273 270 270 273 273 272 272 273 273 270 270 367 367 269 269 367 367 270 270 367 367 269 269 368 368 369 369 341 341 370 370 343 343 370 370 341 341 370 370 343 343 371 371 345 345 371 371 343 343 371 371 345 345 372 372 347 347 372 372 345 345 372 372 347 347 373 373 349 349 373 373 347 347 373 373 349 349 374 374 350 350 374 374 349 349 374 374 350 350 375 375 376 376 140 140 377 377 142 142 377 377 140 140 377 377 142 142 378 378 268 268 378 378 142 142 378 378 268 268 379 379 266 266 379 379 268 268 379 379 266 266 380 380 267 267 380 380 266 266 380 380 267 267 381 381 276 276 381 381 267 267 381 381 276 276 382 382 366 366 382 382 276 276 324 324 335 335 336 336 383 383 336 336 335 335 336 336 383 383 340 340 384 384 340 340 383 383 340 340 384 384 339 339 385 385 339 339 384 384 339 339 385 385 338 338 386 386 338 338 385 385 338 338 386 386 366 366 387 387 366 366 386 386 366 366 387 387 382 382 388 388 382 382 387 387 382 382 388 388 381 381 389 389 381 381 388 388 381 381 389 389 380 380 390 390 380 380 389 389 380 380 390 390 379 379 391 391 379 379 390 390 379 379 391 391 378 378 392 392 378 378 391 391 378 378 392 392 377 377 393 393 377 377 392 392 377 377 393 393 376 376 394 394 395 395 396 396 397 397 396 396 395 395 396 396 397 397 398 398 399 399 398 398 397 397 398 398 399 399 400 400 401 401 400 400 399 399 400 400 401 401 402 402 403 403 402 402 401 401 404 404 263 263 405 405 262 262 405 405 263 263 405 405 262 262 406 406 259 259 255 255 407 407 256 256 408 408 409 409 410 410 404 404 411 411 405 405 411 411 404 404 411 411 405 405 412 412 406 406 412 412 405 405 412 412 406 406 413 413 414 414 410 410 415 415 411 411 415 415 410 410 415 415 411 411 416 416 412 412 416 416 411 411 416 416 412 412 417 417 413 413 417 417 412 412 417 417 413 413 258 258 259 259 407 407 260 260 418 418 260 260 407 407 260 260 418 418 419 419 420 420 419 419 418 418 419 419 420 420 421 421 422 422 421 421 420 420 421 421 422 422 423 423 258 258 260 260 417 417 419 419 417 417 260 260 417 417 419 419 416 416 421 421 416 416 419 419 416 416 421 421 415 415 423 423 415 415 421 421 415 415 423 423 414 414 255 255 257 257 407 407 424 424 407 407 257 257 407 407 424 424 418 418 425 425 418 418 424 424 418 418 425 425 420 420 426 426 420 420 425 425 420 420 426 426 422 422 427 427 428 428 429 429 430 430 431 431 432 432 433 433 432 432 431 431 432 432 433 433 434 434 435 435 434 434 433 433 434 434 435 435 436 436 437 437 436 436 435 435 436 436 437 437 438 438 439 439 438 438 437 437 438 438 439 439 440 440 441 441 440 440 439 439 440 440 441 441 442 442 443 443 442 442 441 441 442 442 443 443 444 444 445 445 444 444 443 443 444 444 445 445 446 446 447 447 446 446 445 445 446 446 447 447 448 448 449 449 448 448 447 447 448 448 449 449 450 450 451 451 450 450 449 449 450 450 451 451 452 452 453 453 452 452 451 451 452 452 453 453 454 454 455 455 454 454 453 453 454 454 455 455 456 456 457 457 456 456 455 455 456 456 457 457 458 458 459 459 458 458 457 457 458 458 459 459 460 460 461 461 460 460 459 459 460 460 461 461 462 462 463 463 462 462 461 461 462 462 463 463 464 464 465 465 464 464 463 463 464 464 465 465 466 466 467 467 466 466 465 465 466 466 467 467 468 468 469 469 468 468 467 467 468 468 469 469 470 470 471 471 470 470 469 469 470 470 471 471 472 472 473 473 472 472 471 471 472 472 473 473 474 474 475 475 476 476 477 477 478 478 477 477 476 476 477 477 478 478 301 301 301 301 303 303 477 477 305 305 477 477 303 303 477 477 305 305 475 475 306 306 475 475 305 305 475 475 306 306 479 479 476 476 430 430 478 478 432 432 478 478 430 430 478 478 432 432 301 301 434 434 301 301 432 432 301 301 434 434 302 302 436 436 302 302 434 434 302 302 436 436 480 480 438 438 480 480 436 436 480 480 438 438 481 481 440 440 481 481 438 438 481 481 440 440 482 482 442 442 482 482 440 440 482 482 442 442 483 483 444 444 483 483 442 442 483 483 444 444 484 484 446 446 484 484 444 444 484 484 446 446 485 485 448 448 485 485 446 446 485 485 448 448 486 486 450 450 486 486 448 448 486 486 450 450 487 487 452 452 487 487 450 450 487 487 452 452 488 488 454 454 488 488 452 452 488 488 454 454 489 489 456 456 489 489 454 454 489 489 456 456 490 490 458 458 490 490 456 456 490 490 458 458 491 491 460 460 491 491 458 458 491 491 460 460 492 492 462 462 492 492 460 460 492 492 462 462 493 493 464 464 493 493 462 462 493 493 464 464 494 494 466 466 494 494 464 464 494 494 466 466 495 495 468 468 495 495 466 466 495 495 468 468 496 496 470 470 496 496 468 468 496 496 470 470 497 497 472 472 497 497 470 470 497 497 472 472 498 498 474 474 498 498 472 472 498 498 474 474 284 284 395 395 499 499 397 397 500 500 397 397 499 499 397 397 500 500 399 399 501 501 399 399 500 500 399 399 501 501 401 401 502 502 401 401 501 501 401 401 502 502 403 403 503 503 403 403 502 502 403 403 503 503 504 504 499 499 505 505 500 500 506 506 500 500 505 505 500 500 506 506 501 501 507 507 501 501 506 506 501 501 507 507 502 502 508 508 502 502 507 507 502 502 508 508 503 503 509 509 503 503 508 508 503 503 509 509 504 504 510 510 504 504 509 509 504 504 510 510 511 511 512 512 513 513 514 514 515 515 514 514 513 513 514 514 515 515 516 516 517 517 516 516 515 515 516 516 517 517 518 518 519 519 518 518 517 517 518 518 519 519 520 520 521 521 520 520 519 519 520 520 521 521 522 522 523 523 522 522 521 521 522 522 523 523 524 524 525 525 526 526 527 527 528 528 527 527 526 526 527 527 528 528 529 529 530 530 529 529 528 528 529 529 530 530 531 531 532 532 531 531 530 530 531 531 532 532 533 533 534 534 533 533 532 532 533 533 534 534 535 535 536 536 535 535 534 534 535 535 536 536 537 537 256 256 409 409 257 257 538 538 257 257 409 409 257 257 538 538 424 424 539 539 424 424 538 538 424 424 539 539 425 425 540 540 425 425 539 539 425 425 540 540 426 426 541 541 426 426 540 540 426 426 541 541 422 422 542 542 422 422 541 541 422 422 542 542 423 423 543 543 423 423 542 542 423 423 543 543 414 414 541 541 238 238 542 542 237 237 542 542 238 238 542 542 237 237 543 543 544 544 543 543 237 237 543 543 544 544 414 414 545 545 414 414 544 544 414 414 545 545 410 410 546 546 410 410 545 545 410 410 546 546 404 404 547 547 404 404 546 546 404 404 547 547 263 263 548 548 263 263 547 547 263 263 548 548 261 261 549 549 261 261 548 548 550 550 239 239 551 551 238 238 551 551 239 239 551 551 238 238 552 552 541 541 552 552 238 238 552 552 541 541 553 553 540 540 553 553 541 541 553 553 540 540 554 554 539 539 554 554 540 540 554 554 539 539 555 555 538 538 555 555 539 539 555 555 538 538 556 556 409 409 556 556 538 538 556 556 409 409 557 557 408 408 557 557 409 409 557 557 408 408 558 558 559 559 560 560 561 561 236 236 562 562 563 563 561 561 563 563 562 562 505 505 512 512 506 506 514 514 506 506 512 512 506 506 514 514 507 507 516 516 507 507 514 514 507 507 516 516 508 508 518 518 508 508 516 516 508 508 518 518 509 509 520 520 509 509 518 518 509 509 520 520 510 510 522 522 510 510 520 520 510 510 522 522 511 511 524 524 511 511 522 522 511 511 524 524 564 564 565 565 564 564 524 524 564 564 565 565 566 566 567 567 566 566 565 565 566 566 567 567 568 568 569 569 568 568 567 567 568 568 569 569 570 570 342 342 394 394 344 344 396 396 344 344 394 394 344 344 396 396 346 346 398 398 346 346 396 396 346 346 398 398 348 348 400 400 348 348 398 398 348 348 400 400 350 350 402 402 350 350 400 400 350 350 402 402 375 375 403 403 375 375 402 402 375 375 403 403 571 571 504 504 571 571 403 403 571 571 504 504 572 572 511 511 572 572 504 504 572 572 511 511 573 573 564 564 573 573 511 511 573 573 564 564 574 574 566 566 574 574 564 564 574 574 566 566 575 575 568 568 575 575 566 566 575 575 568 568 576 576 570 570 576 576 568 568 576 576 570 570 577 577 234 234 233 233 141 141 513 513 525 525 515 515 527 527 515 515 525 525 515 515 527 527 517 517 529 529 517 517 527 527 517 517 529 529 519 519 531 531 519 519 529 529 519 519 531 531 521 521 533 533 521 521 531 531 521 521 533 533 523 523 535 535 523 523 533 533 523 523 535 535 524 524 537 537 524 524 535 535 524 524 537 537 565 565 578 578 565 565 537 537 565 565 578 578 567 567 579 579 567 567 578 578 567 567 579 579 569 569 580 580 569 569 579 579 569 569 580 580 570 570 231 231 570 570 580 580 570 570 231 231 577 577 230 230 577 577 231 231 577 577 230 230 141 141 581 581 550 550 582 582 551 551 582 582 550 550 582 582 551 551 583 583 552 552 583 583 551 551 583 583 552 552 584 584 553 553 584 584 552 552 584 584 553 553 585 585 554 554 585 585 553 553 585 585 554 554 586 586 555 555 586 586 554 554 586 586 555 555 587 587 556 556 587 587 555 555 587 587 556 556 588 588 557 557 588 588 556 556 588 588 557 557 589 589 558 558 589 589 557 557 589 589 558 558 427 427 590 590 591 591 592 592 593 593 592 592 591 591 592 592 593 593 594 594 595 595 594 594 593 593 594 594 595 595 596 596 429 429 596 596 595 595 596 596 429 429 597 597 428 428 597 597 429 429 597 597 428 428 249 249 598 598 599 599 600 600 601 601 600 600 599 599 600 600 601 601 602 602 603 603 602 602 601 601 602 602 603 603 604 604 605 605 604 604 603 603 604 604 605 605 606 606 251 251 606 606 605 605 606 606 251 251 607 607 250 250 607 607 251 251 607 607 250 250 252 252 608 608 609 609 610 610 611 611 610 610 609 609 610 610 611 611 612 612 613 613 612 612 611 611 612 612 613 613 614 614 615 615 614 614 613 613 614 614 615 615 616 616 254 254 616 616 615 615 616 616 254 254 617 617 253 253 617 617 254 254 617 617 253 253 246 246 618 618 619 619 620 620 621 621 620 620 619 619 620 620 621 621 622 622 623 623 622 622 621 621 622 622 623 623 624 624 625 625 624 624 623 623 624 624 625 625 626 626 248 248 626 626 625 625 626 626 248 248 627 627 247 247 627 627 248 248 627 627 247 247 243 243 628 628 629 629 479 479 630 630 479 479 629 629 479 479 630 630 475 475 631 631 475 475 630 630 475 475 631 631 476 476 242 242 476 476 631 631 476 476 242 242 430 430 241 241 430 430 242 242 430 430 241 241 431 431 318 318 307 307 311 311 309 309 311 311 307 307 311 311 309 309 312 312 310 310 312 312 309 309 312 312 310 310 314 314 632 632 314 314 310 310 314 314 632 632 316 316 633 633 316 316 632 632 316 316 633 633 300 300 634 634 300 300 633 633 300 300 634 634 299 299 635 635 299 299 634 634 299 299 635 635 296 296 636 636 296 296 635 635 296 296 636 636 293 293 637 637 293 293 636 636 293 293 637 637 290 290 638 638 290 290 637 637 290 290 638 638 289 289 639 639 289 289 638 638 289 289 639 639 330 330 640 640 330 330 639 639 330 330 640 640 331 331 641 641 331 331 640 640 331 331 641 641 333 333 642 642 333 333 641 641 333 333 642 642 351 351 643 643 351 351 642 642 351 351 643 643 352 352 644 644 352 352 643 643 352 352 644 644 354 354 645 645 354 354 644 644 354 354 645 645 356 356 646 646 356 356 645 645 356 356 646 646 358 358 647 647 358 358 646 646 358 358 647 647 281 281 648 648 281 281 647 647 281 281 648 648 280 280 649 649 280 280 648 648 280 280 649 649 277 277 650 650 277 277 649 649 277 277 650 650 275 275 283 283 275 275 650 650 275 275 283 283 272 272 282 282 272 272 283 283 272 272 282 282 271 271 651 651 652 652 653 653 654 654 653 653 652 652 653 653 654 654 655 655 656 656 655 655 654 654 655 655 656 656 657 657 658 658 657 657 656 656 657 657 658 658 659 659 245 245 659 659 658 658 659 659 245 245 660 660 244 244 660 660 245 245 660 660 244 244 240 240 561 561 562 562 559 559 661 661 559 559 562 562 559 559 661 661 662 662 663 663 662 662 661 661 662 662 663 663 664 664 665 665 664 664 663 663 664 664 665 665 666 666 667 667 666 666 665 665 666 666 667 667 668 668 669 669 668 668 667 667 668 668 669 669 670 670 671 671 670 670 669 669 670 670 671 671 672 672 673 673 672 672 671 671 672 672 673 673 674 674 675 675 674 674 673 673 674 674 675 675 676 676 677 677 676 676 675 675 676 676 677 677 678 678 679 679 678 678 677 677 678 678 679 679 680 680 681 681 680 680 679 679 680 680 681 681 682 682 683 683 682 682 681 681 682 682 683 683 684 684 685 685 684 684 683 683 684 684 685 685 686 686 687 687 686 686 685 685 686 686 687 687 688 688 689 689 688 688 687 687 688 688 689 689 690 690 691 691 690 690 689 689 690 690 691 691 692 692 693 693 692 692 691 691 692 692 693 693 694 694 695 695 694 694 693 693 694 694 695 695 696 696 697 697 696 696 695 695 696 696 697 697 698 698 560 560 559 559 699 699 662 662 699 699 559 559 699 699 662 662 700 700 664 664 700 700 662 662 700 700 664 664 701 701 666 666 701 701 664 664 701 701 666 666 702 702 668 668 702 702 666 666 702 702 668 668 368 368 670 670 368 368 668 668 368 368 670 670 367 367 672 672 367 367 670 670 367 367 672 672 365 365 674 674 365 365 672 672 365 365 674 674 364 364 676 676 364 364 674 674 364 364 676 676 363 363 678 678 363 363 676 676 363 363 678 678 362 362 680 680 362 362 678 678 362 362 680 680 361 361 682 682 361 361 680 680 361 361 682 682 360 360 684 684 360 360 682 682 360 360 684 684 329 329 686 686 329 329 684 684 329 329 686 686 328 328 688 688 328 328 686 686 328 328 688 688 323 323 690 690 323 323 688 688 323 323 690 690 322 322 692 692 322 322 690 690 322 322 692 692 321 321 694 694 321 321 692 692 321 321 694 694 320 320 696 696 320 320 694 694 320 320 696 696 319 319 698 698 319 319 696 696 319 319 698 698 318 318 427 427 429 429 589 589 595 595 589 589 429 429 589 589 595 595 588 588 593 593 588 588 595 595 588 588 593 593 587 587 591 591 587 587 593 593 587 587 591 591 586 586 590 590 586 586 591 591 586 586 590 590 585 585 703 703 585 585 590 590 585 585 703 703 584 584 704 704 584 584 703 703 584 584 704 704 583 583 705 705 583 583 704 704 583 583 705 705 582 582 706 706 582 582 705 705 582 582 706 706 581 581 249 249 251 251 597 597 605 605 597 597 251 251 597 597 605 605 596 596 603 603 596 596 605 605 596 596 603 603 594 594 601 601 594 594 603 603 594 594 601 601 592 592 599 599 592 592 601 601 592 592 599 599 590 590 598 598 590 590 599 599 590 590 598 598 703 703 707 707 703 703 598 598 703 703 707 707 704 704 708 708 704 704 707 707 704 704 708 708 705 705 709 709 705 705 708 708 705 705 709 709 706 706 252 252 254 254 607 607 615 615 607 607 254 254 607 607 615 615 606 606 613 613 606 606 615 615 606 606 613 613 604 604 611 611 604 604 613 613 604 604 611 611 602 602 609 609 602 602 611 611 602 602 609 609 600 600 608 608 600 600 609 609 600 600 608 608 598 598 710 710 598 598 608 608 598 598 710 710 707 707 711 711 707 707 710 710 707 707 711 711 708 708 712 712 708 708 711 711 708 708 712 712 709 709 246 246 248 248 617 617 625 625 617 617 248 248 617 617 625 625 616 616 623 623 616 616 625 625 616 616 623 623 614 614 621 621 614 614 623 623 614 614 621 621 612 612 619 619 612 612 621 621 612 612 619 619 610 610 618 618 610 610 619 619 610 610 618 618 608 608 713 713 608 608 618 618 608 608 713 713 710 710 714 714 710 710 713 713 710 710 714 714 711 711 715 715 711 711 714 714 711 711 715 715 712 712 243 243 245 245 627 627 658 658 627 627 245 245 627 627 658 658 626 626 656 656 626 626 658 658 626 626 656 656 624 624 654 654 624 624 656 656 624 624 654 654 622 622 652 652 622 622 654 654 622 622 652 652 620 620 651 651 620 620 652 652 620 620 651 651 618 618 716 716 618 618 651 651 618 618 716 716 713 713 717 717 713 713 716 716 713 713 717 717 714 714 718 718 714 714 717 717 714 714 718 718 715 715 240 240 242 242 660 660 631 631 660 660 242 242 660 660 631 631 659 659 630 630 659 659 631 631 659 659 630 630 657 657 629 629 657 657 630 630 657 657 629 629 655 655 628 628 655 655 629 629 655 655 628 628 653 653 719 719 653 653 628 628 653 653 719 719 651 651 720 720 651 651 719 719 651 651 720 720 716 716 721 721 716 716 720 720 716 716 721 721 717 717 722 722 717 717 721 721 717 717 722 722 718 718 326 326 723 723 724 724 725 725 724 724 723 723 724 724 725 725 726 726 727 727 726 726 725 725 726 726 727 727 728 728 729 729 728 728 727 727 728 728 729 729 730 730 722 722 731 731 718 718 732 732 718 718 731 731 718 718 732 732 715 715 733 733 715 715 732 732 715 715 733 733 712 712 734 734 712 712 733 733 712 712 734 734 709 709 232 232 709 709 734 734 709 709 232 232 706 706 231 231 706 706 232 232 706 706 231 231 581 581 580 580 581 581 231 231 581 581 580 580 550 550 579 579 550 550 580 580 550 550 579 579 239 239 578 578 239 239 579 579 239 239 578 578 237 237 537 537 237 237 578 578 237 237 537 537 544 544 536 536 544 544 537 537 544 544 536 536 545 545 534 534 545 545 536 536 545 545 534 534 546 546 532 532 546 546 534 534 546 546 532 532 547 547 530 530 547 547 532 532 547 547 530 530 548 548 528 528 548 548 530 530 548 548 528 528 549 549 526 526 549 549 528 528 735 735 295 295 229 229 141 141 229 229 295 295 327 327 324 324 325 325 286 286 325 325 324 324 325 325 286 286 294 294 141 141 294 294 286 286 326 326 325 325 723 723 294 294 723 723 325 325 723 723 294 294 725 725 295 295 725 725 294 294 725 725 295 295 727 727 735 735 727 727 295 295 727 727 735 735 729 729 227 227 228 228 141 141 736 736 226 226 141 141 236 236 140 140 562 562 376 376 562 562 140 140 562 562 376 376 661 661 393 393 661 661 376 376 661 661 393 393 663 663 392 392 663 663 393 393 663 663 392 392 665 665 391 391 665 665 392 392 665 665 391 391 667 667 390 390 667 667 391 391 667 667 390 390 669 669 389 389 669 669 390 390 669 669 389 389 671 671 388 388 671 671 389 389 671 671 388 388 673 673 387 387 673 673 388 388 673 673 387 387 675 675 386 386 675 675 387 387 675 675 386 386 677 677 385 385 677 677 386 386 677 677 385 385 679 679 384 384 679 679 385 385 679 679 384 384 681 681 383 383 681 681 384 384 681 681 383 383 683 683 335 335 683 683 383 383 683 683 335 335 685 685 327 327 685 685 335 335 685 685 327 327 687 687 326 326 687 687 327 327 687 687 326 326 689 689 724 724 689 689 326 326 689 689 724 724 691 691 726 726 691 691 724 724 691 691 726 726 693 693 728 728 693 693 726 726 693 693 728 728 695 695 730 730 695 695 728 728 695 695 730 730 697 697 563 563 141 141 236 236 560 560 235 235 561 561 234 234 561 561 235 235 561 561 234 234 563 563 141 141 563 563 234 234 284 284 283 283 498 498 650 650 498 498 283 283 498 498 650 650 497 497 649 649 497 497 650 650 497 497 649 649 496 496 648 648 496 496 649 649 496 496 648 648 495 495 647 647 495 495 648 648 495 495 647 647 494 494 646 646 494 494 647 647 494 494 646 646 493 493 645 645 493 493 646 646 493 493 645 645 492 492 644 644 492 492 645 645 492 492 644 644 491 491 643 643 491 491 644 644 491 491 643 643 490 490 642 642 490 490 643 643 490 490 642 642 489 489 641 641 489 489 642 642 489 489 641 641 488 488 640 640 488 488 641 641 488 488 640 640 487 487 639 639 487 487 640 640 487 487 639 639 486 486 638 638 486 486 639 639 486 486 638 638 485 485 637 637 485 485 638 638 485 485 637 637 484 484 636 636 484 484 637 637 484 484 636 636 483 483 635 635 483 483 636 636 483 483 635 635 482 482 634 634 482 482 635 635 482 482 634 634 481 481 633 633 481 481 634 634 481 481 633 633 480 480 632 632 480 480 633 633 480 480 632 632 302 302 310 310 302 302 632 632 302 302 310 310 304 304 308 308 304 304 310 310 304 304 308 308 306 306 307 307 306 306 308 308 306 306 307 307 479 479 318 318 479 479 307 307 479 479 318 318 628 628 698 698 628 628 318 318 628 628 698 698 719 719 697 697 719 719 698 698 719 719 697 697 720 720 730 730 720 720 697 697 720 720 730 730 721 721 729 729 721 721 730 730 721 721 729 729 722 722 735 735 722 722 729 729 722 722 735 735 731 731 229 229 731 731 735 735 731 731 229 229 732 732 228 228 732 732 229 229 732 732 228 228 733 733 227 227 733 733 228 228 733 733 227 227 734 734 226 226 734 734 227 227 734 734 226 226 232 232 736 736 232 232 226 226 232 232 736 736 230 230 141 141 230 230 736 736 473 473 369 369 474 474 370 370 474 474 369 369 474 474 370 370 284 284 371 371 284 284 370 370 284 284 371 371 282 282 372 372 282 282 371 371 282 282 372 372 271 271 373 373 271 271 372 372 271 271 373 373 269 269 374 374 269 269 373 373 269 269 374 374 368 368 375 375 368 368 374 374 368 368 375 375 702 702 571 571 702 702 375 375 702 702 571 571 701 701 572 572 701 701 571 571 701 701 572 572 700 700 573 573 700 700 572 572 700 700 573 573 699 699 574 574 699 699 573 573 699 699 574 574 560 560 575 575 560 560 574 574 560 560 575 575 235 235 576 576 235 235 575 575 235 235 576 576 233 233 577 577 233 233 576 576 233 233 577 577 141 141 737 737 738 738 739 739 740 740 739 739 738 738 741 741 742 742 743 743 744 744 743 743 742 742 745 745 746 746 747 747 748 748 223 223 749 749 225 225 749 749 223 223 749 749 225 225 750 750 751 751 750 750 225 225 752 752 753 753 754 754 755 755 754 754 753 753 754 754 755 755 756 756 745 745 756 756 755 755 756 756 745 745 757 757 747 747 757 757 745 745 753 753 222 222 755 755 758 758 755 755 222 222 755 755 758 758 745 745 759 759 745 745 758 758 745 745 759 759 746 746 741 741 743 743 760 760 761 761 760 760 743 743 760 760 761 761 762 762 763 763 764 764 765 765 222 222 221 221 758 758 764 764 758 758 221 221 758 758 764 764 759 759 763 763 759 759 764 764 759 759 763 763 746 746 752 752 748 748 753 753 749 749 753 753 748 748 753 753 749 749 222 222 750 750 222 222 749 749 222 222 750 750 220 220 751 751 220 220 750 750 220 220 751 751 766 766 767 767 768 768 769 769 218 218 769 769 768 768 769 769 218 218 770 770 217 217 770 770 218 218 770 770 217 217 771 771 772 772 773 773 774 774 211 211 774 774 773 773 774 774 211 211 775 775 210 210 775 775 211 211 775 775 210 210 776 776 777 777 776 776 210 210 214 214 778 778 216 216 779 779 216 216 778 778 216 216 779 779 780 780 219 219 218 218 781 781 768 768 781 781 218 218 781 781 768 768 782 782 780 780 783 783 216 216 782 782 216 216 783 783 216 216 782 782 215 215 768 768 215 215 782 782 215 215 768 768 213 213 767 767 213 213 768 768 208 208 784 784 206 206 785 785 206 206 784 784 206 206 785 785 786 786 212 212 211 211 787 787 773 773 787 787 211 211 787 787 773 773 788 788 789 789 790 790 791 791 780 780 791 791 783 783 790 790 783 783 791 791 783 783 790 790 782 782 792 792 782 782 790 790 782 782 792 792 781 781 766 766 781 781 792 792 781 781 766 766 219 219 751 751 219 219 766 766 219 219 751 751 217 217 225 225 217 217 751 751 217 217 225 225 771 771 224 224 771 771 225 225 793 793 794 794 795 795 785 785 796 796 786 786 797 797 786 786 796 796 786 786 797 797 798 798 799 799 798 798 797 797 798 798 799 799 800 800 801 801 800 800 799 799 800 800 801 801 795 795 802 802 795 795 801 801 795 795 802 802 793 793 772 772 209 209 773 773 207 207 773 773 209 209 773 773 207 207 788 788 206 206 788 788 207 207 788 788 206 206 803 803 786 786 803 803 206 206 803 803 786 786 804 804 798 798 804 804 786 786 804 804 798 798 805 805 800 800 805 805 798 798 805 805 800 800 806 806 795 795 806 806 800 800 806 806 795 795 807 807 794 794 807 807 795 795 808 808 203 203 809 809 205 205 809 809 203 203 809 809 205 205 810 810 811 811 810 810 205 205 202 202 201 201 812 812 813 813 197 197 814 814 199 199 814 814 197 197 814 814 199 199 815 815 816 816 815 815 199 199 817 817 818 818 819 819 820 820 819 819 818 818 819 819 820 820 821 821 812 812 821 821 820 820 821 821 812 812 822 822 201 201 822 822 812 812 818 818 823 823 820 820 824 824 820 820 823 823 820 820 824 824 812 812 825 825 812 812 824 824 812 812 825 825 202 202 779 779 777 777 780 780 210 210 780 780 777 777 780 780 210 210 791 791 212 212 791 791 210 210 791 791 212 212 789 789 787 787 789 789 212 212 789 789 787 787 826 826 788 788 826 826 787 787 826 826 788 788 827 827 803 803 827 827 788 788 827 827 803 803 828 828 804 804 828 828 803 803 828 828 804 804 829 829 805 805 829 829 804 804 829 829 805 805 830 830 806 806 830 830 805 805 830 830 806 806 831 831 807 807 831 831 806 806 831 831 807 807 832 832 793 793 808 808 794 794 809 809 794 794 808 808 794 794 809 809 807 807 810 810 807 807 809 809 807 807 810 810 832 832 811 811 832 832 810 810 832 832 811 811 833 833 204 204 200 200 205 205 202 202 205 205 200 200 205 205 202 202 811 811 825 825 811 811 202 202 811 811 825 825 833 833 824 824 833 833 825 825 833 833 824 824 834 834 823 823 834 834 824 824 834 834 823 823 835 835 817 817 813 813 818 818 814 814 818 818 813 813 818 818 814 814 823 823 815 815 823 823 814 814 823 823 815 815 835 835 816 816 835 835 815 815 835 835 816 816 836 836 837 837 838 838 839 839 195 195 839 839 838 838 839 839 195 195 840 840 194 194 840 840 195 195 840 840 194 194 841 841 842 842 843 843 844 844 188 188 844 844 843 843 844 844 188 188 845 845 187 187 845 845 188 188 845 845 187 187 846 846 847 847 846 846 187 187 191 191 848 848 193 193 849 849 193 193 848 848 193 193 849 849 850 850 196 196 195 195 851 851 838 838 851 851 195 195 851 851 838 838 852 852 850 850 853 853 193 193 852 852 193 193 853 853 193 193 852 852 192 192 838 838 192 192 852 852 192 192 838 838 190 190 837 837 190 190 838 838 185 185 854 854 183 183 855 855 183 183 854 854 183 183 855 855 856 856 189 189 188 188 857 857 843 843 857 857 188 188 857 857 843 843 858 858 859 859 860 860 861 861 850 850 861 861 853 853 860 860 853 853 861 861 853 853 860 860 852 852 862 862 852 852 860 860 852 852 862 862 851 851 836 836 851 851 862 862 851 851 836 836 196 196 816 816 196 196 836 836 196 196 816 816 194 194 199 199 194 194 816 816 194 194 199 199 841 841 198 198 841 841 199 199 855 855 863 863 856 856 864 864 856 856 863 863 856 856 864 864 865 865 866 866 865 865 864 864 865 865 866 866 867 867 868 868 867 867 866 866 867 867 868 868 869 869 870 870 869 869 868 868 871 871 872 872 873 873 874 874 875 875 876 876 877 877 180 180 878 878 182 182 878 878 180 180 878 878 182 182 879 879 880 880 879 879 182 182 881 881 882 882 883 883 884 884 883 883 882 882 883 883 884 884 885 885 874 874 885 885 884 884 885 885 874 874 886 886 876 876 886 886 874 874 872 872 871 871 887 887 888 888 887 887 871 871 887 887 888 888 889 889 890 890 889 889 888 888 889 889 890 890 891 891 842 842 186 186 843 843 184 184 843 843 186 186 843 843 184 184 858 858 183 183 858 858 184 184 858 858 183 183 892 892 856 856 892 892 183 183 892 892 856 856 893 893 865 865 893 893 856 856 893 893 865 865 894 894 867 867 894 894 865 865 894 894 867 867 895 895 869 869 895 895 867 867 895 895 869 869 896 896 882 882 165 165 884 884 897 897 884 884 165 165 884 884 897 897 874 874 898 898 874 874 897 897 874 874 898 898 875 875 871 871 899 899 888 888 896 896 888 888 899 899 888 888 896 896 890 890 869 869 890 890 896 896 890 890 869 869 891 891 870 870 891 891 869 869 900 900 901 901 902 902 167 167 902 902 901 901 902 902 167 167 903 903 166 166 903 903 167 167 903 903 166 166 904 904 905 905 906 906 907 907 170 170 907 907 906 906 907 907 170 170 908 908 169 169 908 908 170 170 908 908 169 169 909 909 910 910 909 909 169 169 177 177 911 911 179 179 912 912 179 179 911 911 179 179 912 912 913 913 173 173 914 914 175 175 915 915 175 175 914 914 175 175 915 915 916 916 168 168 167 167 917 917 901 901 917 917 167 167 917 917 901 901 918 918 913 913 919 919 179 179 918 918 179 179 919 919 179 179 918 918 178 178 901 901 178 178 918 918 178 178 901 901 176 176 900 900 176 176 901 901 171 171 170 170 920 920 906 906 920 920 170 170 920 920 906 906 921 921 922 922 923 923 924 924 165 165 164 164 897 897 923 923 897 897 164 164 897 897 923 923 898 898 922 922 898 898 923 923 898 898 922 922 875 875 849 849 847 847 850 850 187 187 850 850 847 847 850 850 187 187 861 861 189 189 861 861 187 187 861 861 189 189 859 859 857 857 859 859 189 189 859 859 857 857 925 925 858 858 925 925 857 857 925 925 858 858 926 926 892 892 926 926 858 858 926 926 892 892 927 927 893 893 927 927 892 892 927 927 893 893 928 928 894 894 928 928 893 893 928 928 894 894 929 929 895 895 929 929 894 894 929 929 895 895 930 930 896 896 930 930 895 895 930 930 896 896 924 924 899 899 924 924 896 896 924 924 899 899 922 922 871 871 922 922 899 899 922 922 871 871 875 875 873 873 875 875 871 871 875 875 873 873 876 876 881 881 877 877 882 882 878 878 882 882 877 877 882 882 878 878 165 165 879 879 165 165 878 878 165 165 879 879 163 163 880 880 163 163 879 879 163 163 880 880 931 931 932 932 933 933 934 934 913 913 934 934 919 919 933 933 919 919 934 934 919 919 933 933 918 918 935 935 918 918 933 933 918 918 935 935 917 917 931 931 917 917 935 935 917 917 931 931 168 168 880 880 168 168 931 931 168 168 880 880 166 166 182 182 166 166 880 880 166 166 182 182 904 904 181 181 904 904 182 182 915 915 936 936 916 916 937 937 916 916 936 936 916 916 937 937 938 938 939 939 938 938 937 937 938 938 939 939 940 940 941 941 940 940 939 939 940 940 941 941 942 942 943 943 942 942 941 941 944 944 945 945 946 946 947 947 948 948 949 949 950 950 160 160 951 951 162 162 951 951 160 160 951 951 162 162 952 952 953 953 952 952 162 162 954 954 955 955 956 956 957 957 956 956 955 955 956 956 957 957 958 958 947 947 958 958 957 957 958 958 947 947 959 959 949 949 959 959 947 947 945 945 944 944 960 960 961 961 960 960 944 944 960 960 961 961 962 962 963 963 962 962 961 961 962 962 963 963 964 964 905 905 172 172 906 906 174 174 906 906 172 172 906 906 174 174 921 921 175 175 921 921 174 174 921 921 175 175 965 965 916 916 965 965 175 175 965 965 916 916 966 966 938 938 966 966 916 916 966 966 938 938 967 967 940 940 967 967 938 938 967 967 940 940 968 968 942 942 968 968 940 940 968 968 942 942 969 969 955 955 145 145 957 957 970 970 957 957 145 145 957 957 970 970 947 947 971 971 947 947 970 970 947 947 971 971 948 948 944 944 972 972 961 961 969 969 961 961 972 972 961 961 969 969 963 963 942 942 963 963 969 969 963 963 942 942 964 964 943 943 964 964 942 942 973 973 974 974 975 975 147 147 975 975 974 974 975 975 147 147 976 976 146 146 976 976 147 147 976 976 146 146 977 977 978 978 979 979 980 980 150 150 980 980 979 979 980 980 150 150 981 981 149 149 981 981 150 150 981 981 149 149 982 982 983 983 982 982 149 149 157 157 984 984 159 159 985 985 159 159 984 984 159 159 985 985 986 986 153 153 987 987 155 155 988 988 155 155 987 987 155 155 988 988 989 989 148 148 147 147 990 990 974 974 990 990 147 147 990 990 974 974 991 991 986 986 992 992 159 159 991 991 159 159 992 992 159 159 991 991 158 158 974 974 158 158 991 991 158 158 974 974 156 156 973 973 156 156 974 974 151 151 150 150 993 993 979 979 993 993 150 150 993 993 979 979 994 994 988 988 995 995 989 989 996 996 989 989 995 995 989 989 996 996 997 997 998 998 997 997 996 996 997 997 998 998 999 999 1000 1000 999 999 998 998 999 999 1000 1000 740 740 1001 1001 740 740 1000 1000 740 740 1001 1001 739 739 1002 1002 1003 1003 1004 1004 145 145 144 144 970 970 1003 1003 970 970 144 144 970 970 1003 1003 971 971 1002 1002 971 971 1003 1003 971 971 1002 1002 948 948 912 912 910 910 913 913 169 169 913 913 910 910 913 913 169 169 934 934 171 171 934 934 169 169 934 934 171 171 932 932 920 920 932 932 171 171 932 932 920 920 1005 1005 921 921 1005 1005 920 920 1005 1005 921 921 1006 1006 965 965 1006 1006 921 921 1006 1006 965 965 1007 1007 966 966 1007 1007 965 965 1007 1007 966 966 1008 1008 967 967 1008 1008 966 966 1008 1008 967 967 1009 1009 968 968 1009 1009 967 967 1009 1009 968 968 1010 1010 969 969 1010 1010 968 968 1010 1010 969 969 1004 1004 972 972 1004 1004 969 969 1004 1004 972 972 1002 1002 944 944 1002 1002 972 972 1002 1002 944 944 948 948 946 946 948 948 944 944 948 948 946 946 949 949 954 954 950 950 955 955 951 951 955 955 950 950 955 955 951 951 145 145 952 952 145 145 951 951 145 145 952 952 143 143 953 953 143 143 952 952 143 143 953 953 1011 1011 1012 1012 1013 1013 1014 1014 986 986 1014 1014 992 992 1013 1013 992 992 1014 1014 992 992 1013 1013 991 991 1015 1015 991 991 1013 1013 991 991 1015 1015 990 990 1011 1011 990 990 1015 1015 990 990 1011 1011 148 148 953 953 148 148 1011 1011 148 148 953 953 146 146 162 162 146 146 953 953 146 146 162 162 977 977 161 161 977 977 162 162 985 985 983 983 986 986 149 149 986 986 983 983 986 986 149 149 1014 1014 151 151 1014 1014 149 149 1014 1014 151 151 1012 1012 993 993 1012 1012 151 151 1012 1012 993 993 1016 1016 994 994 1016 1016 993 993 1016 1016 994 994 1017 1017 1018 1018 1017 1017 994 994 1017 1017 1018 1018 1019 1019 1020 1020 1019 1019 1018 1018 1019 1019 1020 1020 1021 1021 1022 1022 1021 1021 1020 1020 1021 1021 1022 1022 1023 1023 1024 1024 1023 1023 1022 1022 1023 1023 1024 1024 1025 1025 762 762 1025 1025 1024 1024 1025 1025 762 762 765 765 761 761 765 765 762 762 765 765 761 761 763 763 743 743 763 763 761 761 763 763 743 743 746 746 744 744 746 746 743 743 746 746 744 744 747 747 978 978 152 152 979 979 154 154 979 979 152 152 979 979 154 154 994 994 155 155 994 994 154 154 994 994 155 155 1018 1018 989 989 1018 1018 155 155 1018 1018 989 989 1020 1020 997 997 1020 1020 989 989 1020 1020 997 997 1022 1022 999 999 1022 1022 997 997 1022 1022 999 999 1024 1024 740 740 1024 1024 999 999 1024 1024 740 740 762 762 738 738 762 762 740 740 762 762 738 738 760 760 737 737 760 760 738 738 760 760 737 737 741 741 1026 1026 1027 1027 1028 1028 1029 1029 1028 1028 1027 1027 1028 1028 1029 1029 1030 1030 1031 1031 1030 1030 1029 1029 1030 1030 1031 1031 1032 1032 1033 1033 1032 1032 1031 1031 1032 1032 1033 1033 1034 1034 1035 1035 1034 1034 1033 1033 1034 1034 1035 1035 1036 1036 1037 1037 1036 1036 1035 1035 1036 1036 1037 1037 1038 1038 1039 1039 1038 1038 1037 1037 1038 1038 1039 1039 1040 1040 1041 1041 1040 1040 1039 1039 1040 1040 1041 1041 1042 1042 1043 1043 1042 1042 1041 1041 1042 1042 1043 1043 1044 1044 1045 1045 1044 1044 1043 1043 1044 1044 1045 1045 1046 1046 1047 1047 1046 1046 1045 1045 1046 1046 1047 1047 1048 1048 1049 1049 1048 1048 1047 1047 1048 1048 1049 1049 1050 1050 1051 1051 1050 1050 1049 1049 1050 1050 1051 1051 1052 1052 1053 1053 1052 1052 1051 1051 1052 1052 1053 1053 1054 1054 1055 1055 1054 1054 1053 1053 1054 1054 1055 1055 1056 1056 1057 1057 1056 1056 1055 1055 1056 1056 1057 1057 1058 1058 1059 1059 1058 1058 1057 1057 1058 1058 1059 1059 1060 1060 1061 1061 1060 1060 1059 1059 1060 1060 1061 1061 1062 1062 1063 1063 1062 1062 1061 1061 1062 1062 1063 1063 1064 1064 1065 1065 1064 1064 1063 1063 1064 1064 1065 1065 1066 1066 1067 1067 1066 1066 1065 1065 1066 1066 1067 1067 1068 1068 1069 1069 1068 1068 1067 1067 1068 1068 1069 1069 1070 1070 1071 1071 1070 1070 1069 1069 1070 1070 1071 1071 1072 1072 1073 1073 1072 1072 1071 1071 1072 1072 1073 1073 1074 1074 1075 1075 1074 1074 1073 1073 1074 1074 1075 1075 1076 1076 1077 1077 1076 1076 1075 1075 1076 1076 1077 1077 1078 1078 1079 1079 1078 1078 1077 1077 1078 1078 1079 1079 1080 1080 1081 1081 1080 1080 1079 1079 1080 1080 1081 1081 1082 1082 1083 1083 1082 1082 1081 1081 1082 1082 1083 1083 1084 1084 1085 1085 1084 1084 1083 1083 1084 1084 1085 1085 1086 1086 1087 1087 1086 1086 1085 1085 1086 1086 1087 1087 1088 1088 1089 1089 1088 1088 1087 1087 1088 1088 1089 1089 1090 1090 1091 1091 1090 1090 1089 1089 1090 1090 1091 1091 1092 1092 1093 1093 1092 1092 1091 1091 1092 1092 1093 1093 1094 1094 1095 1095 1094 1094 1093 1093 1094 1094 1095 1095 1096 1096 1097 1097 1096 1096 1095 1095 1096 1096 1097 1097 1098 1098 1099 1099 1098 1098 1097 1097 1098 1098 1099 1099 1100 1100 1101 1101 1100 1100 1099 1099 1100 1100 1101 1101 1102 1102 1103 1103 1102 1102 1101 1101 1102 1102 1103 1103 1104 1104 1105 1105 1104 1104 1103 1103 1104 1104 1105 1105 1106 1106 1107 1107 1106 1106 1105 1105 1106 1106 1107 1107 1108 1108 1109 1109 1108 1108 1107 1107 1108 1108 1109 1109 1110 1110 1111 1111 1110 1110 1109 1109 1110 1110 1111 1111 1112 1112 1113 1113 1112 1112 1111 1111 1112 1112 1113 1113 1114 1114 1115 1115 1114 1114 1113 1113 1114 1114 1115 1115 1116 1116 1117 1117 1116 1116 1115 1115 1116 1116 1117 1117 1118 1118 1119 1119 1118 1118 1117 1117 1118 1118 1119 1119 1120 1120 1121 1121 1120 1120 1119 1119 1120 1120 1121 1121 1122 1122 1123 1123 1122 1122 1121 1121 1122 1122 1123 1123 1124 1124 1125 1125 1124 1124 1123 1123 1124 1124 1125 1125 1126 1126 1127 1127 1126 1126 1125 1125 1126 1126 1127 1127 1128 1128 1129 1129 1128 1128 1127 1127 1128 1128 1129 1129 1130 1130 1131 1131 1130 1130 1129 1129 1130 1130 1131 1131 1132 1132 1133 1133 1132 1132 1131 1131 1132 1132 1133 1133 1134 1134 1135 1135 1134 1134 1133 1133 1134 1134 1135 1135 1136 1136 1137 1137 1136 1136 1135 1135 1136 1136 1137 1137 1026 1026 1027 1027 1026 1026 1137 1137 1138 1138 1139 1139 1140 1140 1141 1141 1140 1140 1139 1139 1140 1140 1141 1141 1142 1142 1143 1143 1142 1142 1141 1141 1142 1142 1143 1143 1144 1144 1145 1145 1144 1144 1143 1143 1144 1144 1145 1145 1146 1146 1147 1147 1146 1146 1145 1145 1146 1146 1147 1147 1148 1148 1149 1149 1148 1148 1147 1147 1148 1148 1149 1149 1150 1150 1151 1151 1150 1150 1149 1149 1150 1150 1151 1151 1152 1152 1153 1153 1152 1152 1151 1151 1152 1152 1153 1153 1154 1154 1155 1155 1154 1154 1153 1153 1154 1154 1155 1155 1156 1156 1157 1157 1156 1156 1155 1155 1156 1156 1157 1157 1158 1158 1159 1159 1158 1158 1157 1157 1158 1158 1159 1159 1160 1160 1161 1161 1160 1160 1159 1159 1160 1160 1161 1161 1162 1162 1163 1163 1162 1162 1161 1161 1162 1162 1163 1163 1164 1164 1165 1165 1164 1164 1163 1163 1164 1164 1165 1165 1166 1166 1167 1167 1166 1166 1165 1165 1166 1166 1167 1167 1168 1168 1169 1169 1168 1168 1167 1167 1168 1168 1169 1169 1170 1170 1171 1171 1170 1170 1169 1169 1170 1170 1171 1171 1172 1172 1173 1173 1172 1172 1171 1171 1172 1172 1173 1173 1174 1174 1175 1175 1174 1174 1173 1173 1174 1174 1175 1175 1176 1176 1177 1177 1176 1176 1175 1175 1176 1176 1177 1177 1178 1178 1179 1179 1178 1178 1177 1177 1178 1178 1179 1179 1180 1180 1181 1181 1180 1180 1179 1179 1180 1180 1181 1181 1182 1182 1183 1183 1182 1182 1181 1181 1182 1182 1183 1183 1184 1184 1185 1185 1184 1184 1183 1183 1184 1184 1185 1185 1186 1186 1187 1187 1186 1186 1185 1185 1186 1186 1187 1187 1188 1188 1189 1189 1188 1188 1187 1187 1188 1188 1189 1189 1190 1190 1191 1191 1190 1190 1189 1189 1190 1190 1191 1191 1192 1192 1193 1193 1192 1192 1191 1191 1192 1192 1193 1193 1194 1194 1195 1195 1194 1194 1193 1193 1194 1194 1195 1195 1196 1196 1197 1197 1196 1196 1195 1195 1196 1196 1197 1197 1198 1198 1199 1199 1198 1198 1197 1197 1198 1198 1199 1199 1200 1200 1201 1201 1200 1200 1199 1199 1200 1200 1201 1201 1202 1202 1203 1203 1202 1202 1201 1201 1202 1202 1203 1203 1204 1204 1205 1205 1204 1204 1203 1203 1204 1204 1205 1205 1206 1206 1207 1207 1206 1206 1205 1205 1206 1206 1207 1207 1208 1208 1209 1209 1208 1208 1207 1207 1208 1208 1209 1209 1210 1210 1211 1211 1210 1210 1209 1209 1210 1210 1211 1211 1212 1212 1213 1213 1212 1212 1211 1211 1212 1212 1213 1213 1214 1214 1215 1215 1214 1214 1213 1213 1214 1214 1215 1215 1216 1216 1217 1217 1216 1216 1215 1215 1216 1216 1217 1217 1218 1218 1219 1219 1218 1218 1217 1217 1218 1218 1219 1219 1220 1220 1221 1221 1220 1220 1219 1219 1220 1220 1221 1221 1222 1222 1223 1223 1222 1222 1221 1221 1222 1222 1223 1223 1224 1224 1225 1225 1224 1224 1223 1223 1224 1224 1225 1225 1226 1226 1227 1227 1226 1226 1225 1225 1226 1226 1227 1227 1228 1228 1229 1229 1228 1228 1227 1227 1228 1228 1229 1229 1230 1230 1231 1231 1230 1230 1229 1229 1230 1230 1231 1231 1232 1232 1233 1233 1232 1232 1231 1231 1232 1232 1233 1233 1234 1234 1235 1235 1234 1234 1233 1233 1234 1234 1235 1235 1236 1236 1237 1237 1236 1236 1235 1235 1236 1236 1237 1237 1238 1238 1239 1239 1238 1238 1237 1237 1238 1238 1239 1239 1240 1240 1241 1241 1240 1240 1239 1239 1240 1240 1241 1241 1242 1242 1243 1243 1242 1242 1241 1241 1242 1242 1243 1243 1244 1244 1245 1245 1244 1244 1243 1243 1244 1244 1245 1245 1246 1246 1247 1247 1246 1246 1245 1245 1246 1246 1247 1247 1248 1248 1249 1249 1248 1248 1247 1247 1248 1248 1249 1249 1138 1138 1139 1139 1138 1138 1249 1249 1027 1027 1138 1138 1029 1029 1140 1140 1029 1029 1138 1138 1029 1029 1140 1140 1031 1031 1142 1142 1031 1031 1140 1140 1031 1031 1142 1142 1033 1033 1144 1144 1033 1033 1142 1142 1033 1033 1144 1144 1035 1035 1146 1146 1035 1035 1144 1144 1035 1035 1146 1146 1037 1037 1148 1148 1037 1037 1146 1146 1037 1037 1148 1148 1039 1039 1150 1150 1039 1039 1148 1148 1039 1039 1150 1150 1041 1041 1152 1152 1041 1041 1150 1150 1041 1041 1152 1152 1043 1043 1154 1154 1043 1043 1152 1152 1043 1043 1154 1154 1045 1045 1156 1156 1045 1045 1154 1154 1045 1045 1156 1156 1047 1047 1158 1158 1047 1047 1156 1156 1047 1047 1158 1158 1049 1049 1160 1160 1049 1049 1158 1158 1049 1049 1160 1160 1051 1051 1162 1162 1051 1051 1160 1160 1051 1051 1162 1162 1053 1053 1164 1164 1053 1053 1162 1162 1053 1053 1164 1164 1055 1055 1166 1166 1055 1055 1164 1164 1055 1055 1166 1166 1057 1057 1168 1168 1057 1057 1166 1166 1057 1057 1168 1168 1059 1059 1170 1170 1059 1059 1168 1168 1059 1059 1170 1170 1061 1061 1172 1172 1061 1061 1170 1170 1061 1061 1172 1172 1063 1063 1174 1174 1063 1063 1172 1172 1063 1063 1174 1174 1065 1065 1176 1176 1065 1065 1174 1174 1065 1065 1176 1176 1067 1067 1178 1178 1067 1067 1176 1176 1067 1067 1178 1178 1069 1069 1180 1180 1069 1069 1178 1178 1069 1069 1180 1180 1071 1071 1182 1182 1071 1071 1180 1180 1071 1071 1182 1182 1073 1073 1184 1184 1073 1073 1182 1182 1073 1073 1184 1184 1075 1075 1186 1186 1075 1075 1184 1184 1075 1075 1186 1186 1077 1077 1188 1188 1077 1077 1186 1186 1077 1077 1188 1188 1079 1079 1190 1190 1079 1079 1188 1188 1079 1079 1190 1190 1081 1081 1192 1192 1081 1081 1190 1190 1081 1081 1192 1192 1083 1083 1194 1194 1083 1083 1192 1192 1083 1083 1194 1194 1085 1085 1196 1196 1085 1085 1194 1194 1085 1085 1196 1196 1087 1087 1198 1198 1087 1087 1196 1196 1087 1087 1198 1198 1089 1089 1200 1200 1089 1089 1198 1198 1089 1089 1200 1200 1091 1091 1202 1202 1091 1091 1200 1200 1091 1091 1202 1202 1093 1093 1204 1204 1093 1093 1202 1202 1093 1093 1204 1204 1095 1095 1206 1206 1095 1095 1204 1204 1095 1095 1206 1206 1097 1097 1208 1208 1097 1097 1206 1206 1097 1097 1208 1208 1099 1099 1210 1210 1099 1099 1208 1208 1099 1099 1210 1210 1101 1101 1212 1212 1101 1101 1210 1210 1101 1101 1212 1212 1103 1103 1214 1214 1103 1103 1212 1212 1103 1103 1214 1214 1105 1105 1216 1216 1105 1105 1214 1214 1105 1105 1216 1216 1107 1107 1218 1218 1107 1107 1216 1216 1107 1107 1218 1218 1109 1109 1220 1220 1109 1109 1218 1218 1109 1109 1220 1220 1111 1111 1222 1222 1111 1111 1220 1220 1111 1111 1222 1222 1113 1113 1224 1224 1113 1113 1222 1222 1113 1113 1224 1224 1115 1115 1226 1226 1115 1115 1224 1224 1115 1115 1226 1226 1117 1117 1228 1228 1117 1117 1226 1226 1117 1117 1228 1228 1119 1119 1230 1230 1119 1119 1228 1228 1119 1119 1230 1230 1121 1121 1232 1232 1121 1121 1230 1230 1121 1121 1232 1232 1123 1123 1234 1234 1123 1123 1232 1232 1123 1123 1234 1234 1125 1125 1236 1236 1125 1125 1234 1234 1125 1125 1236 1236 1127 1127 1238 1238 1127 1127 1236 1236 1127 1127 1238 1238 1129 1129 1240 1240 1129 1129 1238 1238 1129 1129 1240 1240 1131 1131 1242 1242 1131 1131 1240 1240 1131 1131 1242 1242 1133 1133 1244 1244 1133 1133 1242 1242 1133 1133 1244 1244 1135 1135 1246 1246 1135 1135 1244 1244 1135 1135 1246 1246 1137 1137 1248 1248 1137 1137 1246 1246 1137 1137 1248 1248 1027 1027 1138 1138 1027 1027 1248 1248 1019 1019 1026 1026 1017 1017 1028 1028 1017 1017 1026 1026 1017 1017 1028 1028 1016 1016 1030 1030 1016 1016 1028 1028 1016 1016 1030 1030 1012 1012 1032 1032 1012 1012 1030 1030 1012 1012 1032 1032 1013 1013 1034 1034 1013 1013 1032 1032 1013 1013 1034 1034 1015 1015 1036 1036 1015 1015 1034 1034 1015 1015 1036 1036 1011 1011 1038 1038 1011 1011 1036 1036 1011 1011 1038 1038 143 143 1040 1040 143 143 1038 1038 143 143 1040 1040 144 144 1042 1042 144 144 1040 1040 144 144 1042 1042 1003 1003 1044 1044 1003 1003 1042 1042 1003 1003 1044 1044 1004 1004 1046 1046 1004 1004 1044 1044 1004 1004 1046 1046 1010 1010 1048 1048 1010 1010 1046 1046 1010 1010 1048 1048 1009 1009 1050 1050 1009 1009 1048 1048 1009 1009 1050 1050 1008 1008 1052 1052 1008 1008 1050 1050 1008 1008 1052 1052 1007 1007 1054 1054 1007 1007 1052 1052 1007 1007 1054 1054 1006 1006 1056 1056 1006 1006 1054 1054 1006 1006 1056 1056 1005 1005 1058 1058 1005 1005 1056 1056 1005 1005 1058 1058 932 932 1060 1060 932 932 1058 1058 932 932 1060 1060 933 933 1062 1062 933 933 1060 1060 933 933 1062 1062 935 935 1064 1064 935 935 1062 1062 935 935 1064 1064 931 931 1066 1066 931 931 1064 1064 931 931 1066 1066 163 163 1068 1068 163 163 1066 1066 163 163 1068 1068 164 164 1070 1070 164 164 1068 1068 164 164 1070 1070 923 923 1072 1072 923 923 1070 1070 923 923 1072 1072 924 924 1074 1074 924 924 1072 1072 924 924 1074 1074 930 930 1076 1076 930 930 1074 1074 930 930 1076 1076 929 929 1078 1078 929 929 1076 1076 929 929 1078 1078 928 928 1080 1080 928 928 1078 1078 928 928 1080 1080 927 927 1082 1082 927 927 1080 1080 927 927 1082 1082 926 926 1084 1084 926 926 1082 1082 926 926 1084 1084 925 925 1086 1086 925 925 1084 1084 925 925 1086 1086 859 859 1088 1088 859 859 1086 1086 859 859 1088 1088 860 860 1090 1090 860 860 1088 1088 860 860 1090 1090 862 862 1092 1092 862 862 1090 1090 862 862 1092 1092 836 836 1094 1094 836 836 1092 1092 836 836 1094 1094 835 835 1096 1096 835 835 1094 1094 835 835 1096 1096 834 834 1098 1098 834 834 1096 1096 834 834 1098 1098 833 833 1100 1100 833 833 1098 1098 833 833 1100 1100 832 832 1102 1102 832 832 1100 1100 832 832 1102 1102 831 831 1104 1104 831 831 1102 1102 831 831 1104 1104 830 830 1106 1106 830 830 1104 1104 830 830 1106 1106 829 829 1108 1108 829 829 1106 1106 829 829 1108 1108 828 828 1110 1110 828 828 1108 1108 828 828 1110 1110 827 827 1112 1112 827 827 1110 1110 827 827 1112 1112 826 826 1114 1114 826 826 1112 1112 826 826 1114 1114 789 789 1116 1116 789 789 1114 1114 789 789 1116 1116 790 790 1118 1118 790 790 1116 1116 790 790 1118 1118 792 792 1120 1120 792 792 1118 1118 792 792 1120 1120 766 766 1122 1122 766 766 1120 1120 766 766 1122 1122 220 220 1124 1124 220 220 1122 1122 220 220 1124 1124 221 221 1126 1126 221 221 1124 1124 221 221 1126 1126 764 764 1128 1128 764 764 1126 1126 764 764 1128 1128 765 765 1130 1130 765 765 1128 1128 765 765 1130 1130 1025 1025 1132 1132 1025 1025 1130 1130 1025 1025 1132 1132 1023 1023 1134 1134 1023 1023 1132 1132 1023 1023 1134 1134 1021 1021 1136 1136 1021 1021 1134 1134 1021 1021 1136 1136 1019 1019 1026 1026 1019 1019 1136 1136 1139 1139 512 512 1141 1141 505 505 1141 1141 512 512 1141 1141 505 505 1143 1143 499 499 1143 1143 505 505 1143 1143 499 499 1145 1145 395 395 1145 1145 499 499 1145 1145 395 395 1147 1147 394 394 1147 1147 395 395 1147 1147 394 394 1149 1149 342 342 1149 1149 394 394 1149 1149 342 342 1151 1151 341 341 1151 1151 342 342 1151 1151 341 341 1153 1153 369 369 1153 1153 341 341 1153 1153 369 369 1155 1155 473 473 1155 1155 369 369 1155 1155 473 473 1157 1157 471 471 1157 1157 473 473 1157 1157 471 471 1159 1159 469 469 1159 1159 471 471 1159 1159 469 469 1161 1161 467 467 1161 1161 469 469 1161 1161 467 467 1163 1163 465 465 1163 1163 467 467 1163 1163 465 465 1165 1165 463 463 1165 1165 465 465 1165 1165 463 463 1167 1167 461 461 1167 1167 463 463 1167 1167 461 461 1169 1169 459 459 1169 1169 461 461 1169 1169 459 459 1171 1171 457 457 1171 1171 459 459 1171 1171 457 457 1173 1173 455 455 1173 1173 457 457 1173 1173 455 455 1175 1175 453 453 1175 1175 455 455 1175 1175 453 453 1177 1177 451 451 1177 1177 453 453 1177 1177 451 451 1179 1179 449 449 1179 1179 451 451 1179 1179 449 449 1181 1181 447 447 1181 1181 449 449 1181 1181 447 447 1183 1183 445 445 1183 1183 447 447 1183 1183 445 445 1185 1185 443 443 1185 1185 445 445 1185 1185 443 443 1187 1187 441 441 1187 1187 443 443 1187 1187 441 441 1189 1189 439 439 1189 1189 441 441 1189 1189 439 439 1191 1191 437 437 1191 1191 439 439 1191 1191 437 437 1193 1193 435 435 1193 1193 437 437 1193 1193 435 435 1195 1195 433 433 1195 1195 435 435 1195 1195 433 433 1197 1197 431 431 1197 1197 433 433 1197 1197 431 431 1199 1199 241 241 1199 1199 431 431 1199 1199 241 241 1201 1201 240 240 1201 1201 241 241 1201 1201 240 240 1203 1203 244 244 1203 1203 240 240 1203 1203 244 244 1205 1205 243 243 1205 1205 244 244 1205 1205 243 243 1207 1207 247 247 1207 1207 243 243 1207 1207 247 247 1209 1209 246 246 1209 1209 247 247 1209 1209 246 246 1211 1211 253 253 1211 1211 246 246 1211 1211 253 253 1213 1213 252 252 1213 1213 253 253 1213 1213 252 252 1215 1215 250 250 1215 1215 252 252 1215 1215 250 250 1217 1217 249 249 1217 1217 250 250 1217 1217 249 249 1219 1219 428 428 1219 1219 249 249 1219 1219 428 428 1221 1221 427 427 1221 1221 428 428 1221 1221 427 427 1223 1223 558 558 1223 1223 427 427 1223 1223 558 558 1225 1225 408 408 1225 1225 558 558 1225 1225 408 408 1227 1227 256 256 1227 1227 408 408 1227 1227 256 256 1229 1229 255 255 1229 1229 256 256 1229 1229 255 255 1231 1231 259 259 1231 1231 255 255 1231 1231 259 259 1233 1233 258 258 1233 1233 259 259 1233 1233 258 258 1235 1235 413 413 1235 1235 258 258 1235 1235 413 413 1237 1237 406 406 1237 1237 413 413 1237 1237 406 406 1239 1239 262 262 1239 1239 406 406 1239 1239 262 262 1241 1241 261 261 1241 1241 262 262 1241 1241 261 261 1243 1243 549 549 1243 1243 261 261 1243 1243 549 549 1245 1245 526 526 1245 1245 549 549 1245 1245 526 526 1247 1247 525 525 1247 1247 526 526 1247 1247 525 525 1249 1249 513 513 1249 1249 525 525 1249 1249 513 513 1139 1139 512 512 1139 1139 513 513</p>
        </triangles>
      </mesh>
    </geometry>
  </library_geometries>
  <library_materials>
    <material id="6c334b0c28aa48fe8416c0170c70505a" name="defaultmaterial">
      <instance_effect url="#670c7e20609c4d0e88c4ac1812eee87b"/>
    </material>
  </library_materials>
  <library_visual_scenes>
    <visual_scene id="scene">
      <node id="node0" name="node0">
        <instance_geometry url="#50cbb2625ebd4f08a49ae3ccfaf2f233">
          <bind_material>
            <technique_common>
              <instance_material symbol="material0" target="#6c334b0c28aa48fe8416c0170c70505a"/>
            </technique_common>
          </bind_material>
        </instance_geometry>
      </node>
    </visual_scene>
  </library_visual_scenes>
  <scene>
    <instance_visual_scene url="#scene"/>
  </scene>
</COLLADA>
