<COLLADA xmlns="http://www.collada.org/2005/11/COLLADASchema" version="1.4.1">
  <asset>
    <created>2026-09-27T19:05:54.561279</created>
    <modified>2026-09-27T19:05:54.561279</modified>
    <up_axis>Y_UP</up_axis>
  </asset>
  <library_effects>
    <effect id="e567c0057f6f4a2e8a32e2f7cad56e05" name="e567c0057f6f4a2e8a32e2f7cad56e05">
      <profile_COMMON>
        <technique sid="common">
          <phong>
            <emission>
              <color>0.0 0.0 0.0 1.0</color>
            </emission>
            <ambient>
              <color>0.0 0.0 0.0 1.0</color>
            </ambient>
            <diffuse>
              <color>0.8941176470588236 0.8941176470588236 0.8941176470588236 1.0</color>
            </diffuse>
            <specular>
              <color>0.0 0.0 0.0 1.0</color>
            </specular>
            <shininess>
              <float>0.0</float>
            </shininess>
            <reflective>
              <color>0.0 0.0 0.0 1.0</color>
            </reflective>
            <reflectivity>
              <float>0.0</float>
            </reflectivity>
            <transparent>
              <color>0.0 0.0 0.0 1.0</color>
            </transparent>
            <transparency>
              <float>1.0</float>
            </transparency>
          </phong>
        </technique>
        <extra>
          <technique profile="GOOGLEEARTH">
            <double_sided>0</double_sided>
          </technique>
        </extra>
      </profile_COMMON>
    </effect>
  </library_effects>
  <library_geometries>
    <geometry id="3a1bc4ea628d4a93b25ab73841b29769" name="aba1656eb50340b19a16f804f2065d0a">
      <mesh>
        <source id="verts-array">
          <float_array count="3645" id="verts-array-array">3.630901e-05 0.001349519 -0.006512811 5.446351e-05 0.002054455 -0.006519357 5.446351e-05 0.002175161 0.006480083 3.630901e-05 0.001470225 0.006486628 -0.0001673345 -0.00648447 0.001470672 -0.0001673345 -0.006497566 6.033296e-05 -3.630901e-05 -0.001470225 -0.006486628 1.237858e-14 -6.035296e-05 -0.00649972 -0.0001673345 -0.006517209 -0.002055176 -0.0001673345 -0.006510661 -0.001350006 -1.23786e-14 6.035296e-05 0.00649972 -3.630901e-05 -0.001349519 0.006512811 -5.446351e-05 -0.002054455 0.006519357 0.0001673345 0.00648447 -0.001470672 0.0001673345 0.006497566 -6.033296e-05 0.0001673345 0.006510661 0.001350006 0.0001662731 0.006427831 -0.003131428 0.0001670011 0.006458432 -0.002880541 6.435941e-05 0.002438711 -0.006522925 0.0001673345 0.006474353 -0.002560225 0.0001673345 0.006477922 -0.002175842 -7.907481e-05 -0.00313043 -0.006429981 -7.2609e-05 -0.002879626 -0.006460591 -0.0001673345 -0.006520778 -0.002439559 -6.435941e-05 -0.002559417 -0.006476515 -5.446351e-05 -0.002175161 -0.006480083 0.0001321433 0.005079925 -0.005558647 0.0001371762 0.005277049 -0.00537775 7.911059e-05 0.003011881 -0.006486815 7.2609e-05 0.002759161 -0.00651295 0.0001673345 0.006517209 0.002055176 0.0001673345 0.006520778 0.002439559 6.435941e-05 0.002559417 0.006476515 -6.435941e-05 -0.002438711 0.006522925 -0.0001673345 -0.006474353 0.002560225 -0.0001673345 -0.006477922 0.002175842 -0.0001418801 -0.005556836 -0.005081643 -0.0001371762 -0.005376 -0.005278831 -0.0001662679 -0.006484684 -0.003012919 -0.0001670011 -0.006510809 -0.002760116 0.0001418801 0.005461515 -0.005183954 0.0001507959 0.005811979 -0.004728088 -0.0001662731 -0.006427831 0.003131428 -0.0001670011 -0.006458432 0.002880541 -0.0001371762 -0.005277049 0.00537775 -0.0001321433 -0.005079925 0.005558647 -0.0001321433 -0.00518227 -0.005463358 -0.0001203243 -0.004726557 -0.005813934 0.0001203637 0.00461932 -0.005899725 9.351577e-05 0.003572367 -0.006369714 0.0001073752 0.004112399 -0.00617288 7.907481e-05 0.00313043 0.006429981 7.2609e-05 0.002879626 0.006460591 0.0001371762 0.005376 0.005278831 0.0001418801 0.005556836 0.005081643 -0.0001507704 -0.005897798 -0.004620888 -0.0001631194 -0.006367626 -0.00357359 -0.0001579233 -0.00617086 -0.0041138 0.0001579081 0.006092804 -0.004228954 0.000163121 0.00630023 -0.003691037 -0.0001074081 -0.004227591 -0.006094849 -9.351114e-05 -0.003689853 -0.006302341 -7.2609e-05 -0.002759161 0.00651295 -7.911059e-05 -0.003011881 0.006486815 -9.351577e-05 -0.003572367 0.006369714 -0.0001418801 -0.005461515 0.005183954 -0.0001507959 -0.005811979 0.004728088 -0.000163121 -0.00630023 0.003691037 -0.0001579081 -0.006092804 0.004228954 0.0001670011 0.006510809 0.002760116 0.0001662679 0.006484684 0.003012919 0.0001631194 0.006367626 0.00357359 0.0001321433 0.00518227 0.005463358 0.0001203243 0.004726557 0.005813934 9.351114e-05 0.003689853 0.006302341 0.0001074081 0.004227591 0.006094849 -0.0001073752 -0.004112399 0.00617288 -0.0001203637 -0.00461932 0.005899725 0.0001579233 0.00617086 0.0041138 0.0001507704 0.005897798 0.004620888 -0.01997911 0.0003113022 -2.890588e-06 -0.01999337 0.0005148531 -4.780654e-06 -0.0199791 0.0003108887 -9.102955e-05 -0.0001507704 -0.005897798 -0.004620888 -0.0001579233 -0.00617086 -0.0041138 -0.002569055 -0.005719977 -0.003863616 0.0001203637 0.00461932 -0.005899725 0.0001073752 0.004112399 -0.00617288 -0.00232025 0.003924067 -0.005784795 -0.01044488 0.004129356 0.003446367 -0.0104491 0.003967498 0.003626668 -0.008644218 0.004257248 0.003957032 -0.008649239 0.004063928 0.004137274 -0.008660393 0.003633616 0.004443493 -0.008654646 0.003855488 0.004299827 -0.01045865 0.003599223 0.003940901 -0.0104537 0.003790294 0.0037919 0.0001507704 0.005897798 0.004620888 0.0001579233 0.00617086 0.0041138 -0.002273099 0.005844668 0.003862458 -0.01063311 -0.003176216 0.003856588 -0.01063771 -0.003356458 0.003694674 -0.008849982 -0.003732538 0.004031221 -0.008854576 -0.003912722 0.003837835 -0.008862356 -0.004218842 0.003407379 -0.008858711 -0.004075222 0.003629325 -0.01064571 -0.003670589 0.003326275 -0.01064192 -0.003521637 0.00351741 -0.0001203637 -0.00461932 0.005899725 -0.0001073752 -0.004112399 0.00617288 -0.002521904 -0.003799376 0.005783637 -0.01997388 0.0005162372 0.0001983403 -0.01997615 0.0004281274 0.0001987534 -0.01996866 0.0007178136 8.147756e-05 -0.01990486 0.0009197685 0.0001677451 -0.01990484 0.0009189405 -8.532796e-06 -0.01997161 0.0006043394 0.0001971172 -0.0192837 0.0007724206 0.00121163 -0.0192905 0.0005080696 0.001214085 -0.01903669 0.0005034197 0.001417267 -0.0199791 0.0003125254 8.524085e-05 -0.01614271 0.001367939 0.002831171 -0.01613477 0.001676147 0.002822639 -0.01715458 0.001522313 0.002418609 -0.01615066 0.00105953 0.002834034 -0.01616654 0.0004427121 0.002839762 -0.01499503 0.0004163163 0.003246274 -0.01807944 -0.001014482 0.001815928 -0.01807453 -0.0008226654 0.001923761 -0.01877067 -0.0005471216 0.001537976 -0.01620613 -0.001094974 0.002796737 -0.01621359 -0.001385831 0.002695434 -0.0150488 -0.001673443 0.003081331 -0.01997816 0.0003463514 -0.0001697392 -0.01997724 0.000382069 -0.00019516 -0.01997881 0.0003216067 -0.0001335439 -0.01997615 0.0004243629 -0.0002066691 -0.01997388 0.0005124651 -0.0002078922 -0.01997161 0.0006005749 -0.0002083054 -0.01930747 -0.0001731139 -0.001192634 -0.01930412 -4.31761e-05 -0.001215972 -0.01905257 -0.0001397004 -0.001417804 -0.01809216 -0.001535198 -0.001084172 -0.01809311 -0.001570049 -0.0008668493 -0.01878554 -0.001145025 -0.0006945103 -0.01507701 -0.002813495 -0.001731351 -0.01507853 -0.002869269 -0.001383638 -0.0162396 -0.002432167 -0.001211419 -0.01623827 -0.002383377 -0.001515666 -0.0162356 -0.002282108 -0.001806618 -0.01507395 -0.002697767 -0.00206387 -0.01996959 0.0006792587 -0.0001728304 -0.01996895 0.0007046712 -0.0001371008 -0.01997052 0.0006430752 -0.0001975835 -0.01996866 0.0007161768 -9.479284e-05 -0.01996865 0.0007174001 -6.661398e-06 -0.01990486 0.000916495 -0.0001847957 -0.01900008 0.001911565 -1.774978e-05 -0.01870195 0.002107066 -1.95651e-05 -0.01870195 0.002103792 -0.0003721499 -0.01494979 0.002113313 -0.00320427 -0.01495872 0.001765715 -0.003260065 -0.01613477 0.001623444 -0.002853277 -0.01612695 0.001927589 -0.002804469 -0.01611949 0.002218446 -0.002703165 -0.01494125 0.002445723 -0.003088502 -0.01798863 0.002490972 -0.0004638979 -0.01493339 0.002752627 -0.002915974 -0.01611261 0.002486981 -0.002552202 -0.01492644 0.003024664 -0.00269246 -0.01610653 0.002725019 -0.002356634 -0.01492062 0.003253117 -0.00242453 -0.01610143 0.002924909 -0.002122189 -0.01491611 0.003431257 -0.002120781 -0.01609748 0.003080782 -0.001856415 -0.01491305 0.00355314 -0.001790468 -0.01609481 0.003187436 -0.001567393 -0.01491153 0.003615361 -0.001443851 -0.01609348 0.003241867 -0.001264105 -0.01491136 0.003625101 -0.001091506 -0.01609333 0.003250399 -0.0009557954 -0.01491136 0.003628375 -0.0007389206 -0.01614271 0.001315131 -0.002856084 -0.0149678 0.001413367 -0.003263264 -0.01615066 0.001006721 -0.00285322 -0.01497687 0.001060898 -0.003259991 -0.01616654 0.0003899032 -0.002847493 -0.01711905 0.002874128 -0.0005556094 -0.01711918 0.00286436 -0.001084313 -0.01712032 0.002817699 -0.00134427 -0.01712261 0.002726285 -0.001592012 -0.017126 0.002592687 -0.001819812 -0.01713036 0.00242134 -0.002020759 -0.01713558 0.002217312 -0.002188402 -0.01714147 0.001987147 -0.002317791 -0.01714787 0.001737832 -0.00240462 -0.01715458 0.001477139 -0.002446461 -0.01716819 0.0009485205 -0.002446413 -0.0171818 0.0004198195 -0.002441503 -0.01719542 -0.0001088814 -0.002436594 -0.01801823 0.001326812 -0.002039607 -0.01872563 0.001172465 -0.001632717 -0.01801264 0.001544064 -0.002004743 -0.01872116 0.001346264 -0.001604819 -0.01800731 0.001751816 -0.001932389 -0.0187169 0.001512471 -0.00154694 -0.0180024 0.001943632 -0.001824555 -0.01871297 0.001665918 -0.001460681 -0.01799805 0.00211365 -0.001684858 -0.01870949 0.001801937 -0.001348919 -0.01799441 0.002256435 -0.001517407 -0.01870658 0.001916168 -0.001214954 -0.01799159 0.002367776 -0.001327562 -0.01870432 0.002005233 -0.001063085 -0.01798968 0.002443951 -0.001121121 -0.0187028 0.00206617 -0.0008979252 -0.01798873 0.002482832 -0.0009044823 -0.01870204 0.00209728 -0.0007246166 -0.01925913 0.001715047 -1.592502e-05 -0.01900008 0.0019087 -0.0003262615 -0.01900216 0.00182245 -0.0009308267 -0.01926091 0.00163867 -0.0007985626 -0.01900082 0.001875777 -0.0007863146 -0.01925976 0.001684377 -0.0006746946 -0.01900016 0.001902997 -0.0006346698 -0.01925919 0.001707708 -0.0005447137 -0.01925913 0.001712592 -0.0002803636 -0.01948057 0.001453881 -0.0006662891 -0.01947961 0.00149197 -0.0005630653 -0.01947914 0.001511411 -0.0004547482 -0.01966383 0.001166439 -0.0006769236 -0.01980477 0.00100505 -0.0005089019 -0.01980283 0.001081287 -0.0004017131 -0.01980194 0.001119474 -1.039485e-05 -0.0196601 0.001314112 -0.0003647734 -0.01980197 0.001115806 -0.0002747892 -0.01966048 0.001298558 -0.0004514277 -0.01966124 0.001268087 -0.0005340063 -0.01948198 0.001398214 -0.0007612083 -0.0194838 0.001326822 -0.0008449371 -0.0192626 0.001571871 -0.0009124653 -0.01980755 0.0008964997 -0.0005831602 -0.01966753 0.001021706 -0.0007759341 -0.01948597 0.001241809 -0.0009147857 -0.01926478 0.0014862 -0.00101294 -0.01900414 0.001744518 -0.001063714 -0.01900668 0.001644568 -0.001180931 -0.01926739 0.001384184 -0.00109676 -0.01948843 0.001145904 -0.0009686996 -0.01966966 0.0009386029 -0.0008048767 -0.01981082 0.0007689987 -0.0006153277 -0.01873471 0.0008200545 -0.001632685 -0.01802957 0.0008862988 -0.002039567 -0.01874379 0.0004675866 -0.001629412 -0.01804092 0.0004457148 -0.002035476 -0.01875286 0.0001151186 -0.001626139 -0.01506944 -0.002525298 -0.002370875 -0.01623165 -0.002131197 -0.002075241 -0.01506362 -0.00230186 -0.002643001 -0.01622655 -0.001935695 -0.002313357 -0.01505666 -0.00203402 -0.002871528 -0.01622047 -0.00170133 -0.002513311 -0.0150488 -0.001730373 -0.003049725 -0.01621359 -0.001435645 -0.002669235 -0.01504027 -0.00140017 -0.003171646 -0.01620613 -0.001146719 -0.002775922 -0.01503133 -0.001053668 -0.003233886 -0.01619831 -0.000843532 -0.00283037 -0.01502226 -0.0007014405 -0.003243627 -0.01619037 -0.0005353241 -0.002838902 -0.01501318 -0.0003489715 -0.0032469 -0.01618243 -0.0002269147 -0.002841766 -0.01499503 0.0003559634 -0.003253445 -0.01623975 -0.002434971 -0.000903004 -0.0150787 -0.002872465 -0.001031173 -0.01623975 -0.002432107 -0.0005944923 -0.0150787 -0.002869191 -0.0006785876 -0.01623975 -0.002426377 2.253006e-05 -0.01720903 -0.0006374092 -0.002426826 -0.01721574 -0.0008972807 -0.002380151 -0.01722213 -0.00114494 -0.002288708 -0.01722803 -0.001372663 -0.002155068 -0.01723324 -0.001573543 -0.001983665 -0.01723761 -0.001741129 -0.00177957 -0.01724099 -0.001870473 -0.001549329 -0.01724329 -0.001957272 -0.001299933 -0.01724443 -0.001999098 -0.001039153 -0.01724455 -0.001999046 -0.0005103597 -0.01724455 -0.001994135 1.851649e-05 -0.01724455 -0.001989224 0.0005473927 -0.01902081 0.001093783 -0.001429257 -0.01902875 0.0007854246 -0.001429234 -0.01903669 0.0004770151 -0.001426371 -0.01904463 0.0001686057 -0.001423507 -0.0190169 0.001245857 -0.001404848 -0.01927689 0.001014096 -0.001225789 -0.0192837 0.0007497882 -0.001225765 -0.0192905 0.0004854373 -0.00122331 -0.01929731 0.0002210863 -0.001220855 -0.01901316 0.001391287 -0.001354197 -0.01927354 0.001144444 -0.001204868 -0.01949389 0.0009334016 -0.001022311 -0.01950523 0.0004928529 -0.00102024 -0.01951658 5.234168e-05 -0.00101413 -0.01951937 -5.593946e-05 -0.0009946825 -0.01952204 -0.0001591288 -0.0009565817 -0.01969442 -2.232109e-05 -0.0007662398 -0.01806361 -0.0004353075 -0.002023245 -0.0180692 -0.0006518738 -0.001984353 -0.01876641 -0.0004104823 -0.001588507 -0.01877067 -0.0005755865 -0.001527551 -0.01906021 -0.0004357587 -0.001337232 -0.01906365 -0.0005686013 -0.001259275 -0.01931362 -0.000410805 -0.001080092 -0.01931623 -0.000511246 -0.0009943929 -0.01952667 -0.0003377168 -0.000829481 -0.01952849 -0.0004075418 -0.000744441 -0.01900972 0.001525554 -0.00127872 -0.01927034 0.001269099 -0.001161454 -0.0194911 0.001042025 -0.001004878 -0.0196719 0.0008517034 -0.0008188244 -0.01968098 0.0004992644 -0.0008171709 -0.01969005 0.0001468555 -0.0008122796 -0.01969229 6.022999e-05 -0.0007967206 -0.01981763 0.0005046695 -0.0006140874 -0.01982444 0.0002403628 -0.0006104191 -0.01982771 0.0001134811 -0.0005758895 -0.01969812 -0.0001651905 -0.0006645588 -0.01952449 -0.0002540162 -0.0009008963 -0.01931067 -0.0002969405 -0.001146912 -0.01905648 -0.0002912948 -0.001390575 -0.01876194 -0.0002372313 -0.001619627 -0.01807453 -0.0008582465 -0.001908153 -0.0187746 -0.0007274052 -0.001438458 -0.0190667 -0.0006857788 -0.001159292 -0.01931841 -0.000595037 -0.0008923445 -0.0195299 -0.0004614372 -0.0006485045 -0.01805227 5.130904e-06 -0.002031385 -0.01970071 -0.0002641672 -0.0005197786 -0.01970147 -0.0002930997 -0.0004366484 -0.01808742 -0.001355072 -0.001483872 -0.01809024 -0.001462869 -0.001291993 -0.01878325 -0.001059279 -0.001034629 -0.01878478 -0.001117138 -0.0008683667 -0.01907256 -0.0009096198 -0.0007604509 -0.01907322 -0.0009340198 -0.0006083268 -0.01932182 -0.0007240213 -0.0005221339 -0.01907329 -0.0009339948 -0.0002998657 -0.01932188 -0.0007239955 -0.0002577388 -0.01907329 -0.0009311301 8.645982e-06 -0.01932188 -0.0007215401 6.69984e-06 -0.01932188 -0.0007190847 0.0002711384 -0.01983049 6.32831e-06 -0.0004996283 -0.01983243 -6.790472e-05 -0.0003910424 -0.01983329 -0.0001000608 -0.0002634993 -0.01878562 -0.001144991 -0.0003419834 -0.01809321 -0.001570007 -0.0004261897 -0.01878562 -0.001141717 1.060138e-05 -0.01505666 -0.001980347 0.002908803 -0.01622047 -0.001654366 0.002544471 -0.01506362 -0.002252385 0.002685289 -0.01622655 -0.001892404 0.002348902 -0.01506944 -0.002480837 0.002417359 -0.01623165 -0.002092294 0.002114458 -0.01507395 -0.002658977 0.00211361 -0.0162356 -0.002248167 0.001848684 -0.01507701 -0.00278086 0.001783297 -0.01623827 -0.002354821 0.001559662 -0.01507853 -0.002843081 0.00143668 -0.0162396 -0.002409252 0.001256374 -0.0150787 -0.002852821 0.001084335 -0.01623975 -0.002417783 0.0009480642 -0.0150787 -0.002856095 0.0007317496 -0.01623975 -0.002420648 0.0006395525 -0.0150787 -0.002862643 2.658099e-05 -0.01501318 -0.0002886186 0.00325282 -0.01618243 -0.0001741058 0.002845489 -0.01502226 -0.0006410875 0.003256093 -0.01619037 -0.0004825153 0.002848353 -0.01503133 -0.0009934356 0.003252894 -0.01619831 -0.0007908284 0.002845546 -0.01504027 -0.001341034 0.003197099 -0.01724443 -0.001979456 0.001076096 -0.01724329 -0.001932795 0.001336054 -0.01724099 -0.001841381 0.001583796 -0.01723761 -0.001707783 0.001811595 -0.01723324 -0.001536436 0.002012543 -0.01722803 -0.001332408 0.002180185 -0.01722213 -0.001102243 0.002309574 -0.01721574 -0.0008529282 0.002396403 -0.01720903 -0.0005922347 0.002438244 -0.01876641 -0.000380914 0.001595856 -0.0180692 -0.0006149132 0.001996116 -0.01876194 -0.000207115 0.001623753 -0.01806361 -0.0003976621 0.00203098 -0.01875286 0.0001452951 0.001623721 -0.01495872 0.001825948 0.003226715 -0.0149678 0.00147372 0.003236456 -0.01497687 0.001121251 0.003239729 -0.01719542 -6.361666e-05 0.002438196 -0.0171818 0.0004650843 0.002433287 -0.01716819 0.0009937852 0.002428377 -0.01491611 0.003470047 0.002056699 -0.01491305 0.003585775 0.00172418 -0.01609481 0.003215992 0.001507934 -0.01609333 0.003253263 -0.0006472837 -0.01491136 0.003634923 -3.375197e-05 -0.01609333 0.003258993 -3.026128e-05 -0.01491136 0.00364147 0.0006714166 -0.01609333 0.003264722 0.0005867611 -0.01491136 0.003644744 0.001024002 -0.01609333 0.003267587 0.0008952728 -0.01491153 0.003641549 0.001376467 -0.01609348 0.003264782 0.001203688 -0.01801264 0.001581024 0.001975725 -0.01714787 0.001782185 0.002371935 -0.01612695 0.001979334 0.002768191 -0.01494979 0.00217245 0.003164475 -0.0187169 0.001540936 0.001518588 -0.01800731 0.001787397 0.001899526 -0.01714147 0.002029844 0.002280491 -0.01611949 0.00226826 0.002661504 -0.01494125 0.002502652 0.003042554 -0.01757333 0.002687559 -2.495525e-05 -0.01711905 0.002879039 -2.673324e-05 -0.01757333 0.00269206 0.0004598479 -0.01711905 0.00288395 0.000502143 -0.01798863 0.002495064 -2.316785e-05 -0.01836483 0.002305247 0.0003752858 -0.01798863 0.002499157 0.0004175622 -0.01870204 0.002110374 0.0006855466 -0.01798873 0.0024992 0.0008582217 -0.01711918 0.002884001 0.001030936 -0.01808379 -0.001215422 -0.001653946 -0.01878099 -0.0009730492 -0.001188126 -0.01907122 -0.0008589856 -0.0009059283 -0.01932125 -0.0007031084 -0.0006525257 -0.01953133 -0.0005150293 -0.0004359317 -0.01953138 -0.0005129567 4.763044e-06 -0.01953133 -0.0005068455 0.0004454203 -0.01809321 -0.001565914 1.454025e-05 -0.01878562 -0.001138443 0.0003631862 -0.01907329 -0.0009282654 0.0003171577 -0.01907322 -0.0009225625 0.000625566 -0.01932182 -0.0007142007 0.0005354885 -0.01932125 -0.0006908702 0.0006654695 -0.01953085 -0.0004874041 0.0005537375 -0.0195299 -0.0004493153 0.0006569612 -0.01970071 -0.0002544697 0.0005245944 -0.01809321 -0.001561822 0.0004552703 -0.01809311 -0.001553682 0.0008958547 -0.01878554 -0.001131931 0.0007156529 -0.01878478 -0.00110082 0.0008889615 -0.01907256 -0.0008953419 0.0007772108 -0.01907122 -0.000842015 0.0009217229 -0.0193201 -0.0006451629 0.0007893374 -0.01931841 -0.0005783642 0.0009032401 -0.01952849 -0.0003936477 0.0007518805 -0.01952667 -0.0003222556 0.0008356092 -0.01969812 -0.0001528216 0.0006675117 -0.01905648 -0.0002654225 0.001395745 -0.01905257 -0.0001133486 0.001420154 -0.01904463 0.0001950102 0.001420131 -0.01929731 0.0002437187 0.001216539 -0.01930412 -2.058887e-05 0.001216564 -0.01807944 -0.001048027 -0.001796776 -0.01877808 -0.0008613252 -0.00132419 -0.01906924 -0.0007835349 -0.00104024 -0.0193201 -0.0006597091 -0.0007772211 -0.01953085 -0.0004976026 -0.0005445912 -0.01970185 -0.0003070423 -0.0003497202 -0.01970189 -0.0003053872 2.835664e-06 -0.01983332 -9.881922e-05 9.17583e-07 -0.01970185 -0.0003004953 0.0003553614 -0.01983329 -9.515054e-05 0.0002653119 -0.01809216 -0.001514801 0.001112493 -0.01878325 -0.001039884 0.001054121 -0.01906924 -0.0007640832 0.00105461 -0.01931623 -0.0004926927 0.001003715 -0.01952449 -0.0002372434 0.0009054579 -0.01969442 -8.088676e-06 0.0007665221 -0.01982771 0.0001241554 0.0005736829 -0.01990543 0.0008934817 -0.0002694117 -0.01990672 0.0008426577 -0.0003408708 -0.01990858 0.0007702907 -0.000390376 -0.01991076 0.00068529 -0.0004118217 -0.0199153 0.0005090706 -0.0004109945 -0.01991984 0.0003328661 -0.0004085493 -0.01992202 0.0002482783 -0.0003855289 -0.01992387 0.0001768431 -0.0003346884 -0.01992516 0.0001273548 -0.0002622978 -0.01992573 0.0001059167 -0.0001772691 -0.01992576 0.0001067448 -9.911755e-07 -0.01992573 0.0001091902 0.0001752717 -0.01997881 0.0003240311 0.0001275488 -0.01802957 0.0009240194 0.002022758 -0.01801823 0.001364458 0.002014618 -0.01872563 0.001202581 0.001610663 -0.01872116 0.001375832 0.001579543 -0.0190169 0.00127173 0.001381471 -0.01900972 0.001549036 0.001250171 -0.01871297 0.001692755 0.001429494 -0.0180024 0.001977178 0.001788149 -0.01713558 0.002257567 0.002146851 -0.01611261 0.002533945 0.00250558 -0.01493339 0.0028063 0.002864357 -0.01804092 0.0004834354 0.002026849 -0.01873471 0.000850231 0.001617175 -0.01902081 0.001120135 0.0014087 -0.01927354 0.001166621 0.001183409 -0.01926478 0.001504753 0.0009851677 -0.01900668 0.001666214 0.001150189 -0.01870949 0.001826675 0.001315226 -0.01799805 0.002144573 0.001645318 -0.01713036 0.002458447 0.001975448 -0.01610653 0.00276831 0.002305625 -0.01492644 0.00307414 0.00263583 -0.01808379 -0.0011845 0.00167623 -0.0187746 -0.0007005685 0.001451717 -0.01906021 -0.000410852 0.001345093 -0.01930747 -0.0001509376 0.001195643 -0.01951658 7.116438e-05 0.001012983 -0.01950523 0.0005117131 0.001010912 -0.01949389 0.0009522243 0.001004802 -0.01805227 4.285151e-05 0.00203094 -0.01874379 0.000497763 0.001620448 -0.01902875 0.0008118291 0.001414403 -0.01927689 0.001036683 0.001206746 -0.0194911 0.001060505 0.0009853546 -0.01966966 0.0009533871 0.0007873087 -0.01808742 -0.001327284 0.001508779 -0.01877808 -0.0008365874 0.001339956 -0.01906365 -0.0005451193 0.001269616 -0.01931067 -0.0002755919 0.001152229 -0.01951937 -3.745922e-05 0.0009955497 -0.01969005 0.0001619137 0.0008094125 -0.01968098 0.0005143527 0.000807759 -0.0196719 0.0008667616 0.0008028677 -0.01948198 0.001412108 0.0007351132 -0.0192626 0.001588544 0.0008831193 -0.01900414 0.00176397 0.001031136 -0.01870658 0.001938399 0.001179163 -0.01799441 0.002284223 0.001475244 -0.017126 0.002626033 0.001771353 -0.01610143 0.002963812 0.00206751 -0.01492062 0.003297578 0.002363704 -0.01966124 0.001277784 0.0005103667 -0.01948057 0.001466003 0.0006391766 -0.01926091 0.001653216 0.0007679959 -0.01900216 0.00183942 0.0008968245 -0.01870432 0.002024628 0.001025665 -0.01799159 0.002392019 0.001283365 -0.01712261 0.002755377 0.001541113 -0.01609748 0.003114724 0.001798887 -0.01712032 0.002842176 0.001291716 -0.01798968 0.002464348 0.001075545 -0.0187028 0.002082487 0.000859403 -0.01900082 0.001890055 0.0007513471 -0.01925976 0.001696615 0.0006433005 -0.01947961 0.001502169 0.0005352633 -0.01966048 0.001306717 0.0004272365 -0.01947909 0.001517523 -1.409091e-05 -0.01947909 0.001519569 0.0002062746 -0.01925913 0.001717502 0.0002485136 -0.01900016 0.001914455 0.000599223 -0.01925919 0.001717528 0.0005129087 -0.01947914 0.001519595 0.0004266038 -0.0196601 0.001320659 0.0003403083 -0.01900008 0.00191443 0.0002907619 -0.01870195 0.00211034 0.0003330197 -0.01836483 0.002301564 -2.13711e-05 -0.01901316 0.001416193 0.001328128 -0.01926739 0.001404312 0.001070867 -0.01927034 0.001290447 0.001137687 -0.01948597 0.001258582 0.0008915684 -0.01948843 0.001163695 0.0009472538 -0.01966753 0.001035938 0.0007568279 -0.01809024 -0.001438625 0.001318935 -0.01878099 -0.0009508187 0.00120599 -0.0190667 -0.0006641333 0.001171827 -0.01931362 -0.0003906776 0.001087534 -0.01952204 -0.0001413383 0.0009593717 -0.01969229 7.501418e-05 0.0007954648 -0.01982444 0.0002516564 0.0006058505 -0.01981763 0.0005159856 0.0006046101 -0.01981082 0.0007802923 0.0006009418 -0.01991984 0.0003403952 0.0004022977 -0.0199153 0.0005166147 0.0004014705 -0.01991076 0.0006928191 0.0003990253 -0.01983049 1.560499e-05 0.0004994246 -0.01992202 0.0002553945 0.0003808521 -0.01970147 -0.0002849409 0.0004420158 -0.01983243 -6.063161e-05 0.0003922359 -0.01992387 0.0001830276 0.0003313469 -0.01997724 0.0003856271 0.0001880315 -0.01997052 0.0006466333 0.000185608 -0.01996959 0.0006823509 0.0001601872 -0.01990858 0.0007774069 0.0003760049 -0.01990672 0.0008488421 0.0003251645 -0.01980755 0.000907174 0.0005664122 -0.01980477 0.001014327 0.000490151 -0.01966383 0.001178808 0.0006551469 -0.0194838 0.001342283 0.0008201532 -0.01980197 0.001120716 0.000254022 -0.01966006 0.001320641 0.0001640448 -0.01966006 0.001319004 -1.224758e-05 -0.01980283 0.00108856 0.0003815651 -0.01990543 0.0008983305 0.0002527738 -0.01996895 0.0007070956 0.0001239919 -0.01992516 0.0001322035 0.0002598877 -0.01997816 0.0003494436 0.0001632784 -0.0001507959 -0.005811979 0.004728088 -0.002565147 -0.005492768 0.004261254 -0.0001579081 -0.006092804 0.004228954 -0.002569055 -0.005647246 0.003969166 -0.000163121 -0.00630023 0.003691037 -0.002577953 -0.006010706 0.002039268 -0.0001673345 -0.006474353 0.002560225 -0.002577641 -0.005992435 0.002699927 -0.0001670011 -0.006458432 0.002880541 -0.002576584 -0.005948346 0.003027441 -0.0001662731 -0.006427831 0.003131428 -0.002574792 -0.005875773 0.003349831 -0.002572278 -0.005775228 0.003664581 -0.002514033 -0.003492568 0.005905983 -9.351577e-05 -0.003572367 0.006369714 -0.002505906 -0.00317611 0.006000699 -0.00252946 -0.004094186 0.005634558 -0.002536645 -0.004374815 0.005460146 -0.0001321433 -0.005079925 0.005558647 -0.002543403 -0.0046391 0.005261841 -0.0001371762 -0.005277049 0.00537775 -0.00254968 -0.00488488 0.005041054 -0.0001418801 -0.005461515 0.005183954 -0.002555422 -0.00511012 0.004799335 -0.00256059 -0.005313233 0.004538689 -0.00249759 -0.002852534 0.006067298 -7.911059e-05 -0.003011881 0.006486815 -0.002489148 -0.002524366 0.006105312 -0.008865482 -0.004342417 0.003173706 -0.01065192 -0.003915528 0.002908631 -0.008868061 -0.004444811 0.002930037 -0.01065429 -0.004009386 0.002685263 -0.008870072 -0.004525246 0.002678243 -0.01065613 -0.004083118 0.002454448 -0.008871505 -0.004583305 0.002420321 -0.01065744 -0.004136339 0.002218022 -0.01228594 -0.003645014 0.00223069 -0.01228784 -0.003722785 0.001797424 -0.01064906 -0.003802241 0.003122819 -0.01227647 -0.00326998 0.003023262 -0.01228211 -0.003492653 0.002643583 -0.0122692 -0.002984412 0.003358175 -0.008827762 -0.002864131 0.004625273 -0.01061734 -0.00256043 0.004239237 -0.008833807 -0.003099981 0.004506018 -0.01062289 -0.002776613 0.004129909 -0.008839554 -0.003324482 0.004366496 -0.01062815 -0.002982412 0.004002014 -0.008844961 -0.003535904 0.004207843 -0.01226051 -0.002644365 0.00363757 -0.01224001 -0.001845228 0.003997945 -0.01225068 -0.002260742 0.003853227 -0.01061157 -0.002335431 0.004328961 -7.2609e-05 -0.002759161 0.00651295 -6.435941e-05 -0.002438711 0.006522925 -0.002472137 -0.001863701 0.006111318 -5.446351e-05 -0.002054455 0.006519357 -0.002455117 -0.001202828 0.006105182 -3.630901e-05 -0.001349519 0.006512811 -0.002421077 0.0001189265 0.006092908 -1.23786e-14 6.035296e-05 0.00649972 -0.002387038 0.001440681 0.006080635 3.630901e-05 0.001470225 0.006486628 -0.002370018 0.002101554 0.006074499 0.0001203243 0.004726557 0.005813934 -0.002312694 0.004322801 0.005556402 0.0001074081 0.004227591 0.006094849 -0.00232025 0.00403081 0.00571093 9.351114e-05 0.003689853 0.006302341 5.446351e-05 0.002175161 0.006480083 6.435941e-05 0.002559417 0.006476515 -0.002353006 0.002761994 0.006056226 7.2609e-05 0.002879626 0.006460591 -0.002344565 0.003089399 0.006012124 7.907481e-05 0.00313043 0.006429981 -0.002336248 0.003411682 0.005939528 -0.002328122 0.003726327 0.005838952 -0.002269876 0.005966972 0.00355555 0.0001631194 0.006367626 0.00357359 -0.002267363 0.006061655 0.003238987 -0.002277007 0.005695641 0.004157365 -0.002281564 0.005521288 0.004438086 0.0001418801 0.005556836 0.005081643 -0.002286732 0.005323051 0.004702458 0.0001371762 0.005376 0.005278831 -0.002292475 0.005102338 0.004948318 0.0001321433 0.00518227 0.005463358 -0.002298751 0.004860701 0.005173631 -0.002305509 0.004600143 0.005376809 -0.002265571 0.006128229 0.002915305 0.0001662679 0.006484684 0.003012919 -0.002264514 0.006166229 0.002587028 -0.008692643 0.002384961 0.004843354 -0.01049349 0.002251249 0.004439138 -0.008706252 0.001856619 0.004857971 -0.01050596 0.001766923 0.004452536 -0.008719868 0.001327917 0.00486288 -0.01051844 0.001282284 0.004457036 -0.0087471 0.000270513 0.004872698 -0.0105434 0.0003129979 0.004466036 -0.008774332 -0.0007868909 0.004882517 -0.01056837 -0.000656288 0.004475037 -0.008787948 -0.001315593 0.004887426 -0.01058085 -0.001140927 0.004479537 -0.008801557 -0.001844115 0.004882623 -0.01059332 -0.001625419 0.004475135 -0.00880831 -0.002106652 0.00485221 -0.01059951 -0.001866068 0.004447258 -0.008814963 -0.002365522 0.004798931 -0.01060561 -0.002103363 0.004398419 -0.008821464 -0.002618683 0.004723158 -0.008666438 0.003400022 0.004567107 -0.01046946 0.003181719 0.004185918 -0.008672736 0.003156434 0.004669534 -0.01047524 0.002958425 0.004279805 -0.008679237 0.002904724 0.004749994 -0.0104812 0.002727687 0.004353561 -0.00868589 0.002646887 0.004808071 -0.0104873 0.002491339 0.004406798 -0.01212691 0.002546626 0.003957165 -0.01213808 0.002113504 0.00403496 -0.01046392 0.003395834 0.004072595 -0.01210642 0.003338933 0.003582012 -0.01211624 0.002959382 0.003804756 -0.01222884 -0.001410736 0.004067684 -0.0122175 -0.0009702956 0.004071685 -0.01220615 -0.0005297096 0.004067594 -0.01218346 0.0003514592 0.004059412 -0.01216077 0.001232628 0.00405123 -0.01214942 0.001673214 0.004047139 -0.01209773 0.003673734 0.003296351 -0.008628718 0.004851098 0.00308834 -0.01043489 0.004511875 0.002830379 -0.008631844 0.004731884 0.003324267 -0.01043775 0.004402585 0.003046633 -0.008635489 0.00459241 0.003548842 -0.01044109 0.004274734 0.003252499 -0.008639624 0.00443381 0.003760334 -0.01209045 0.003953034 0.002956193 -0.01208098 0.004313285 0.002156794 -0.01208481 0.004168617 0.002572445 -0.01043252 0.004601568 0.002605306 0.0001670011 0.006510809 0.002760116 0.0001673345 0.006520778 0.002439559 -0.002264201 0.006172229 0.001926143 0.0001673345 0.006517209 0.002055176 -0.002264201 0.006166091 0.001265052 0.0001673345 0.006510661 0.001350006 -0.002264201 0.006153813 -5.714106e-05 0.0001673345 0.006497566 -6.033296e-05 -0.002264201 0.006141536 -0.001379334 0.0001673345 0.00648447 -0.001470672 -0.002264201 0.006135398 -0.002040426 0.0001507959 0.005811979 -0.004728088 -0.002277007 0.005617459 -0.004262412 0.0001579081 0.006092804 -0.004228954 -0.002273099 0.005771937 -0.003970324 0.000163121 0.00630023 -0.003691037 -0.002269876 0.005899919 -0.003665739 -0.002267363 0.006000464 -0.003350989 0.0001662731 0.006427831 -0.003131428 -0.002265571 0.006073037 -0.003028599 0.0001670011 0.006458432 -0.002880541 -0.002264514 0.006117127 -0.002701084 0.0001673345 0.006474353 -0.002560225 0.0001673345 0.006477922 -0.002175842 -0.002328122 0.003617259 -0.005907141 9.351577e-05 0.003572367 -0.006369714 -0.002336248 0.003300801 -0.006001857 -0.002312694 0.004218877 -0.005635716 -0.002305509 0.004499506 -0.005461304 0.0001321433 0.005079925 -0.005558647 -0.002298751 0.004763792 -0.005262999 0.0001371762 0.005277049 -0.00537775 -0.002292475 0.005009571 -0.005042212 0.0001418801 0.005461515 -0.005183954 -0.002286732 0.005234811 -0.004800493 -0.002281564 0.005437924 -0.004539847 -0.002344565 0.002977226 -0.006068455 7.911059e-05 0.003011881 -0.006486815 -0.002353006 0.002649057 -0.00610647 7.2609e-05 0.002759161 -0.00651295 6.435941e-05 0.002438711 -0.006522925 -0.002370018 0.001988392 -0.006112476 5.446351e-05 0.002054455 -0.006519357 -0.002387038 0.00132752 -0.006106339 3.630901e-05 0.001349519 -0.006512811 -0.002421077 5.76472e-06 -0.006094066 1.237858e-14 -6.035296e-05 -0.00649972 -0.002455117 -0.00131599 -0.006081793 -3.630901e-05 -0.001470225 -0.006486628 -0.002472137 -0.001976862 -0.006075657 -0.0001203243 -0.004726557 -0.005813934 -0.00252946 -0.00419811 -0.00555756 -0.0001074081 -0.004227591 -0.006094849 -0.002521904 -0.003906119 -0.005712088 -9.351114e-05 -0.003689853 -0.006302341 -0.002514033 -0.003601636 -0.00584011 -0.002505906 -0.003286991 -0.005940686 -7.907481e-05 -0.00313043 -0.006429981 -0.00249759 -0.002964708 -0.006013282 -7.2609e-05 -0.002879626 -0.006460591 -0.002489148 -0.002637302 -0.006057384 -6.435941e-05 -0.002559417 -0.006476515 -5.446351e-05 -0.002175161 -0.006480083 -0.002572278 -0.005842281 -0.003556707 -0.0001631194 -0.006367626 -0.00357359 -0.002574792 -0.005936964 -0.003240145 -0.002565147 -0.005570949 -0.004158523 -0.00256059 -0.005396597 -0.004439244 -0.0001418801 -0.005556836 -0.005081643 -0.002555422 -0.00519836 -0.004703616 -0.0001371762 -0.005376 -0.005278831 -0.00254968 -0.004977647 -0.004949476 -0.0001321433 -0.00518227 -0.005463358 -0.002543403 -0.004736009 -0.005174789 -0.002536645 -0.004475452 -0.005377967 -0.002576584 -0.006003538 -0.002916462 -0.0001662679 -0.006484684 -0.003012919 -0.002577641 -0.006041538 -0.002588185 -0.0001670011 -0.006510809 -0.002760116 -0.0001673345 -0.006520778 -0.002439559 -0.002577953 -0.006047538 -0.001927301 -0.0001673345 -0.006517209 -0.002055176 -0.002577953 -0.006041399 -0.00126621 -0.0001673345 -0.006510661 -0.001350006 -0.002577953 -0.006029122 5.598324e-05 -0.0001673345 -0.006497566 6.033296e-05 -0.002577953 -0.006016845 0.001378176 -0.0001673345 -0.00648447 0.001470672 -0.0001673345 -0.006477922 0.002175842 -0.004832364 -0.00557616 -0.001182376 -0.006930587 -0.005114943 -0.001098505 -0.004832364 -0.005581889 -0.001799399 -0.006930587 -0.005120263 -0.00167145 -0.004832072 -0.00557629 -0.002416218 -0.006930316 -0.005115064 -0.002244213 -0.004831086 -0.005540826 -0.00272261 -0.0069294 -0.005082136 -0.002528721 -0.004829414 -0.00547869 -0.00302472 -0.006927847 -0.005024438 -0.002809249 -0.004827067 -0.00539032 -0.003320174 -0.006925668 -0.00494238 -0.003083603 -0.004824059 -0.005276163 -0.003606626 -0.006922875 -0.004836371 -0.003349598 -0.004820412 -0.00513707 -0.003881869 -0.006919488 -0.004707213 -0.003605179 -0.004816159 -0.00497435 -0.004143871 -0.006915539 -0.004556116 -0.003848462 -0.004811335 -0.004789326 -0.00439062 -0.00691106 -0.004384313 -0.004077587 -0.004805975 -0.004583326 -0.004620093 -0.006906083 -0.004193028 -0.004290672 -0.004800117 -0.004357795 -0.004830386 -0.006900643 -0.003983602 -0.004485945 -0.00479381 -0.004114606 -0.005020022 -0.006894786 -0.003757783 -0.00466203 -0.004787104 -0.003855758 -0.005187633 -0.006888559 -0.003517427 -0.004817668 -0.004780052 -0.003583236 -0.005331859 -0.006882011 -0.003264374 -0.004951594 -0.004772705 -0.003299048 -0.005451353 -0.006875189 -0.003000481 -0.005062559 -0.00476512 -0.003005384 -0.005545224 -0.006868146 -0.002727789 -0.005149724 -0.004757358 -0.00270458 -0.00561298 -0.006860938 -0.002448474 -0.00521264 -0.004749479 -0.002399001 -0.005654139 -0.006853622 -0.002164721 -0.005250857 -0.004733602 -0.001782597 -0.005671193 -0.006838879 -0.001592343 -0.005266692 -0.004717717 -0.001165778 -0.00567692 -0.006824128 -0.001019588 -0.00527201 -0.004685946 6.785986e-05 -0.005688375 -0.006794627 0.000125933 -0.005282647 -0.004654176 0.001301498 -0.00569983 -0.006765126 0.001271454 -0.005293284 -0.004638291 0.001918317 -0.005705558 -0.006750376 0.001844209 -0.005298602 -0.004622414 0.002534931 -0.005699953 -0.006735633 0.002416782 -0.005293398 -0.004614535 0.002841222 -0.005664475 -0.006728317 0.002701196 -0.005260458 -0.004606773 0.003143232 -0.005602317 -0.006721109 0.002981632 -0.005202739 -0.004599188 0.003438588 -0.005513915 -0.006714066 0.003255895 -0.005120652 -0.004591841 0.003724946 -0.005399719 -0.006707244 0.003521803 -0.005014606 -0.004584789 0.004000099 -0.005260578 -0.006700695 0.0037773 -0.004885403 -0.004578083 0.004262016 -0.005097803 -0.006694469 0.004020503 -0.004734255 -0.004571775 0.004508684 -0.004912715 -0.006688611 0.004249553 -0.004562394 -0.004565917 0.004738081 -0.004706646 -0.006683172 0.004462569 -0.004371044 -0.004560558 0.004948306 -0.004481039 -0.006678195 0.004657779 -0.004161547 -0.004555734 0.005137881 -0.004237768 -0.006673716 0.004833806 -0.003935652 -0.004551481 0.005305438 -0.003978833 -0.006669767 0.004989395 -0.003695216 -0.004547834 0.005449618 -0.00370622 -0.00666638 0.005123277 -0.003442078 -0.004544826 0.005569074 -0.003421937 -0.006663586 0.005234207 -0.003178097 -0.004542479 0.005662916 -0.003128175 -0.006661408 0.005321346 -0.002905314 -0.004540807 0.005730651 -0.002827271 -0.006659855 0.005384243 -0.002625906 -0.00453982 0.005771798 -0.00252159 -0.006658939 0.005422448 -0.002342059 -0.004539529 0.005788851 -0.001904982 -0.006658668 0.005438282 -0.001769491 -0.004539529 0.00579458 -0.001287959 -0.006658668 0.005443602 -0.001196546 -0.004539529 0.005806039 -5.391181e-05 -0.006658668 0.005454242 -5.064521e-05 -0.004539529 0.005817497 0.001180135 -0.006658668 0.005464882 0.001095255 -0.004539529 0.005823227 0.001797158 -0.006658668 0.005470202 0.001668201 -0.00453982 0.005817627 0.002413977 -0.006658939 0.005465004 0.002240964 -0.004540807 0.005782163 0.002720369 -0.006659855 0.005432076 0.002525472 -0.004542479 0.005720027 0.003022479 -0.006661408 0.005374378 0.002805999 -0.004544826 0.005631657 0.003317933 -0.006663586 0.00529232 0.003080353 -0.004547834 0.005517501 0.003604385 -0.00666638 0.005186311 0.003346349 -0.004551481 0.005378407 0.003879628 -0.006669767 0.005057152 0.003601929 -0.004555734 0.005215688 0.004141631 -0.006673716 0.004906055 0.003845213 -0.004560558 0.005030663 0.004388379 -0.006678195 0.004734253 0.004074338 -0.004565917 0.004824664 0.004617852 -0.006683172 0.004542967 0.004287423 -0.004571775 0.004599132 0.004828145 -0.006688611 0.004333541 0.004482696 -0.004578083 0.004355943 0.005017781 -0.006694469 0.004107722 0.00465878 -0.004584789 0.004097095 0.005185392 -0.006700695 0.003867367 0.004814419 -0.004591841 0.003824573 0.005329618 -0.006707244 0.003614314 0.004948344 -0.004599188 0.003540385 0.005449112 -0.006714066 0.003350421 0.005059309 -0.004606773 0.003246722 0.005542983 -0.006721109 0.003077729 0.005146475 -0.004614535 0.002945918 0.005610739 -0.006728317 0.002798414 0.005209391 -0.004622414 0.002640338 0.005651898 -0.006735633 0.002514661 0.005247607 -0.004638291 0.002023934 0.005668952 -0.006750376 0.001942283 0.005263443 -0.004654176 0.001407115 0.005674679 -0.006765126 0.001369527 0.005268761 -0.004685946 0.0001734775 0.005686134 -0.006794627 0.0002240065 0.005279398 -0.004717717 -0.00106016 0.005697589 -0.006824128 -0.0009215143 0.005290034 -0.004733602 -0.001676979 0.005703317 -0.006838879 -0.00149427 0.005295353 -0.004749479 -0.002293593 0.005697712 -0.006853622 -0.002066843 0.005290149 -0.004757358 -0.002599885 0.005662234 -0.006860938 -0.002351257 0.005257208 -0.00476512 -0.002901895 0.005600076 -0.006868146 -0.002631692 0.00519949 -0.004772705 -0.003197251 0.005511674 -0.006875189 -0.002905955 0.005117403 -0.004780052 -0.003483609 0.005397478 -0.006882011 -0.003171864 0.005011357 -0.004787104 -0.003758762 0.005258337 -0.006888559 -0.00342736 0.004882154 -0.00479381 -0.004020678 0.005095562 -0.006894786 -0.003670564 0.004731005 -0.004800117 -0.004267346 0.004910474 -0.006900643 -0.003899614 0.004559145 -0.004805975 -0.004496744 0.004704405 -0.006906083 -0.00411263 0.004367794 -0.004811335 -0.004706969 0.004478798 -0.00691106 -0.004307839 0.004158298 -0.004816159 -0.004896544 0.004235527 -0.006915539 -0.004483867 0.003932403 -0.004820412 -0.0050641 0.003976592 -0.006919488 -0.004639455 0.003691967 -0.004824059 -0.005208281 0.003703979 -0.006922875 -0.004773338 0.003438829 -0.004827067 -0.005327737 0.003419696 -0.006925668 -0.004884268 0.003174848 -0.004829414 -0.005421578 0.003125934 -0.006927847 -0.004971406 0.002902065 -0.004831086 -0.005489314 0.00282503 -0.0069294 -0.005034303 0.002622657 -0.004832072 -0.005530461 0.002519349 -0.006930316 -0.005072509 0.002338809 -0.004832364 -0.005547513 0.001902741 -0.006930587 -0.005088342 0.001766242 -0.004832364 -0.005553243 0.001285718 -0.006930587 -0.005093662 0.001193296 -0.004832364 -0.005564701 5.167088e-05 -0.006930587 -0.005104302 4.739585e-05 -0.008628718 0.004792914 -0.00317789 -0.01043489 0.004458538 -0.002913673 -0.008626139 0.004895307 -0.00293422 -0.01043252 0.004552396 -0.002690305 -0.008624128 0.004975743 -0.002682426 -0.01043068 0.004626129 -0.00245949 -0.008622695 0.005033802 -0.002424504 -0.008621849 0.005069075 -0.00216249 -0.01042859 0.004711681 -0.001982894 -0.008621599 0.00508369 -0.001633973 -0.01042836 0.004725077 -0.001498407 -0.008621599 0.005088601 -0.001105096 -0.01042836 0.004729578 -0.001013607 -0.008621599 0.005098422 -4.734126e-05 -0.01042836 0.004738582 -4.399996e-05 -0.008621599 0.005108244 0.001010413 -0.01042836 0.004747585 0.0009256072 -0.008621599 0.005113155 0.00153929 -0.01042836 0.004752086 0.001410407 -0.008621849 0.005108357 0.002067988 -0.01042859 0.004747689 0.001895059 -0.008622695 0.005077955 0.002330611 -0.01042937 0.004719823 0.002135788 -0.008624128 0.005024696 0.002589567 -0.01043068 0.004671002 0.002373162 -0.008626139 0.00494895 0.002842811 -0.01042937 0.004679349 -0.002223064 -0.01208098 0.004272491 -0.002236517 -0.01207908 0.004350263 -0.00180325 -0.01043775 0.004345252 -0.003127861 -0.01209045 0.003897457 -0.003029089 -0.01208481 0.00412013 -0.00264941 -0.01207908 0.004382998 0.001722158 -0.01207888 0.004386994 0.001281572 -0.01207888 0.004382902 0.0008408397 -0.01207888 0.004374717 -4.062131e-05 -0.01207888 0.004366532 -0.0009220823 -0.01207888 0.00436244 -0.001362814 -0.008644218 0.004183035 -0.004035404 -0.0104491 0.003899469 -0.003699716 -0.008639624 0.004363219 -0.003842018 -0.01044488 0.004064648 -0.003522452 -0.008635489 0.004525719 -0.003633508 -0.01044109 0.0042136 -0.003331317 -0.008631844 0.004669339 -0.003411562 -0.008666438 0.003314628 -0.004629456 -0.01046946 0.00310344 -0.004244279 -0.008660393 0.003550477 -0.004510201 -0.01046392 0.003319623 -0.004134951 -0.008654646 0.003774978 -0.004370679 -0.01045865 0.003525422 -0.004007057 -0.008649239 0.003986401 -0.004212026 -0.01210642 0.003271842 -0.003643396 -0.01209773 0.003611889 -0.003364002 -0.0104537 0.003719227 -0.00386163 -0.01212691 0.002472705 -0.004003772 -0.01211624 0.00288822 -0.003859054 -0.01047524 0.002878442 -0.004334003 -0.008827762 -0.002949526 -0.004571291 -0.01061734 -0.002638708 -0.00419096 -0.008821464 -0.002705937 -0.004673717 -0.01061157 -0.002415415 -0.004284847 -0.008814963 -0.002454227 -0.004754177 -0.01060561 -0.002184676 -0.004358603 -0.00880831 -0.002196391 -0.004812254 -0.008801557 -0.001934464 -0.004847537 -0.01059332 -0.001708239 -0.00444418 -0.008787948 -0.001406122 -0.004862154 -0.01058085 -0.001223913 -0.004457578 -0.008774332 -0.0008774203 -0.004867063 -0.01056837 -0.0007392733 -0.004462078 -0.0087471 0.0001799835 -0.004876881 -0.0105434 0.0002300126 -0.004471078 -0.008719868 0.001237387 -0.0048867 -0.01051844 0.001199298 -0.004480079 -0.008706252 0.001766089 -0.004891609 -0.01050596 0.001683938 -0.004484579 -0.008692643 0.002294611 -0.004886806 -0.01049349 0.002168429 -0.004480177 -0.00868589 0.002557148 -0.004856393 -0.0104873 0.002409078 -0.0044523 -0.008679237 0.002816018 -0.004803114 -0.0104812 0.002646374 -0.004403462 -0.008672736 0.003069179 -0.004727341 -0.01059951 -0.001948329 -0.00441184 -0.01224001 -0.001919149 -0.003962991 -0.01222884 -0.001486027 -0.004040786 -0.01062289 -0.002852824 -0.004077637 -0.01226051 -0.002711456 -0.003587839 -0.01225068 -0.002331905 -0.003810582 -0.01213808 0.002038213 -0.004073511 -0.01214942 0.001597773 -0.004077511 -0.01216077 0.001157187 -0.00407342 -0.01218346 0.000276018 -0.004065238 -0.01220615 -0.0006051508 -0.004057056 -0.0122175 -0.001045737 -0.004052965 -0.008849982 -0.003806752 -0.003961215 -0.01063771 -0.003424487 -0.00363171 -0.008844961 -0.003613432 -0.004141458 -0.01063311 -0.003247283 -0.003796942 -0.008839554 -0.003404992 -0.00430401 -0.01062815 -0.003056212 -0.003945943 -0.008833807 -0.00318312 -0.004447676 -0.008865482 -0.004400602 -0.003092523 -0.01065192 -0.003968864 -0.002835421 -0.008862356 -0.004281388 -0.00332845 -0.01064906 -0.003859574 -0.003051675 -0.008858711 -0.004141914 -0.003553025 -0.01064571 -0.003731723 -0.003257541 -0.008854576 -0.003983314 -0.003764517 -0.01227647 -0.003325556 -0.00296202 -0.0122692 -0.003046256 -0.003302178 -0.01064192 -0.003586346 -0.003451409 -0.01228594 -0.003685808 -0.00216262 -0.01228211 -0.00354114 -0.002578271 -0.01065429 -0.004058558 -0.002610349 -0.008872351 -0.004618579 0.002158307 -0.01065822 -0.00416867 0.001977852 -0.008872601 -0.004633193 0.00162979 -0.01065845 -0.004182066 0.001493365 -0.008872601 -0.004638104 0.001100913 -0.01065845 -0.004186568 0.001008565 -0.008872601 -0.004647926 4.315818e-05 -0.01065845 -0.004195571 3.895786e-05 -0.008872601 -0.004657748 -0.001014596 -0.01065845 -0.004204574 -0.0009306493 -0.008872601 -0.004662659 -0.001543473 -0.01065845 -0.004209076 -0.001415449 -0.008872351 -0.004657861 -0.002072171 -0.01065822 -0.004204679 -0.001900101 -0.008871505 -0.004627459 -0.002334794 -0.01065744 -0.004176813 -0.00214083 -0.008870072 -0.004574199 -0.00259375 -0.01065613 -0.004127992 -0.002378204 -0.008868061 -0.004498453 -0.002846994 -0.01228804 -0.003755425 -0.0008466661 -0.01376149 -0.003310296 -0.0007626455 -0.01228804 -0.003759517 -0.001287398 -0.01376149 -0.003313979 -0.001159299 -0.01228784 -0.00375552 -0.001727984 -0.01376131 -0.003310383 -0.00155583 -0.0137596 -0.003247635 -0.001947009 -0.01375616 -0.003117437 -0.002321094 -0.01375108 -0.00292342 -0.002666461 -0.01374453 -0.002672046 -0.002972608 -0.01373671 -0.002370721 -0.003229707 -0.01372787 -0.002029132 -0.003430167 -0.01371827 -0.001657653 -0.003567332 -0.01370821 -0.001267836 -0.003637355 -0.013698 -0.0008715718 -0.003648315 -0.01368779 -0.0004750494 -0.003651997 -0.01366737 0.0003180025 -0.00365936 -0.01364694 0.001111054 -0.003666724 -0.01363673 0.001507577 -0.003670406 -0.01362653 0.001903976 -0.003666807 -0.01361647 0.002295026 -0.003604035 -0.01360687 0.002668988 -0.003473791 -0.01359803 0.003014241 -0.003279709 -0.01359021 0.003320288 -0.00302825 -0.01358366 0.003577304 -0.002726823 -0.01357858 0.0037777 -0.002385119 -0.01357514 0.003914822 -0.002013516 -0.01357343 0.003984824 -0.001623569 -0.01357324 0.003995782 -0.001227174 -0.01357324 0.003999465 -0.0008305201 -0.01357324 0.004006832 -3.720532e-05 -0.01357324 0.004014198 0.0007561095 -0.01357324 0.004017881 0.001152763 -0.01357343 0.004014285 0.001549294 -0.01357514 0.003951537 0.001940473 -0.01357858 0.003821339 0.002314558 -0.01358366 0.003627322 0.002659925 -0.01359021 0.003375949 0.002966072 -0.01359803 0.003074623 0.003223171 -0.01360687 0.002733034 0.003423631 -0.01361647 0.002361555 0.003560796 -0.01362653 0.001971738 0.003630819 -0.01363673 0.001575474 0.003641779 -0.01364694 0.001178951 0.00364546 -0.01366737 0.0003858996 0.003652824 -0.01368779 -0.0004071523 0.003660188 -0.013698 -0.0008036748 0.00366387 -0.01370821 -0.001200074 0.003660271 -0.01371827 -0.001591124 0.003597499 -0.01372787 -0.001965086 0.003467255 -0.01373671 -0.002310339 0.003273173 -0.01374453 -0.002616386 0.003021714 -0.01375108 -0.002873402 0.002720287 -0.01375616 -0.003073798 0.002378583 -0.0137596 -0.00321092 0.00200698 -0.01376131 -0.003280922 0.001617033 -0.01228804 -0.003734963 0.001356988 -0.01376149 -0.00329188 0.001220638 -0.01228804 -0.003739055 0.0009162559 -0.01376149 -0.003295563 0.0008239841 -0.01228804 -0.00374724 3.479489e-05 -0.01376149 -0.00330293 3.066926e-05</float_array>
          <technique_common>
            <accessor count="1215" source="#verts-array-array" stride="3">
              <param type="float" name="X"/>
              <param type="float" name="Y"/>
              <param type="float" name="Z"/>
            </accessor>
          </technique_common>
        </source>
        <source id="normals-array">
          <float_array count="3645" id="normals-array-array">0.9996686 -0.02574266 0.0002390327 0.9996686 -0.02574266 0.0002390327 0.9996686 -0.02574266 0.0002390327 0.9996686 -0.02574266 0.0002390327 0.9996686 -0.02574266 0.0002390327 0.9996686 -0.02574266 0.0002390327 0.9996686 -0.02574266 0.0002390327 0.9996686 -0.02574266 0.0002390327 0.9996686 -0.02574266 0.0002390327 0.9996686 -0.02574266 0.0002390327 0.9996686 -0.02574266 0.0002390327 0.9996686 -0.02574266 0.0002390327 0.9996686 -0.02574266 0.0002390327 0.9996686 -0.02574266 0.0002390327 0.9996686 -0.02574266 0.0002390327 0.9996686 -0.02574266 0.0002390327 0.9996686 -0.02574266 0.0002390327 0.9996686 -0.02574266 0.0002390327 0.9996686 -0.02574266 0.0002390327 0.9996686 -0.02574266 0.0002390327 0.9996686 -0.02574266 0.0002390327 0.9996686 -0.02574266 0.0002390327 0.9996686 -0.02574266 0.0002390327 0.9996686 -0.02574266 0.0002390327 0.9996686 -0.02574266 0.0002390327 0.9996686 -0.02574266 0.0002390327 0.9996686 -0.02574266 0.0002390327 0.9996686 -0.02574266 0.0002390327 0.9996686 -0.02574266 0.0002390327 0.9996686 -0.02574266 0.0002390327 0.9996686 -0.02574266 0.0002390327 0.9996686 -0.02574266 0.0002390327 0.9996686 -0.02574266 0.0002390327 0.9996686 -0.02574266 0.0002390327 0.9996686 -0.02574266 0.0002390327 0.9996686 -0.02574266 0.0002390327 0.9996686 -0.02574266 0.0002390327 0.9996686 -0.02574266 0.0002390327 0.9996686 -0.02574266 0.0002390327 0.9996686 -0.02574266 0.0002390327 0.9996686 -0.02574266 0.0002390327 0.9996686 -0.02574266 0.0002390327 0.9996686 -0.02574266 0.0002390327 0.9996686 -0.02574266 0.0002390327 0.9996686 -0.02574266 0.0002390327 0.9996686 -0.02574266 0.0002390327 0.9996686 -0.02574266 0.0002390327 0.9996686 -0.02574266 0.0002390327 0.9996686 -0.02574266 0.0002390327 0.9996686 -0.02574266 0.0002390327 0.9996686 -0.02574266 0.0002390327 0.9996686 -0.02574266 0.0002390327 0.9996686 -0.02574266 0.0002390327 0.9996686 -0.02574266 0.0002390327 0.9996686 -0.02574266 0.0002390327 0.9996686 -0.02574266 0.0002390327 0.9996686 -0.02574266 0.0002390327 0.9996686 -0.02574266 0.0002390327 0.9996686 -0.02574266 0.0002390327 0.9996686 -0.02574266 0.0002390327 0.9996686 -0.02574266 0.0002390327 0.9996686 -0.02574266 0.0002390327 0.9996686 -0.02574266 0.0002390327 0.9996686 -0.02574266 0.0002390327 0.9996686 -0.02574266 0.0002390327 0.9996686 -0.02574266 0.0002390327 0.9996686 -0.02574266 0.0002390327 0.9996686 -0.02574266 0.0002390327 0.9996686 -0.02574266 0.0002390327 0.9996686 -0.02574266 0.0002390327 0.9996686 -0.02574266 0.0002390327 0.9996686 -0.02574266 0.0002390327 0.9996686 -0.02574266 0.0002390327 0.9996686 -0.02574266 0.0002390327 0.9996686 -0.02574266 0.0002390327 0.9996686 -0.02574266 0.0002390327 0.9996686 -0.02574266 0.0002390327 0.9996686 -0.02574266 0.0002390327 0.9996686 -0.02574266 0.0002390327 0.9996686 -0.02574266 0.0002390327 -0.9867765 -0.16208 0.001504813 -0.9996686 0.02574266 -0.0002390327 -0.9868254 -0.160527 -0.02016551 -0.2085509 -0.8241537 -0.5265712 -0.206754 -0.8907679 -0.404704 -0.2133636 -0.889275 -0.4045565 -0.1735773 0.5311708 -0.829294 -0.1731595 0.4092533 -0.895839 -0.1798072 0.4092754 -0.8945183 -0.245307 0.7517945 0.6120698 -0.2470294 0.694779 0.6754692 -0.2261952 0.6981368 0.6792943 -0.2273976 0.6354852 0.7378678 -0.2276651 0.4972181 0.8372232 -0.2278819 0.5684674 0.7905155 -0.2485796 0.5658665 0.7861318 -0.2484082 0.632467 0.7336749 -0.1661083 0.8338016 0.5264816 -0.1608271 0.9002335 0.4046161 -0.1675047 0.8990828 0.4044655 -0.280281 -0.6051184 0.7451673 -0.2821382 -0.668491 0.6881263 -0.2615026 -0.6728438 0.6920243 -0.2625708 -0.7314092 0.6293625 -0.2617809 -0.8308171 0.4911352 -0.2626568 -0.7840717 0.5623548 -0.2831615 -0.7791636 0.5592171 -0.2833821 -0.726684 0.6257995 -0.2010819 -0.5215229 0.8292044 -0.1944217 -0.3997877 0.8957511 -0.2010611 -0.3994675 0.8944273 -0.9819512 0.0270266 0.1871938 -0.9826027 0.005365508 0.1856427 -0.977265 0.2111049 0.01969625 -0.9277759 0.3710692 0.03923704 -0.924693 0.3806972 -0.003534968 -0.9814878 0.04866015 0.1852401 -0.6576524 0.02666932 0.7528493 -0.656586 0.02442812 0.7538555 -0.5973748 0.02282802 0.8016372 -0.9868255 -0.1601245 0.0231431 -0.3502327 0.02633765 0.9362924 -0.3572541 0.104897 0.9280981 -0.4081805 0.1002378 0.9073814 -0.3494477 0.01769799 0.9367887 -0.3494477 0.01769799 0.9367887 -0.309973 0.0168096 0.9505967 -0.5276739 -0.4703381 0.7073488 -0.516122 -0.3409787 0.7857172 -0.5882925 -0.3196093 0.7428067 -0.3806561 -0.2170037 0.8988939 -0.3965665 -0.3689008 0.8406231 -0.3543343 -0.3768372 0.8558276 -0.98801 -0.09684751 -0.120236 -0.9858146 -0.04802499 -0.1608204 -0.9881153 -0.1365276 -0.07062859 -0.9826027 0.001917128 -0.18571 -0.9819511 0.02354622 -0.1876633 -0.9814877 0.04521177 -0.1861121 -0.6897029 -0.1728929 -0.7031486 -0.6686993 -0.0550979 -0.7414887 -0.6105666 -0.06149262 -0.789574 -0.5147061 -0.8305513 -0.2127492 -0.4974997 -0.8646397 -0.06994475 -0.5680454 -0.8203164 -0.0663741 -0.3566092 -0.9053287 -0.2306726 -0.3435271 -0.9357526 -0.07972555 -0.3834106 -0.9202353 -0.07850709 -0.3976927 -0.8890405 -0.2268205 -0.4081612 -0.8304836 -0.3790797 -0.3661385 -0.8467652 -0.3859162 -0.9817734 0.1453221 -0.1224849 -0.9798124 0.1858697 -0.07362183 -0.9821131 0.09570723 -0.1621544 -0.977265 0.2107024 -0.02361313 -0.9771258 0.2126528 -0.001974406 -0.9277758 0.3702769 -0.04612073 -0.576733 0.8168975 -0.007585278 -0.5206178 0.8537111 -0.01159235 -0.5138721 0.8577849 -0.01185487 -0.3269756 0.2390894 -0.9142884 -0.3169617 0.08783777 -0.9443621 -0.3572528 0.08764682 -0.9298863 -0.3685532 0.2362967 -0.8990731 -0.3766525 0.3888121 -0.840808 -0.3340604 0.3945642 -0.8559922 -0.4401608 0.8977987 -0.01469601 -0.3371004 0.5374231 -0.7730069 -0.3803083 0.5287843 -0.7587838 -0.3361118 0.6642196 -0.6677134 -0.3795661 0.6531103 -0.6552683 -0.3311202 0.771759 -0.5429066 -0.3744407 0.7588176 -0.5329071 -0.3222577 0.8571793 -0.4017382 -0.3650545 0.8432137 -0.3946212 -0.3096513 0.9180456 -0.2476053 -0.3515178 0.9039676 -0.2434703 -0.2949478 0.9505527 -0.09723842 -0.3355782 0.9371334 -0.09575156 -0.2863049 0.9579761 -0.01764486 -0.3263457 0.9450904 -0.0173968 -0.2854981 0.958338 -0.00889862 -0.3502339 0.008945684 -0.9366195 -0.3105452 0.007923106 -0.9505256 -0.3494477 0.0002993932 -0.9369558 -0.309973 -0.0008452528 -0.950745 -0.3494477 0.0002993932 -0.9369558 -0.3755159 0.9267088 -0.01409539 -0.3868903 0.9177433 -0.08979506 -0.4041247 0.8833409 -0.2374702 -0.4186135 0.8228458 -0.3843013 -0.4285066 0.7399508 -0.5185122 -0.4337426 0.6369044 -0.6373541 -0.4342186 0.5161363 -0.7382801 -0.4299045 0.3802533 -0.8188953 -0.4207446 0.2320373 -0.8770021 -0.4081824 0.08337074 -0.9090855 -0.4000418 0.005653077 -0.9164794 -0.3994378 0.00177435 -0.9167586 -0.4002405 -0.002062301 -0.9164078 -0.4729287 0.08203282 -0.8772736 -0.5446699 0.08029127 -0.8347982 -0.4873671 0.2252521 -0.8436438 -0.5599701 0.2158764 -0.7998943 -0.4975128 0.367081 -0.7859596 -0.570708 0.349455 -0.7430839 -0.502429 0.4968645 -0.7075951 -0.575998 0.4714385 -0.6678114 -0.5022255 0.6123501 -0.610571 -0.5760151 0.5801574 -0.5758681 -0.4969538 0.711399 -0.4969391 -0.5708299 0.6739997 -0.4689112 -0.4866702 0.7919204 -0.3688011 -0.5604589 0.7512801 -0.3485169 -0.4713793 0.8518502 -0.2283701 -0.5448079 0.8101747 -0.2163361 -0.4523745 0.8876509 -0.08621568 -0.5251013 0.8470937 -0.08185903 -0.6371872 0.7706708 -0.00767476 -0.5770729 0.8166148 -0.01127594 -0.6235431 0.7096768 -0.3279524 -0.6815321 0.6647787 -0.3059138 -0.6080984 0.7671942 -0.2040329 -0.6668223 0.7203894 -0.1907542 -0.5884277 0.8048429 -0.07733541 -0.6479143 0.7582596 -0.07245322 -0.6383352 0.7696949 -0.009889448 -0.7449508 0.6066527 -0.2775263 -0.731636 0.6592475 -0.1734981 -0.7143833 0.6967619 -0.06464794 -0.8258337 0.4056822 -0.3916895 -0.8847857 0.3377908 -0.3210164 -0.8786956 0.4353172 -0.1959412 -0.8546122 0.5192419 -0.005077935 -0.7860811 0.6155647 -0.0561841 -0.8627323 0.5017804 -0.06252538 -0.8013485 0.5788847 -0.150775 -0.8151329 0.5186524 -0.2579885 -0.7544846 0.5414132 -0.3709781 -0.7577721 0.4669158 -0.4558191 -0.6911065 0.5949506 -0.4103726 -0.8844226 0.2108736 -0.4163279 -0.8214841 0.2697477 -0.5023943 -0.7585859 0.3806987 -0.5287873 -0.695789 0.5121842 -0.5035325 -0.6336723 0.6358816 -0.4405838 -0.6386621 0.5473599 -0.54084 -0.6956344 0.4174703 -0.5846464 -0.7531358 0.2858767 -0.5925039 -0.812008 0.1611514 -0.5609574 -0.8735989 0.07592031 -0.4806882 -0.5355101 0.009842721 -0.8444714 -0.4642759 0.007817487 -0.8856561 -0.5352852 0.005942442 -0.8446505 -0.4640698 0.003726396 -0.8857908 -0.5357088 0.002064449 -0.8444002 -0.3706626 -0.7636343 -0.5286511 -0.4132521 -0.7482994 -0.518913 -0.3701717 -0.6583179 -0.6554315 -0.4129906 -0.6447557 -0.6432176 -0.3646824 -0.5336116 -0.7630632 -0.4073844 -0.5224989 -0.7490212 -0.3543358 -0.3926645 -0.8486817 -0.3965633 -0.3844476 -0.8336292 -0.3392849 -0.2388707 -0.9098497 -0.3806573 -0.2336591 -0.8947086 -0.3215132 -0.08891495 -0.9427213 -0.3617358 -0.08638219 -0.9282701 -0.3109973 -0.009567821 -0.9503626 -0.3506765 -0.008288402 -0.93646 -0.309973 -0.0008452528 -0.950745 -0.3494477 0.0002993932 -0.9369558 -0.309973 -0.0008452528 -0.950745 -0.3745648 -0.9272007 -1.056578e-05 -0.3352376 -0.9421336 -5.310485e-07 -0.3735674 -0.9275631 0.008612861 -0.3344479 -0.9423736 0.008750383 -0.3735674 -0.9275631 0.008612861 -0.4123649 -0.07910781 -0.9075776 -0.4325476 -0.2263083 -0.8727469 -0.4492994 -0.3727536 -0.811902 -0.4605595 -0.5067171 -0.7287817 -0.4662525 -0.6254512 -0.6256352 -0.4662715 -0.7264108 -0.5048943 -0.4605904 -0.8072009 -0.3691655 -0.4491675 -0.8656242 -0.2212313 -0.4336569 -0.8981216 -0.07293352 -0.4237325 -0.905776 0.004551257 -0.4230372 -0.9060733 0.008413318 -0.4237325 -0.9057043 0.01226919 -0.6069674 0.07817324 -0.7908727 -0.5976104 0.01164091 -0.8017021 -0.5973748 0.007938205 -0.8019229 -0.5978031 0.004257429 -0.8016317 -0.6224209 0.2059888 -0.75509 -0.665333 0.07567481 -0.7427014 -0.6568367 0.01332685 -0.7539151 -0.6566127 0.009388307 -0.7541695 -0.6577926 0.007203536 -0.7531647 -0.6332017 0.3312826 -0.6995051 -0.6802256 0.1950835 -0.706566 -0.7304376 0.07093332 -0.679286 -0.7224852 0.01179963 -0.6912857 -0.7333535 -0.0456096 -0.6783158 -0.7524664 -0.1539997 -0.6403736 -0.7671343 -0.2576819 -0.5874564 -0.8345187 -0.2363862 -0.4976948 -0.4769454 -0.07384875 -0.875825 -0.4987183 -0.2154853 -0.8395512 -0.5707231 -0.2015758 -0.7960166 -0.5882965 -0.3333445 -0.7367419 -0.6497439 -0.311176 -0.6935433 -0.6609113 -0.4235552 -0.6195138 -0.7164789 -0.3918896 -0.5771313 -0.7214687 -0.4849513 -0.4942724 -0.7810169 -0.4356741 -0.4474379 -0.7815278 -0.5086536 -0.3612281 -0.6385319 0.4454407 -0.6275824 -0.6905441 0.3115622 -0.6527464 -0.7438481 0.1806142 -0.6434815 -0.8001149 0.06555269 -0.5962542 -0.7939813 0.01480521 -0.6077619 -0.8027137 -0.0353402 -0.5953165 -0.8194935 -0.1295269 -0.5582591 -0.8672709 0.0177153 -0.4975212 -0.876578 -0.03976387 -0.4796143 -0.8943026 -0.1727641 -0.4127656 -0.845806 -0.3698389 -0.3844884 -0.7774265 -0.3508977 -0.521995 -0.7059772 -0.2876685 -0.6471809 -0.6325562 -0.1876614 -0.7514359 -0.5484769 -0.0676315 -0.8334261 -0.5161198 -0.3555114 -0.7792509 -0.5998183 -0.45348 -0.6592222 -0.6662457 -0.5237066 -0.5308937 -0.7210068 -0.5661045 -0.3995933 -0.7753194 -0.5725532 -0.266576 -0.4644862 -0.0003454644 -0.8855803 -0.8408699 -0.4807094 -0.2487091 -0.830153 -0.5395708 -0.1403898 -0.5331481 -0.6939773 -0.4838891 -0.5269624 -0.7725291 -0.3542732 -0.5985457 -0.7277783 -0.3347862 -0.5858853 -0.784937 -0.2015249 -0.6468785 -0.7385323 -0.1900478 -0.6291063 -0.774789 -0.06266794 -0.6861179 -0.7251197 -0.05868179 -0.6183407 -0.7859019 0.00360411 -0.6763291 -0.7365916 0.003429213 -0.6180165 -0.7861312 0.007299599 -0.6760114 -0.7368544 0.007360758 -0.6771096 -0.7358199 0.009573497 -0.9011519 -0.2977035 -0.3151156 -0.9000296 -0.3930764 -0.188249 -0.8874446 -0.4577855 -0.05361563 -0.5573469 -0.830271 0.003817923 -0.4871783 -0.8732932 0.004025761 -0.5570273 -0.8304584 0.007711198 -0.3646832 -0.5193514 0.7728391 -0.4073824 -0.5085003 0.7585954 -0.3701716 -0.646032 0.6675445 -0.4129906 -0.632701 0.6550788 -0.3706618 -0.7536872 0.5427388 -0.4132541 -0.7385336 0.5327187 -0.3661401 -0.8394522 0.4015736 -0.408158 -0.8233025 0.3944363 -0.3566094 -0.9008886 0.247446 -0.3976938 -0.8846745 0.2432912 -0.3435266 -0.9341113 0.09708575 -0.3834117 -0.9186185 0.09557964 -0.3352392 -0.9419706 0.01749624 -0.3745636 -0.9270411 0.0172292 -0.3344479 -0.9423736 0.008750383 -0.3735674 -0.9275631 0.008612861 -0.3344479 -0.9423736 0.008750383 -0.309973 0.0168096 0.9505967 -0.3494477 0.01769799 0.9367887 -0.3109956 0.00808231 0.950377 -0.3506777 0.009103626 0.9364519 -0.3215138 -0.07139626 0.9442094 -0.3617347 -0.06913203 0.9297143 -0.3392847 -0.2219324 0.914129 -0.4336551 -0.8966133 0.08959886 -0.4491665 -0.8613676 0.2372662 -0.4605927 -0.8002052 0.3840911 -0.4662704 -0.7169093 0.5182982 -0.4662526 -0.6137284 0.6371389 -0.4605605 -0.4930947 0.7380662 -0.449297 -0.3576128 0.8186851 -0.4325486 -0.210064 0.876798 -0.4123668 -0.06224063 0.9088893 -0.5707209 -0.1867598 0.7996239 -0.4987176 -0.1998592 0.843408 -0.5484785 -0.05214266 0.8345373 -0.4769432 -0.05757249 0.8770465 -0.5357088 0.01774405 0.8442163 -0.3169612 0.1053564 0.9425686 -0.3105468 0.02557332 0.950214 -0.309973 0.0168096 0.9505967 -0.4002405 0.01495515 0.9162881 -0.3994378 0.01879765 0.9165676 -0.4000418 0.02267053 0.9162164 -0.3222561 0.8644922 0.3857516 -0.3096511 0.9224857 0.2305133 -0.3515166 0.9083335 0.2266413 -0.325328 0.9455605 -0.008779975 -0.2854981 0.958338 -0.00889862 -0.325328 0.9455605 -0.008779975 -0.2854981 0.958338 -0.00889862 -0.325328 0.9455605 -0.008779975 -0.2863033 0.958139 -0.0001480868 -0.3263469 0.9452501 -0.0001570306 -0.2949484 0.9521941 0.07957288 -0.335577 0.9387501 0.07833518 -0.4873678 0.2408782 0.8393154 -0.4207436 0.2482816 0.8725429 -0.3685543 0.2529522 0.8945294 -0.3269758 0.2560277 0.9096904 -0.5707121 0.3631904 0.7364648 -0.4975105 0.3816136 0.7790086 -0.4299069 0.3953942 0.8116918 -0.3766492 0.4043587 0.8334443 -0.334062 0.4103916 0.8485171 -0.4083491 0.9125942 -0.02056357 -0.3679879 0.9297905 -0.008633543 -0.4015652 0.9157825 0.009367293 -0.3719515 0.9282496 -0.002160385 -0.4362986 0.8997347 -0.01100113 -0.4747313 0.8799834 0.0161082 -0.4438711 0.8960904 -0.000676968 -0.5272055 0.8469202 0.06914123 -0.4538225 0.8881942 0.07180701 -0.3868922 0.9192517 0.07273731 -0.5333681 -0.5969147 -0.5993423 -0.6049864 -0.6523131 -0.4565951 -0.6594024 -0.6826032 -0.3150259 -0.7031062 -0.6885306 -0.1776718 -0.7494109 -0.6600379 -0.05228142 -0.740268 -0.6722793 0.006630217 -0.7493284 -0.6590696 0.06429795 -0.4868716 -0.8734359 0.008110265 -0.5573469 -0.8301987 0.01160032 -0.6183407 -0.7858333 0.01099019 -0.629106 -0.773492 0.0770436 -0.686118 -0.723905 0.07213593 -0.7031068 -0.6851121 0.1904266 -0.7646794 -0.6207156 0.1731403 -0.7753193 -0.567504 0.2771628 -0.8408698 -0.4760084 0.2575926 -0.4871783 -0.8732174 0.01219142 -0.4975019 -0.8631905 0.08598855 -0.5680438 -0.8189434 0.08159637 -0.5858874 -0.781058 0.2160657 -0.646876 -0.7348771 0.2037328 -0.6593992 -0.6766395 0.3276456 -0.71499 -0.6288166 0.3055799 -0.7210076 -0.558587 0.4100349 -0.7815274 -0.5018591 0.3706108 -0.7810169 -0.4272901 0.4554512 -0.845806 -0.3626355 0.3912898 -0.6325586 -0.1736716 0.7547899 -0.6105669 -0.04682101 0.7905795 -0.5978031 0.01914247 0.8014144 -0.6570114 0.02050491 0.7536017 -0.6686992 -0.04132018 0.742384 -0.5276729 -0.4833924 -0.6984935 -0.6053865 -0.5603283 -0.5652782 -0.6657708 -0.6104906 -0.4290109 -0.7149891 -0.634384 -0.2938495 -0.7646786 -0.6238245 -0.1615846 -0.8167475 -0.575228 -0.04512551 -0.8096231 -0.5869248 0.005449028 -0.8800742 -0.4748157 0.004409056 -0.816748 -0.57429 0.05580084 -0.8874445 -0.456711 0.062107 -0.5147068 -0.8264573 0.2281343 -0.5985497 -0.7214342 0.3482398 -0.6657706 -0.6024194 0.4402731 -0.7214686 -0.4756881 0.5031937 -0.777427 -0.3411445 0.52842 -0.8345188 -0.2271036 0.5019983 -0.8943026 -0.1650695 0.4159026 -0.9361111 0.3231727 -0.1387639 -0.941019 0.248981 -0.2291106 -0.9403454 0.1572236 -0.3017139 -0.9356018 0.06356712 -0.3472873 -0.9338779 0.0207357 -0.3569902 -0.9377994 -0.02176252 -0.3464947 -0.9473353 -0.1141892 -0.2991932 -0.9526958 -0.204427 -0.2249006 -0.9515696 -0.2770841 -0.1331902 -0.9456255 -0.3228274 -0.03968516 -0.9430629 -0.3326002 0.003088365 -0.9456254 -0.322035 0.04567295 -0.9881153 -0.1351926 0.07315164 -0.4642759 0.02426219 0.8853582 -0.4729309 0.0983092 0.8755979 -0.5446683 0.09578001 0.8331643 -0.5599722 0.2306925 0.7957462 -0.6224182 0.2199785 0.7511358 -0.6385317 0.4570174 0.6192031 -0.5759985 0.4837586 0.658941 -0.5024279 0.5099187 0.6982471 -0.4342175 0.5297587 0.7285677 -0.3803103 0.542783 0.7488329 -0.3370996 0.5516834 0.7628954 -0.4640698 0.02017431 0.8855688 -0.5355101 0.0255223 0.8441431 -0.6069671 0.09284488 0.789285 -0.6802262 0.2081702 0.7028211 -0.695789 0.5214474 0.4939335 -0.638662 0.5573095 0.5305816 -0.5760151 0.5907508 0.5649957 -0.5022255 0.6235825 0.5990947 -0.4337426 0.6486271 0.62542 -0.3795661 0.665165 0.643028 -0.3361118 0.6765055 0.6552626 -0.5333681 -0.5856823 0.6103234 -0.5998178 -0.4411598 0.6675302 -0.6497472 -0.2982452 0.6991984 -0.6897023 -0.1598062 0.7062384 -0.7334448 -0.0332366 0.6789359 -0.7224653 0.02540957 0.6909402 -0.7303582 0.08330191 0.6779659 -0.4644862 0.01609924 0.885434 -0.5352852 0.02162602 0.8443945 -0.5976104 0.02652598 0.8013477 -0.6653331 0.08945251 0.7411681 -0.743849 0.1925316 0.6400158 -0.8120075 0.17154 0.557869 -0.533147 -0.6848727 0.4966928 -0.6053865 -0.5497349 0.5755856 -0.6609115 -0.4119785 0.6272716 -0.7059763 -0.2756002 0.6524125 -0.7524656 -0.1420824 0.6431237 -0.8027132 -0.02427796 0.5958709 -0.7939813 0.02608671 0.6073822 -0.8001153 0.07661496 0.5949333 -0.754485 0.5482078 0.3608608 -0.6911057 0.6024681 0.3992556 -0.6336725 0.6439528 0.4287002 -0.5708293 0.6825917 0.4563139 -0.4969548 0.7205037 0.4836428 -0.4285077 0.7494524 0.5046803 -0.3744387 0.7685834 0.5187247 -0.331121 0.781706 0.5284832 -0.815133 0.5233535 0.2483131 -0.7449508 0.6117019 0.2662124 -0.6815312 0.670346 0.2935156 -0.6235465 0.7156407 0.3147191 -0.5604548 0.757624 0.334509 -0.4866725 0.7986314 0.3540309 -0.4186111 0.8298414 0.3689552 -0.3650578 0.8503949 0.3788948 -0.4041257 0.8875975 0.2210273 -0.4713785 0.8559441 0.2125134 -0.5448057 0.8140537 0.2012545 -0.608101 0.7708495 0.1897477 -0.6668217 0.7238079 0.1773443 -0.7316351 0.6623564 0.1612268 -0.801349 0.5815839 0.1399997 -0.7044353 0.7097211 -0.008174733 -0.7047461 0.7094514 -0.003420926 -0.6371427 0.770737 -0.003687876 -0.588428 0.8061399 0.06237754 -0.6479151 0.7594736 0.05835972 -0.7143673 0.6977551 0.05307673 -0.7863622 0.6160397 0.04614734 -0.5770729 0.8166834 -0.003890004 -0.5246268 0.8513227 -0.004049992 -0.4837847 0.8748209 -0.02531279 -0.6331984 0.3442133 0.6932366 -0.6956352 0.4282532 0.5767937 -0.6905449 0.3236306 0.6468469 -0.7585854 0.3904518 0.5216277 -0.7531358 0.2968306 0.5870929 -0.821484 0.2790302 0.4972989 -0.5269601 -0.7658182 0.3685587 -0.604987 -0.643721 0.46863 -0.6662457 -0.513757 0.540528 -0.7164782 -0.3811067 0.5843087 -0.7671343 -0.2467279 0.5921404 -0.819494 -0.1191383 0.5605672 -0.876578 -0.03085105 0.4802699 -0.8672709 0.02695122 0.4971064 -0.8735989 0.08483312 0.4791956 -0.9377995 -0.01532464 0.3468389 -0.9338779 0.02736123 0.3565436 -0.9356017 0.070005 0.3460472 -0.9011519 -0.2918007 0.3205895 -0.9473353 -0.1086136 0.3012621 -0.8301525 -0.5368717 0.1503849 -0.9000296 -0.389513 0.1955157 -0.9526958 -0.2002155 0.2286579 -0.9858146 -0.04503038 0.1616845 -0.9821131 0.09870183 0.1603492 -0.9817734 0.1475715 0.1197653 -0.9403454 0.1627991 0.2987423 -0.941019 0.2531925 0.2244477 -0.8844226 0.2185682 0.4123404 -0.8847857 0.3436936 0.3146885 -0.8258337 0.4128857 0.3840887 -0.7577721 0.4752998 0.44707 -0.8629502 0.5024509 0.05347897 -0.7787661 0.6273069 -0.003080607 -0.7783828 0.6277484 -0.007223108 -0.8786956 0.4388807 0.1878239 -0.9361111 0.3256937 0.1327389 -0.9798124 0.1872048 0.07015766 -0.9515696 -0.274563 0.1383125 -0.98801 -0.09459811 0.1220137 -0.2075745 -0.8137758 0.542846 -0.2160973 -0.8409328 0.4961189 -0.2068843 -0.8840275 0.419159 -0.2130962 -0.882541 0.4191794 -0.2033523 -0.9352509 0.2897474 -0.1973365 -0.9801758 0.01771477 -0.192235 -0.9808974 0.02976446 -0.2012367 -0.9762825 0.07985114 -0.1960677 -0.9768146 0.08596947 -0.2051024 -0.9631169 0.1741807 -0.1991486 -0.9651867 0.1695713 -0.2090819 -0.9434725 0.2571854 -0.2110406 -0.9159388 0.3413474 -0.1973531 -0.3181235 0.9272805 -0.184791 -0.2664286 0.9459747 -0.1908397 -0.2346494 0.9531631 -0.2052715 -0.4745468 0.8559609 -0.2100375 -0.5487492 0.8091715 -0.2062274 -0.6209306 0.7562509 -0.2125168 -0.6168619 0.7578377 -0.2093186 -0.6820694 0.7006904 -0.2152176 -0.681279 0.6996716 -0.2089496 -0.7399832 0.6393473 -0.2155981 -0.7411876 0.6357346 -0.2159446 -0.7934138 0.5690892 -0.1845622 -0.151816 0.9710246 -0.1777563 -0.1478844 0.9728992 -0.1780441 -0.05690032 0.982376 -0.259924 -0.8715614 0.4157165 -0.280054 -0.8663562 0.4135174 -0.2570779 -0.905848 0.3366755 -0.2771492 -0.9005741 0.3348949 -0.2532878 -0.9331004 0.255282 -0.27281 -0.9279292 0.2540121 -0.2485984 -0.9531713 0.1722306 -0.2679499 -0.9480662 0.1713867 -0.2984518 -0.9204478 0.2523931 -0.2859405 -0.9532296 0.09793586 -0.2823397 -0.8256608 0.4884349 -0.3098403 -0.7721472 0.5547861 -0.3063362 -0.8590249 0.4101639 -0.3089747 -0.6623219 0.6825425 -0.2477142 -0.3931569 0.8854746 -0.2679137 -0.3905278 0.8807442 -0.2525513 -0.4692205 0.8461973 -0.273166 -0.46608 0.8415163 -0.2564624 -0.5412161 0.8008197 -0.2769976 -0.5376371 0.7963785 -0.2594509 -0.6091375 0.7494242 -0.3037295 -0.5326403 0.7899638 -0.2807838 -0.2280401 0.9322865 -0.2942831 -0.3866263 0.8740238 -0.2621152 -0.3114095 0.9134111 -0.1719504 -0.06294575 0.9830925 -0.1673897 -0.007198141 0.9858645 -0.1721993 0.0049651 0.9850496 -0.1653755 0.01341575 0.9861394 -0.1709091 0.01354948 0.9851936 -0.1653755 0.01341575 0.9861394 -0.1709091 0.01354948 0.9851936 -0.1653755 0.01341575 0.9861394 -0.1709091 0.01354948 0.9851936 -0.1653755 0.01341575 0.9861394 -0.1717557 0.02218469 0.9848897 -0.1725856 0.5475149 0.818805 -0.1816245 0.5010068 0.8461706 -0.1733184 0.4238051 0.8890163 -0.1795635 0.4239878 0.8876887 -0.1718452 0.2943115 0.940133 -0.1653755 0.01341575 0.9861394 -0.1663262 0.03409734 0.9854811 -0.1741383 0.08440397 0.9810973 -0.1688002 0.09038562 0.9814973 -0.1758863 0.1788108 0.9680345 -0.1700033 0.1740469 0.9699518 -0.1782073 0.2619039 0.948498 -0.17868 0.3461065 0.9210232 -0.1650195 0.9318826 0.3230533 -0.153298 0.9502784 0.2710548 -0.1599661 0.9576425 0.2394403 -0.1707976 0.860689 0.4796277 -0.1748843 0.81399 0.5539275 -0.1706114 0.7609405 0.6259882 -0.1769592 0.7626928 0.6220813 -0.1735854 0.7054385 0.687186 -0.1795271 0.7045738 0.6865463 -0.1733339 0.6440681 0.7450715 -0.1800411 0.6406286 0.7464451 -0.1807875 0.5739801 0.7986631 -0.1553406 0.9753898 0.1564737 -0.1485906 0.9770897 0.1523698 -0.1509517 0.9866311 0.06142266 -0.2155136 0.08436074 0.97285 -0.2342766 0.08449485 0.9684912 -0.2123741 0.02352982 0.9769051 -0.2307772 0.02392736 0.9727124 -0.2120177 0.01453355 0.9771577 -0.2303764 0.01496762 0.9729865 -0.2120177 0.01453355 0.9771577 -0.2303764 0.01496762 0.9729865 -0.2120177 0.01453355 0.9771577 -0.2303764 0.01496762 0.9729865 -0.2128368 0.005564265 0.9770719 -0.231238 0.006036674 0.9728785 -0.2191058 -0.05508843 0.9741447 -0.2378518 -0.05433813 0.9697803 -0.2280701 -0.1486263 0.962234 -0.2475189 -0.1473709 0.9576096 -0.2353951 -0.2318732 0.9438347 -0.2550061 -0.2301897 0.9391404 -0.2419671 -0.313616 0.9182031 -0.2267302 0.4217496 0.877907 -0.2470367 0.4200776 0.8732169 -0.2250655 0.3426387 0.9121098 -0.2453042 0.3413835 0.9073495 -0.2226978 0.2611561 0.9392567 -0.2423719 0.2603971 0.934585 -0.2196576 0.1779977 0.9592014 -0.2391484 0.1776601 0.9545915 -0.2682296 0.2594497 0.9277601 -0.2589037 0.1046979 0.9602121 -0.2484119 0.4950561 0.8325929 -0.2755348 0.5621347 0.7797982 -0.2735755 0.4174127 0.8665582 -0.2634895 -0.07339637 0.961866 -0.2530126 0.00659518 0.9674405 -0.2521029 0.01547692 0.9675766 -0.2521029 0.01547692 0.9675766 -0.2521029 0.01547692 0.9675766 -0.2525543 0.02438946 0.9672753 -0.2741504 0.6898983 0.6699865 -0.2145204 0.8913491 0.3993467 -0.2348964 0.8871466 0.3972336 -0.2184355 0.8521603 0.475509 -0.2392383 0.8480184 0.4728952 -0.2216875 0.8068518 0.5475808 -0.2424157 0.8029479 0.5445267 -0.2242776 0.7555064 0.6155564 -0.2694239 0.7972329 0.5402133 -0.2505615 0.9391135 0.235127 -0.2615225 0.881116 0.3940059 -0.2302701 0.9197043 0.3179932 -0.1446893 0.987185 0.0673107 -0.1414809 0.9898746 0.01146491 -0.1466185 0.9891929 -0.0005717103 -0.1399865 0.9901107 -0.009193645 -0.1455444 0.9893091 -0.009186201 -0.1399865 0.9901107 -0.009193645 -0.1455444 0.9893091 -0.009186201 -0.1399865 0.9901107 -0.009193645 -0.1455444 0.9893091 -0.009186201 -0.1399865 0.9901107 -0.009193645 -0.1466185 0.989033 -0.01779701 -0.1651563 0.823374 -0.5429352 -0.1722924 0.8509343 -0.4962117 -0.1609104 0.8934986 -0.4192469 -0.1671905 0.8923339 -0.4192703 -0.1548086 0.944474 -0.289833 -0.163456 0.9255825 -0.3414369 -0.1601229 0.95298 -0.2572737 -0.1491271 0.9741552 -0.1696545 -0.1551774 0.9723945 -0.1742668 -0.1454918 0.9856101 -0.08605114 -0.1506843 0.9853449 -0.07993529 -0.1414809 0.989491 -0.02984426 -0.1399865 0.9901107 -0.009193645 -0.1802751 0.3278479 -0.9273708 -0.1703814 0.2755747 -0.9460596 -0.1780542 0.2441489 -0.9532513 -0.1801662 0.4844723 -0.856053 -0.1811292 0.5588222 -0.809265 -0.1736344 0.6307125 -0.7563417 -0.1801241 0.6269729 -0.7579316 -0.1736014 0.69193 -0.700782 -0.1795337 0.6914443 -0.699766 -0.1702815 0.7497488 -0.639438 -0.1768608 0.7512939 -0.6358284 -0.1745508 0.8034695 -0.5691826 -0.1760398 0.1611019 -0.9711108 -0.1694443 0.1568253 -0.9729822 -0.1744101 0.06597644 -0.9824603 -0.1680129 0.07170021 -0.9831738 -0.1663262 0.01579172 -0.9859443 -0.1717558 0.003892152 -0.9851319 -0.1653755 -0.00489852 -0.9862185 -0.1709091 -0.004747254 -0.9852754 -0.1653755 -0.00489852 -0.9862185 -0.1709091 -0.004747254 -0.9852754 -0.1653755 -0.00489852 -0.9862185 -0.1709091 -0.004747254 -0.9852754 -0.1653755 -0.00489852 -0.9862185 -0.1721992 -0.01332744 -0.984972 -0.2001451 -0.5379166 -0.8188942 -0.2067653 -0.4910053 -0.8462635 -0.1944763 -0.414334 -0.8891042 -0.2007232 -0.414195 -0.8877797 -0.1863158 -0.2850884 -0.9402186 -0.1958165 -0.3364628 -0.9211127 -0.1909975 -0.2523965 -0.9485863 -0.1782723 -0.1650784 -0.9700351 -0.1843936 -0.1695332 -0.9681206 -0.1727594 -0.08159006 -0.981579 -0.1777827 -0.07534158 -0.9811814 -0.1673897 -0.02550376 -0.9855609 -0.1653755 -0.00489852 -0.9862185 -0.2126087 -0.9221582 -0.3231436 -0.2018744 -0.9411323 -0.2711398 -0.2089278 -0.9481431 -0.2395285 -0.2146401 -0.8507635 -0.4797198 -0.2162824 -0.803917 -0.5540211 -0.2092503 -0.7511586 -0.6260791 -0.2156818 -0.7525818 -0.6221752 -0.2093346 -0.6955779 -0.6872775 -0.2152242 -0.6944085 -0.6866407 -0.2058972 -0.6343025 -0.7451622 -0.2124178 -0.6305223 -0.7465389 -0.2097079 -0.5639243 -0.7987565 -0.2052615 -0.9661039 -0.1565599 -0.19861 -0.9681489 -0.1524528 -0.2015025 -0.9775549 -0.06150693 -0.195274 -0.9784306 -0.06739199 -0.192235 -0.981281 -0.01154471 -0.1973365 -0.9803357 0.0004894666 -0.1907646 -0.9815935 0.009114559 -0.1962739 -0.9805068 0.009104469 -0.1907646 -0.9815935 0.009114559 -0.1962739 -0.9805068 0.009104469 -0.1907646 -0.9815935 0.009114559 -0.1962739 -0.9805068 0.009104469 -0.1907646 -0.9815935 0.009114559 -0.1907646 -0.9815935 0.009114559 -0.2080594 -0.978074 0.009081879 -0.2215621 -0.9751042 0.009054303 -0.2085707 -0.9780073 4.208554e-05 -0.2221073 -0.9750222 3.782166e-05 -0.2126028 -0.9752251 -0.06112385 -0.2264124 -0.9721224 -0.06095552 -0.218006 -0.9634766 -0.1555194 -0.2322025 -0.9602281 -0.1550611 -0.222051 -0.9451442 -0.239574 -0.2365508 -0.941808 -0.2388335 -0.2252883 -0.9195016 -0.3221211 -0.2400486 -0.9161214 -0.3210891 -0.2276755 -0.8866638 -0.4024813 -0.2426516 -0.8832884 -0.4011507 -0.229173 -0.8471923 -0.4793171 -0.2443166 -0.8438758 -0.4776851 -0.2297917 -0.8015586 -0.551996 -0.2450553 -0.7983539 -0.5500718 -0.2295412 -0.7497988 -0.6205744 -0.2448822 -0.7467491 -0.6183838 -0.2284081 -0.6919713 -0.6848397 -0.2437797 -0.689109 -0.6824223 -0.2263956 -0.6288215 -0.7438606 -0.2417495 -0.6261806 -0.7412523 -0.2235454 -0.5612666 -0.7968735 -0.2388323 -0.558893 -0.7941019 -0.2198761 -0.4895174 -0.8438171 -0.2350491 -0.4874377 -0.8409259 -0.2153761 -0.413518 -0.8846559 -0.2303917 -0.411741 -0.8816967 -0.2100652 -0.3338919 -0.9189063 -0.2248751 -0.3324188 -0.9159306 -0.2040317 -0.251962 -0.9459843 -0.2185879 -0.250788 -0.9430401 -0.1973385 -0.168406 -0.9657623 -0.211597 -0.1675228 -0.9628929 -0.1891864 -0.0744216 -0.9791169 -0.2030628 -0.07384228 -0.9763774 -0.183497 -0.01344336 -0.9829283 -0.1971008 -0.0130451 -0.9802964 -0.1827495 -0.004422586 -0.9831496 -0.1963197 -0.004048798 -0.9805316 -0.1827495 -0.004422586 -0.9831496 -0.1963197 -0.004048798 -0.9805316 -0.1827495 -0.004422586 -0.9831496 -0.1963197 -0.004048798 -0.9805316 -0.1830316 0.004627347 -0.9830961 -0.1966367 0.004978705 -0.9804638 -0.1855733 0.06587803 -0.9804196 -0.1994586 0.06606388 -0.9776767 -0.1888707 0.1603885 -0.9688155 -0.2031538 0.1602943 -0.965937 -0.1912454 0.244531 -0.9505944 -0.2058412 0.2441626 -0.947636 -0.1930413 0.3271507 -0.9250446 -0.207906 0.3264976 -0.922049 -0.1942303 0.4075674 -0.8922799 -0.2093181 0.4066213 -0.8892947 -0.1947925 0.4844426 -0.8528606 -0.2100538 0.4831993 -0.8499387 -0.1947425 0.5571438 -0.8072584 -0.2101282 0.5556115 -0.8044513 -0.1940875 0.6257278 -0.7555096 -0.2095534 0.6239311 -0.7528595 -0.1928181 0.6899817 -0.6976722 -0.2083155 0.6879588 -0.6952102 -0.1909419 0.7489739 -0.6344913 -0.2064207 0.7467597 -0.6322503 -0.1884961 0.8019416 -0.5668852 -0.2039053 0.7995623 -0.5649096 -0.1854956 0.848824 -0.4950649 -0.2007863 0.846322 -0.4933801 -0.181931 0.8895851 -0.4189743 -0.1970582 0.8870109 -0.417588 -0.1778183 0.9237418 -0.339237 -0.1927325 0.9211456 -0.3381492 -0.1732262 0.9507114 -0.257178 -0.1878783 0.9481401 -0.2563826 -0.1682032 0.9703678 -0.1734764 -0.1825484 0.9678634 -0.1729639 -0.162157 0.9835724 -0.0793119 -0.1761091 0.981188 -0.0790933 -0.1579579 0.987278 -0.01820642 -0.1716302 0.984994 -0.01816175 -0.1574395 0.9874861 -0.009169274 -0.1710772 0.9852152 -0.009148187 -0.1574395 0.9874861 -0.009169274 -0.1710772 0.9852152 -0.009148187 -0.1574395 0.9874861 -0.009169274 -0.1710772 0.9852152 -0.009148187 -0.1579579 0.9874458 -0.0001297269 -0.1716302 0.9851614 -0.000131969 -0.162157 0.9848756 0.06103424 -0.176108 0.9824877 0.06085927 -0.168203 0.9734219 0.1554271 -0.1825476 0.9709084 0.1549619 -0.1732262 0.9553231 0.2394795 -0.1878782 0.9527375 0.238732 -0.1778185 0.9298821 0.3220247 -0.1927327 0.9272661 0.3209856 -0.181931 0.8972117 0.4023833 -0.1970603 0.8946115 0.4010455 -0.1854948 0.8578705 0.479218 -0.2007882 0.8553378 0.4775786 -0.1884961 0.81233 0.551896 -0.2039035 0.8099151 0.5499645 -0.1909427 0.7606268 0.6204739 -0.2064193 0.7583707 0.6182759 -0.1928181 0.7028184 0.684739 -0.2083155 0.700751 0.6823142 -0.1940867 0.6396494 0.7437601 -0.2095549 0.6378022 0.7411444 -0.1947425 0.572038 0.7967734 -0.21013 0.5704543 0.7939945 -0.1947934 0.5001956 0.8437179 -0.2100518 0.4988996 0.8408195 -0.1942304 0.4240659 0.8845579 -0.2093161 0.423064 0.8815915 -0.1930411 0.3442723 0.9188099 -0.2079057 0.3435634 0.9158272 -0.1912453 0.2621408 0.9458897 -0.2058413 0.2617175 0.9429387 -0.1888709 0.1783514 0.96567 -0.2031546 0.1782032 0.9627938 -0.1855732 0.08407211 0.9790273 -0.1994598 0.08420771 0.9762811 -0.1830316 0.0228819 0.9828407 -0.1966367 0.02318431 0.9802023 -0.1827495 0.01383462 0.9830622 -0.1963197 0.01415973 0.9804377 -0.1827495 0.01383462 0.9830622 -0.1963197 0.01415973 0.9804377 -0.1827495 0.01383462 0.9830622 -0.1963197 0.01415973 0.9804377 -0.183497 0.004811201 0.9830085 -0.1971009 0.005160505 0.9803696 -0.1891865 -0.05622752 0.98033 -0.2030617 -0.05569851 0.9775805 -0.1973383 -0.1504431 0.9687231 -0.2115963 -0.149614 0.9658378 -0.2040318 -0.2343521 0.9504999 -0.2185879 -0.233233 0.9475345 -0.2100654 -0.3167702 0.9249482 -0.2248753 -0.315353 0.9219455 -0.2153761 -0.3970195 0.8921819 -0.2303938 -0.3952981 0.8891896 -0.2198753 -0.4737644 0.8527615 -0.235051 -0.4717373 0.8498323 -0.2235453 -0.5463724 0.8071584 -0.2388305 -0.5440503 0.804344 -0.2263964 -0.6148999 0.755409 -0.2417481 -0.6123095 0.7527516 -0.2284081 -0.6791346 0.6975714 -0.2437797 -0.6763169 0.6951021 -0.2295404 -0.738146 0.6343908 -0.2448837 -0.7351381 0.6321424 -0.2297917 -0.7911702 0.5667852 -0.245057 -0.7880009 0.5648022 -0.2291738 -0.8381457 0.4949657 -0.2443146 -0.8348601 0.4932737 -0.2276755 -0.8790373 0.4188763 -0.2426495 -0.8756879 0.4174829 -0.2252881 -0.9133613 0.3391406 -0.2400483 -0.910001 0.3380458 -0.2220509 -0.9405325 0.2570835 -0.2365509 -0.9372106 0.2562811 -0.2180063 -0.9604224 0.1733841 -0.2322033 -0.9571831 0.1728648 -0.2126027 -0.9739219 0.07922229 -0.2264135 -0.9708225 0.07899706 -0.2085707 -0.9778394 0.01811878 -0.2221073 -0.9748548 0.0180676 -0.2080594 -0.978074 0.009081879 -0.2215621 -0.9751042 0.009054303 -0.2080594 -0.978074 0.009081879 -0.2215621 -0.9751042 0.009054303 -0.2145231 0.883779 -0.4158299 -0.2348953 0.8796168 -0.4136406 -0.2099539 0.9178746 -0.3367871 -0.2302709 0.9136408 -0.3350163 -0.204805 0.9448969 -0.2553915 -0.2245681 0.9407373 -0.254131 -0.1991285 0.9647008 -0.1723377 -0.1922454 0.9781751 -0.07883685 -0.2111125 0.9743051 -0.07849239 -0.1874516 0.982107 -0.01810579 -0.2059617 0.9783939 -0.01803385 -0.1868596 0.9823443 -0.00912153 -0.2053255 0.9786515 -0.009087241 -0.1868596 0.9823443 -0.00912153 -0.2053255 0.9786515 -0.009087241 -0.1868596 0.9823443 -0.00912153 -0.2053255 0.9786515 -0.009087241 -0.1874517 0.9822738 -0.000134273 -0.2059617 0.97856 -0.00013723 -0.1922463 0.9794702 0.06065858 -0.2111123 0.9755947 0.06038661 -0.1991293 0.9677344 0.1543946 -0.2187174 0.9636176 0.1536357 -0.2048051 0.9494764 0.2378012 -0.224568 0.9452941 0.2366185 -0.2099547 0.9239699 0.3196851 -0.2187175 0.9605984 -0.1715031 -0.2505618 0.9345856 -0.2525244 -0.2364536 0.9666818 -0.09806077 -0.2392367 0.839092 -0.4885596 -0.2694234 0.787064 -0.5549246 -0.2615216 0.8736479 -0.4102997 -0.2364528 0.9683363 0.08009251 -0.2278774 0.9736898 -0.0001402216 -0.2271913 0.9738082 -0.009042268 -0.2271913 0.9738082 -0.009042268 -0.2271913 0.9738082 -0.009042268 -0.2278773 0.9735246 -0.0179404 -0.2261952 0.6854026 -0.6921409 -0.2470293 0.6821177 -0.6882528 -0.2242776 0.7439461 -0.6294789 -0.2453063 0.7402983 -0.6259259 -0.2216851 0.7965441 -0.5624706 -0.2424168 0.7926978 -0.5593427 -0.2184385 0.8431833 -0.49125 -0.2267276 0.4053743 -0.8855881 -0.2470379 0.4037884 -0.8808673 -0.2276622 0.4815866 -0.8463122 -0.2484134 0.4795113 -0.8416411 -0.2278843 0.5536886 -0.8009355 -0.2485786 0.5511713 -0.7965042 -0.2273976 0.6216745 -0.7495407 -0.2755353 0.547557 -0.7901023 -0.2741504 0.6773381 -0.682682 -0.248409 0.6187328 -0.7452937 -0.2682292 0.2421778 -0.9324178 -0.2735764 0.4012494 -0.8741595 -0.2453035 0.3244761 -0.9135324 -0.2477168 -0.409532 -0.8780204 -0.2679126 -0.406817 -0.87334 -0.2419663 -0.330612 -0.9122215 -0.2621159 -0.3283169 -0.9074708 -0.235395 -0.2493597 -0.9393662 -0.2550062 -0.247589 -0.934704 -0.2280693 -0.1664682 -0.9593085 -0.2191049 -0.07316879 -0.9729539 -0.237852 -0.07233697 -0.968604 -0.2128367 -0.01258014 -0.9770068 -0.231238 -0.01202992 -0.9728228 -0.2120177 -0.003614132 -0.9772591 -0.2303764 -0.003102684 -0.9730967 -0.2120177 -0.003614132 -0.9772591 -0.2303764 -0.003102684 -0.9730967 -0.2120177 -0.003614132 -0.9772591 -0.2303764 -0.003102684 -0.9730967 -0.2123741 0.005385422 -0.9771736 -0.2307772 0.005860768 -0.972989 -0.2155146 0.06628042 -0.9742486 -0.2342764 0.06649599 -0.9698932 -0.2196584 0.1601558 -0.962341 -0.2391482 0.1599031 -0.957726 -0.2226979 0.2436696 -0.9439443 -0.2423718 0.2429977 -0.9392593 -0.2250663 0.3256427 -0.9183147 -0.247519 -0.1651278 -0.9547079 -0.2807841 -0.2453119 -0.9278914 -0.2634903 -0.09124561 -0.960337 -0.2731644 -0.4816249 -0.8327176 -0.303729 -0.547218 -0.7799367 -0.2942823 -0.4027897 -0.866694 -0.258903 0.0868486 -0.9619909 -0.2525543 0.00642377 -0.9675614 -0.2521029 -0.002493014 -0.9676972 -0.2521029 -0.002493014 -0.9676972 -0.2521029 -0.002493014 -0.9676972 -0.2530125 -0.01137051 -0.9673962 -0.2615026 -0.685578 -0.6794109 -0.2821382 -0.6811523 -0.6755957 -0.2594508 -0.6229482 -0.7379842 -0.2802802 -0.6188526 -0.7338013 -0.2564601 -0.555995 -0.7906313 -0.2769986 -0.5523323 -0.7862575 -0.2525542 -0.4848519 -0.837338 -0.2599214 -0.8791317 -0.3994601 -0.2800551 -0.873886 -0.3973567 -0.2617779 -0.8397942 -0.4756238 -0.2823412 -0.8345871 -0.4730199 -0.2626592 -0.7943793 -0.5476966 -0.2831605 -0.7894137 -0.5446524 -0.2625708 -0.7429694 -0.6156728 -0.3098408 -0.7823162 -0.5403518 -0.3089747 -0.6748821 -0.670126 -0.2833829 -0.7381801 -0.6121962 -0.2984515 -0.9249758 -0.2352582 -0.306337 -0.8664929 -0.3941417 -0.2771485 -0.9066377 -0.3181145 -0.2423732 -0.9669831 0.07873293 -0.261016 -0.9621472 0.0783795 -0.2377592 -0.9711573 0.01800412 -0.2560535 -0.9664964 0.01792337 -0.2371758 -0.9714249 0.009020138 -0.2554272 -0.9667866 0.00897707 -0.2371758 -0.9714249 0.009020138 -0.2554272 -0.9667866 0.00897707 -0.2371758 -0.9714249 0.009020138 -0.2554272 -0.9667866 0.00897707 -0.2377592 -0.9713241 3.259994e-05 -0.2560535 -0.9666626 2.675665e-05 -0.2423741 -0.9682782 -0.0607625 -0.2610158 -0.9634368 -0.0604995 -0.2485992 -0.9562048 -0.1545017 -0.2679497 -0.9510853 -0.153752 -0.2532879 -0.93768 -0.2379108 -0.2728099 -0.932486 -0.2367374 -0.2570787 -0.9119433 -0.3197968 -0.2770146 -0.9608243 0.008921707 -0.3029062 -0.9529793 0.008848862 -0.2776895 -0.9606709 1.933454e-05 -0.3036355 -0.9527883 1.052463e-05 -0.2859397 -0.9548841 -0.08021742 -0.3112758 -0.9468966 -0.08058672 -0.3232691 -0.9170667 -0.2334218 -0.3319365 -0.8585321 -0.3908206 -0.3359322 -0.7747548 -0.5356347 -0.3352411 -0.6681655 -0.664205 -0.3298745 -0.5416921 -0.7731445 -0.3199832 -0.3986647 -0.8594633 -0.3057376 -0.2426915 -0.9206657 -0.2890212 -0.09081522 -0.9530054 -0.2791426 -0.01056623 -0.9601915 -0.2781793 -0.001754886 -0.9605276 -0.2781793 -0.001754886 -0.9605276 -0.2781793 -0.001754886 -0.9605276 -0.2786877 0.007099297 -0.9603556 -0.2844204 0.08786902 -0.9546644 -0.2932826 0.2409799 -0.9251562 -0.2994503 0.3985873 -0.8668666 -0.301926 0.5435117 -0.7832214 -0.3007248 0.6720931 -0.6766501 -0.2958684 0.7809442 -0.55008 -0.2874971 0.8670776 -0.4068439 -0.2757511 0.9280002 -0.2505532 -0.2621657 0.9600039 -0.09829386 -0.2541947 0.966989 -0.01781529 -0.2534523 0.9673062 -0.008981894 -0.2534523 0.9673062 -0.008981894 -0.2534523 0.9673062 -0.008981894 -0.2541947 0.9671531 -0.0001439085 -0.2621666 0.9616634 0.0804496 -0.2757523 0.9324922 0.2332786 -0.2874961 0.8744833 0.3906725 -0.2958676 0.7910244 0.5354836 -0.3007248 0.6845424 0.6640529 -0.3019268 0.5579618 0.7729934 -0.2994513 0.4146159 0.8593152 -0.2932814 0.258117 0.9205225 -0.2844194 0.105582 0.9528683 -0.2786876 0.02493102 0.9600581 -0.2781793 0.01608178 0.9603945 -0.2781793 0.01608178 0.9603945 -0.2781793 0.01608178 0.9603945 -0.2791426 0.007265497 0.9602222 -0.2890221 -0.07310219 0.9545273 -0.3057388 -0.2255544 0.925013 -0.3199823 -0.3826362 0.8667185 -0.3298737 -0.5272421 0.7830703 -0.3352411 -0.6557163 0.6764981 -0.3359329 -0.7646746 0.5499289 -0.3319374 -0.8511264 0.4066958 -0.3232679 -0.9125748 0.25041 -0.3112749 -0.9452371 0.09815674 -0.2776895 -0.9605056 0.01781952 -0.3036355 -0.9526242 0.01768191 -0.2770146 -0.9608243 0.008921707 -0.3029062 -0.9529793 0.008848862 -0.2770146 -0.9608243 0.008921707 -0.3029062 -0.9529793 0.008848862</float_array>
          <technique_common>
            <accessor count="1215" source="#normals-array-array" stride="3">
              <param type="float" name="X"/>
              <param type="float" name="Y"/>
              <param type="float" name="Z"/>
            </accessor>
          </technique_common>
        </source>
        <vertices id="verts-array-vertices">
          <input semantic="POSITION" source="#verts-array"/>
        </vertices>
        <triangles count="2266" material="material0">
          <input offset="0" semantic="VERTEX" source="#verts-array-vertices"/>
          <input offset="1" semantic="NORMAL" source="#normals-array"/>
          <p>0 0 1 1 2 2 2 2 3 3 0 0 4 4 0 0 3 3 0 0 4 4 5 5 6 6 7 7 8 8 0 0 8 8 7 7 8 8 0 0 9 9 5 5 9 9 0 0 3 3 10 10 4 4 11 11 4 4 10 10 4 4 11 11 12 12 1 1 13 13 2 2 14 14 2 2 13 13 2 2 14 14 15 15 16 16 17 17 18 18 19 19 18 18 17 17 18 18 19 19 1 1 20 20 1 1 19 19 1 1 20 20 13 13 21 21 22 22 23 23 24 24 23 23 22 22 23 23 24 24 8 8 25 25 8 8 24 24 8 8 25 25 6 6 26 26 27 27 28 28 29 29 28 28 27 27 15 15 30 30 2 2 31 31 2 2 30 30 2 2 31 31 32 32 33 33 34 34 12 12 35 35 12 12 34 34 12 12 35 35 4 4 36 36 37 37 38 38 39 39 38 38 37 37 29 29 27 27 18 18 40 40 18 18 27 27 18 18 40 40 41 41 42 42 43 43 44 44 34 34 44 44 43 43 44 44 34 34 45 45 39 39 37 37 23 23 46 46 23 23 37 37 23 23 46 46 47 47 26 26 28 28 48 48 49 49 48 48 28 28 48 48 49 49 50 50 51 51 52 52 53 53 32 32 53 53 52 52 53 53 32 32 54 54 36 36 38 38 55 55 56 56 55 55 38 38 55 55 56 56 57 57 41 41 58 58 18 18 59 59 18 18 58 58 18 18 59 59 16 16 47 47 60 60 23 23 61 61 23 23 60 60 23 23 61 61 21 21 33 33 62 62 34 34 63 63 34 34 62 62 34 34 63 63 64 64 44 44 65 65 42 42 66 66 42 42 65 65 42 42 66 66 67 67 68 68 67 67 66 66 31 31 69 69 32 32 70 70 32 32 69 69 32 32 70 70 71 71 53 53 72 72 51 51 73 73 51 51 72 72 51 51 73 73 74 74 75 75 74 74 73 73 64 64 76 76 34 34 77 77 34 34 76 76 34 34 77 77 45 45 71 71 78 78 32 32 79 79 32 32 78 78 32 32 79 79 54 54 80 80 81 81 82 82 83 83 84 84 85 85 86 86 87 87 88 88 89 89 90 90 91 91 91 91 90 90 92 92 93 93 94 94 95 95 95 95 94 94 96 96 97 97 98 98 99 99 100 100 101 101 102 102 102 102 101 101 103 103 104 104 105 105 106 106 106 106 105 105 107 107 108 108 109 109 110 110 111 111 81 81 112 112 113 113 114 114 115 115 81 81 111 111 116 116 117 117 118 118 119 119 81 81 80 80 120 120 121 121 122 122 123 123 124 124 125 125 126 126 127 127 128 128 129 129 130 130 131 131 132 132 133 133 81 81 134 134 135 135 82 82 81 81 133 133 135 135 81 81 136 136 81 81 137 137 136 136 134 134 81 81 138 138 137 137 81 81 139 139 140 140 141 141 142 142 143 143 144 144 145 145 146 146 147 147 148 148 149 149 150 150 151 151 81 81 152 152 153 153 138 138 81 81 151 151 153 153 81 81 154 154 81 81 155 155 154 154 152 152 81 81 155 155 115 115 156 156 157 157 158 158 159 159 160 160 161 161 162 162 163 163 164 164 165 165 159 159 158 158 166 166 165 165 164 164 167 167 168 168 167 167 164 164 167 167 168 168 169 169 170 170 169 169 168 168 169 169 170 170 171 171 172 172 171 171 170 170 171 171 172 172 173 173 174 174 173 173 172 172 173 173 174 174 175 175 176 176 175 175 174 174 175 175 176 176 177 177 178 178 177 177 176 176 177 177 178 178 179 179 180 180 179 179 178 178 179 179 180 180 181 181 162 162 161 161 182 182 183 183 182 182 161 161 182 182 183 183 184 184 185 185 184 184 183 183 184 184 185 185 186 186 187 187 180 180 188 188 178 178 188 188 180 180 188 188 178 178 189 189 176 176 189 189 178 178 189 189 176 176 190 190 174 174 190 190 176 176 190 190 174 174 191 191 172 172 191 191 174 174 191 191 172 172 192 192 170 170 192 192 172 172 192 192 170 170 193 193 168 168 193 193 170 170 193 193 168 168 194 194 164 164 194 194 168 168 194 194 164 164 195 195 163 163 195 195 164 164 195 195 163 163 196 196 165 165 160 160 163 163 162 162 163 163 160 160 163 163 162 162 196 196 182 182 196 196 162 162 196 196 182 182 197 197 184 184 197 197 182 182 197 197 184 184 198 198 186 186 198 198 184 184 198 198 186 186 199 199 200 200 201 201 202 202 203 203 202 202 201 201 202 202 203 203 204 204 205 205 204 204 203 203 204 204 205 205 206 206 207 207 206 206 205 205 206 206 207 207 208 208 209 209 208 208 207 207 208 208 209 209 210 210 211 211 210 210 209 209 210 210 211 211 212 212 213 213 212 212 211 211 212 212 213 213 214 214 215 215 214 214 213 213 214 214 215 215 216 216 217 217 216 216 215 215 218 218 157 157 219 219 159 159 219 219 157 157 219 219 159 159 217 217 166 166 217 217 159 159 217 217 166 166 216 216 220 220 221 221 222 222 223 223 222 222 221 221 222 222 223 223 224 224 225 225 224 224 223 223 224 224 225 225 226 226 221 221 227 227 223 223 228 228 223 223 227 227 223 223 228 228 225 225 229 229 225 225 228 228 225 225 229 229 226 226 230 230 231 231 232 232 233 233 234 234 235 235 236 236 235 235 234 234 235 235 236 236 232 232 237 237 232 232 236 236 232 232 237 237 230 230 238 238 230 230 237 237 230 230 238 238 239 239 240 240 239 239 238 238 241 241 231 231 242 242 230 230 242 242 231 231 242 242 230 230 243 243 239 239 243 243 230 230 243 243 239 239 244 244 240 240 244 244 239 239 244 244 240 240 245 245 245 245 246 246 244 244 247 247 244 244 246 246 244 244 247 247 243 243 248 248 243 243 247 247 243 243 248 248 242 242 249 249 242 242 248 248 242 242 249 249 241 241 250 250 241 241 249 249 251 251 252 252 253 253 254 254 253 253 252 252 253 253 254 254 255 255 150 150 149 149 256 256 257 257 256 256 149 149 256 256 257 257 258 258 259 259 258 258 257 257 258 258 259 259 260 260 261 261 260 260 259 259 260 260 261 261 262 262 263 263 262 262 261 261 262 262 263 263 264 264 265 265 264 264 263 263 264 264 265 265 266 266 267 267 266 266 265 265 266 266 267 267 268 268 269 269 268 268 267 267 268 268 269 269 270 270 271 271 270 270 269 269 270 270 271 271 272 272 147 147 146 146 273 273 274 274 273 273 146 146 273 273 274 274 275 275 276 276 275 275 274 274 275 275 276 276 277 277 185 185 272 272 186 186 271 271 186 186 272 272 186 186 271 271 199 199 269 269 199 199 271 271 199 199 269 269 278 278 267 267 278 278 269 269 278 278 267 267 279 279 265 265 279 279 267 267 279 279 265 265 280 280 263 263 280 280 265 265 280 280 263 263 281 281 261 261 281 281 263 263 281 281 261 261 282 282 259 259 282 282 261 261 282 282 259 259 283 283 257 257 283 283 259 259 283 283 257 257 284 284 149 149 284 284 257 257 284 284 149 149 285 285 148 148 285 285 149 149 285 285 148 148 286 286 150 150 145 145 148 148 147 147 148 148 145 145 148 148 147 147 286 286 273 273 286 286 147 147 286 286 273 273 287 287 275 275 287 287 273 273 287 287 275 275 288 288 277 277 288 288 275 275 288 288 277 277 289 289 290 290 251 251 291 291 253 253 291 291 251 251 291 291 253 253 292 292 255 255 292 292 253 253 292 292 255 255 293 293 294 294 290 290 295 295 291 291 295 295 290 290 295 295 291 291 296 296 292 292 296 296 291 291 296 296 292 292 297 297 293 293 297 297 292 292 297 297 293 293 298 298 299 299 294 294 300 300 295 295 300 300 294 294 300 300 295 295 301 301 296 296 301 301 295 295 301 301 296 296 302 302 297 297 302 302 296 296 302 302 297 297 303 303 298 298 303 303 297 297 140 140 139 139 304 304 305 305 304 304 139 139 304 304 305 305 306 306 307 307 308 308 309 309 310 310 309 309 308 308 309 309 310 310 311 311 312 312 311 311 310 310 311 311 312 312 313 313 314 314 313 313 312 312 313 313 314 314 315 315 316 316 315 315 314 314 317 317 299 299 318 318 300 300 318 318 299 299 318 318 300 300 319 319 301 301 319 319 300 300 319 319 301 301 320 320 302 302 320 320 301 301 320 320 302 302 321 321 303 303 321 321 302 302 321 321 303 303 322 322 323 323 322 322 303 303 246 246 317 317 247 247 318 318 247 247 317 317 247 247 318 318 248 248 319 319 248 248 318 318 248 248 319 319 249 249 320 320 249 249 319 319 249 249 320 320 250 250 321 321 250 250 320 320 250 250 321 321 324 324 322 322 324 324 321 321 324 324 322 322 325 325 323 323 325 325 322 322 325 325 323 323 326 326 327 327 306 306 328 328 305 305 328 328 306 306 328 328 305 305 329 329 139 139 329 329 305 305 329 329 139 139 330 330 141 141 330 330 139 139 330 330 141 141 331 331 308 308 332 332 310 310 333 333 310 310 332 332 310 310 333 333 312 312 334 334 312 312 333 333 312 312 334 334 314 314 335 335 314 314 334 334 314 314 335 335 316 316 336 336 316 316 335 335 337 337 307 307 331 331 309 309 331 331 307 307 331 331 309 309 330 330 311 311 330 330 309 309 330 330 311 311 329 329 313 313 329 329 311 311 329 329 313 313 328 328 315 315 328 328 313 313 328 328 315 315 327 327 316 316 327 327 315 315 327 327 316 316 338 338 336 336 338 338 316 316 338 338 336 336 339 339 340 340 341 341 342 342 343 343 342 342 341 341 342 342 343 343 344 344 345 345 344 344 343 343 344 344 345 345 346 346 347 347 346 346 345 345 346 346 347 347 348 348 349 349 348 348 347 347 348 348 349 349 350 350 351 351 350 350 349 349 254 254 337 337 255 255 331 331 255 255 337 337 255 255 331 331 293 293 141 141 293 293 331 331 293 293 141 141 298 298 140 140 298 298 141 141 298 298 140 140 303 303 304 304 303 303 140 140 303 303 304 304 323 323 306 306 323 323 304 304 323 323 306 306 326 326 327 327 326 326 306 306 326 326 327 327 352 352 338 338 352 352 327 327 352 352 338 338 353 353 339 339 353 353 338 338 353 353 339 339 354 354 144 144 143 143 355 355 356 356 355 355 143 143 355 355 356 356 357 357 132 132 131 131 358 358 359 359 358 358 131 131 358 358 359 359 360 360 361 361 360 360 359 359 360 360 361 361 362 362 363 363 362 362 361 361 362 362 363 363 364 364 365 365 364 364 363 363 364 364 365 365 366 366 367 367 366 366 365 365 366 366 367 367 368 368 369 369 368 368 367 367 368 368 369 369 370 370 371 371 370 370 369 369 370 370 371 371 372 372 373 373 372 372 371 371 372 372 373 373 374 374 126 126 125 125 375 375 376 376 375 375 125 125 375 375 376 376 377 377 378 378 377 377 376 376 377 377 378 378 379 379 380 380 379 379 378 378 379 379 380 380 381 381 276 276 374 374 277 277 373 373 277 277 374 374 277 277 373 373 289 289 371 371 289 289 373 373 289 289 371 371 382 382 369 369 382 382 371 371 382 382 369 369 383 383 367 367 383 383 369 369 383 383 367 367 384 384 365 365 384 384 367 367 384 384 365 365 385 385 363 363 385 385 365 365 385 385 363 363 386 386 361 361 386 386 363 363 386 386 361 361 387 387 359 359 387 387 361 361 387 387 359 359 388 388 131 131 388 388 359 359 388 388 131 131 389 389 130 130 389 389 131 131 389 389 130 130 390 390 391 391 392 392 393 393 394 394 393 393 392 392 393 393 394 394 395 395 396 396 122 122 397 397 121 121 397 397 122 122 397 397 121 121 398 398 132 132 381 381 130 130 380 380 130 130 381 381 130 130 380 380 390 390 378 378 390 390 380 380 390 390 378 378 399 399 376 376 399 399 378 378 399 399 376 376 400 400 125 125 400 400 376 376 400 400 125 125 401 401 124 124 401 401 125 125 402 402 403 403 404 404 181 181 405 405 406 406 407 407 406 406 405 405 406 406 407 407 408 408 409 409 408 408 407 407 408 408 409 409 410 410 411 411 410 410 409 409 410 410 411 411 412 412 413 413 412 412 411 411 412 412 413 413 403 403 414 414 123 123 415 415 122 122 415 415 123 123 415 415 122 122 416 416 396 396 416 416 122 122 416 416 396 396 417 417 418 418 414 414 419 419 415 415 419 419 414 414 419 419 415 415 420 420 416 416 420 420 415 415 420 420 416 416 421 421 417 417 421 421 416 416 421 421 417 417 422 422 187 187 423 423 424 424 425 425 424 424 423 423 424 424 425 425 426 426 427 427 428 428 429 429 430 430 429 429 428 428 429 429 430 430 431 431 432 432 426 426 431 431 425 425 431 431 426 426 431 431 425 425 429 429 423 423 429 429 425 425 429 429 423 423 427 427 187 187 427 427 423 423 181 181 180 180 405 405 187 187 405 405 180 180 405 405 187 187 407 407 424 424 407 407 187 187 407 407 424 424 409 409 426 426 409 409 424 424 409 409 426 426 411 411 432 432 411 411 426 426 411 411 432 432 413 413 433 433 340 340 434 434 342 342 434 434 340 340 434 434 342 342 435 435 344 344 435 435 342 342 435 435 344 344 436 436 346 346 436 436 344 344 436 436 346 346 437 437 348 348 437 437 346 346 437 437 348 348 438 438 350 350 438 438 348 348 438 438 350 350 439 439 351 351 439 439 350 350 356 356 440 440 357 357 441 441 357 357 440 440 357 357 441 441 442 442 443 443 442 442 441 441 442 442 443 443 444 444 445 445 444 444 443 443 444 444 445 445 446 446 447 447 446 446 445 445 446 446 447 447 448 448 449 449 450 450 451 451 452 452 451 451 450 450 451 451 452 452 453 453 454 454 453 453 452 452 453 453 454 454 455 455 456 456 455 455 454 454 455 455 456 456 457 457 458 458 457 457 456 456 457 457 458 458 459 459 460 460 129 129 391 391 128 128 391 391 129 129 391 391 128 128 392 392 460 460 391 391 461 461 393 393 461 461 391 391 461 461 393 393 462 462 395 395 462 462 393 393 462 462 395 395 119 119 119 119 118 118 462 462 463 463 462 462 118 118 462 462 463 463 461 461 464 464 461 461 463 463 461 461 464 464 460 460 332 332 465 465 333 333 466 466 333 333 465 465 333 333 466 466 334 334 467 467 334 334 466 466 334 334 467 467 335 335 468 468 335 335 467 467 335 335 468 468 336 336 469 469 336 336 468 468 336 336 469 469 339 339 470 470 339 339 469 469 339 339 470 470 354 354 471 471 354 354 470 470 354 354 471 471 472 472 473 473 472 472 471 471 472 472 473 473 474 474 450 450 475 475 452 452 476 476 452 452 475 475 452 452 476 476 454 454 477 477 454 454 476 476 454 454 477 477 456 456 478 478 456 456 477 477 456 456 478 478 458 458 479 479 458 458 478 478 458 458 479 479 459 459 480 480 459 459 479 479 459 459 480 480 481 481 155 155 156 156 154 154 482 482 154 154 156 156 154 154 482 482 152 152 483 483 152 152 482 482 152 152 483 483 151 151 484 484 151 151 483 483 151 151 484 484 153 153 485 485 153 153 484 484 153 153 485 485 138 138 486 486 138 138 485 485 138 138 486 486 137 137 487 487 137 137 486 486 137 137 487 487 136 136 488 488 136 136 487 487 136 136 488 488 134 134 489 489 134 134 488 488 134 134 489 489 133 133 490 490 133 133 489 489 133 133 490 490 135 135 491 491 135 135 490 490 135 135 491 491 82 82 492 492 82 82 491 491 82 82 492 492 80 80 493 493 80 80 492 492 80 80 493 493 120 120 494 494 120 120 493 493 120 120 494 494 81 81 495 495 496 496 497 497 498 498 497 497 496 496 497 497 498 498 499 499 500 500 418 418 501 501 419 419 501 501 418 418 501 501 419 419 502 502 420 420 502 502 419 419 502 502 420 420 503 503 421 421 503 503 420 420 503 503 421 421 504 504 422 422 504 504 421 421 504 504 422 422 505 505 506 506 495 495 507 507 497 497 507 507 495 495 507 507 497 497 508 508 499 499 508 508 497 497 508 508 499 499 509 509 510 510 500 500 511 511 501 501 511 511 500 500 511 511 501 501 512 512 502 502 512 512 501 501 512 512 502 502 513 513 503 503 513 513 502 502 513 513 503 503 514 514 504 504 514 514 503 503 514 514 504 504 515 515 505 505 515 515 504 504 515 515 505 505 516 516 517 517 127 127 518 518 129 129 518 518 127 127 518 518 129 129 519 519 460 460 519 519 129 129 519 519 460 460 520 520 464 464 520 520 460 460 520 520 464 464 521 521 463 463 521 521 464 464 521 521 463 463 522 522 118 118 522 522 463 463 522 522 118 118 523 523 117 117 523 523 118 118 524 524 506 506 525 525 507 507 525 525 506 506 525 525 507 507 526 526 508 508 526 526 507 507 526 526 508 508 527 527 509 509 527 527 508 508 527 527 509 509 528 528 394 394 524 524 395 395 525 525 395 395 524 524 395 395 525 525 119 119 526 526 119 119 525 525 119 119 526 526 117 117 527 527 117 117 526 526 117 117 527 527 523 523 528 528 523 523 527 527 523 523 528 528 529 529 530 530 517 517 531 531 518 518 531 531 517 517 531 531 518 518 532 532 519 519 532 532 518 518 532 532 519 519 533 533 520 520 533 533 519 519 533 533 520 520 534 534 521 521 534 534 520 520 534 534 521 521 535 535 522 522 535 535 521 521 535 535 522 522 536 536 523 523 536 536 522 522 536 536 523 523 537 537 529 529 537 537 523 523 538 538 510 510 539 539 511 511 539 539 510 510 539 539 511 511 540 540 512 512 540 540 511 511 540 540 512 512 541 541 513 513 541 541 512 512 541 541 513 513 542 542 514 514 542 542 513 513 542 542 514 514 543 543 515 515 543 543 514 514 543 543 515 515 544 544 516 516 544 544 515 515 544 544 516 516 545 545 546 546 538 538 547 547 539 539 547 547 538 538 547 547 539 539 548 548 540 540 548 548 539 539 548 548 540 540 549 549 541 541 549 549 540 540 549 549 541 541 550 550 542 542 550 550 541 541 550 550 542 542 551 551 543 543 551 551 542 542 551 551 543 543 552 552 544 544 552 552 543 543 552 552 544 544 553 553 545 545 553 553 544 544 553 553 545 545 402 402 402 402 404 404 553 553 554 554 553 553 404 404 553 553 554 554 552 552 555 555 552 552 554 554 552 552 555 555 551 551 556 556 551 551 555 555 551 551 556 556 550 550 557 557 550 550 556 556 550 550 557 557 549 549 558 558 549 549 557 557 549 549 558 558 548 548 559 559 548 548 558 558 548 548 559 559 547 547 560 560 547 547 559 559 547 547 560 560 546 546 561 561 562 562 563 563 403 403 413 413 404 404 432 432 404 404 413 413 404 404 432 432 554 554 431 431 554 554 432 432 554 554 431 431 555 555 430 430 555 555 431 431 555 555 430 430 556 556 564 564 556 556 430 430 556 556 564 564 557 557 565 565 557 557 564 564 557 557 565 565 558 558 566 566 558 558 565 565 558 558 566 566 559 559 567 567 559 559 566 566 559 559 567 567 560 560 561 561 563 563 218 218 568 568 218 218 563 563 218 218 568 568 157 157 569 569 157 157 568 568 157 157 569 569 158 158 570 570 158 158 569 569 158 158 570 570 166 166 571 571 572 572 573 573 574 574 573 573 572 572 573 573 574 574 575 575 576 576 575 575 574 574 577 577 530 530 578 578 531 531 578 578 530 530 578 578 531 531 579 579 532 532 579 579 531 531 579 579 532 532 580 580 533 533 580 580 532 532 580 580 533 533 581 581 534 534 581 581 533 533 581 581 534 534 582 582 535 535 582 582 534 534 582 582 535 535 583 583 536 536 583 583 535 535 583 583 536 536 584 584 537 537 584 584 536 536 584 584 537 537 585 585 529 529 585 585 537 537 475 475 577 577 476 476 578 578 476 476 577 577 476 476 578 578 477 477 579 579 477 477 578 578 477 477 579 579 478 478 580 580 478 478 579 579 478 478 580 580 479 479 581 581 479 479 580 580 479 479 581 581 480 480 582 582 480 480 581 581 480 480 582 582 481 481 583 583 481 481 582 582 481 481 583 583 586 586 584 584 586 586 583 583 586 586 584 584 587 587 585 585 587 587 584 584 587 587 585 585 588 588 440 440 449 449 441 441 451 451 441 441 449 449 441 441 451 451 443 443 453 453 443 443 451 451 443 443 453 453 445 445 455 455 445 445 453 453 445 445 455 455 447 447 457 457 447 447 455 455 447 447 457 457 448 448 459 459 448 448 457 457 448 448 459 459 589 589 481 481 589 589 459 459 589 589 481 481 590 590 586 586 590 590 481 481 590 590 586 586 112 112 587 587 112 112 586 586 112 112 587 587 111 111 588 588 111 111 587 587 111 111 588 588 116 116 341 341 142 142 343 343 144 144 343 343 142 142 343 343 144 144 345 345 355 355 345 345 144 144 345 345 355 355 347 347 357 357 347 347 355 355 347 347 357 357 349 349 442 442 349 349 357 357 349 349 442 442 351 351 444 444 351 351 442 442 351 351 444 444 439 439 446 446 439 439 444 444 439 439 446 446 591 591 448 448 591 591 446 446 591 591 448 448 592 592 589 589 592 592 448 448 592 592 589 589 593 593 590 590 593 593 589 589 593 593 590 590 594 594 112 112 594 594 590 590 594 594 112 112 81 81 81 81 595 595 596 596 597 597 596 596 595 595 596 596 597 597 598 598 599 599 598 598 597 597 598 598 599 599 600 600 576 576 600 600 599 599 600 600 576 576 601 601 574 574 601 601 576 576 601 601 574 574 602 602 572 572 602 602 574 574 603 603 604 604 233 233 605 605 233 233 604 604 233 233 605 605 234 234 229 229 234 234 605 605 234 234 229 229 236 236 228 228 236 236 229 229 236 236 228 228 237 237 227 227 237 237 228 228 237 237 227 227 238 238 221 221 238 238 227 227 238 238 221 221 240 240 220 220 240 240 221 221 240 240 220 220 245 245 601 601 606 606 600 600 607 607 600 600 606 606 600 600 607 607 598 598 608 608 598 598 607 607 598 598 608 608 596 596 81 81 596 596 608 608 606 606 114 114 607 607 113 113 607 607 114 114 607 607 113 113 608 608 81 81 608 608 113 113 115 115 155 155 113 113 81 81 113 113 155 155 606 606 603 603 114 114 233 233 114 114 603 603 114 114 233 233 115 115 235 235 115 115 233 233 115 115 235 235 156 156 232 232 156 156 235 235 156 156 232 232 482 482 231 231 482 482 232 232 482 482 231 231 483 483 241 241 483 483 231 231 483 483 241 241 484 484 250 250 484 484 241 241 484 484 250 250 485 485 324 324 485 485 250 250 485 485 324 324 486 486 325 325 486 486 324 324 486 486 325 325 487 487 326 326 487 487 325 325 487 487 326 326 488 488 352 352 488 488 326 326 488 488 352 352 489 489 353 353 489 489 352 352 489 489 353 353 490 490 354 354 490 490 353 353 490 490 354 354 491 491 472 472 491 491 354 354 491 491 472 472 492 492 474 474 492 492 472 472 492 492 474 474 493 493 609 609 493 493 474 474 493 493 609 609 494 494 610 610 494 494 609 609 494 494 610 610 81 81 498 498 571 571 499 499 573 573 499 499 571 571 499 499 573 573 509 509 575 575 509 509 573 573 509 509 575 575 528 528 576 576 528 528 575 575 528 528 576 576 529 529 599 599 529 529 576 576 529 529 599 599 585 585 597 597 585 585 599 599 585 585 597 597 588 588 595 595 588 588 597 597 588 588 595 595 116 116 81 81 116 116 595 595 604 604 562 562 605 605 561 561 605 605 562 562 605 605 561 561 229 229 218 218 229 229 561 561 229 229 218 218 226 226 219 219 226 226 218 218 226 226 219 219 224 224 217 217 224 224 219 219 224 224 217 217 222 222 215 215 222 222 217 217 222 222 215 215 220 220 213 213 220 220 215 215 220 220 213 213 245 245 211 211 245 245 213 213 245 245 211 211 246 246 209 209 246 246 211 211 246 246 209 209 317 317 207 207 317 317 209 209 317 317 207 207 299 299 205 205 299 299 207 207 299 299 205 205 294 294 203 203 294 294 205 205 294 294 203 203 290 290 201 201 290 290 203 203 290 290 201 201 251 251 200 200 251 251 201 201 251 251 200 200 252 252 465 465 433 433 466 466 434 434 466 466 433 433 466 466 434 434 467 467 435 435 467 467 434 434 467 467 435 435 468 468 436 436 468 468 435 435 468 468 436 436 469 469 437 437 469 469 436 436 469 469 437 437 470 470 438 438 470 470 437 437 470 470 438 438 471 471 439 439 471 471 438 438 471 471 439 439 473 473 591 591 473 473 439 439 473 473 591 591 474 474 592 592 474 474 591 591 474 474 592 592 609 609 593 593 609 609 592 592 609 609 593 593 610 610 594 594 610 610 593 593 610 610 594 594 81 81 126 126 398 398 124 124 121 121 124 124 398 398 124 124 121 121 401 401 123 123 401 401 121 121 401 401 123 123 496 496 414 414 496 496 123 123 496 496 414 414 498 498 418 418 498 498 414 414 498 498 418 418 571 571 500 500 571 571 418 418 571 571 500 500 572 572 510 510 572 572 500 500 572 572 510 510 602 602 538 538 602 602 510 510 602 602 538 538 601 601 546 546 601 601 538 538 601 601 546 546 606 606 560 560 606 606 546 546 606 606 560 560 603 603 567 567 603 603 560 560 603 603 567 567 604 604 566 566 604 604 567 567 604 604 566 566 562 562 565 565 562 562 566 566 562 562 565 565 563 563 564 564 563 563 565 565 563 563 564 564 568 568 430 430 568 568 564 564 568 568 430 430 569 569 428 428 569 569 430 430 569 569 428 428 570 570 427 427 570 570 428 428 570 570 427 427 166 166 187 187 166 166 427 427 166 166 187 187 216 216 188 188 216 216 187 187 216 216 188 188 214 214 189 189 214 214 188 188 214 214 189 189 212 212 190 190 212 212 189 189 212 212 190 190 210 210 191 191 210 210 190 190 210 210 191 191 208 208 192 192 208 208 191 191 208 208 192 192 206 206 193 193 206 206 192 192 206 206 193 193 204 204 194 194 204 204 193 193 204 204 194 194 202 202 195 195 202 202 194 194 202 202 195 195 200 200 196 196 200 200 195 195 200 200 196 196 252 252 197 197 252 252 196 196 252 252 197 197 254 254 198 198 254 254 197 197 254 254 198 198 337 337 199 199 337 337 198 198 337 337 199 199 307 307 278 278 307 307 199 199 307 307 278 278 308 308 279 279 308 308 278 278 308 308 279 279 332 332 280 280 332 332 279 279 332 332 280 280 465 465 281 281 465 465 280 280 465 465 281 281 433 433 282 282 433 433 281 281 433 433 282 282 340 340 283 283 340 340 282 282 340 340 283 283 341 341 284 284 341 341 283 283 341 341 284 284 142 142 285 285 142 142 284 284 142 142 285 285 143 143 286 286 143 143 285 285 143 143 286 286 356 356 287 287 356 356 286 286 356 356 287 287 440 440 288 288 440 440 287 287 440 440 288 288 449 449 289 289 449 449 288 288 449 449 289 289 450 450 382 382 450 450 289 289 450 450 382 382 475 475 383 383 475 475 382 382 475 475 383 383 577 577 384 384 577 577 383 383 577 577 384 384 530 530 385 385 530 530 384 384 530 530 385 385 517 517 386 386 517 517 385 385 517 517 386 386 127 127 387 387 127 127 386 386 127 127 387 387 128 128 388 388 128 128 387 387 128 128 388 388 392 392 389 389 392 392 388 388 392 392 389 389 394 394 390 390 394 394 389 389 394 394 390 390 524 524 399 399 524 524 390 390 524 524 399 399 506 506 400 400 506 506 399 399 506 506 400 400 495 495 401 401 495 495 400 400 495 495 401 401 496 496 611 611 612 612 613 613 614 614 613 613 612 612 613 613 614 614 615 615 616 616 617 617 618 618 619 619 618 618 617 617 618 618 619 619 620 620 621 621 620 620 619 619 620 620 621 621 622 622 615 615 622 622 621 621 622 622 615 615 623 623 614 614 623 623 615 615 110 110 109 109 624 624 625 625 624 624 109 109 624 624 625 625 626 626 110 110 627 627 108 108 628 628 108 108 627 627 108 108 628 628 629 629 630 630 629 629 628 628 629 629 630 630 631 631 632 632 631 631 630 630 631 631 632 632 633 633 634 634 633 633 632 632 633 633 634 634 611 611 635 635 611 611 634 634 611 611 635 635 612 612 626 626 625 625 636 636 637 637 636 636 625 625 636 636 637 637 638 638 639 639 640 640 641 641 642 642 641 641 640 640 641 641 642 642 643 643 644 644 643 643 642 642 643 643 644 644 645 645 646 646 647 647 648 648 649 649 650 650 651 651 639 639 649 649 640 640 651 651 640 640 649 649 640 640 651 651 642 642 647 647 642 642 651 651 642 642 647 647 644 644 646 646 644 644 647 647 644 644 646 646 645 645 639 639 104 104 649 649 106 106 649 649 104 104 649 649 106 106 650 650 107 107 650 650 106 106 650 650 107 107 652 652 653 653 654 654 655 655 656 656 655 655 654 654 655 655 656 656 657 657 658 658 657 657 656 656 657 657 658 658 659 659 105 105 103 103 107 107 101 101 107 107 103 103 107 107 101 101 652 652 100 100 652 652 101 101 652 652 100 100 660 660 661 661 662 662 663 663 653 653 663 663 654 654 662 662 654 654 663 663 654 654 662 662 656 656 660 660 656 656 662 662 656 656 660 660 658 658 100 100 658 658 660 660 658 658 100 100 659 659 102 102 659 659 100 100 637 637 664 664 638 638 665 665 638 638 664 664 638 638 665 665 666 666 667 667 666 666 665 665 666 666 667 667 668 668 669 669 668 668 667 667 668 668 669 669 670 670 671 671 670 670 669 669 670 670 671 671 672 672 673 673 672 672 671 671 672 672 673 673 674 674 675 675 676 676 677 677 678 678 677 677 676 676 677 677 678 678 679 679 673 673 680 680 674 674 681 681 674 674 680 680 674 674 681 681 682 682 683 683 682 682 681 681 682 682 683 683 684 684 685 685 684 684 683 683 684 684 685 685 686 686 679 679 686 686 685 685 686 686 679 679 687 687 678 678 687 687 679 679 99 99 98 98 688 688 689 689 688 688 98 98 688 688 689 689 690 690 99 99 691 691 97 97 692 692 97 97 691 691 97 97 692 692 693 693 694 694 693 693 692 692 693 693 694 694 695 695 696 696 695 695 694 694 695 695 696 696 697 697 698 698 697 697 696 696 697 697 698 698 675 675 699 699 675 675 698 698 675 675 699 699 676 676 690 690 689 689 700 700 701 701 700 700 689 689 700 700 701 701 702 702 703 703 704 704 705 705 706 706 705 705 704 704 705 705 706 706 707 707 708 708 707 707 706 706 707 707 708 708 709 709 710 710 709 709 708 708 709 709 710 710 711 711 712 712 711 711 710 710 711 711 712 712 713 713 714 714 713 713 712 712 713 713 714 714 715 715 716 716 715 715 714 714 715 715 716 716 717 717 718 718 717 717 716 716 717 717 718 718 719 719 720 720 719 719 718 718 719 719 720 720 721 721 722 722 723 723 724 724 725 725 724 724 723 723 724 724 725 725 726 726 727 727 726 726 725 725 726 726 727 727 728 728 729 729 730 730 731 731 732 732 733 733 734 734 722 722 732 732 723 723 734 734 723 723 732 732 723 723 734 734 725 725 730 730 725 725 734 734 725 725 730 730 727 727 729 729 727 727 730 730 727 727 729 729 728 728 653 653 721 721 663 663 720 720 663 663 721 721 663 663 720 720 661 661 718 718 661 661 720 720 661 661 718 718 735 735 716 716 735 735 718 718 735 735 716 716 736 736 714 714 736 736 716 716 736 736 714 714 737 737 712 712 737 737 714 714 737 737 712 712 738 738 710 710 738 738 712 712 738 738 710 710 739 739 708 708 739 739 710 710 739 739 708 708 740 740 706 706 740 740 708 708 740 740 706 706 731 731 704 704 731 731 706 706 731 731 704 704 729 729 703 703 729 729 704 704 729 729 703 703 728 728 722 722 93 93 732 732 95 95 732 732 93 93 732 732 95 95 733 733 96 96 733 733 95 95 733 733 96 96 741 741 742 742 743 743 744 744 745 745 744 744 743 743 744 744 745 745 746 746 747 747 746 746 745 745 746 746 747 747 748 748 94 94 92 92 96 96 90 90 96 96 92 92 96 96 90 90 741 741 89 89 741 741 90 90 741 741 89 89 749 749 750 750 751 751 752 752 742 742 752 752 743 743 751 751 743 743 752 752 743 743 751 751 745 745 749 749 745 745 751 751 745 745 749 749 747 747 89 89 747 747 749 749 747 747 89 89 748 748 91 91 748 748 89 89 701 701 753 753 702 702 754 754 702 702 753 753 702 702 754 754 755 755 756 756 755 755 754 754 755 755 756 756 757 757 758 758 757 757 756 756 757 757 758 758 759 759 760 760 759 759 758 758 759 759 760 760 761 761 762 762 761 761 760 760 761 761 762 762 763 763 764 764 765 765 766 766 767 767 766 766 765 765 766 766 767 767 768 768 767 767 769 769 768 768 770 770 768 768 769 769 768 768 770 770 771 771 772 772 771 771 770 770 771 771 772 772 773 773 774 774 773 773 772 772 773 773 774 774 775 775 763 763 775 775 774 774 775 775 763 763 776 776 762 762 776 776 763 763 88 88 87 87 777 777 778 778 777 777 87 87 777 777 778 778 779 779 88 88 780 780 86 86 781 781 86 86 780 780 86 86 781 781 782 782 783 783 782 782 781 781 782 782 783 783 784 784 785 785 784 784 783 783 784 784 785 785 786 786 787 787 786 786 785 785 786 786 787 787 764 764 788 788 764 764 787 787 764 764 788 788 765 765 779 779 778 778 789 789 790 790 789 789 778 778 789 789 790 790 791 791 790 790 792 792 791 791 793 793 791 791 792 792 791 791 793 793 794 794 795 795 794 794 793 793 794 794 795 795 796 796 797 797 796 796 795 795 796 796 797 797 798 798 799 799 798 798 797 797 798 798 799 799 800 800 801 801 800 800 799 799 800 800 801 801 802 802 803 803 804 804 805 805 806 806 805 805 804 804 805 805 806 806 807 807 806 806 808 808 807 807 809 809 807 807 808 808 807 807 809 809 810 810 811 811 810 810 809 809 810 810 811 811 812 812 813 813 812 812 811 811 812 812 813 813 814 814 802 802 814 814 813 813 814 814 802 802 815 815 801 801 815 815 802 802 85 85 84 84 816 816 817 817 816 816 84 84 816 816 817 817 818 818 85 85 819 819 83 83 820 820 83 83 819 819 83 83 820 820 821 821 822 822 821 821 820 820 821 821 822 822 823 823 824 824 823 823 822 822 823 823 824 824 825 825 826 826 825 825 824 824 825 825 826 826 803 803 827 827 803 803 826 826 803 803 827 827 804 804 818 818 817 817 828 828 829 829 828 828 817 817 828 828 829 829 830 830 829 829 831 831 830 830 832 832 830 830 831 831 830 830 832 832 833 833 834 834 833 833 832 832 833 833 834 834 835 835 836 836 835 835 834 834 835 835 836 836 837 837 838 838 837 837 836 836 837 837 838 838 839 839 840 840 839 839 838 838 839 839 840 840 616 616 841 841 616 616 840 840 616 616 841 841 617 617 842 842 843 843 844 844 845 845 844 844 843 843 844 844 845 845 846 846 847 847 846 846 845 845 846 846 847 847 848 848 849 849 848 848 847 847 848 848 849 849 850 850 851 851 850 850 849 849 850 850 851 851 852 852 853 853 852 852 851 851 852 852 853 853 854 854 855 855 854 854 853 853 854 854 855 855 856 856 857 857 856 856 855 855 856 856 857 857 858 858 859 859 858 858 857 857 858 858 859 859 860 860 861 861 860 860 859 859 860 860 861 861 862 862 863 863 862 862 861 861 862 862 863 863 864 864 865 865 864 864 863 863 864 864 865 865 866 866 867 867 866 866 865 865 866 866 867 867 868 868 869 869 868 868 867 867 868 868 869 869 870 870 871 871 870 870 869 869 870 870 871 871 872 872 873 873 872 872 871 871 872 872 873 873 874 874 875 875 874 874 873 873 874 874 875 875 876 876 877 877 876 876 875 875 876 876 877 877 878 878 879 879 878 878 877 877 878 878 879 879 880 880 881 881 880 880 879 879 880 880 881 881 882 882 883 883 882 882 881 881 882 882 883 883 884 884 885 885 884 884 883 883 884 884 885 885 886 886 887 887 886 886 885 885 886 886 887 887 888 888 889 889 888 888 887 887 888 888 889 889 890 890 891 891 890 890 889 889 890 890 891 891 892 892 893 893 892 892 891 891 892 892 893 893 894 894 895 895 894 894 893 893 894 894 895 895 896 896 897 897 896 896 895 895 896 896 897 897 898 898 899 899 898 898 897 897 898 898 899 899 900 900 901 901 900 900 899 899 900 900 901 901 902 902 903 903 902 902 901 901 902 902 903 903 904 904 905 905 904 904 903 903 904 904 905 905 906 906 907 907 906 906 905 905 906 906 907 907 908 908 909 909 908 908 907 907 908 908 909 909 910 910 911 911 910 910 909 909 910 910 911 911 912 912 913 913 912 912 911 911 912 912 913 913 914 914 915 915 914 914 913 913 914 914 915 915 916 916 917 917 916 916 915 915 916 916 917 917 918 918 919 919 918 918 917 917 918 918 919 919 920 920 921 921 920 920 919 919 920 920 921 921 922 922 923 923 922 922 921 921 922 922 923 923 924 924 925 925 924 924 923 923 924 924 925 925 926 926 927 927 926 926 925 925 926 926 927 927 928 928 929 929 928 928 927 927 928 928 929 929 930 930 931 931 930 930 929 929 930 930 931 931 932 932 933 933 932 932 931 931 932 932 933 933 934 934 935 935 934 934 933 933 934 934 935 935 936 936 937 937 936 936 935 935 936 936 937 937 938 938 939 939 938 938 937 937 938 938 939 939 940 940 941 941 940 940 939 939 940 940 941 941 942 942 943 943 942 942 941 941 942 942 943 943 944 944 945 945 944 944 943 943 944 944 945 945 946 946 947 947 946 946 945 945 946 946 947 947 948 948 949 949 948 948 947 947 948 948 949 949 950 950 951 951 950 950 949 949 950 950 951 951 952 952 953 953 952 952 951 951 952 952 953 953 954 954 955 955 954 954 953 953 954 954 955 955 956 956 957 957 956 956 955 955 956 956 957 957 958 958 959 959 958 958 957 957 958 958 959 959 960 960 961 961 960 960 959 959 960 960 961 961 962 962 963 963 962 962 961 961 962 962 963 963 964 964 965 965 964 964 963 963 964 964 965 965 966 966 967 967 966 966 965 965 966 966 967 967 968 968 969 969 968 968 967 967 968 968 969 969 970 970 971 971 970 970 969 969 970 970 971 971 972 972 973 973 972 972 971 971 972 972 973 973 974 974 975 975 974 974 973 973 974 974 975 975 976 976 977 977 976 976 975 975 976 976 977 977 978 978 979 979 978 978 977 977 978 978 979 979 980 980 981 981 980 980 979 979 980 980 981 981 982 982 983 983 982 982 981 981 982 982 983 983 984 984 985 985 984 984 983 983 984 984 985 985 986 986 987 987 986 986 985 985 986 986 987 987 988 988 989 989 988 988 987 987 988 988 989 989 990 990 991 991 990 990 989 989 990 990 991 991 992 992 993 993 992 992 991 991 992 992 993 993 994 994 995 995 994 994 993 993 994 994 995 995 996 996 997 997 996 996 995 995 996 996 997 997 998 998 999 999 998 998 997 997 998 998 999 999 1000 1000 1001 1001 1000 1000 999 999 1000 1000 1001 1001 1002 1002 1003 1003 1002 1002 1001 1001 1002 1002 1003 1003 1004 1004 1005 1005 1004 1004 1003 1003 1004 1004 1005 1005 1006 1006 1007 1007 1006 1006 1005 1005 1006 1006 1007 1007 1008 1008 1009 1009 1008 1008 1007 1007 1008 1008 1009 1009 1010 1010 1011 1011 1010 1010 1009 1009 1010 1010 1011 1011 1012 1012 1013 1013 1012 1012 1011 1011 1012 1012 1013 1013 1014 1014 1015 1015 1014 1014 1013 1013 1014 1014 1015 1015 1016 1016 1017 1017 1016 1016 1015 1015 1016 1016 1017 1017 842 842 843 843 842 842 1017 1017 835 835 842 842 833 833 844 844 833 833 842 842 833 833 844 844 830 830 846 846 830 830 844 844 830 830 846 846 828 828 848 848 828 828 846 846 828 828 848 848 818 818 850 850 818 818 848 848 818 818 850 850 816 816 852 852 816 816 850 850 816 816 852 852 85 85 854 854 85 85 852 852 85 85 854 854 819 819 856 856 819 819 854 854 819 819 856 856 820 820 858 858 820 820 856 856 820 820 858 858 822 822 860 860 822 822 858 858 822 822 860 860 824 824 862 862 824 824 860 860 824 824 862 862 826 826 864 864 826 826 862 862 826 826 864 864 827 827 866 866 827 827 864 864 827 827 866 866 804 804 868 868 804 804 866 866 804 804 868 868 806 806 870 870 806 806 868 868 806 806 870 870 808 808 872 872 808 808 870 870 808 808 872 872 809 809 874 874 809 809 872 872 809 809 874 874 811 811 876 876 811 811 874 874 811 811 876 876 813 813 878 878 813 813 876 876 813 813 878 878 802 802 880 880 802 802 878 878 802 802 880 880 800 800 882 882 800 800 880 880 800 800 882 882 798 798 884 884 798 798 882 882 798 798 884 884 796 796 886 886 796 796 884 884 796 796 886 886 794 794 888 888 794 794 886 886 794 794 888 888 791 791 890 890 791 791 888 888 791 791 890 890 789 789 892 892 789 789 890 890 789 789 892 892 779 779 894 894 779 779 892 892 779 779 894 894 777 777 896 896 777 777 894 894 777 777 896 896 88 88 898 898 88 88 896 896 88 88 898 898 780 780 900 900 780 780 898 898 780 780 900 900 781 781 902 902 781 781 900 900 781 781 902 902 783 783 904 904 783 783 902 902 783 783 904 904 785 785 906 906 785 785 904 904 785 785 906 906 787 787 908 908 787 787 906 906 787 787 908 908 788 788 910 910 788 788 908 908 788 788 910 910 765 765 912 912 765 765 910 910 765 765 912 912 767 767 914 914 767 767 912 912 767 767 914 914 769 769 916 916 769 769 914 914 769 769 916 916 770 770 918 918 770 770 916 916 770 770 918 918 772 772 920 920 772 772 918 918 772 772 920 920 774 774 922 922 774 774 920 920 774 774 922 922 763 763 924 924 763 763 922 922 763 763 924 924 761 761 926 926 761 761 924 924 761 761 926 926 759 759 928 928 759 759 926 926 759 759 928 928 757 757 930 930 757 757 928 928 757 757 930 930 755 755 932 932 755 755 930 930 755 755 932 932 702 702 934 934 702 702 932 932 702 702 934 934 700 700 936 936 700 700 934 934 700 700 936 936 690 690 938 938 690 690 936 936 690 690 938 938 688 688 940 940 688 688 938 938 688 688 940 940 99 99 942 942 99 99 940 940 99 99 942 942 691 691 944 944 691 691 942 942 691 691 944 944 692 692 946 946 692 692 944 944 692 692 946 946 694 694 948 948 694 694 946 946 694 694 948 948 696 696 950 950 696 696 948 948 696 696 950 950 698 698 952 952 698 698 950 950 698 698 952 952 699 699 954 954 699 699 952 952 699 699 954 954 676 676 956 956 676 676 954 954 676 676 956 956 678 678 958 958 678 678 956 956 678 678 958 958 687 687 960 960 687 687 958 958 687 687 960 960 686 686 962 962 686 686 960 960 686 686 962 962 684 684 964 964 684 684 962 962 684 684 964 964 682 682 966 966 682 682 964 964 682 682 966 966 674 674 968 968 674 674 966 966 674 674 968 968 672 672 970 970 672 672 968 968 672 672 970 970 670 670 972 972 670 670 970 970 670 670 972 972 668 668 974 974 668 668 972 972 668 668 974 974 666 666 976 976 666 666 974 974 666 666 976 976 638 638 978 978 638 638 976 976 638 638 978 978 636 636 980 980 636 636 978 978 636 636 980 980 626 626 982 982 626 626 980 980 626 626 982 982 624 624 984 984 624 624 982 982 624 624 984 984 110 110 986 986 110 110 984 984 110 110 986 986 627 627 988 988 627 627 986 986 627 627 988 988 628 628 990 990 628 628 988 988 628 628 990 990 630 630 992 992 630 630 990 990 630 630 992 992 632 632 994 994 632 632 992 992 632 632 994 994 634 634 996 996 634 634 994 994 634 634 996 996 635 635 998 998 635 635 996 996 635 635 998 998 612 612 1000 1000 612 612 998 998 612 612 1000 1000 614 614 1002 1002 614 614 1000 1000 614 614 1002 1002 623 623 1004 1004 623 623 1002 1002 623 623 1004 1004 622 622 1006 1006 622 622 1004 1004 622 622 1006 1006 620 620 1008 1008 620 620 1006 1006 620 620 1008 1008 618 618 1010 1010 618 618 1008 1008 618 618 1010 1010 616 616 1012 1012 616 616 1010 1010 616 616 1012 1012 839 839 1014 1014 839 839 1012 1012 839 839 1014 1014 837 837 1016 1016 837 837 1014 1014 837 837 1016 1016 835 835 842 842 835 835 1016 1016 1018 1018 1019 1019 1020 1020 1021 1021 1020 1020 1019 1019 1020 1020 1021 1021 1022 1022 1023 1023 1022 1022 1021 1021 1022 1022 1023 1023 1024 1024 1025 1025 1026 1026 1027 1027 1028 1028 1027 1027 1026 1026 1027 1027 1028 1028 1029 1029 1030 1030 1029 1029 1028 1028 1029 1029 1030 1030 1031 1031 1032 1032 1031 1031 1030 1030 1031 1031 1032 1032 1033 1033 1034 1034 1033 1033 1032 1032 1033 1033 1034 1034 1035 1035 1036 1036 1035 1035 1034 1034 1035 1035 1036 1036 1037 1037 1038 1038 1037 1037 1036 1036 1037 1037 1038 1038 1039 1039 1040 1040 1039 1039 1038 1038 1039 1039 1040 1040 1041 1041 1042 1042 1041 1041 1040 1040 1041 1041 1042 1042 1043 1043 1044 1044 1045 1045 1046 1046 1047 1047 1048 1048 1049 1049 1018 1018 1047 1047 1019 1019 1049 1049 1019 1019 1047 1047 1019 1019 1049 1049 1021 1021 1045 1045 1021 1021 1049 1049 1021 1021 1045 1045 1023 1023 1044 1044 1023 1023 1045 1045 1023 1023 1044 1044 1024 1024 742 742 1043 1043 752 752 1042 1042 752 752 1043 1043 752 752 1042 1042 750 750 1040 1040 750 750 1042 1042 750 750 1040 1040 1050 1050 1038 1038 1050 1050 1040 1040 1050 1050 1038 1038 1051 1051 1036 1036 1051 1051 1038 1038 1051 1051 1036 1036 1052 1052 1034 1034 1052 1052 1036 1036 1052 1052 1034 1034 1053 1053 1032 1032 1053 1053 1034 1034 1053 1053 1032 1032 1054 1054 1030 1030 1054 1054 1032 1032 1054 1054 1030 1030 1055 1055 1028 1028 1055 1055 1030 1030 1055 1055 1028 1028 1046 1046 1026 1026 1046 1046 1028 1028 1046 1046 1026 1026 1044 1044 1025 1025 1044 1044 1026 1026 1044 1044 1025 1025 1024 1024 1056 1056 1057 1057 1058 1058 1059 1059 1058 1058 1057 1057 1058 1058 1059 1059 1060 1060 1061 1061 1060 1060 1059 1059 1060 1060 1061 1061 1062 1062 1063 1063 1064 1064 1065 1065 1066 1066 1065 1065 1064 1064 1065 1065 1066 1066 1067 1067 1068 1068 1067 1067 1066 1066 1067 1067 1068 1068 1069 1069 1070 1070 1071 1071 1072 1072 1073 1073 1074 1074 1075 1075 1063 1063 1075 1075 1064 1064 1074 1074 1064 1064 1075 1075 1064 1064 1074 1074 1066 1066 1070 1070 1066 1066 1074 1074 1066 1066 1070 1070 1068 1068 1072 1072 1068 1068 1070 1070 1068 1068 1072 1072 1069 1069 1018 1018 1062 1062 1047 1047 1061 1061 1047 1047 1062 1062 1047 1047 1061 1061 1048 1048 1059 1059 1048 1048 1061 1061 1048 1048 1059 1059 1071 1071 1057 1057 1071 1071 1059 1059 1071 1071 1057 1057 1072 1072 1056 1056 1072 1072 1057 1057 1072 1072 1056 1056 1069 1069 1076 1076 1077 1077 1078 1078 1079 1079 1078 1078 1077 1077 1078 1078 1079 1079 1080 1080 1081 1081 1080 1080 1079 1079 1080 1080 1081 1081 1082 1082 1083 1083 1084 1084 1085 1085 1086 1086 1085 1085 1084 1084 1085 1085 1086 1086 1087 1087 1088 1088 1087 1087 1086 1086 1087 1087 1088 1088 1089 1089 1090 1090 1089 1089 1088 1088 1089 1089 1090 1090 1091 1091 1092 1092 1091 1091 1090 1090 1091 1091 1092 1092 1093 1093 1094 1094 1093 1093 1092 1092 1093 1093 1094 1094 1095 1095 1096 1096 1095 1095 1094 1094 1095 1095 1096 1096 1097 1097 1098 1098 1097 1097 1096 1096 1097 1097 1098 1098 1099 1099 1100 1100 1099 1099 1098 1098 1099 1099 1100 1100 1101 1101 1102 1102 1103 1103 1104 1104 1105 1105 1106 1106 1107 1107 1076 1076 1105 1105 1077 1077 1107 1107 1077 1077 1105 1105 1077 1077 1107 1107 1079 1079 1103 1103 1079 1079 1107 1107 1079 1079 1103 1103 1081 1081 1102 1102 1081 1081 1103 1103 1081 1081 1102 1102 1082 1082 1063 1063 1101 1101 1075 1075 1100 1100 1075 1075 1101 1101 1075 1075 1100 1100 1073 1073 1098 1098 1073 1073 1100 1100 1073 1073 1098 1098 1108 1108 1096 1096 1108 1108 1098 1098 1108 1108 1096 1096 1109 1109 1094 1094 1109 1109 1096 1096 1109 1109 1094 1094 1110 1110 1092 1092 1110 1110 1094 1094 1110 1110 1092 1092 1111 1111 1090 1090 1111 1111 1092 1092 1111 1111 1090 1090 1112 1112 1088 1088 1112 1112 1090 1090 1112 1112 1088 1088 1113 1113 1086 1086 1113 1113 1088 1088 1113 1113 1086 1086 1104 1104 1084 1084 1104 1104 1086 1086 1104 1104 1084 1084 1102 1102 1083 1083 1102 1102 1084 1084 1102 1102 1083 1083 1082 1082 1114 1114 1115 1115 1116 1116 1117 1117 1116 1116 1115 1115 1116 1116 1117 1117 1118 1118 1119 1119 1118 1118 1117 1117 1118 1118 1119 1119 1120 1120 1121 1121 1122 1122 1123 1123 1124 1124 1123 1123 1122 1122 1123 1123 1124 1124 1125 1125 1126 1126 1125 1125 1124 1124 1125 1125 1126 1126 1127 1127 1128 1128 1129 1129 1130 1130 1131 1131 1132 1132 1133 1133 1121 1121 1133 1133 1122 1122 1132 1132 1122 1122 1133 1133 1122 1122 1132 1132 1124 1124 1128 1128 1124 1124 1132 1132 1124 1124 1128 1128 1126 1126 1130 1130 1126 1126 1128 1128 1126 1126 1130 1130 1127 1127 1134 1134 1135 1135 1136 1136 1137 1137 1136 1136 1135 1135 1136 1136 1137 1137 1138 1138 1139 1139 1138 1138 1137 1137 1138 1138 1139 1139 1140 1140 1141 1141 1140 1140 1139 1139 1140 1140 1141 1141 1142 1142 1143 1143 1142 1142 1141 1141 1142 1142 1143 1143 1144 1144 1145 1145 1144 1144 1143 1143 1144 1144 1145 1145 1146 1146 1147 1147 1146 1146 1145 1145 1146 1146 1147 1147 1148 1148 1149 1149 1148 1148 1147 1147 1148 1148 1149 1149 1150 1150 1151 1151 1150 1150 1149 1149 1150 1150 1151 1151 1152 1152 1076 1076 1120 1120 1105 1105 1119 1119 1105 1105 1120 1120 1105 1105 1119 1119 1106 1106 1117 1117 1106 1106 1119 1119 1106 1106 1117 1117 1129 1129 1115 1115 1129 1129 1117 1117 1129 1129 1115 1115 1130 1130 1114 1114 1130 1130 1115 1115 1130 1130 1114 1114 1127 1127 1153 1153 1154 1154 1155 1155 1156 1156 1155 1155 1154 1154 1155 1155 1156 1156 1157 1157 1158 1158 1157 1157 1156 1156 1157 1157 1158 1158 1131 1131 1159 1159 1131 1131 1158 1158 1131 1131 1159 1159 1132 1132 1160 1160 1132 1132 1159 1159 1132 1132 1160 1160 1128 1128 1161 1161 1128 1128 1160 1160 1128 1128 1161 1161 1129 1129 1162 1162 1129 1129 1161 1161 1129 1129 1162 1162 1106 1106 1163 1163 1106 1106 1162 1162 1106 1106 1163 1163 1107 1107 1164 1164 1107 1107 1163 1163 1107 1107 1164 1164 1103 1103 1165 1165 1103 1103 1164 1164 1103 1103 1165 1165 1104 1104 1166 1166 1104 1104 1165 1165 1104 1104 1166 1166 1113 1113 1167 1167 1113 1113 1166 1166 1113 1113 1167 1167 1112 1112 1168 1168 1112 1112 1167 1167 1112 1112 1168 1168 1111 1111 1169 1169 1111 1111 1168 1168 1111 1111 1169 1169 1110 1110 1170 1170 1110 1110 1169 1169 1110 1110 1170 1170 1109 1109 1171 1171 1109 1109 1170 1170 1109 1109 1171 1171 1108 1108 1172 1172 1108 1108 1171 1171 1108 1108 1172 1172 1073 1073 1173 1173 1073 1073 1172 1172 1073 1073 1173 1173 1074 1074 1174 1174 1074 1074 1173 1173 1074 1074 1174 1174 1070 1070 1175 1175 1070 1070 1174 1174 1070 1070 1175 1175 1071 1071 1176 1176 1071 1071 1175 1175 1071 1071 1176 1176 1048 1048 1177 1177 1048 1048 1176 1176 1048 1048 1177 1177 1049 1049 1178 1178 1049 1049 1177 1177 1049 1049 1178 1178 1045 1045 1179 1179 1045 1045 1178 1178 1045 1045 1179 1179 1046 1046 1180 1180 1046 1046 1179 1179 1046 1046 1180 1180 1055 1055 1181 1181 1055 1055 1180 1180 1055 1055 1181 1181 1054 1054 1182 1182 1054 1054 1181 1181 1054 1054 1182 1182 1053 1053 1183 1183 1053 1053 1182 1182 1053 1053 1183 1183 1052 1052 1184 1184 1052 1052 1183 1183 1052 1052 1184 1184 1051 1051 1185 1185 1051 1051 1184 1184 1051 1051 1185 1185 1050 1050 1186 1186 1050 1050 1185 1185 1050 1050 1186 1186 750 750 1187 1187 750 750 1186 1186 750 750 1187 1187 751 751 1188 1188 751 751 1187 1187 751 751 1188 1188 749 749 1189 1189 749 749 1188 1188 749 749 1189 1189 741 741 1190 1190 741 741 1189 1189 741 741 1190 1190 733 733 1191 1191 733 733 1190 1190 733 733 1191 1191 734 734 1192 1192 734 734 1191 1191 734 734 1192 1192 730 730 1193 1193 730 730 1192 1192 730 730 1193 1193 731 731 1194 1194 731 731 1193 1193 731 731 1194 1194 740 740 1195 1195 740 740 1194 1194 740 740 1195 1195 739 739 1196 1196 739 739 1195 1195 739 739 1196 1196 738 738 1197 1197 738 738 1196 1196 738 738 1197 1197 737 737 1198 1198 737 737 1197 1197 737 737 1198 1198 736 736 1199 1199 736 736 1198 1198 736 736 1199 1199 735 735 1200 1200 735 735 1199 1199 735 735 1200 1200 661 661 1201 1201 661 661 1200 1200 661 661 1201 1201 662 662 1202 1202 662 662 1201 1201 662 662 1202 1202 660 660 1203 1203 660 660 1202 1202 660 660 1203 1203 652 652 1204 1204 652 652 1203 1203 652 652 1204 1204 650 650 1205 1205 650 650 1204 1204 650 650 1205 1205 651 651 1206 1206 651 651 1205 1205 651 651 1206 1206 647 647 1207 1207 647 647 1206 1206 647 647 1207 1207 648 648 1208 1208 648 648 1207 1207 648 648 1208 1208 1209 1209 1210 1210 1209 1209 1208 1208 1209 1209 1210 1210 1211 1211 1212 1212 1211 1211 1210 1210 1211 1211 1212 1212 1213 1213 1214 1214 1213 1213 1212 1212 1213 1213 1214 1214 1153 1153 1154 1154 1153 1153 1214 1214 1121 1121 1152 1152 1133 1133 1151 1151 1133 1133 1152 1152 1133 1133 1151 1151 1131 1131 1149 1149 1131 1131 1151 1151 1131 1131 1149 1149 1157 1157 1147 1147 1157 1157 1149 1149 1157 1157 1147 1147 1155 1155 1145 1145 1155 1155 1147 1147 1155 1155 1145 1145 1153 1153 1143 1143 1153 1153 1145 1145 1153 1153 1143 1143 1213 1213 1141 1141 1213 1213 1143 1143 1213 1213 1141 1141 1211 1211 1139 1139 1211 1211 1141 1141 1211 1211 1139 1139 1209 1209 1137 1137 1209 1209 1139 1139 1209 1209 1137 1137 648 648 1135 1135 648 648 1137 1137 648 648 1135 1135 646 646 1134 1134 646 646 1135 1135 646 646 1134 1134 645 645 843 843 1142 1142 845 845 1144 1144 845 845 1142 1142 845 845 1144 1144 847 847 1146 1146 847 847 1144 1144 847 847 1146 1146 849 849 1148 1148 849 849 1146 1146 849 849 1148 1148 851 851 1150 1150 851 851 1148 1148 851 851 1150 1150 853 853 1152 1152 853 853 1150 1150 853 853 1152 1152 855 855 1121 1121 855 855 1152 1152 855 855 1121 1121 857 857 1123 1123 857 857 1121 1121 857 857 1123 1123 859 859 1125 1125 859 859 1123 1123 859 859 1125 1125 861 861 1127 1127 861 861 1125 1125 861 861 1127 1127 863 863 1114 1114 863 863 1127 1127 863 863 1114 1114 865 865 1116 1116 865 865 1114 1114 865 865 1116 1116 867 867 1118 1118 867 867 1116 1116 867 867 1118 1118 869 869 1120 1120 869 869 1118 1118 869 869 1120 1120 871 871 1076 1076 871 871 1120 1120 871 871 1076 1076 873 873 1078 1078 873 873 1076 1076 873 873 1078 1078 875 875 1080 1080 875 875 1078 1078 875 875 1080 1080 877 877 1082 1082 877 877 1080 1080 877 877 1082 1082 879 879 1083 1083 879 879 1082 1082 879 879 1083 1083 881 881 1085 1085 881 881 1083 1083 881 881 1085 1085 883 883 1087 1087 883 883 1085 1085 883 883 1087 1087 885 885 1089 1089 885 885 1087 1087 885 885 1089 1089 887 887 1091 1091 887 887 1089 1089 887 887 1091 1091 889 889 1093 1093 889 889 1091 1091 889 889 1093 1093 891 891 1095 1095 891 891 1093 1093 891 891 1095 1095 893 893 1097 1097 893 893 1095 1095 893 893 1097 1097 895 895 1099 1099 895 895 1097 1097 895 895 1099 1099 897 897 1101 1101 897 897 1099 1099 897 897 1101 1101 899 899 1063 1063 899 899 1101 1101 899 899 1063 1063 901 901 1065 1065 901 901 1063 1063 901 901 1065 1065 903 903 1067 1067 903 903 1065 1065 903 903 1067 1067 905 905 1069 1069 905 905 1067 1067 905 905 1069 1069 907 907 1056 1056 907 907 1069 1069 907 907 1056 1056 909 909 1058 1058 909 909 1056 1056 909 909 1058 1058 911 911 1060 1060 911 911 1058 1058 911 911 1060 1060 913 913 1062 1062 913 913 1060 1060 913 913 1062 1062 915 915 1018 1018 915 915 1062 1062 915 915 1018 1018 917 917 1020 1020 917 917 1018 1018 917 917 1020 1020 919 919 1022 1022 919 919 1020 1020 919 919 1022 1022 921 921 1024 1024 921 921 1022 1022 921 921 1024 1024 923 923 1025 1025 923 923 1024 1024 923 923 1025 1025 925 925 1027 1027 925 925 1025 1025 925 925 1027 1027 927 927 1029 1029 927 927 1027 1027 927 927 1029 1029 929 929 1031 1031 929 929 1029 1029 929 929 1031 1031 931 931 1033 1033 931 931 1031 1031 931 931 1033 1033 933 933 1035 1035 933 933 1033 1033 933 933 1035 1035 935 935 1037 1037 935 935 1035 1035 935 935 1037 1037 937 937 1039 1039 937 937 1037 1037 937 937 1039 1039 939 939 1041 1041 939 939 1039 1039 939 939 1041 1041 941 941 1043 1043 941 941 1041 1041 941 941 1043 1043 943 943 742 742 943 943 1043 1043 943 943 742 742 945 945 744 744 945 945 742 742 945 945 744 744 947 947 746 746 947 947 744 744 947 947 746 746 949 949 748 748 949 949 746 746 949 949 748 748 951 951 91 91 951 951 748 748 951 951 91 91 953 953 92 92 953 953 91 91 953 953 92 92 955 955 94 94 955 955 92 92 955 955 94 94 957 957 93 93 957 957 94 94 957 957 93 93 959 959 722 722 959 959 93 93 959 959 722 722 961 961 724 724 961 961 722 722 961 961 724 724 963 963 726 726 963 963 724 724 963 963 726 726 965 965 728 728 965 965 726 726 965 965 728 728 967 967 703 703 967 967 728 728 967 967 703 703 969 969 705 705 969 969 703 703 969 969 705 705 971 971 707 707 971 971 705 705 971 971 707 707 973 973 709 709 973 973 707 707 973 973 709 709 975 975 711 711 975 975 709 709 975 975 711 711 977 977 713 713 977 977 711 711 977 977 713 713 979 979 715 715 979 979 713 713 979 979 715 715 981 981 717 717 981 981 715 715 981 981 717 717 983 983 719 719 983 983 717 717 983 983 719 719 985 985 721 721 985 985 719 719 985 985 721 721 987 987 653 653 987 987 721 721 987 987 653 653 989 989 655 655 989 989 653 653 989 989 655 655 991 991 657 657 991 991 655 655 991 991 657 657 993 993 659 659 993 993 657 657 993 993 659 659 995 995 102 102 995 995 659 659 995 995 102 102 997 997 103 103 997 997 102 102 997 997 103 103 999 999 105 105 999 999 103 103 999 999 105 105 1001 1001 104 104 1001 1001 105 105 1001 1001 104 104 1003 1003 639 639 1003 1003 104 104 1003 1003 639 639 1005 1005 641 641 1005 1005 639 639 1005 1005 641 641 1007 1007 643 643 1007 1007 641 641 1007 1007 643 643 1009 1009 645 645 1009 1009 643 643 1009 1009 645 645 1011 1011 1134 1134 1011 1011 645 645 1011 1011 1134 1134 1013 1013 1136 1136 1013 1013 1134 1134 1013 1013 1136 1136 1015 1015 1138 1138 1015 1015 1136 1136 1015 1015 1138 1138 1017 1017 1140 1140 1017 1017 1138 1138 1017 1017 1140 1140 843 843 1142 1142 843 843 1140 1140 1154 1154 276 276 1156 1156 274 274 1156 1156 276 276 1156 1156 274 274 1158 1158 146 146 1158 1158 274 274 1158 1158 146 146 1159 1159 145 145 1159 1159 146 146 1159 1159 145 145 1160 1160 150 150 1160 1160 145 145 1160 1160 150 150 1161 1161 256 256 1161 1161 150 150 1161 1161 256 256 1162 1162 258 258 1162 1162 256 256 1162 1162 258 258 1163 1163 260 260 1163 1163 258 258 1163 1163 260 260 1164 1164 262 262 1164 1164 260 260 1164 1164 262 262 1165 1165 264 264 1165 1165 262 262 1165 1165 264 264 1166 1166 266 266 1166 1166 264 264 1166 1166 266 266 1167 1167 268 268 1167 1167 266 266 1167 1167 268 268 1168 1168 270 270 1168 1168 268 268 1168 1168 270 270 1169 1169 272 272 1169 1169 270 270 1169 1169 272 272 1170 1170 185 185 1170 1170 272 272 1170 1170 185 185 1171 1171 183 183 1171 1171 185 185 1171 1171 183 183 1172 1172 161 161 1172 1172 183 183 1172 1172 161 161 1173 1173 160 160 1173 1173 161 161 1173 1173 160 160 1174 1174 165 165 1174 1174 160 160 1174 1174 165 165 1175 1175 167 167 1175 1175 165 165 1175 1175 167 167 1176 1176 169 169 1176 1176 167 167 1176 1176 169 169 1177 1177 171 171 1177 1177 169 169 1177 1177 171 171 1178 1178 173 173 1178 1178 171 171 1178 1178 173 173 1179 1179 175 175 1179 1179 173 173 1179 1179 175 175 1180 1180 177 177 1180 1180 175 175 1180 1180 177 177 1181 1181 179 179 1181 1181 177 177 1181 1181 179 179 1182 1182 181 181 1182 1182 179 179 1182 1182 181 181 1183 1183 406 406 1183 1183 181 181 1183 1183 406 406 1184 1184 408 408 1184 1184 406 406 1184 1184 408 408 1185 1185 410 410 1185 1185 408 408 1185 1185 410 410 1186 1186 412 412 1186 1186 410 410 1186 1186 412 412 1187 1187 403 403 1187 1187 412 412 1187 1187 403 403 1188 1188 402 402 1188 1188 403 403 1188 1188 402 402 1189 1189 545 545 1189 1189 402 402 1189 1189 545 545 1190 1190 516 516 1190 1190 545 545 1190 1190 516 516 1191 1191 505 505 1191 1191 516 516 1191 1191 505 505 1192 1192 422 422 1192 1192 505 505 1192 1192 422 422 1193 1193 417 417 1193 1193 422 422 1193 1193 417 417 1194 1194 396 396 1194 1194 417 417 1194 1194 396 396 1195 1195 397 397 1195 1195 396 396 1195 1195 397 397 1196 1196 398 398 1196 1196 397 397 1196 1196 398 398 1197 1197 126 126 1197 1197 398 398 1197 1197 126 126 1198 1198 375 375 1198 1198 126 126 1198 1198 375 375 1199 1199 377 377 1199 1199 375 375 1199 1199 377 377 1200 1200 379 379 1200 1200 377 377 1200 1200 379 379 1201 1201 381 381 1201 1201 379 379 1201 1201 381 381 1202 1202 132 132 1202 1202 381 381 1202 1202 132 132 1203 1203 358 358 1203 1203 132 132 1203 1203 358 358 1204 1204 360 360 1204 1204 358 358 1204 1204 360 360 1205 1205 362 362 1205 1205 360 360 1205 1205 362 362 1206 1206 364 364 1206 1206 362 362 1206 1206 364 364 1207 1207 366 366 1207 1207 364 364 1207 1207 366 366 1208 1208 368 368 1208 1208 366 366 1208 1208 368 368 1210 1210 370 370 1210 1210 368 368 1210 1210 370 370 1212 1212 372 372 1212 1212 370 370 1212 1212 372 372 1214 1214 374 374 1214 1214 372 372 1214 1214 374 374 1154 1154 276 276 1154 1154 374 374</p>
        </triangles>
      </mesh>
    </geometry>
  </library_geometries>
  <library_materials>
    <material id="af120466fe754135808733de68c2fd35" name="defaultmaterial">
      <instance_effect url="#e567c0057f6f4a2e8a32e2f7cad56e05"/>
    </material>
  </library_materials>
  <library_visual_scenes>
    <visual_scene id="scene">
      <node id="node0" name="node0">
        <instance_geometry url="#3a1bc4ea628d4a93b25ab73841b29769">
          <bind_material>
            <technique_common>
              <instance_material symbol="material0" target="#af120466fe754135808733de68c2fd35"/>
            </technique_common>
          </bind_material>
        </instance_geometry>
      </node>
    </visual_scene>
  </library_visual_scenes>
  <scene>
    <instance_visual_scene url="#scene"/>
  </scene>
</COLLADA>
