<COLLADA xmlns="http://www.collada.org/2005/11/COLLADASchema" version="1.4.1">
  <asset>
    <created>2026-09-27T18:30:25.083510</created>
    <modified>2026-09-27T18:30:25.083510</modified>
    <up_axis>Y_UP</up_axis>
  </asset>
  <library_effects>
    <effect id="a5e4408c285a464f883ae7464ebc8542" name="a5e4408c285a464f883ae7464ebc8542">
      <profile_COMMON>
        <technique sid="common">
          <phong>
            <emission>
              <color>0.0 0.0 0.0 1.0</color>
            </emission>
            <ambient>
              <color>0.0 0.0 0.0 1.0</color>
            </ambient>
            <diffuse>
              <color>0.8941176470588236 0.8941176470588236 0.8941176470588236 1.0</color>
            </diffuse>
            <specular>
              <color>0.0 0.0 0.0 1.0</color>
            </specular>
            <shininess>
              <float>0.0</float>
            </shininess>
            <reflective>
              <color>0.0 0.0 0.0 1.0</color>
            </reflective>
            <reflectivity>
              <float>0.0</float>
            </reflectivity>
            <transparent>
              <color>0.0 0.0 0.0 1.0</color>
            </transparent>
            <transparency>
              <float>1.0</float>
            </transparency>
          </phong>
        </technique>
        <extra>
          <technique profile="GOOGLEEARTH">
            <double_sided>0</double_sided>
          </technique>
        </extra>
      </profile_COMMON>
    </effect>
  </library_effects>
  <library_geometries>
    <geometry id="de335cd17fed42958f8b9c1eca489f69" name="8b1e66153b5641d9a2140e5fc078315e">
      <mesh>
        <source id="verts-array">
          <float_array count="5313" id="verts-array-array">-0.01078629 0.00606352 0.003723599 -0.010783 0.006188268 0.003418307 -0.01234911 0.006070668 0.003700161 -0.009197063 0.00703492 -0.001254936 -0.009198174 0.006998884 -0.000491258 -0.006072183 0.006989789 -0.001278498 -0.006299714 -0.001897715 -0.006854087 -0.006279579 -0.001115591 -0.006832588 -0.003175882 -0.001983772 -0.00690322 -0.001734182 -0.006672213 -0.004457642 -0.0001797178 -0.007003122 -0.004321614 -0.000180616 -0.007034411 -0.003934886 -0.0001793566 -0.006990539 -0.004477017 -0.001474985 0.003371545 -0.00679337 -0.001455394 0.00413264 -0.006757445 0.0001025654 0.003933614 -0.007036859 -0.001446046 0.004496048 -0.006715147 0.0001125133 0.004320213 -0.007005557 0.0001165108 0.004475565 -0.006992969 -0.007848306 -0.001213291 0.006524645 -0.009419029 -0.001513345 0.006430057 -0.009437218 -0.002221282 0.006259793 -0.01100724 -0.00249455 0.006135475 -0.009446004 -0.002563364 0.006164955 -0.004530121 0.006231768 0.00472576 -0.002960361 0.006492326 0.004591294 -0.002958648 0.006555684 0.004251782 -0.004533397 0.006107342 0.005024928 -0.002963156 0.006386786 0.004913208 -0.004537591 0.005947067 0.005306868 -0.00296692 0.006243435 0.005216562 -0.004548355 0.005533807 0.005815127 -0.006119754 0.00520884 0.005866897 -0.006126485 0.004949366 0.006073745 -0.01110493 -0.006351015 -0.0006546453 -0.009544312 -0.00644075 -0.0002737457 -0.009546432 -0.006515995 0.0004867107 -0.01108228 -0.005500185 -0.003728893 -0.01108557 -0.005624933 -0.003423601 -0.01264342 -0.005426887 -0.003706202 -0.007962507 -0.005744385 -0.003847811 -0.007959859 -0.005644388 -0.004155162 -0.00640401 -0.005920897 -0.003949556 -0.001678737 -0.004415387 0.006714335 -0.0001133326 -0.004319998 0.007005492 -0.0001033847 -0.003933399 0.007036794 -0.0001173301 -0.00447535 0.006992904 -0.004856766 -0.006510915 -0.001523943 -0.003298049 -0.00667504 -0.001209966 -0.003299567 -0.006726392 -0.0003946207 -0.001740092 -0.006860806 -5.385296e-05 -0.001739333 -0.006839154 -0.0008959973 -0.000180616 -0.007003278 -0.0005820259 -0.02188287 5.257966e-05 0.006535812 -0.02186318 0.0008169616 0.006486872 -0.02343533 0.0004621724 0.006493057 -0.02514061 -0.005077496 0.004853962 -0.02514226 -0.005142185 0.004755189 -0.02200306 -0.004628706 0.005038643 -0.02511506 -0.004075998 0.005827955 -0.02511989 -0.00426507 0.005687275 -0.02197789 -0.003643567 0.005852941 -0.02512895 -0.004619515 0.005385103 -0.02513203 -0.004740463 0.00525671 -0.02199133 -0.004168796 0.005477142 -0.02512225 -0.004357482 0.00561852 -0.02512619 -0.004511462 0.005481364 -0.02198481 -0.003913817 0.005673333 -0.02513509 -0.00486031 0.005129478 -0.0251374 -0.004951063 0.005014345 -0.02199742 -0.004407445 0.005265279 -0.02515591 -0.005683109 0.003594511 -0.02515605 -0.005688847 0.003569834 -0.02358832 -0.00550391 0.003786056 -0.02514969 -0.005435714 0.004250903 -0.02515035 -0.005461609 0.00419036 -0.02358164 -0.005239182 0.004367893 -0.02515317 -0.005573884 0.003927882 -0.02515351 -0.005587435 0.003886526 -0.02358528 -0.005383147 0.004082947 -0.02515788 -0.005762704 0.003252376 -0.02515791 -0.005764255 0.00324144 -0.02359072 -0.005599981 0.003478274 -0.01867363 0.003279827 0.006119589 -0.01866556 0.003592358 0.006030393 -0.0202358 0.003312915 0.006142112 -0.02027175 0.001919124 0.006387294 -0.01870006 0.002255815 0.006352457 -0.01868211 0.002951249 0.006203263 -0.02515946 -0.005851988 0.0002594076 -0.02515946 -0.005859434 -0.0005425168 -0.0235974 -0.005893089 -0.0001470003 -0.02511587 -0.004214722 -0.005729105 -0.02511331 -0.004115982 -0.005793814 -0.02199676 -0.004479038 -0.005198948 -0.02515351 -0.005658514 -0.003787755 -0.02515044 -0.005542163 -0.004082268 -0.02202924 -0.005722826 -0.003320938 -0.02506552 -0.002266299 -0.006463888 -0.02506545 -0.002263931 -0.00646401 -0.02351015 -0.002561863 -0.006281065 -0.02505648 -0.001915743 -0.006482523 -0.02202597 -0.005598662 -0.003631024 -0.0220222 -0.005455089 -0.00392888 -0.01890197 -0.005673958 -0.003202757 -0.01569378 -0.002396522 0.006178837 -0.01570192 -0.002713581 0.006051695 -0.0141312 -0.002413527 0.006146283 -0.01411409 -0.001747335 0.006363077 -0.01254279 -0.00142499 0.006432687 -0.01252442 -0.0007102462 0.006582317 -0.01267004 -0.006418534 0.0008175771 -0.0126697 -0.006402166 0.001190364 -0.01579214 -0.00627005 0.0003729862 -0.01421589 -0.005785543 -0.002779992 -0.01265642 -0.005919947 -0.00243922 -0.01266152 -0.006111695 -0.00175052 -0.023484 -0.001547135 -0.006376821 -0.023465 -0.0008097793 -0.0064254 -0.02191209 -0.001201744 -0.006354357 -0.02484364 0.006364844 -0.004865979 -0.02484199 0.006429532 -0.004767206 -0.02173326 0.005755162 -0.005049166 -0.0248553 0.005906862 -0.00539712 -0.02485222 0.00602781 -0.005268727 -0.02174499 0.005295252 -0.005487665 -0.02486199 0.00564483 -0.005630537 -0.02485806 0.005798809 -0.005493381 -0.02175151 0.005040273 -0.005683856 -0.02484916 0.006147657 -0.005141495 -0.02484685 0.00623841 -0.005026362 -0.0217389 0.005533901 -0.005275802 -0.02482834 0.006970457 -0.003606528 -0.0248282 0.006976194 -0.003581851 -0.02327196 0.006710812 -0.003797326 -0.02483455 0.006723062 -0.00426292 -0.0248339 0.006748956 -0.004202377 -0.02327864 0.006446084 -0.004379163 -0.02483107 0.006861232 -0.003939899 -0.02483073 0.006874782 -0.003898543 -0.023275 0.006590049 -0.004094217 -0.01569232 -0.002454322 -0.00618503 -0.01570046 -0.002769615 -0.006070217 -0.01725337 -0.00237765 -0.00614126 -0.01551593 0.004400708 -0.005609334 -0.01550907 0.004668516 -0.005438664 -0.01395432 0.004346158 -0.005596167 -0.02326562 0.006972513 -0.002156895 -0.02326454 0.00702108 -0.001419294 -0.0217043 0.006910209 -0.00177078 -0.02486838 0.005502069 0.005717088 -0.02487094 0.005403329 0.005781797 -0.02173956 0.005605493 0.005188425 -0.02491873 0.003553646 0.006451871 -0.02491879 0.003551278 0.006451993 -0.02335013 0.003768765 0.006269795 -0.02492776 0.00320309 0.006470506 -0.01546043 0.006581533 -0.002861335 -0.01546331 0.006466756 -0.003176733 -0.01702355 0.006577627 -0.002825247 -0.01390389 0.006385131 0.003092415 -0.0139006 0.00650977 0.002773204 -0.01546509 0.006455811 0.00311322 -0.01393325 0.005262591 0.004970769 -0.01236513 0.005458654 0.00476591 -0.01236089 0.005620961 0.004521932 -0.01393816 0.005073617 0.005175542 -0.0123695 0.005291093 0.004993175 -0.01394321 0.004879387 0.005361144 -0.01237398 0.005118858 0.005202664 -0.0123568 0.005777444 0.004262288 -0.01392387 0.00562219 0.0045081 -0.01392848 0.005445668 0.00474791 -0.01549606 0.005270375 0.004973887 -0.01550136 0.005066538 0.005175618 -0.01706948 0.004870475 0.005380468 -0.01707548 0.004638667 0.005540297 -0.01864415 0.004421191 0.005722664 -0.01865087 0.004160974 0.005836585 -0.0202201 0.003921503 0.005995065 -0.01547688 0.00600607 0.003995964 -0.01860822 0.005805782 0.004592189 -0.01704746 0.005717847 0.004545714 -0.01545871 0.006697499 0.002469108 -0.01545602 0.006798901 0.002133352 -0.01858319 0.006762014 0.002876927 -0.01232416 0.007007979 0.0002959845 -0.01232268 0.007058565 -0.0004489854 -0.0154483 0.00708221 0.0003569648 -0.0123225 0.007062315 -0.0008236183 -0.01544832 0.007074723 -0.0003805214 -0.01857381 0.007103498 0.0004353596 -0.01858013 0.006837636 -0.001778096 -0.01857716 0.006959637 -0.001048579 -0.01701896 0.006762211 -0.002154762 -0.01701525 0.006912846 -0.00144335 -0.01858588 0.006604839 -0.002802449 -0.01702615 0.006473965 -0.003138768 -0.01546642 0.006343101 -0.003475088 -0.02014727 0.006667951 -0.002795685 -0.0185881 0.006515671 -0.003115084 -0.01702892 0.00636339 -0.003434484 -0.01546975 0.006211109 -0.003753884 -0.0185838 0.006688488 -0.002473761 -0.01702115 0.006673884 -0.002496387 -0.01545779 0.006686786 -0.002531428 -0.01545334 0.006866064 -0.001838123 -0.01858038 0.006867868 0.00255011 -0.01545369 0.006886465 0.001789804 -0.01857803 0.006956274 0.002214284 -0.01545172 0.00695948 0.001439451 -0.01857614 0.00702617 0.00187047 -0.01549095 0.005466946 0.004753912 -0.01706365 0.005095083 0.005199864 -0.01863759 0.004674422 0.005585317 -0.02021281 0.004203716 0.005905041 -0.02178932 0.003682032 0.006153546 -0.02335854 0.003442561 0.006312026 -0.02178147 0.00398624 0.006087418 -0.02020571 0.00447836 0.005790176 -0.01863124 0.00491979 0.005425842 -0.01705802 0.005311702 0.004999724 -0.01548604 0.005655539 0.004516861 -0.01391945 0.005791526 0.004252437 -0.01235287 0.005927523 0.003988013 -0.0217458 0.005365027 0.005391266 -0.02017968 0.005482637 0.005109412 -0.01858642 0.006639522 0.003193728 -0.02171035 0.006725117 0.003620501 -0.02171412 0.006581545 0.003918357 -0.01861357 0.005600247 0.004827558 -0.0186192 0.005383546 0.005045699 -0.02018579 0.005247549 0.005310123 -0.02019217 0.005001213 0.005491348 -0.02175925 0.004845959 0.005737161 -0.02176641 0.004569205 0.005877796 -0.02333399 0.004393923 0.006103774 -0.02334194 0.004086244 0.006199874 -0.02490159 0.00421837 0.006328633 -0.02490978 0.003901018 0.006402513 -0.02491006 0.003890085 0.006404065 -0.02175237 0.005111562 0.005574537 -0.02331895 0.004975565 0.005838962 -0.02332632 0.004690715 0.005982973 -0.02487599 0.005208273 0.005909634 -0.02487806 0.005128473 0.005952447 -0.02331191 0.005247426 0.00567311 -0.02488399 0.004899212 0.006075421 -0.02488556 0.00483869 0.006101324 -0.02489234 0.004576298 0.006213635 -0.02489341 0.004534956 0.006227189 -0.02490095 0.004243039 0.006322894 -0.02172816 0.006043844 0.004728365 -0.02485793 0.005904682 0.005379945 -0.02486124 0.005777492 0.005499831 -0.02171836 0.006419516 0.004202964 -0.02484674 0.006335101 0.004904398 -0.02484853 0.006266369 0.00499684 -0.0248521 0.006129259 0.00515087 -0.02172305 0.006239968 0.004473303 -0.0248546 0.006033031 0.005258958 -0.01546874 0.006316877 0.003419613 -0.01859407 0.006347885 0.003793261 -0.01859845 0.006180361 0.004073989 -0.02483756 0.006686382 0.004363153 -0.02483826 0.006659833 0.004416222 -0.02170433 0.006953077 0.002989127 -0.02483074 0.006945862 0.003775738 -0.02170708 0.006849281 0.003310415 -0.02483381 0.006829511 0.004070251 -0.02483414 0.006816774 0.004102491 -0.02484188 0.006521145 0.004641489 -0.02484307 0.006475734 0.004715264 -0.01389034 0.006895754 0.001409651 -0.01389486 0.006726488 0.002106793 -0.01546174 0.006582909 0.002796056 -0.01859005 0.006501212 0.003499505 -0.02173367 0.005832052 0.004967091 -0.02486422 0.005662399 0.005590614 -0.02170213 0.007035265 0.00265771 -0.02170053 0.007094526 0.002317255 -0.02169954 0.0071295 0.001968865 -0.01857392 0.007105855 0.00116291 -0.01545015 0.007017075 0.001083231 -0.01236111 0.00552582 -0.004801546 -0.01391907 0.005724846 -0.004522132 -0.01391471 0.005896217 -0.004311104 -0.01547329 0.006071235 -0.004010596 -0.01703188 0.006246254 -0.003710099 -0.01859046 0.006421273 -0.003409591 -0.02014904 0.006596291 -0.003109083 -0.02170762 0.00677132 -0.002808575 -0.01545011 0.006998266 -0.001115769 -0.01701256 0.007024231 -0.0007104258 -0.018575 0.007050206 -0.0003050855 -0.02013907 0.007006418 -0.000653809 -0.02014129 0.006913061 -0.00140143 -0.02014405 0.006799348 -0.002122276 -0.0201456 0.006735713 -0.00246612 -0.02170644 0.006820232 -0.002476285 -0.02482479 0.007164452 0.002433551 -0.0248251 0.00715517 0.00274638 -0.02482479 0.00716105 0.002067127 -0.02326204 0.007146657 0.001659183 -0.0216993 0.007132274 0.001251239 -0.02170246 0.006988486 -0.00102476 -0.02326362 0.00706391 -0.0006480926 -0.02170097 0.007053209 -0.0002590394 -0.02326288 0.00709999 0.0001357302 -0.0216999 0.007102137 0.0005055962 -0.02326683 0.006919001 -0.002845648 -0.01232699 0.006905052 0.001029499 -0.02482519 0.007151964 0.002774681 -0.0248262 0.00711564 0.003095042 -0.02482631 0.007111653 0.00311464 -0.02482809 0.007045609 0.003439428 -0.02483065 0.00694939 0.003763825 -0.01547703 0.005923872 -0.004242718 -0.01703499 0.006122898 -0.003963304 -0.01859295 0.006321923 -0.00368389 -0.02015091 0.006520949 -0.003404476 -0.02170887 0.006719975 -0.003125062 -0.01237852 0.004845311 -0.005303819 -0.01238516 0.004585752 -0.005460356 -0.01393472 0.005111811 -0.005088605 -0.01394085 0.00487208 -0.005265186 -0.01549093 0.005378311 -0.00487339 -0.01549655 0.005158408 -0.005070026 -0.01704714 0.005644811 -0.004658175 -0.01241527 0.003411599 -0.006017208 -0.01242354 0.003089183 -0.00613654 -0.01397711 0.00345686 -0.006028389 -0.0139853 0.003137754 -0.006153071 -0.01553854 0.003518254 -0.00605923 -0.01240726 0.003723476 -0.005889418 -0.0139692 0.003765322 -0.005893637 -0.01553069 0.003824546 -0.005920248 -0.01864503 0.004279263 -0.005871538 -0.01237227 0.005089209 -0.005141457 -0.01392903 0.005334598 -0.004905465 -0.01548579 0.005579977 -0.004669483 -0.01704254 0.005825356 -0.004433492 -0.0185993 0.006070735 -0.00419751 -0.01236646 0.0053164 -0.004973839 -0.0139238 0.005539305 -0.004716428 -0.01548114 0.005762219 -0.004459017 -0.01703848 0.005985134 -0.004201605 -0.01859582 0.006208039 -0.003944194 -0.02015316 0.006430953 -0.003686782 -0.01860793 0.005731065 -0.004679707 -0.01705781 0.005226358 -0.005082778 -0.01861302 0.005531292 -0.004906872 -0.01706383 0.004990874 -0.00528115 -0.01861858 0.005313222 -0.005123646 -0.01862459 0.00507793 -0.00532925 -0.01239956 0.00402381 -0.005753681 -0.0139616 0.004062097 -0.005749376 -0.01552314 0.004119036 -0.005770066 -0.01863784 0.004559899 -0.005703957 -0.01555507 0.002874354 -0.006301002 -0.01556369 0.002538708 -0.00640244 -0.01866852 0.00336323 -0.006285811 -0.01248697 0.0006207553 -0.006691324 -0.01250614 -0.0001239679 -0.006741931 -0.01560935 0.0007629081 -0.006685854 -0.01409574 -0.001155136 -0.006615781 -0.01252538 -0.0008711402 -0.006729313 -0.01253486 -0.001238977 -0.006689826 -0.01251578 -0.0004984768 -0.006745684 -0.01562833 2.566626e-05 -0.006678368 -0.01873129 0.0009224697 -0.006627423 -0.01878833 -0.001290251 -0.006361486 -0.01876952 -0.0005609758 -0.006483522 -0.01723607 -0.001707388 -0.006325901 -0.01721772 -0.0009962128 -0.006476581 -0.01881476 -0.002314263 -0.006128618 -0.01726147 -0.002691066 -0.006037565 -0.01570817 -0.00306787 -0.005946523 -0.02037655 -0.002266905 -0.006151889 -0.01882283 -0.002626794 -0.006039422 -0.0172691 -0.002986684 -0.005926956 -0.01571538 -0.003346573 -0.005814489 -0.01880628 -0.001985685 -0.006212292 -0.01724488 -0.002048899 -0.006237546 -0.0156838 -0.002124525 -0.006290317 -0.01566591 -0.001431451 -0.006469649 -0.01867691 0.00303652 -0.006391702 -0.01557251 0.002195274 -0.006490035 -0.01868553 0.002700806 -0.006480138 -0.01558151 0.001845036 -0.006563076 -0.01869436 0.002357106 -0.00655006 -0.0217105 0.006653868 -0.003429371 -0.02015605 0.006316124 -0.003961518 -0.01860334 0.005911312 -0.00444296 -0.01705224 0.005444736 -0.004874867 -0.0155026 0.004921434 -0.005258684 -0.01394739 0.004616501 -0.005434581 -0.01239219 0.004311567 -0.005610487 -0.02172809 0.005957938 -0.004808619 -0.02017334 0.00563558 -0.004966133 -0.01866039 0.003679927 -0.006163276 -0.02177335 0.004187751 -0.006169171 -0.02176572 0.004485509 -0.00602555 -0.02171281 0.006561504 -0.003725526 -0.02326956 0.006806883 -0.003489545 -0.02326784 0.006876782 -0.00317196 -0.02482637 0.007050052 -0.003264393 -0.02171576 0.006444312 -0.004012531 -0.02015955 0.006177812 -0.004227745 -0.02482634 0.007051603 -0.003253457 -0.02482519 0.007099395 -0.002916906 -0.02482518 0.007099517 -0.002914537 -0.02482479 0.007118027 -0.002566234 -0.02172343 0.00614115 -0.004555069 -0.02171931 0.006303721 -0.004289377 -0.02016823 0.005836226 -0.004730965 -0.02016362 0.006017393 -0.004484547 -0.02483875 0.006557328 -0.004572084 -0.02483767 0.006600127 -0.004492258 -0.02328285 0.006280286 -0.004651115 -0.01863102 0.004826473 -0.005522934 -0.02175843 0.004770023 -0.005863464 -0.02486436 0.005552418 -0.005699292 -0.02487821 0.00501135 -0.006050693 -0.02487685 0.005064401 -0.006024135 -0.02178955 0.003556585 -0.006397211 -0.02489327 0.004424129 -0.006310262 -0.0217813 0.003877767 -0.006293378 -0.02488571 0.004718545 -0.006193871 -0.02488488 0.004750774 -0.006181129 -0.02487108 0.005289595 -0.0058854 -0.02486919 0.005363346 -0.005839973 -0.01402031 0.001774651 -0.006539191 -0.01400241 0.002471562 -0.006369865 -0.01554668 0.003201194 -0.006186372 -0.01865255 0.003985603 -0.006024918 -0.02179806 0.003225277 -0.006479428 -0.02180681 0.002884935 -0.00653871 -0.02181577 0.00253666 -0.006573698 -0.01871256 0.001649779 -0.006629776 -0.01559067 0.001488934 -0.006620692 -0.01261855 -0.004475077 -0.005208705 -0.01417329 -0.00415516 -0.005367932 -0.01416782 -0.003944203 -0.005539358 -0.01572202 -0.0036032 -0.00567457 -0.01727623 -0.003262206 -0.005809782 -0.01883043 -0.002921202 -0.005944994 -0.02038464 -0.002580198 -0.006080206 -0.02193884 -0.002239195 -0.006215429 -0.01564728 -0.0007093374 -0.00660189 -0.01719882 -0.000263532 -0.006587999 -0.01875036 0.0001822703 -0.006574117 -0.02032133 -0.0001257408 -0.006490454 -0.0203406 -0.0008731139 -0.006397071 -0.02035918 -0.00159372 -0.006283325 -0.02036805 -0.001937449 -0.00621967 -0.02193027 -0.001907015 -0.006264355 -0.02492776 0.003082384 -0.006528933 -0.02491971 0.003395111 -0.006519647 -0.0249372 0.002716082 -0.006525532 -0.02338572 0.002267677 -0.006551 -0.02183424 0.001819271 -0.006576477 -0.02189287 -0.0004559727 -0.006432655 -0.02344514 -3.883358e-05 -0.00646824 -0.02187314 0.0003094942 -0.006497395 -0.02342495 0.0007447292 -0.006504327 -0.02185345 0.001073876 -0.006546335 -0.02350174 -0.00223566 -0.006323296 -0.01246811 0.001354027 -0.006588358 -0.02491899 0.003423402 -0.006516439 -0.02491075 0.003743657 -0.006480101 -0.02491024 0.003763249 -0.006476113 -0.0249019 0.004087929 -0.006410045 -0.02489357 0.004412219 -0.006313792 -0.01572803 -0.003835244 -0.005527159 -0.01728277 -0.003515327 -0.005686387 -0.01883752 -0.00319541 -0.005845614 -0.02039226 -0.002875493 -0.006004841 -0.021947 -0.002555577 -0.006164069 -0.02482479 0.007124793 -0.001837495 -0.02482479 0.00713194 -0.001067808 -0.02482479 0.007139335 -0.0002714246 -0.02482479 0.007146781 0.0005304998 -0.01263164 -0.00497718 -0.004527973 -0.01263573 -0.005133663 -0.004268329 -0.01418802 -0.004721441 -0.004754698 -0.01419262 -0.004897963 -0.004514888 -0.0157444 -0.004465703 -0.004981422 -0.01574951 -0.004662273 -0.004761447 -0.01730078 -0.004209965 -0.005208146 -0.01266837 -0.006364198 -0.0003020257 -0.01266985 -0.006414784 0.0004429441 -0.01579216 -0.006277538 -0.0003645 -0.01266878 -0.00636269 0.001558323 -0.01266731 -0.006302544 0.001920411 -0.01422883 -0.006248073 0.001514317 -0.01266538 -0.006224039 0.002275447 -0.01266301 -0.006128711 0.002621617 -0.01422506 -0.006095046 0.002226097 -0.01422263 -0.005997456 0.002569396 -0.01578712 -0.006061392 0.001830588 -0.01578267 -0.005882114 0.002523893 -0.01263641 -0.005077407 0.004605571 -0.01420179 -0.00517199 0.004304316 -0.01420592 -0.005334602 0.004066496 -0.01579035 -0.006193593 0.001108234 -0.0126274 -0.004814873 -0.004771951 -0.01418325 -0.004538364 -0.004977557 -0.0157391 -0.004261865 -0.005183153 -0.01729495 -0.003985357 -0.00538875 -0.0188508 -0.003708858 -0.005594346 -0.01262304 -0.004647312 -0.004999217 -0.01417834 -0.00434939 -0.005182331 -0.01573364 -0.004051469 -0.005365455 -0.01728894 -0.003753548 -0.005548579 -0.01884424 -0.003455627 -0.005731693 -0.02039955 -0.003157706 -0.005914817 -0.01576358 -0.005201398 -0.004003499 -0.01888017 -0.004840218 -0.004601218 -0.01731697 -0.004832729 -0.004553996 -0.01891458 -0.006137934 -0.0004443887 -0.01735187 -0.006139112 0.0007021437 -0.01260737 -0.003941971 0.005454315 -0.01260035 -0.003667786 0.005604446 -0.0141691 -0.003892274 0.005427792 -0.01416218 -0.003621931 0.005589379 -0.01573139 -0.003863843 0.005431128 -0.01572453 -0.003596035 0.005601799 -0.01573786 -0.004116762 0.005251149 -0.01417564 -0.004147854 0.005258398 -0.01418178 -0.004387585 0.005081816 -0.01261402 -0.00420153 0.005297778 -0.01418747 -0.004610371 0.004898677 -0.01262026 -0.004445428 0.005135416 -0.01419269 -0.004815078 0.00470964 -0.01262607 -0.004672619 0.004967798 -0.01419743 -0.005000619 0.004515344 -0.01263142 -0.004882039 0.004795505 -0.01574392 -0.004353736 0.005062491 -0.01574953 -0.004573639 0.004865855 -0.01575468 -0.004775305 0.004661948 -0.01575932 -0.004957547 0.004451481 -0.01576343 -0.005119199 0.004235183 -0.00936133 0.0007303087 0.006757409 -0.0124864 0.0007677489 0.00673589 -0.01250556 2.302567e-05 0.006685283 -0.01563111 4.176452e-05 0.006678318 -0.0188638 -0.004112366 0.005320221 -0.01886981 -0.004347657 0.005114617 -0.0173006 -0.004105755 0.005272868 -0.01887537 -0.004565728 0.004897843 -0.01730662 -0.00434124 0.005074496 -0.01888046 -0.0047655 0.004670678 -0.01731219 -0.004559618 0.004866584 -0.01888505 -0.004945747 0.004433931 -0.01731729 -0.004759693 0.004649893 -0.01888909 -0.005105171 0.004188481 -0.01732189 -0.004940238 0.00442521 -0.01889257 -0.005242474 0.003935165 -0.01732594 -0.005100016 0.004193323 -0.01889544 -0.005356359 0.003674861 -0.01732944 -0.005237779 0.003955022 -0.01733255 -0.005361135 0.003701816 -0.01576717 -0.005266563 0.004003061 -0.01577071 -0.005406437 0.003746349 -0.01883584 -0.003020039 0.006015889 -0.018828 -0.002714362 0.006154247 -0.0219706 -0.003359054 0.006015027 -0.01555666 0.002929198 0.006282781 -0.01714671 0.001881331 0.006468299 -0.01557456 0.002236123 0.006462114 -0.0171656 0.00114865 0.006579717 -0.01559318 0.00151401 0.006594355 -0.01561213 0.0007790064 0.006670833 -0.01881148 -0.002070956 0.006382672 -0.01566795 -0.001390601 0.0064825 -0.01880286 -0.001735242 0.006471109 -0.01565895 -0.001040364 0.006555541 -0.01879403 -0.001391541 0.006541031 -0.01394868 0.00466843 0.00553257 -0.01551844 0.004407872 0.005667035 -0.01552508 0.004151246 0.005806954 -0.01709532 0.003871802 0.005918673 -0.01553229 0.003872543 0.005938987 -0.01710296 0.003576185 0.006029283 -0.01554 0.003574288 0.006062682 -0.01711106 0.003262768 0.006132978 -0.01554815 0.003258995 0.006177495 -0.01711955 0.002934017 0.006229264 -0.01712836 0.002592507 0.006317619 -0.02195485 -0.002859785 -0.006097941 -0.02040665 -0.00343235 -0.005799952 -0.01885716 -0.003954226 -0.005434871 -0.0173064 -0.004426583 -0.005008006 -0.01575443 -0.004850867 -0.004524396 -0.01419705 -0.005067299 -0.004259225 -0.01263966 -0.005283742 -0.003994054 -0.02199052 -0.004238571 -0.005401789 -0.02043267 -0.004436627 -0.005119188 -0.01109163 -0.005854437 -0.002779823 -0.0126535 -0.005809613 -0.002771269 -0.01265035 -0.005690323 -0.00309379 -0.01421261 -0.005660904 -0.003099203 -0.01420907 -0.005526199 -0.003407767 -0.01577172 -0.005512205 -0.003427148 -0.01576778 -0.005362074 -0.003721735 -0.01888994 -0.005214796 -0.004083018 -0.01888522 -0.005033835 -0.00434968 -0.02200816 -0.004917388 -0.004738888 -0.02200265 -0.004705596 -0.004977614 -0.02203678 -0.006003044 -0.001979388 -0.02203579 -0.00596807 -0.002327778 -0.01891447 -0.006140291 -0.001171939 -0.01891225 -0.006060606 -0.0018795 -0.01579031 -0.006212402 -0.001090766 -0.01578874 -0.006154807 -0.001446986 -0.01422616 -0.006171527 -0.00141644 -0.02203642 -0.005975681 -0.0005161193 -0.01891339 -0.006084642 0.0002960564 -0.01734918 -0.006027727 0.001435068 -0.01890459 -0.005722923 0.002464732 -0.02046675 -0.005689703 0.002456343 -0.02046831 -0.005753338 0.0021125 -0.02202988 -0.005693776 0.002465762 -0.01578444 -0.005994229 -0.002140887 -0.01578678 -0.006081793 -0.001797339 -0.01890801 -0.005902304 -0.002559139 -0.01891037 -0.005990709 -0.002223313 -0.02203199 -0.005826621 -0.00299965 -0.02203419 -0.00590881 -0.002668233 -0.01887482 -0.004634683 -0.004836587 -0.01886919 -0.004417982 -0.005054728 -0.02042657 -0.004201539 -0.005319899 -0.02042018 -0.003955203 -0.005501125 -0.02197707 -0.003719503 -0.005747684 -0.02196991 -0.003442749 -0.005888319 -0.02352629 -0.003187021 -0.006115044 -0.02351834 -0.002879342 -0.006211145 -0.02508266 -0.002931022 -0.00634065 -0.02507447 -0.00261367 -0.00641453 -0.02507419 -0.002602738 -0.006416082 -0.02198395 -0.003985106 -0.00558506 -0.02354133 -0.003768664 -0.005850232 -0.02353396 -0.003483813 -0.005994243 -0.02510825 -0.003920925 -0.005921651 -0.02510619 -0.003841126 -0.005964464 -0.02354837 -0.004040525 -0.00568438 -0.02510026 -0.003611864 -0.006087438 -0.02509869 -0.003551342 -0.006113341 -0.02509191 -0.003288951 -0.006225652 -0.02509084 -0.003247609 -0.006239206 -0.0250833 -0.002955692 -0.006334911 -0.02201796 -0.00529306 -0.004213487 -0.02513751 -0.005047753 -0.004916415 -0.02513572 -0.004979022 -0.005008857 -0.02201327 -0.005113512 -0.004483826 -0.02513215 -0.004841912 -0.005162887 -0.02512965 -0.004745684 -0.005270975 -0.01578175 -0.005892827 -0.002476643 -0.0189052 -0.00579645 -0.002885956 -0.02515011 -0.005529426 -0.004114508 -0.02514669 -0.005399035 -0.00437517 -0.02514599 -0.005372485 -0.004428239 -0.02514236 -0.005233798 -0.004653506 -0.02514118 -0.005188386 -0.004727281 -0.01422163 -0.006002261 -0.002113581 -0.01577872 -0.005778236 -0.002803591 -0.01889834 -0.005535648 -0.003508534 -0.02512631 -0.004617334 -0.005391962 -0.02512301 -0.004490145 -0.005511848 -0.02512002 -0.004375051 -0.005602631 -0.02515946 -0.005877105 -0.002445568 -0.02515914 -0.005867823 -0.002758397 -0.02515946 -0.005873702 -0.002079144 -0.02359824 -0.005939755 -0.001670453 -0.02203702 -0.006005818 -0.001261762 -0.02515946 -0.005837446 0.001825478 -0.02515946 -0.005844593 0.001055791 -0.02359574 -0.005814178 0.001408024 -0.02359666 -0.005857009 0.0006368225 -0.02203386 -0.00586203 0.001014237 -0.02203535 -0.005926753 0.0002485163 -0.02047106 -0.005867051 0.001391654 -0.02047329 -0.005960408 0.0006440329 -0.01890826 -0.005872072 0.001769067 -0.01891123 -0.005994072 0.001039549 -0.01734547 -0.005877093 0.00214648 -0.01266023 -0.0060177 0.002956761 -0.01421987 -0.005887135 0.002901316 -0.01578004 -0.00577686 0.0028538 -0.01734327 -0.005788765 0.002488105 -0.01734087 -0.005692508 0.002816965 -0.01890251 -0.005639275 0.00279342 -0.02046508 -0.005621941 0.002785909 -0.0220287 -0.005644864 0.002798052 -0.02359345 -0.005712099 0.002834378 -0.01266554 -0.006261271 -0.00103554 -0.02515906 -0.005864617 -0.002786698 -0.02515804 -0.005828293 -0.00310706 -0.02515794 -0.005824306 -0.003126657 -0.02515616 -0.005758262 -0.003451445 -0.0251536 -0.005662042 -0.003775842 -0.01265707 -0.005892156 0.003278729 -0.01265356 -0.00575306 0.00358518 -0.0142168 -0.005764955 0.003219485 -0.01421344 -0.005631669 0.003521431 -0.01577716 -0.005662084 0.003169198 -0.01577404 -0.005538428 0.003467552 -0.01733828 -0.005588846 0.003130486 -0.0173355 -0.005478272 0.003426202 -0.01890029 -0.005550106 0.003106055 -0.01889793 -0.005455708 0.003400562 -0.02046331 -0.005550281 0.003099307 -0.02046144 -0.005474939 0.0033947 -0.02202745 -0.005593519 0.003114539 -0.02045919 -0.005384943 0.003677006 -0.02202582 -0.005527412 0.003418848 -0.02200823 -0.004831482 0.004798096 -0.02043902 -0.00458957 0.004956356 -0.0187571 4.309449e-05 0.006618393 -0.01873803 0.0007832939 0.006565088 -0.01871887 0.00152654 0.006474493 -0.02029102 0.001171751 0.006480678 -0.02195502 -0.002751311 0.006282855 -0.02194677 -0.002430129 0.006386688 -0.02193826 -0.002098821 0.006468905 -0.02192951 -0.001758479 0.006528187 -0.02359244 -0.005669881 0.00316069 -0.02515906 -0.005812048 0.002904889 -0.02515907 -0.005812169 0.00290252 -0.02515946 -0.005830679 0.002554217 -0.02359467 -0.005765611 0.002145625 -0.02203202 -0.005783753 0.001760257 -0.02202056 -0.005317856 0.004002007 -0.02202351 -0.005435048 0.003715003 -0.02045281 -0.005131802 0.004217969 -0.0204563 -0.005270114 0.003951742 -0.02201289 -0.005014694 0.004544546 -0.02201701 -0.005177265 0.004278854 -0.02044413 -0.004790216 0.004721189 -0.02044874 -0.004971383 0.004474771 -0.0251455 -0.00526998 0.004560067 -0.02514658 -0.005312779 0.004480241 -0.02357744 -0.005073384 0.004639845 -0.01884336 -0.003313699 0.005862509 -0.01885055 -0.003594335 0.005694927 -0.01570977 -0.003019874 0.005912713 -0.01571732 -0.003314363 0.005762531 -0.01414729 -0.003041096 0.005886849 -0.0141549 -0.00333787 0.005742588 -0.01258527 -0.003079695 0.005883377 -0.01259297 -0.003380029 0.00574764 -0.01885737 -0.003860909 0.005513905 -0.02196297 -0.003061295 0.006158648 -0.02510604 -0.003724003 0.006038676 -0.0251074 -0.003777054 0.006012118 -0.02509098 -0.003136781 0.006298245 -0.02509854 -0.003431197 0.006181854 -0.02509936 -0.003463426 0.006169112 -0.02192055 -0.001410204 0.006563175 -0.01877583 -0.0006842149 0.006620747 -0.01564979 -0.0006842613 0.006613157 -0.01409619 -0.001050424 0.006532403 -0.01567678 -0.001734036 0.006394905 -0.01881987 -0.002397666 0.006276781 -0.02505648 -0.001795037 0.006516916 -0.02506453 -0.002107763 0.00650763 -0.02504705 -0.001428734 0.006513515 -0.02347456 -0.001060775 0.00653973 -0.02190208 -0.0006928154 0.006565954 -0.0202443 0.002983459 0.006209894 -0.02025317 0.00263973 0.006273549 -0.02184345 0.001582429 0.006422132 -0.02341515 0.001245735 0.00645697 -0.02498684 0.0009090419 0.006491808 -0.02500749 0.0001073832 0.006499251 -0.02336724 0.003105093 0.006339371 -0.02179748 0.003365651 0.006204905 -0.02182423 0.0023282 0.006343834 -0.02180604 0.003033471 0.006253832 -0.02339528 0.002016681 0.00641413 -0.02337629 0.002754037 0.006365551 -0.02496634 0.001705162 0.006484415 -0.02506526 -0.002136055 0.006504422 -0.0250735 -0.00245631 0.006468084 -0.025074 -0.002475901 0.006464096 -0.02508235 -0.002800581 0.006398028 -0.02509068 -0.003124872 0.006301775 -0.02022772 0.003626208 0.00607043 -0.01865796 0.003886766 0.005935965 -0.01708165 0.004400445 0.005678105 -0.01550682 0.004856142 0.00535792 -0.01551243 0.004639916 0.005519624 -0.0170882 0.004147324 0.0058015 -0.000180616 -0.006963771 0.003672716 -0.001741585 -0.00689549 0.002458549 -0.000180616 -0.006971383 0.002852921 -0.001740729 -0.006877725 0.0007908945 -0.000180616 -0.006987159 0.001153954 -0.000180616 -0.00699521 0.0002869137 -0.003296317 -0.006615193 -0.002010616 -0.004851285 -0.006312112 -0.003035534 -0.003294396 -0.006547812 -0.002788975 -0.004848162 -0.006197395 -0.00374396 -0.003292313 -0.006473904 -0.003538364 -0.003290099 -0.006394578 -0.004253341 -0.006401826 -0.005839006 -0.00426673 -0.004846523 -0.006136928 -0.004083606 -0.006406129 -0.006000123 -0.003621086 -0.006408175 -0.006076423 -0.003282093 -0.004854167 -0.006417137 -0.002293217 -0.003300842 -0.006768291 0.0004278358 -0.004859042 -0.006591988 -0.0007353873 -0.006415483 -0.006346801 -0.00183791 -0.006412018 -0.006219091 -0.002575808 -0.007969868 -0.006021035 -0.002858409 -0.0001794689 -0.006910783 0.004581723 -0.003300764 -0.006732011 0.004008698 -0.003302389 -0.006798504 0.00364249 -0.0001778344 -0.006845074 0.004822753 -0.0001762177 -0.006780078 0.00506118 -0.003298205 -0.006629407 0.004356931 -0.0001749967 -0.006731688 0.005166025 -0.003294816 -0.006494738 0.004686114 -0.003301848 -0.006799717 0.001249848 -0.003302555 -0.006819587 0.002064188 -0.003302925 -0.006826524 0.002865277 -0.003302971 -0.006824665 0.003259306 -0.000180616 -0.006960131 0.004064769 -0.000179741 -0.006922489 0.004459086 -0.001710902 -0.005669743 0.006145017 -0.0001431555 -0.005481669 0.006622671 -0.001703702 -0.00538833 0.006339293 -0.0001398819 -0.005353983 0.006683238 -0.0001316496 -0.005032881 0.006835524 -0.0001546401 -0.00593068 0.006296446 -0.0001541499 -0.005911463 0.006316069 -0.0001474962 -0.005651354 0.006501622 -0.003290665 -0.006330659 0.004994714 -0.0001635175 -0.006278719 0.005941153 -0.003285803 -0.006139185 0.005280999 -0.0001608193 -0.006172937 0.006049135 -0.00328028 -0.005922272 0.005543216 -0.0001307995 -0.004999725 0.006851256 -0.000122715 -0.004684986 0.006936278 -0.001687589 -0.004759933 0.00662766 -0.003274139 -0.005681638 0.005779332 -0.0001712396 -0.006582794 0.005488667 -0.0001709155 -0.006569949 0.005516509 -0.000166328 -0.006389356 0.005779833 -0.00325238 -0.004831768 0.006307513 -0.003260155 -0.005135022 0.006164113 -0.004824391 -0.005185451 0.005827037 -0.004831136 -0.00544916 0.005634827 -0.006394853 -0.005479585 0.005282594 -0.006400614 -0.005705449 0.005047951 -0.001695919 -0.005084594 0.006501179 -0.003267419 -0.005418745 0.00598706 -0.004837377 -0.005693544 0.005413637 -0.006405876 -0.00591223 0.00478839 -0.00642308 -0.006620228 0.0004880526 -0.006424493 -0.006667791 0.001275444 -0.006425233 -0.006689278 0.002057827 -0.006425326 -0.006689288 0.002445394 -0.006424827 -0.006666388 0.002825108 -0.006423435 -0.006608907 0.00319191 -0.006421242 -0.006520456 0.003544754 -0.006418336 -0.006404502 0.003882552 -0.006414778 -0.00626334 0.004203685 -0.00641061 -0.006098687 0.004506259 -0.007965065 -0.005840733 -0.003528652 -0.007967521 -0.00593306 -0.003198551 -0.009524902 -0.005716627 -0.003463722 -0.004860955 -0.006658856 6.4776e-05 -0.006418518 -0.006457584 -0.001076159 -0.007974199 -0.006182676 -0.002151878 -0.009527718 -0.005822989 -0.00314101 -0.009521954 -0.005605043 -0.003775211 -0.009518886 -0.005488656 -0.004074535 -0.006421069 -0.006549422 -0.0002982837 -0.007977993 -0.006323169 -0.001416922 -0.009532916 -0.006018562 -0.002465855 -0.009530393 -0.005923758 -0.00280805 -0.0219625 -0.003155841 -0.006005548 -0.02041353 -0.003698488 -0.005661595 -0.01886329 -0.004190893 -0.005254565 -0.01731181 -0.004634424 -0.004789557 -0.01575912 -0.005030785 -0.004271395 -0.01420127 -0.005228831 -0.003988794 -0.01420528 -0.005381988 -0.003704639 -0.01264699 -0.005562578 -0.00340577 -0.01108869 -0.005743168 -0.00310691 -0.01107884 -0.005369353 -0.00402177 -0.01107526 -0.005232918 -0.004301259 -0.01107156 -0.005091381 -0.004566355 -0.01106773 -0.004945243 -0.004816092 -0.01106381 -0.004794994 -0.005049478 -0.01261361 -0.004285207 -0.005404136 -0.01416166 -0.003706463 -0.005702023 -0.01415488 -0.003444684 -0.00585547 -0.01414755 -0.00316158 -0.005999185 -0.01413975 -0.002859736 -0.006132513 -0.01413153 -0.002541672 -0.006254732 -0.01412296 -0.002209863 -0.006365087 -0.0141141 -0.001866679 -0.006462708 -0.009541295 -0.006330554 -0.001024406 -0.01110141 -0.006221119 -0.001387458 -0.01109694 -0.006054361 -0.002098457 -0.01420981 -0.005488 0.003804629 -0.01264557 -0.005437572 0.004141695 -0.01264972 -0.005601254 0.003873663 -0.01108134 -0.005387153 0.004478761 -0.011086 -0.005570829 0.004225896 -0.009517099 -0.005336725 0.004815828 -0.009522288 -0.005540414 0.004578129 -0.007952863 -0.005286297 0.005152904 -0.01264113 -0.005262777 0.004386643 -0.01107103 -0.004982834 0.004906826 -0.01107634 -0.005190942 0.004706789 -0.009505644 -0.004888261 0.005208071 -0.009511546 -0.005119107 0.005026936 -0.007940263 -0.004793689 0.005509326 -0.007946754 -0.005047272 0.005347083 -0.006374882 -0.004699116 0.00581058 -0.006381963 -0.004975437 0.00566723 -0.0048095 -0.004604533 0.006111835 -0.009527088 -0.005729249 0.004316561 -0.009531474 -0.005902198 0.004033554 -0.009535419 -0.006058198 0.00373151 -0.009538892 -0.00619603 0.003412646 -0.009541857 -0.006314275 0.003079 -0.009544278 -0.006411505 0.002732577 -0.009546106 -0.006485803 0.002375122 -0.009547266 -0.006534282 0.002007736 -0.009547682 -0.006553911 0.001631492 -0.009547542 -0.006552031 0.001250388 -0.01577537 -0.005651139 -0.003120755 -0.01889432 -0.005382321 -0.00380229 -0.009537468 -0.006188765 -0.001757684 -0.007981182 -0.006439988 -0.0006613425 -0.007958571 -0.005509999 0.004930362 -0.006388627 -0.005235879 0.00548997 -0.004817172 -0.004903603 0.005987367 -0.003244119 -0.00450996 0.00641309 -0.001669389 -0.004051979 0.006756632 -0.001649799 -0.003290885 0.006792557 -8.258995e-05 -0.003125942 0.007029296 -0.001629461 -0.002500795 0.006825673 -6.118838e-05 -0.002294923 0.007021579 -0.001608504 -0.001686674 0.006855425 -3.929383e-05 -0.001444762 0.007013685 -0.001587091 -0.0008549218 0.006881353 -1.706576e-05 -0.0005816499 0.007005671 -0.001565417 -1.305637e-05 0.006903017 5.304983e-06 0.0002870017 0.006997605 -0.001543675 0.0008314113 0.006919947 -0.003217008 -0.003455818 0.006555828 -0.004784216 -0.003620752 0.00631909 -0.003235394 -0.004170559 0.006476471 -0.004792945 -0.003960285 0.0062586 -0.004801399 -0.004289139 0.00619631 -0.003197734 -0.002706678 0.006629766 -0.004766007 -0.00291256 0.006433849 -0.00633428 -0.003118442 0.006237942 -0.006237356 0.0006504577 0.006781951 -0.006257582 -0.0001356185 0.006711117 -0.004686279 0.0001867251 0.006780727 -0.006277584 -0.0009132366 0.006619243 -0.004706862 -0.0006131735 0.006713831 -0.006297167 -0.001674736 0.006508419 -0.004727142 -0.001401468 0.006632727 -0.006316132 -0.00241239 0.006380663 -0.004746923 -0.002170488 0.006538913 0.0001127252 0.004457791 0.006924886 0.000115885 0.004580387 0.006913177 -0.003032231 0.003722658 0.00688058 -0.003022788 0.004088744 0.006814068 0.0001221054 0.004821337 0.006847447 0.0001282587 0.005059685 0.006782431 -0.003013799 0.004436861 0.006711431 0.0001309693 0.005164495 0.006734026 -0.003005293 0.004765935 0.00657672 0.0001025654 0.004063605 0.006962538 -0.003042101 0.003339601 0.006906748 9.247204e-05 0.003671682 0.006966177 0.000168766 0.006620651 0.005483601 -0.001400489 0.006377962 0.005430093 -0.001405557 0.006183752 0.005711598 0.0001602608 0.006294537 0.005932759 0.0001607705 0.006314152 0.005913536 0.0001656093 0.006499642 0.005653342 -0.002997309 0.005074431 0.006412588 0.0001510314 0.005939363 0.006280912 -0.002989894 0.00536062 0.006221053 0.0001538364 0.006047309 0.006175095 -0.002983092 0.005622749 0.006004069 0.0001703557 0.006681197 0.005355874 0.0001743527 0.00683343 0.005034666 -0.001396249 0.006539793 0.005126257 0.0001747656 0.006849157 0.005001499 -0.001392915 0.00666623 0.004801489 0.0001770295 0.006934148 0.004686656 0.0001785373 0.006990754 0.004476952 -0.001390602 0.006752874 0.004456829 0.0001393105 0.005487028 0.006585085 0.0001400303 0.005514861 0.006572236 0.0001468521 0.005778097 0.006391584 -0.002971546 0.006066442 0.005500378 -0.004542602 0.005754923 0.005570664 -0.006113659 0.005443404 0.005640959 -0.002976956 0.005858785 0.005763357 -0.006133792 0.00466733 0.006260262 -0.006141621 0.004364857 0.006424967 -0.006149921 0.004043831 0.006566174 -0.006158645 0.003706146 0.006682165 -0.006167749 0.003353419 0.006770643 -0.006177205 0.002986739 0.006828141 -0.007933408 -0.004526299 0.005635988 -0.006367403 -0.004407719 0.005916149 -0.007926195 -0.004245223 0.005742283 -0.00635957 -0.004102754 0.006000441 -0.007918634 -0.003950628 0.005845622 -0.006351425 -0.003785685 0.006082361 -0.007910746 -0.003643378 0.005945654 -0.006342988 -0.003457323 0.006161615 -0.007902553 -0.003324324 0.006042035 -0.007885342 -0.002654302 0.006222402 -0.007894077 -0.002994332 0.006134395 -0.009499412 -0.004644879 0.005355827 -0.00949282 -0.004387682 0.005484125 -0.009485842 -0.004115561 0.005608883 -0.009478503 -0.003829432 0.005729702 -0.009470825 -0.003530207 0.005846129 -0.009462834 -0.00321882 0.005957752 -0.007867193 -0.001948004 0.006384101 -0.01106542 -0.004763459 0.005075666 -0.01105944 -0.00453015 0.005225966 -0.01105305 -0.004280495 0.005372155 -0.01104626 -0.004015486 0.00551374 -0.0110391 -0.003736089 0.005650222 -0.01103159 -0.003443308 0.005781099 -0.01102376 -0.003138117 0.005905891 -0.009454552 -0.002896214 0.006064151 -0.01101564 -0.002821529 0.006024166 -0.01257727 -0.002767818 0.006011167 -0.01256899 -0.002445402 0.006130498 -0.01413938 -0.002732633 0.006021601 -0.01256047 -0.002113463 0.006240871 -0.01098975 -0.001813409 0.006335469 -0.01095265 -0.0003700737 0.00663223 -0.01097149 -0.001102644 0.006502287 -0.009380888 -2.989626e-05 0.006682134 -0.009400186 -0.0007803087 0.006571897 -0.007828884 -0.0004579611 0.006641507 -0.01568539 -0.002069681 0.006293467 -0.02511317 -0.004002248 0.005873383 -0.00150075 0.002498514 0.006937728 -0.003072866 0.002144879 0.00690166 -0.003052245 0.002945702 0.006908605 -0.006196962 0.002219713 0.006851033 -0.006186985 0.002607151 0.006851046 -0.009331869 0.001874711 0.006795344 -0.009322179 0.00225083 0.006775711 -0.01246715 0.001514921 0.006723272 -0.01245767 0.001882758 0.006683785 -0.01402076 0.001879363 0.006608993 -0.006103637 0.005827909 0.005136647 -0.006108263 0.00565071 0.005397174 -0.007678934 0.005354352 0.005487469 -0.007684716 0.005131884 0.005711245 -0.009255773 0.004820365 0.00578153 -0.009262551 0.004558885 0.005970426 -0.009269878 0.004275973 0.00614343 -0.009277691 0.00397403 0.006299481 -0.009285932 0.003655272 0.006437356 -0.009294549 0.003321737 0.006555638 -0.00930349 0.00297543 0.006652898 -0.00931271 0.002618094 0.006727219 -0.01247675 0.001142258 0.006739643 -0.00934168 0.001493733 0.006793462 -0.006217098 0.001437589 0.006829535 -0.003093824 0.001330809 0.006881778 -0.003114977 0.0005090687 0.006850337 -0.00313614 -0.0003131155 0.006808419 -0.003157116 -0.001128191 0.006757045 -0.003177713 -0.001928576 0.006697174 0.0001789217 0.006922704 -0.004459152 0.0001786496 0.006910998 -0.004581788 -0.002946359 0.00695961 -0.003644049 -0.002947984 0.006893118 -0.004010258 0.0001770151 0.006845288 -0.004822819 0.0001753984 0.006780292 -0.005061245 -0.002950543 0.006790513 -0.00435849 0.0001741773 0.006731903 -0.005166091 -0.002953932 0.006655844 -0.004687674 0.0001797967 0.006960345 -0.004064834 -0.002945777 0.006985771 -0.003260866 0.0001797967 0.006963986 -0.003672781 -0.001413881 0.005750404 -0.00614583 0.0001423362 0.005481884 -0.006622737 -0.001421081 0.00546899 -0.006340105 0.0001390626 0.005354198 -0.006683304 0.0001308302 0.005033096 -0.006835589 0.0001538207 0.005930894 -0.006296512 0.0001533306 0.005911677 -0.006316134 0.0001466768 0.005651569 -0.006501687 -0.002958083 0.006491765 -0.004996274 0.0001626982 0.006278934 -0.005941218 -0.002962945 0.006300291 -0.005282558 0.00016 0.006173151 -0.006049201 -0.002968468 0.006083378 -0.005544775 -0.001428864 0.005165254 -0.006501992 0.0001299802 0.004999939 -0.006851322 0.0001218956 0.004685201 -0.006936343 -0.001437194 0.004840593 -0.006628473 -0.002974609 0.005842745 -0.005780891 0.0001704203 0.006583009 -0.005488732 0.0001700962 0.006570164 -0.005516574 0.0001655086 0.00638957 -0.005779898 -0.001389426 0.006795155 0.004093301 -0.002956435 0.00663501 0.003536804 -0.004524551 0.006438948 0.003741653 -0.004526189 0.00637848 0.0040813 -0.004527871 0.006316213 0.004410262 -0.006099881 0.00597121 0.004860235 -0.007673878 0.005548465 0.005248367 -0.009249605 0.005057984 0.005577775 -0.01082683 0.004508846 0.005851816 -0.01240535 0.00390894 0.006073965 -0.01241327 0.003602591 0.006213106 -0.01242159 0.00328073 0.00633869 -0.01243024 0.002945698 0.006449735 -0.01243918 0.002599643 0.006545093 -0.01244834 0.002244725 0.006623621 0.0001788985 0.007003337 0.004321548 0.0001797967 0.007034626 0.003934821 -0.001388319 0.006831063 0.003331955 -0.002954352 0.006708919 0.002787416 -0.004521427 0.006553664 0.003033228 -0.006088502 0.00639842 0.00327904 -0.006090548 0.006322121 0.003618033 -0.006092666 0.006242895 0.003946503 -0.006094851 0.006161004 0.004263677 -0.006097094 0.006076742 0.004568742 -0.007669641 0.005710652 0.0049947 -0.009244119 0.005269021 0.005360086 -0.01082028 0.004761626 0.005668081 -0.01239789 0.004197326 0.005922111 0.0001797967 0.00701151 0.001445358 0.0001797967 0.007003493 0.0005819604 -0.001385451 0.006919814 0.0008951849 -0.001384692 0.006941466 5.304056e-05 -0.002949181 0.006887498 0.0003930613 -0.002947906 0.006929397 -0.0004293952 -0.00451367 0.00683354 0.000733081 -0.004511757 0.006900408 -6.708235e-05 -0.006078159 0.006779581 0.001073106 -0.006075608 0.00687142 0.0002952304 -0.007642648 0.006725613 0.001413121 -0.002996367 0.004992874 -0.006309073 -0.002988593 0.005296128 -0.006165672 -0.004548321 0.005427003 -0.005829343 -0.004541576 0.005690712 -0.005637133 -0.006101823 0.005801582 -0.005285648 -0.006096063 0.006027447 -0.005051005 -0.002981329 0.005579851 -0.005988619 -0.004535336 0.005935096 -0.005415943 -0.0060908 0.006234228 -0.004791444 -0.006086066 0.006420685 -0.004509313 -0.006081898 0.006585337 -0.004206738 -0.00607834 0.006726499 -0.003885605 -0.006075435 0.006842453 -0.003547807 -0.006073242 0.006930905 -0.003194963 -0.006071849 0.006988386 -0.002828161 -0.0001135445 -0.004457577 -0.006924951 -0.0001167043 -0.004580173 -0.006913242 -0.003216517 -0.003561552 -0.006882139 -0.00322596 -0.003927638 -0.006815627 -0.0001229248 -0.004821123 -0.006847512 -0.000129078 -0.00505947 -0.006782497 -0.003234949 -0.004275754 -0.00671299 -0.0001317886 -0.00516428 -0.006734091 -0.003243455 -0.004604828 -0.006578279 -0.0001033847 -0.00406339 -0.006962603 -0.003206647 -0.003178495 -0.006908307 -9.329138e-05 -0.003671467 -0.006966242 -0.001719226 -0.006103092 -0.00571241 -0.0001695853 -0.006620436 -0.005483667 -0.001724295 -0.006297301 -0.005430905 -0.000171175 -0.006680982 -0.005355939 -0.000175172 -0.006833215 -0.005034732 -0.0001610801 -0.006294322 -0.005932824 -0.0001615898 -0.006313938 -0.005913601 -0.0001664286 -0.006499428 -0.005653408 -0.003251439 -0.004913325 -0.006414148 -0.0001518507 -0.005939148 -0.006280977 -0.003258854 -0.005199513 -0.006222612 -0.0001546558 -0.006047094 -0.00617516 -0.003265656 -0.005461642 -0.006005629 -0.001728535 -0.006459132 -0.005127069 -0.0001755849 -0.006848942 -0.005001564 -0.0001778488 -0.006933933 -0.004686722 -0.001731868 -0.00658557 -0.004802301 -0.003271792 -0.005697679 -0.005764917 -0.0001401298 -0.005486814 -0.00658515 -0.0001408496 -0.005514646 -0.006572301 -0.0001476715 -0.005777883 -0.006391649 -0.003051014 0.002867784 -0.006631325 -0.00303174 0.003616924 -0.006557388 -0.004588496 0.003862304 -0.006321396 -0.003013354 0.004331665 -0.006478031 -0.006145252 0.004107683 -0.006085414 -0.006137106 0.004424752 -0.006003495 -0.004579767 0.004201837 -0.006260906 -0.004606705 0.003154112 -0.006436155 -0.006162397 0.00344044 -0.006240995 -0.006153688 0.003779321 -0.006164669 3.847449e-05 0.001444976 -0.007013751 1.624642e-05 0.0005818645 -0.007005736 -0.001537693 0.0009355822 -0.006882165 -0.001559366 9.371678e-05 -0.006903829 -0.003112608 0.0004742217 -0.006809978 -0.003133771 -0.0003479625 -0.006851896 -0.00466585 0.0008547255 -0.006716137 -0.004686433 5.482695e-05 -0.006783033 -0.006219092 0.001235234 -0.006622296 -0.006239095 0.0004576163 -0.00671417 -0.007772334 0.001615734 -0.006528445 -0.003285592 -0.00622568 -0.004914768 -0.003281828 -0.006082329 -0.005218122 -0.004835121 -0.005705515 -0.005309174 -0.00483011 -0.005513371 -0.00557297 -0.006383017 -0.005121406 -0.005644012 -0.006376923 -0.004886842 -0.00586995 -0.003277202 -0.005905336 -0.005501937 -0.004824357 -0.005292255 -0.005817434 -0.006370192 -0.004627368 -0.006076798 -0.006362884 -0.004345332 -0.006263315 -0.006355056 -0.004042859 -0.006428021 -0.006346755 -0.003721833 -0.006569227 -0.006338032 -0.003384148 -0.006685218 -0.006328928 -0.003031421 -0.006773697 -0.006319471 -0.002664741 -0.006831194 0.0001797967 0.007027126 0.003127096 -0.001387278 0.006864163 0.002541604 -0.002952431 0.0067763 0.002009056 -0.004518545 0.006658689 0.002290911 -0.006084659 0.006541089 0.002572755 -0.007650773 0.006423479 0.002854609 -0.00765312 0.006335504 0.00319475 -0.007655576 0.006243176 0.003524852 -0.007658134 0.006146828 0.00384401 -0.007660782 0.006046832 0.004151362 -0.007663513 0.005943529 0.004446054 -0.007666316 0.005837271 0.004727223 -0.009239401 0.005450094 0.005129165 -0.01081436 0.004989577 0.005471806 -0.01239095 0.004465268 0.005758376 0.0001797967 0.007019407 0.002295802 -0.001386317 0.0068939 0.001727212 -0.002950699 0.006836146 0.001208406 -0.004515946 0.006752467 0.001521637 -0.006081194 0.006668799 0.001834857 -0.007646442 0.00658512 0.002148078 -0.006073597 0.006942226 -0.0004911059 -0.009200293 0.006923639 0.0002691984 -0.007639459 0.006842431 0.0006575422 -0.009211689 0.006501451 0.002461308 -0.009214212 0.006406647 0.002803503 -0.009216887 0.006305879 0.003136463 -0.009219703 0.006199517 0.003459174 -0.009222651 0.006087932 0.003770664 -0.009225719 0.005971546 0.004069988 -0.009228898 0.005850769 0.004356211 -0.009232175 0.005726053 0.004628421 -0.009235539 0.0055978 0.004885703 -0.01080916 0.005189546 0.00526363 -0.0123846 0.004710134 0.005583525 -0.001384054 0.006958385 -0.0007917069 -0.001383198 0.006976151 -0.002459362 -0.002946193 0.006980693 -0.002065747 -0.002945823 0.006987631 -0.002866836 -0.006071443 0.007011276 -0.002060881 -0.00607135 0.007011286 -0.002448448 -0.009196923 0.0070368 -0.001636039 -0.009197339 0.007017171 -0.002012283 -0.01232283 0.007045947 -0.001196405 -0.01232376 0.007006471 -0.001564365 -0.01388767 0.0069723 -0.001521106 -0.003004629 0.004671066 -0.006414649 -0.004563212 0.004846085 -0.006114142 -0.00455554 0.005145155 -0.005989673 -0.006114713 0.005297435 -0.005670283 -0.006108049 0.005557877 -0.005493024 -0.007667778 0.005688741 -0.005156704 -0.00766207 0.005912443 -0.004934162 -0.009222318 0.006023304 -0.004582676 -0.009217517 0.006212139 -0.004321108 -0.009213131 0.006385087 -0.004038102 -0.009209186 0.006541088 -0.003736057 -0.009205713 0.00667892 -0.003417193 -0.009202748 0.006797165 -0.003083547 -0.009200327 0.006894394 -0.002737125 -0.009198499 0.006968693 -0.002379669 -0.02177382 0.004282297 0.005995025 -0.02019882 0.004744498 0.005651819 -0.0186251 0.005156457 0.005245536 -0.01705262 0.005519543 0.004781275 -0.01548134 0.005835458 0.004263859 -0.01391523 0.005953058 0.003982005 -0.01391122 0.006106214 0.003697851 -0.01234555 0.006206359 0.003399728 -0.01077988 0.006306503 0.003101616 -0.01078973 0.005932688 0.004016476 -0.01079331 0.005796253 0.004295965 -0.01079701 0.005654716 0.00456106 -0.01080084 0.005508578 0.004810798 -0.01080476 0.005358329 0.005044183 -0.01237892 0.004928988 0.005398095 -0.01395484 0.00443069 0.005695235 -0.01396162 0.00416891 0.005848682 -0.01396894 0.003885807 0.005992397 -0.01397675 0.003583962 0.006125725 -0.01398497 0.003265899 0.006247944 -0.01399354 0.00293409 0.006358299 -0.0140024 0.002590906 0.00645592 -0.00920331 0.006813443 0.001019859 -0.009207137 0.006671655 0.001753137 -0.01077163 0.006617696 0.002093163 -0.01077694 0.006417773 0.002774528 -0.0029469 0.006960823 -0.001251407 -0.01076364 0.006914351 0.000649351 -0.01076716 0.006784454 0.001382164 -0.01233101 0.006755476 0.001744478 -0.01233611 0.006563728 0.002433178 -0.01233904 0.006453394 0.002765227 -0.01234218 0.006334104 0.003087749 -0.01390743 0.006250425 0.003400979 -0.01547268 0.006166747 0.0037142 -0.01860317 0.0059994 0.004340651 -0.004571314 0.004530691 -0.006198617 -0.006129273 0.004729717 -0.005919203 -0.006121795 0.005021113 -0.005813634 -0.007680378 0.005196132 -0.005513126 -0.007673886 0.005449716 -0.005350883 -0.009233059 0.005601997 -0.005031484 -0.009227506 0.005819615 -0.004820375 -0.01078723 0.005950489 -0.004484056 -0.01078256 0.006134164 -0.00423119 -0.01234281 0.006245035 -0.003879705 -0.01233897 0.006396841 -0.003591222 -0.01233546 0.006535937 -0.00328477 -0.01233231 0.006661481 -0.002962802 -0.01232953 0.006772492 -0.002627658 -0.01232716 0.00686782 -0.002281488 -0.01232522 0.006946325 -0.001926452 8.177061e-05 0.003126156 -0.007029361 -0.001495323 0.002581456 -0.006826485 -0.003071035 0.002089682 -0.006698733 -0.00462579 0.00241204 -0.00654122 -0.006180544 0.002734388 -0.006383716 -0.007735299 0.003056746 -0.006226202 -0.007726564 0.003396775 -0.006138196 -0.007718088 0.003726768 -0.006045836 -0.007709895 0.004045821 -0.005949454 -0.007702007 0.004353072 -0.005849422 -0.007694446 0.004647667 -0.005746083 -0.007687233 0.004928743 -0.005639789 -0.009238961 0.005371151 -0.005212618 -0.01079223 0.005754277 -0.004712084 -0.01234696 0.006081353 -0.004147736 6.036905e-05 0.002295138 -0.007021645 -0.00151628 0.001767334 -0.006856237 -0.003091631 0.001289297 -0.006758604 -0.00464557 0.00164302 -0.006635033 -0.006199509 0.001996734 -0.006511472 -0.007753448 0.002350448 -0.006387901 -0.00625932 -0.0003284599 -0.006785004 -0.009363717 0.0005127857 -0.006686681 -0.007791757 0.0008604047 -0.006645307 -0.009307387 0.002704171 -0.00626434 -0.009298601 0.003046254 -0.006169502 -0.009290054 0.003379104 -0.006068699 -0.009281772 0.003701709 -0.005962299 -0.00927378 0.004013096 -0.005850676 -0.009266102 0.004312321 -0.005734249 -0.009258763 0.004598451 -0.005613431 -0.009251785 0.004870571 -0.005488672 -0.009245193 0.005127769 -0.005360374 -0.01079754 0.005546169 -0.00491212 -0.01235141 0.005906558 -0.004392684 -0.009383275 -0.0002474192 -0.006761956 -0.009402926 -0.001010844 -0.006798009 -0.009412736 -0.001391822 -0.006799892 -0.001581108 -0.0007507509 -0.006920759 -0.001624034 -0.002417853 -0.006938541 -0.003196503 -0.002784596 -0.006910164 -0.006309691 -0.002285153 -0.006854099 -0.009422426 -0.001767941 -0.006780259 -0.001738466 -0.00681324 -0.001728025 -0.001737506 -0.006783502 -0.002542416 -0.001736464 -0.006750403 -0.003332767 -0.001735358 -0.006714495 -0.004094114 -0.003288387 -0.00633122 -0.004592854 -0.004842591 -0.005990216 -0.004728066 -0.004839316 -0.00586579 -0.005027234 -0.006393039 -0.005505911 -0.0051397 -0.006388414 -0.005328712 -0.005400227 -0.007941707 -0.004951908 -0.00549127 -0.007935925 -0.004729441 -0.005715045 -0.009488832 -0.004337476 -0.005786077 -0.009482054 -0.004075995 -0.005974973 -0.000180616 -0.007011296 -0.001445424 -0.000180616 -0.007019192 -0.002295867 -0.000180616 -0.007026911 -0.003127161 -0.009474727 -0.003793084 -0.006147978 -0.009466914 -0.00349114 -0.006304028 -0.009458673 -0.003172383 -0.006441904 -0.009450056 -0.002838848 -0.006560186 -0.009441115 -0.002492541 -0.006657445 -0.009431895 -0.002135204 -0.006731766 -0.009344419 0.001263198 -0.006576444 -0.009325577 0.001996234 -0.006434604 -0.01087882 0.002376744 -0.006340763 -0.01086133 0.003057885 -0.006140769 -0.003154924 -0.001169703 -0.006883338 -0.01091592 0.0009334089 -0.006637525 -0.01089708 0.00166598 -0.006507581 -0.01244974 0.002068771 -0.006438728 -0.01243206 0.002757244 -0.006246912 -0.01085293 0.003384865 -0.00602946 -0.01084481 0.003701452 -0.005911185 -0.01083698 0.004006643 -0.005786393 -0.01082947 0.004299424 -0.005655516 -0.01082231 0.004578821 -0.005519034 -0.01081552 0.00484383 -0.005377449 -0.01080912 0.005093486 -0.005231261 -0.01080315 0.005326794 -0.00508096 -0.01235613 0.005721188 -0.004611612 -0.01391058 0.006058829 -0.004073284 -0.01390669 0.006212227 -0.003811417 -0.01390306 0.006355896 -0.003528219 -0.0138997 0.006489182 -0.003226273 -0.01389663 0.006611362 -0.002908104 -0.01389387 0.006721683 -0.002576184 -0.01389144 0.006819273 -0.002232885 -0.004844841 -0.006074661 -0.004412568 -0.006399583 -0.005754744 -0.004571796 -0.006396796 -0.005649212 -0.004863288 -0.007951 -0.005308208 -0.0049985 -0.007946763 -0.005146021 -0.005252167 -0.009500486 -0.004786132 -0.005364633 -0.009495 -0.004575094 -0.005582322 -0.01104829 -0.004198291 -0.005673375 -0.01104174 -0.00394551 -0.00585711 -0.01259465 -0.003553545 -0.005928152 -0.01258718 -0.003265159 -0.006080007 -0.009515707 -0.00536788 -0.004360759 -0.007957128 -0.005541085 -0.004449854 -0.009512431 -0.005243164 -0.004632968 -0.007954325 -0.005434827 -0.004731023 -0.009509066 -0.005114911 -0.00489025 -0.009505204 -0.004967205 -0.005133712 -0.01105941 -0.004626211 -0.005268924 -0.01105421 -0.004426242 -0.0054771 -0.01260793 -0.004066353 -0.005589566 -0.01260159 -0.003821487 -0.005764417 -6.124322e-06 -0.0002867871 -0.006997671 0.0001797967 0.006971598 -0.002852986 0.0001797967 0.006987374 -0.00115402 0.0001797967 0.006995425 -0.0002869791 -0.01257926 -0.00295881 -0.006219147 -0.01257094 -0.002636949 -0.006344731 -0.01256229 -0.002301917 -0.006455777 -0.01255336 -0.001955862 -0.006551134 -0.0125442 -0.001600944 -0.006629663 -0.024937 0.002844545 0.006473836 -0.02494653 0.002474593 0.006477271 -0.02503772 -0.001187246 -0.006489288 -0.02501791 -0.0004178142 -0.006496432 -0.0249974 0.0003783056 -0.006503825 -0.02497676 0.001179964 -0.006511268 7.136653e-05 0.002852159 0.006973786 2.762684e-05 0.001153755 0.006989557 -7.218586e-05 -0.002851944 -0.006973852 -2.844618e-05 -0.00115354 -0.006989622 -0.02505648 -0.001915743 -0.006482523 -0.02506545 -0.002263931 -0.00646401 -0.02504705 -0.001428734 0.006513515 -0.02509098 -0.003136781 0.006298245 -0.02509068 -0.003124872 0.006301775 -0.02515794 -0.005824306 -0.003126657 -0.02491879 0.003551278 0.006451993 -0.0249372 0.002716082 -0.006525532 -0.02492776 0.00320309 0.006470506 -0.024937 0.002844545 0.006473836 -0.02482809 0.007045609 0.003439428 -0.02482631 0.007111653 0.00311464 -0.02491971 0.003395111 -0.006519647 -0.02492776 0.003082384 -0.006528933 -0.02482634 0.007051603 -0.003253457 -0.02482519 0.007099395 -0.002916906 -0.02514599 -0.005372485 -0.004428239 -0.02514669 -0.005399035 -0.00437517 -0.02515011 -0.005529426 -0.004114508 -0.02515044 -0.005542163 -0.004082268 -0.02515351 -0.005658514 -0.003787755 -0.0251536 -0.005662042 -0.003775842 -0.0251455 -0.00526998 0.004560067 -0.02514226 -0.005142185 0.004755189 -0.02484307 0.006475734 0.004715264 -0.02484188 0.006521145 0.004641489 -0.02483826 0.006659833 0.004416222 -0.0249019 0.004087929 -0.006410045 -0.02491024 0.003763249 -0.006476113 -0.02500749 0.0001073832 0.006499251 -0.02498684 0.0009090419 0.006491808 -0.02497676 0.001179964 -0.006511268 -0.02496634 0.001705162 0.006484415 -0.02494653 0.002474593 0.006477271 -0.0249974 0.0003783056 -0.006503825 -0.02501791 -0.0004178142 -0.006496432 -0.02503772 -0.001187246 -0.006489288 -0.02506552 -0.002266299 -0.006463888 -0.02507419 -0.002602738 -0.006416082 -0.02507447 -0.00261367 -0.00641453 -0.02508235 -0.002800581 0.006398028 -0.02515616 -0.005758262 -0.003451445 -0.025074 -0.002475901 0.006464096 -0.0250735 -0.00245631 0.006468084 -0.02506526 -0.002136055 0.006504422 -0.02506453 -0.002107763 0.00650763 -0.02505648 -0.001795037 0.006516916 -0.02491873 0.003553646 0.006451871 -0.02491006 0.003890085 0.006404065 -0.02490978 0.003901018 0.006402513 -0.02483756 0.006686382 0.004363153 -0.02483414 0.006816774 0.004102491 -0.02483381 0.006829511 0.004070251 -0.02483074 0.006945862 0.003775738 -0.02483065 0.00694939 0.003763825 -0.02491075 0.003743657 -0.006480101 -0.02491899 0.003423402 -0.006516439 -0.02510026 -0.003611864 -0.006087438 -0.02510619 -0.003841126 -0.005964464 -0.02510825 -0.003920925 -0.005921651 -0.0248262 0.00711564 0.003095042 -0.02482519 0.007151964 0.002774681 -0.0248251 0.00715517 0.00274638 -0.02482479 0.007164452 0.002433551 -0.02482479 0.00716105 0.002067127 -0.02482479 0.007146781 0.0005304998 -0.02487108 0.005289595 -0.0058854 -0.02487685 0.005064401 -0.006024135 -0.02508266 -0.002931022 -0.00634065 -0.0250833 -0.002955692 -0.006334911 -0.02509084 -0.003247609 -0.006239206 -0.02509191 -0.003288951 -0.006225652 -0.02509869 -0.003551342 -0.006113341 -0.02515317 -0.005573884 0.003927882 -0.02515035 -0.005461609 0.00419036 -0.02515946 -0.005837446 0.001825478 -0.02490159 0.00421837 0.006328633 -0.02490095 0.004243039 0.006322894 -0.02489341 0.004534956 0.006227189 -0.02482479 0.007139335 -0.0002714246 -0.02482479 0.00713194 -0.001067808 -0.02482479 0.007124793 -0.001837495 -0.02482479 0.007118027 -0.002566234 -0.02482518 0.007099517 -0.002914537 -0.02487821 0.00501135 -0.006050693 -0.02488488 0.004750774 -0.006181129 -0.02488571 0.004718545 -0.006193871 -0.02489327 0.004424129 -0.006310262 -0.02489357 0.004412219 -0.006313792 -0.02511331 -0.004115982 -0.005793814 -0.02511587 -0.004214722 -0.005729105 -0.02512002 -0.004375051 -0.005602631 -0.02515946 -0.005873702 -0.002079144 -0.02515946 -0.005859434 -0.0005425168 -0.02514658 -0.005312779 0.004480241 -0.02515946 -0.005851988 0.0002594076 -0.02514061 -0.005077496 0.004853962 -0.0251374 -0.004951063 0.005014345 -0.02513509 -0.00486031 0.005129478 -0.02489234 0.004576298 0.006213635 -0.02488556 0.00483869 0.006101324 -0.02488399 0.004899212 0.006075421 -0.02487806 0.005128473 0.005952447 -0.02487599 0.005208273 0.005909634 -0.02487094 0.005403329 0.005781797 -0.02482637 0.007050052 -0.003264393 -0.0248282 0.006976194 -0.003581851 -0.02482834 0.006970457 -0.003606528 -0.02483073 0.006874782 -0.003898543 -0.02483107 0.006861232 -0.003939899 -0.0248339 0.006748956 -0.004202377 -0.02483455 0.006723062 -0.00426292 -0.02483767 0.006600127 -0.004492258 -0.02483875 0.006557328 -0.004572084 -0.02512301 -0.004490145 -0.005511848 -0.02512631 -0.004617334 -0.005391962 -0.02512965 -0.004745684 -0.005270975 -0.02514969 -0.005435714 0.004250903 -0.02515946 -0.005844593 0.001055791 -0.02515791 -0.005764255 0.00324144 -0.02515788 -0.005762704 0.003252376 -0.02515605 -0.005688847 0.003569834 -0.02513203 -0.004740463 0.00525671 -0.02512895 -0.004619515 0.005385103 -0.02512619 -0.004511462 0.005481364 -0.02512225 -0.004357482 0.00561852 -0.02511989 -0.00426507 0.005687275 -0.02511506 -0.004075998 0.005827955 -0.02511317 -0.004002248 0.005873383 -0.0251074 -0.003777054 0.006012118 -0.02510604 -0.003724003 0.006038676 -0.02509936 -0.003463426 0.006169112 -0.02509854 -0.003431197 0.006181854 -0.02486838 0.005502069 0.005717088 -0.02486422 0.005662399 0.005590614 -0.02486124 0.005777492 0.005499831 -0.02485793 0.005904682 0.005379945 -0.0248546 0.006033031 0.005258958 -0.0248521 0.006129259 0.00515087 -0.02484853 0.006266369 0.00499684 -0.02484674 0.006335101 0.004904398 -0.02484199 0.006429532 -0.004767206 -0.02484364 0.006364844 -0.004865979 -0.02484685 0.00623841 -0.005026362 -0.02484916 0.006147657 -0.005141495 -0.02485222 0.00602781 -0.005268727 -0.02486919 0.005363346 -0.005839973 -0.0248553 0.005906862 -0.00539712 -0.02485806 0.005798809 -0.005493381 -0.02513215 -0.004841912 -0.005162887 -0.02513572 -0.004979022 -0.005008857 -0.02513751 -0.005047753 -0.004916415 -0.02514118 -0.005188386 -0.004727281 -0.02514236 -0.005233798 -0.004653506 -0.02515804 -0.005828293 -0.00310706 -0.02515906 -0.005864617 -0.002786698 -0.02515591 -0.005683109 0.003594511 -0.02515351 -0.005587435 0.003886526 -0.02486436 0.005552418 -0.005699292 -0.02486199 0.00564483 -0.005630537 -0.02515914 -0.005867823 -0.002758397 -0.02515946 -0.005877105 -0.002445568 -0.02515946 -0.005830679 0.002554217 -0.02515907 -0.005812169 0.00290252 -0.02515906 -0.005812048 0.002904889 -0.0001307995 -0.004999725 0.006851256 -0.0001316496 -0.005032881 0.006835524 0.0001538207 0.005930894 -0.006296512 0.0001602608 0.006294537 0.005932759 0.00016 0.006173151 -0.006049201 -0.0001797178 -0.007003122 -0.004321614 -0.0001793566 -0.006990539 -0.004477017 -0.0001778488 -0.006933933 -0.004686722 0.0001788985 0.007003337 0.004321548 0.0001785373 0.006990754 0.004476952 0.0001770295 0.006934148 0.004686656 -0.000179741 -0.006922489 0.004459086 -0.000166328 -0.006389356 0.005779833 -0.0001794689 -0.006910783 0.004581723 -0.0001778344 -0.006845074 0.004822753 -0.0001755849 -0.006848942 -0.005001564 -0.000175172 -0.006833215 -0.005034732 -0.000171175 -0.006680982 -0.005355939 -0.0001615898 -0.006313938 -0.005913601 -0.0001610801 -0.006294322 -0.005932824 -0.0001546558 -0.006047094 -0.00617516 0.0001165108 0.004475565 -0.006992969 0.0001218956 0.004685201 -0.006936343 0.0001299802 0.004999939 -0.006851322 0.0001308302 0.005033096 -0.006835589 0.0001390626 0.005354198 -0.006683304 0.0001423362 0.005481884 -0.006622737 0.0001466768 0.005651569 -0.006501687 0.0001538364 0.006047309 0.006175095 0.0001510314 0.005939363 0.006280912 0.0001468521 0.005778097 0.006391584 -0.0001398819 -0.005353983 0.006683238 -0.0001431555 -0.005481669 0.006622671 -0.0001474962 -0.005651354 0.006501622 0.0001533306 0.005911677 -0.006316134 -0.0001635175 -0.006278719 0.005941153 -0.0001608193 -0.006172937 0.006049135 -0.000180616 -0.006960131 0.004064769 -0.000180616 -0.006963771 0.003672716 -0.000180616 -0.006971383 0.002852921 -0.0001695853 -0.006620436 -0.005483667 -0.0001664286 -0.006499428 -0.005653408 -0.0001518507 -0.005939148 -0.006280977 -0.0001476715 -0.005777883 -0.006391649 -0.0001408496 -0.005514646 -0.006572301 -0.0001541499 -0.005911463 0.006316069 -0.0001546401 -0.00593068 0.006296446 -0.0001709155 -0.006569949 0.005516509 -0.0001712396 -0.006582794 0.005488667 -0.0001749967 -0.006731688 0.005166025 -0.0001762177 -0.006780078 0.00506118 -0.0001401298 -0.005486814 -0.00658515 -0.0001317886 -0.00516428 -0.006734091 -0.000129078 -0.00505947 -0.006782497 0.0001700962 0.006570164 -0.005516574 0.0001704203 0.006583009 -0.005488732 0.0001655086 0.00638957 -0.005779898 0.0001741773 0.006731903 -0.005166091 0.0001770151 0.006845288 -0.004822819 0.0001753984 0.006780292 -0.005061245 0.0001786496 0.006910998 -0.004581788 0.0001789217 0.006922704 -0.004459152 0.0001797967 0.006960345 -0.004064834 0.0001747656 0.006849157 0.005001499 0.0001743527 0.00683343 0.005034666 0.0001703557 0.006681197 0.005355874 0.000168766 0.006620651 0.005483601 0.0001656093 0.006499642 0.005653342 0.0001626982 0.006278934 -0.005941218 0.0001607705 0.006314152 0.005913536 0.0001400303 0.005514861 0.006572236 0.0001393105 0.005487028 0.006585085 0.0001309693 0.005164495 0.006734026 -0.0001229248 -0.004821123 -0.006847512 -0.0001167043 -0.004580173 -0.006913242 -0.0001135445 -0.004457577 -0.006924951 -0.0001033847 -0.00406339 -0.006962603 -9.329138e-05 -0.003671467 -0.006966242 -7.218586e-05 -0.002851944 -0.006973852 -2.844618e-05 -0.00115354 -0.006989622 -6.124322e-06 -0.0002867871 -0.006997671 1.624642e-05 0.0005818645 -0.007005736 0.0001797967 0.006963986 -0.003672781 0.0001797967 0.006971598 -0.002852986 0.0001797967 0.006987374 -0.00115402 0.0001282587 0.005059685 0.006782431 0.0001221054 0.004821337 0.006847447 0.000115885 0.004580387 0.006913177 0.0001127252 0.004457791 0.006924886 0.0001025654 0.004063605 0.006962538 9.247204e-05 0.003671682 0.006966177 7.136653e-05 0.002852159 0.006973786 2.762684e-05 0.001153755 0.006989557 5.304983e-06 0.0002870017 0.006997605 -0.000180616 -0.006987159 0.001153954 -0.000180616 -0.00699521 0.0002869137 -0.000180616 -0.007003278 -0.0005820259 3.847449e-05 0.001444976 -0.007013751 6.036905e-05 0.002295138 -0.007021645 8.177061e-05 0.003126156 -0.007029361 0.0001797967 0.006995425 -0.0002869791 0.0001797967 0.007003493 0.0005819604 0.0001797967 0.00701151 0.001445358 -1.706576e-05 -0.0005816499 0.007005671 -3.929383e-05 -0.001444762 0.007013685 -6.118838e-05 -0.002294923 0.007021579 0.0001025654 0.003933614 -0.007036859 0.0001125133 0.004320213 -0.007005557 -0.000180616 -0.007034411 -0.003934886 -0.000180616 -0.007011296 -0.001445424 -0.000180616 -0.007019192 -0.002295867 -0.000180616 -0.007026911 -0.003127161 0.0001797967 0.007034626 0.003934821 0.0001797967 0.007027126 0.003127096 0.0001797967 0.007019407 0.002295802 -8.258995e-05 -0.003125942 0.007029296 -0.0001033847 -0.003933399 0.007036794 -0.0001133326 -0.004319998 0.007005492 -0.0001173301 -0.00447535 0.006992904 -0.000122715 -0.004684986 0.006936278</float_array>
          <technique_common>
            <accessor count="1771" source="#verts-array-array" stride="3">
              <param type="float" name="X"/>
              <param type="float" name="Y"/>
              <param type="float" name="Z"/>
            </accessor>
          </technique_common>
        </source>
        <source id="normals-array">
          <float_array count="5313" id="normals-array-array">-0.01375331 0.91952 0.3928025 -0.004696558 0.9314422 0.363859 0.009008894 0.9035241 0.4284426 0.01303036 0.9995931 0.02537577 0.01875696 0.9971303 0.07334407 0.01266282 0.9989869 0.0431845 -0.01526355 0.01348902 -0.9997925 -0.01169283 0.04350304 -0.9989849 -0.01925003 0.01573347 -0.9996909 -0.1984864 -0.9641984 -0.1758539 -0.2008929 -0.9763827 -0.07949163 -0.1901078 -0.9808269 -0.0428683 -0.198162 -0.9658846 -0.1667296 -0.1425975 0.0474771 -0.9886414 -0.1618604 0.09105626 -0.9826037 -0.1634133 0.04705119 -0.9854351 -0.1688266 0.1802182 -0.9690299 -0.1733727 0.08394052 -0.9812726 -0.1686914 0.1710875 -0.9707071 -0.02747094 -0.1702013 0.9850263 -0.01903822 -0.2120109 0.9770818 -0.03534445 -0.2434771 0.9692624 -0.01776348 -0.3001789 0.9537175 -0.04259112 -0.2783651 0.9595305 -0.1285826 0.9392386 0.3182725 -0.1383139 0.9596627 0.2447789 -0.1310264 0.9796377 0.1521249 -0.1275586 0.8913653 0.4349676 -0.137769 0.9206369 0.3653045 -0.1264333 0.8344396 0.5364002 -0.1369048 0.870398 0.4729318 -0.1255881 0.7044509 0.6985532 -0.1050151 0.6570295 0.7465146 -0.105344 0.5879029 0.8020429 -0.01916979 -0.9886971 -0.1486964 -0.03249677 -0.9920536 -0.1215467 -0.0325534 -0.996775 -0.07334737 -0.06087344 -0.9175983 -0.3928203 -0.05245614 -0.9299704 -0.3638727 -0.03730109 -0.9027955 -0.4284494 -0.1125195 -0.9479019 -0.2980291 -0.1250841 -0.9396411 -0.3184786 -0.1390603 -0.9606007 -0.240642 -0.1783415 -0.1712782 0.9689469 -0.1779321 -0.074894 0.9811886 -0.1660893 -0.03856611 0.9853563 -0.1777373 -0.1621665 0.9706243 -0.08231234 -0.9902944 -0.1119899 -0.09899224 -0.9927612 -0.06801273 -0.0805112 -0.9951621 -0.05630498 -0.08155038 -0.996418 -0.022376 -0.09957453 -0.9946375 -0.02794755 -0.097999 -0.9951806 0.003428579 -0.01990879 0.05238694 0.9984284 -0.005811278 0.07369034 0.9972642 -0.005955466 0.03590082 0.9993376 0.08618687 -0.8099011 0.5802 0.08160614 -0.8325895 0.547846 0.05678325 -0.7405478 0.6696004 0.07260123 -0.563302 0.8230552 0.07585101 -0.5964571 0.7990529 0.05867027 -0.5247328 0.8492428 0.08235625 -0.6970955 0.7122326 0.08432716 -0.7263254 0.6821586 0.06050961 -0.6370485 0.7684451 0.07831436 -0.6326074 0.7705029 0.0809333 -0.6641357 0.7432183 0.06033304 -0.581995 0.8109512 0.08491371 -0.7563355 0.6486496 0.08639781 -0.78324 0.6156871 0.05940232 -0.6898025 0.7215566 0.08257125 -0.9599741 0.267641 0.08343756 -0.970712 0.2252919 0.06574497 -0.9394907 0.3362066 0.08494026 -0.8985369 0.4306003 0.08567824 -0.9163758 0.3910431 0.07197998 -0.8722188 0.4837904 0.08386958 -0.9327572 0.3506136 0.08459479 -0.9470919 0.3096136 0.06882128 -0.9084408 0.4123093 0.08126972 -0.979811 0.1826624 0.08231075 -0.9867571 0.1397691 0.06311056 -0.9646951 0.255696 0.006729685 0.2602656 0.9655136 0.01976851 0.2916595 0.9563179 0.03222354 0.2111884 0.9769141 -0.007350144 0.1408694 0.9900009 -0.01951346 0.1866849 0.982226 -0.005339768 0.2253902 0.9742539 -0.01456567 -0.9997809 0.01503288 -0.02388834 -0.9996715 0.009282422 -0.03237079 -0.9988369 0.03573402 0.09236819 -0.5827453 -0.8073884 0.08920493 -0.5503001 -0.8301881 0.05890269 -0.671321 -0.7388224 0.02877458 -0.9435174 -0.3300712 0.0356826 -0.9295853 -0.366876 0.02828659 -0.9402747 -0.3392393 0.1037573 -0.09801945 -0.9897609 0.1062859 -0.05479364 -0.9928247 0.08241535 -0.1733785 -0.9814008 0.08609626 -0.04477496 -0.9952802 0.0374835 -0.9146758 -0.4024464 0.04489415 -0.8848317 -0.4637427 0.02482068 -0.9221648 -0.386 0.02288411 -0.3505858 0.936251 0.01960965 -0.3929636 0.9193449 0.01107356 -0.3350895 0.9421212 0.01807461 -0.2740329 0.9615505 0.004944077 -0.2374895 0.9713775 0.004172667 -0.1740484 0.9847282 -0.04778975 -0.998717 0.01674897 -0.06365551 -0.9950483 0.07633442 -0.05549149 -0.9968182 0.05722071 -0.004258028 -0.9423192 -0.3346886 -0.02029183 -0.9576753 -0.2871346 -0.01366457 -0.971345 -0.2372808 0.05611231 -0.07233922 -0.9958004 0.03115476 -0.06072781 -0.997668 0.02344128 -0.1115873 -0.9934781 0.1280341 0.8043846 -0.5801488 0.1246117 0.8272791 -0.5477966 0.09514268 0.7366355 -0.6695641 0.1184658 0.6919241 -0.7121846 0.1219241 0.7210142 -0.6821093 0.09358442 0.6330804 -0.7684082 0.111138 0.6277288 -0.7704576 0.1153631 0.6590809 -0.7431714 0.0905949 0.5781084 -0.8109151 0.1240384 0.7509547 -0.6485997 0.1268895 0.7777476 -0.6156361 0.09517135 0.685822 -0.7215196 0.1319979 0.9544487 -0.2675897 0.1333955 0.9651283 -0.22524 0.1141724 0.9348576 -0.3361636 0.1312796 0.892969 -0.4305486 0.1329158 0.9107467 -0.3909908 0.1170074 0.8673522 -0.4837452 0.1319334 0.9272 -0.350562 0.1333758 0.9414789 -0.3095615 0.115683 0.9036896 -0.4122652 -0.05156267 -0.3213697 -0.9455489 -0.04814659 -0.3610017 -0.9313215 -0.03083641 -0.2965593 -0.9545165 0.0328211 0.5174855 -0.8550623 0.02457061 0.5580405 -0.8294499 0.01397036 0.4935369 -0.8696126 0.0833506 0.993998 -0.07085696 0.05815563 0.996509 -0.05989791 0.05166139 0.9924834 -0.1109406 0.1218528 0.5772289 0.8074396 0.1170129 0.5449897 0.8302374 0.09302324 0.6674088 0.7388587 0.1081916 0.09256151 0.9898116 0.1084907 0.04926288 0.9928761 0.09076058 0.168919 0.9814422 0.09353817 0.0356182 0.9949784 -0.01906651 0.946343 -0.322601 -0.01498618 0.9320068 -0.3621308 0.001230315 0.9547957 -0.2972604 0.03930307 0.9233727 0.3818876 0.04408718 0.9412935 0.3346981 0.05350136 0.9182648 0.3923357 -0.008695015 0.7540811 0.6567238 -0.03621628 0.8188657 0.5728415 -0.02559744 0.8447657 0.5345239 -0.01761611 0.7132452 0.7006932 -0.0472187 0.7886496 0.6130271 -0.02516384 0.6614884 0.7495331 -0.04993838 0.7431289 0.6672823 -0.01091384 0.8658779 0.5001364 0.01043986 0.8166231 0.5770769 6.5237e-05 0.7892088 0.614125 0.01813355 0.7244435 0.6890957 0.01076504 0.6792205 0.7338553 0.03000859 0.5966818 0.8019166 0.02411914 0.533926 0.8451872 0.04361162 0.437911 0.8979599 0.04054137 0.3725504 0.927126 0.05319934 0.2794473 0.9586861 0.04116588 0.8542903 0.5181635 0.06881538 0.7693496 0.6351107 0.05719944 0.7798896 0.6232981 0.05671909 0.9486656 0.3111537 0.05349211 0.9622428 0.2668845 0.06802613 0.9400725 0.3341199 0.02671203 0.9942222 0.1039644 0.01611424 0.999143 0.03812489 0.01636311 0.9990875 0.03945187 0.003683815 0.9998528 -0.01675951 -0.004086102 0.9983524 -0.05723496 0.002002613 0.9992918 -0.03757524 0.001259736 0.982525 -0.1861264 -0.004113097 0.9893507 -0.1454933 -0.01058786 0.9740319 -0.2261632 -0.01492729 0.9836478 -0.1794832 0.02517533 0.9651854 -0.2603525 0.007917138 0.9432519 -0.3319838 -0.01029011 0.9141771 -0.4051843 0.05219972 0.9758873 -0.2119415 0.03443008 0.9565137 -0.2896482 0.01514726 0.9286485 -0.3706515 -0.002437349 0.8902204 -0.4555235 0.01423011 0.9742131 -0.2251806 -0.006645225 0.9645919 -0.2636632 -0.0236797 0.961198 -0.2748413 -0.02602719 0.9764726 -0.2140652 0.06234105 0.9576302 0.2811727 0.05084079 0.9727008 0.2264254 0.05486181 0.9724009 0.2267746 0.04478974 0.9824688 0.1809668 0.04272255 0.9868244 0.1560526 0.02251493 0.7622801 0.6468556 0.03611306 0.6519521 0.7573997 0.04838775 0.5096653 0.859011 0.06136984 0.3431283 0.9372816 0.06911355 0.189457 0.9794536 0.08289973 0.1071403 0.9907818 0.07709061 0.2527872 0.9644458 0.06537419 0.4215758 0.9044336 0.05345783 0.5740535 0.8170709 0.04213332 0.7006362 0.7122736 0.0246405 0.7986793 0.6012521 0.01619157 0.8461951 0.5326271 0.0008720027 0.8865665 0.4626003 0.09282991 0.6098078 0.7870941 0.08602834 0.669906 0.7374449 0.07206551 0.9196699 0.3860232 0.08431825 0.9115393 0.4024755 0.09015376 0.8813541 0.463775 0.0651456 0.7277648 0.6827257 0.06333488 0.6830773 0.7275948 0.07821028 0.6181218 0.782182 0.07407862 0.5587878 0.8259955 0.08846488 0.4842596 0.8704405 0.08453582 0.4126363 0.9069647 0.09838899 0.3337629 0.9375084 0.09430712 0.2533312 0.9627718 0.1139841 0.2224054 0.9682683 0.1109421 0.1798406 0.9774197 0.1110451 0.1369302 0.9843369 0.09215907 0.5503722 0.8298175 0.1067392 0.4811796 0.8700994 0.1026489 0.4097806 0.9063901 0.1169795 0.5023433 0.8567187 0.120796 0.4668289 0.8760588 0.1117243 0.5491338 0.8282329 0.1189799 0.4276534 0.8960783 0.1191445 0.3880784 0.9138926 0.1167042 0.3476988 0.9303148 0.1167292 0.3066843 0.9446264 0.1139449 0.2647698 0.957556 0.09667655 0.7661919 0.6352981 0.1205126 0.6792568 0.7239385 0.1209932 0.645724 0.7539239 0.0940742 0.8470845 0.5230659 0.1117681 0.7964178 0.5943286 0.1144097 0.7677895 0.6304044 0.1171219 0.7404252 0.6618557 0.09620089 0.8087247 0.580267 0.1185791 0.7093911 0.6947685 0.05129961 0.8997362 0.4334087 0.07554742 0.8700908 0.4870673 0.07520673 0.8405841 0.5364349 0.09498382 0.8897911 0.4463742 0.1001442 0.8671203 0.4879278 0.0665129 0.9594609 0.273881 0.07713989 0.9407899 0.3300966 0.07648127 0.9375768 0.3392644 0.0833041 0.9265212 0.3669044 0.08977852 0.9073549 0.4106664 0.1044781 0.8461671 0.5225759 0.1082989 0.8205184 0.5612672 0.04615428 0.9789497 0.1988147 0.05003175 0.9605748 0.2734829 0.05613247 0.9351082 0.3498881 0.07454152 0.8963788 0.4369766 0.09569674 0.719313 0.6880632 0.1223059 0.6127161 0.7807818 0.05424893 0.9770561 0.2059575 0.03980654 0.9900362 0.1350695 0.02130779 0.9983961 0.05245169 0.02072666 0.9983426 0.05368771 0.03583334 0.9914565 0.1254195 -0.05151435 0.6688465 -0.7416135 -0.0225378 0.750372 -0.6606314 -0.02487957 0.8013884 -0.5976267 0.00798936 0.8616814 -0.5073867 0.02263455 0.9097344 -0.4145732 0.04430867 0.9454487 -0.3227438 0.06398118 0.9699559 -0.2347168 0.08454399 0.9843437 -0.15466 -0.01863499 0.989468 -0.1435472 -0.0154975 0.9925399 -0.1209309 -0.003241851 0.9953784 -0.09597605 -0.0003580142 0.993829 -0.1109228 0.01478507 0.989951 -0.1406361 0.03532316 0.986188 -0.1618191 0.0436729 0.9801785 -0.1932429 0.06885084 0.9883461 -0.1357628 0.01203251 0.9998445 0.01289348 0.02750428 0.9966003 0.07766199 0.01016453 0.9998558 -0.01360059 0.006489783 0.9998483 -0.0161607 0.0039481 0.9998207 -0.01851912 0.03427407 0.9950136 -0.09366576 0.03708428 0.9980606 -0.04999726 0.01822436 0.9971274 -0.0735181 0.01909759 0.9991787 -0.0357372 0.004709575 0.9986432 -0.05186209 0.1028905 0.9885913 -0.1100035 0.03419211 0.9841721 0.1738855 0.03618177 0.9929743 0.1126626 0.04765281 0.9855589 0.1624897 0.05425827 0.9786269 0.1983569 0.06229801 0.9669914 0.2470761 0.06923669 0.9563334 0.2839589 0.006663253 0.821427 -0.5702747 0.02605665 0.879611 -0.4749794 0.04964151 0.9251737 -0.3762836 0.07094776 0.9571659 -0.2807131 0.0896853 0.9774534 -0.1911579 -0.03323006 0.5355681 -0.843838 -0.0199879 0.5008248 -0.8653179 -0.004099802 0.6144389 -0.7889537 0.004606442 0.5771521 -0.8166237 0.0175556 0.6888721 -0.7246703 0.01987196 0.6465576 -0.7626063 0.03914602 0.7566381 -0.652661 0.008236199 0.3628288 -0.9318194 0.01134483 0.3316335 -0.9433401 0.0256576 0.3813497 -0.9240747 0.0287556 0.3340638 -0.9421117 0.04024817 0.3914222 -0.9193306 0.003116341 0.395339 -0.91853 0.02269284 0.4180949 -0.9081199 0.03958741 0.4325263 -0.9007518 0.0659691 0.4855172 -0.8717345 -0.04218599 0.5741314 -0.8176757 -0.01085188 0.6572276 -0.753614 0.01250786 0.7337781 -0.6792741 0.03561133 0.8012619 -0.597253 0.0576802 0.857802 -0.5107336 -0.05136667 0.6145692 -0.7871888 -0.01758355 0.7013869 -0.7125639 0.007699955 0.7789754 -0.6270073 0.03244998 0.8446292 -0.5343674 0.05574858 0.8968142 -0.4388808 0.07693317 0.9355986 -0.3445818 0.06247342 0.7716949 -0.632917 0.04615916 0.665952 -0.7445652 0.06478187 0.7261568 -0.6844703 0.05347247 0.6221188 -0.7810947 0.06428631 0.6812855 -0.7291895 0.06565633 0.6336188 -0.7708544 -0.002900877 0.4286627 -0.9034599 0.01876016 0.4554338 -0.8900719 0.03784157 0.4738317 -0.879802 0.06766356 0.5348575 -0.8422287 0.04057946 0.3102041 -0.9498035 0.03585828 0.2660427 -0.9632941 0.05269479 0.3328632 -0.9415016 0.004047704 0.1038944 -0.9945801 -0.008379134 0.0383556 -0.999229 -0.008094541 0.03967563 -0.9991798 -0.05887941 -0.1636282 -0.9847634 -0.03971559 -0.07534609 -0.9963662 -0.05335452 -0.1322023 -0.9897858 -0.0222454 -0.01618695 -0.9996215 -0.03102354 -0.05644792 -0.9979234 -0.02445202 -0.03695235 -0.9990178 -0.02862653 -0.1854452 -0.9822375 -0.03311411 -0.1446818 -0.988924 -0.04128996 -0.2251664 -0.973445 -0.04465885 -0.178383 -0.9829471 -0.006213224 -0.2602789 -0.9655135 -0.02476188 -0.3314523 -0.943147 -0.04411766 -0.4041745 -0.9136173 0.0217782 -0.212579 -0.9769012 0.002495328 -0.2898108 -0.9570807 -0.01816888 -0.3703044 -0.9287328 -0.03696722 -0.4547164 -0.8898687 -0.01646753 -0.2248286 -0.9742592 -0.03808357 -0.2627624 -0.9641087 -0.05531066 -0.2734965 -0.9602814 -0.05646695 -0.2126699 -0.9754912 0.04519018 0.2800932 -0.9589086 0.03189089 0.225673 -0.973681 0.03592597 0.2259176 -0.9734837 0.02441374 0.1803935 -0.9832915 0.02158956 0.1555442 -0.987593 0.09565254 0.9622854 -0.254671 0.07808139 0.9027097 -0.4231059 0.06001567 0.815787 -0.5752301 0.04274863 0.7114031 -0.7014828 0.01988326 0.6009385 -0.799048 0.008445529 0.5325875 -0.8463328 -0.009712571 0.463009 -0.8863004 0.09767125 0.7848214 -0.6119769 0.08805202 0.7354055 -0.6718821 0.05860019 0.3846306 -0.9212086 0.07147955 0.4007537 -0.9133932 0.07967342 0.4618609 -0.8833666 0.09643179 0.9364257 -0.3373541 0.1128003 0.9601652 -0.255654 0.1118933 0.9788655 -0.1711788 0.1316784 0.9743274 -0.1826115 0.09752399 0.9047363 -0.414658 0.07960669 0.8652224 -0.4950283 0.1330551 0.9812112 -0.1397176 0.131477 0.9867287 -0.09529063 0.1329593 0.9897557 -0.05201372 0.1125855 0.9927317 -0.04252298 0.0996262 0.8275085 -0.5525436 0.09867545 0.8681698 -0.4863582 0.08272173 0.7802962 -0.6199153 0.08124387 0.8241629 -0.5604953 0.1263536 0.8537241 -0.5051633 0.1315755 0.872935 -0.4697577 0.1191688 0.8254154 -0.5518045 0.06822371 0.5836164 -0.8091585 0.08600545 0.5210072 -0.8492082 0.1068309 0.5917528 -0.7990092 0.08383309 0.4443461 -0.8919241 0.09064766 0.4857367 -0.8693922 0.04912314 0.2726968 -0.9608451 0.06167968 0.328605 -0.9424513 0.06134161 0.3377847 -0.9392224 0.06915991 0.3652309 -0.9283444 0.07725569 0.4087972 -0.9093494 0.09641309 0.5202466 -0.8485564 0.1018905 0.5588087 -0.8230135 0.0263308 0.1981975 -0.9798084 0.03261418 0.2727276 -0.9615383 0.04134525 0.3489318 -0.9362356 0.06299221 0.435487 -0.8979883 0.03465396 0.2051265 -0.9781218 0.01804842 0.1346461 -0.9907294 -0.00279775 0.05254218 -0.9986148 -0.003345021 0.05379283 -0.9985465 0.01379092 0.1251035 -0.9920478 -0.08780083 -0.7395819 -0.6673152 -0.05881793 -0.6593258 -0.7495532 -0.06082186 -0.5962477 -0.8004932 -0.02716731 -0.5068519 -0.8616049 -0.0113455 -0.4144183 -0.9100158 0.0117896 -0.3231591 -0.9462712 0.03311135 -0.2356566 -0.9712722 0.05537371 -0.1561514 -0.9861797 -0.04757881 -0.1423591 -0.9886709 -0.04393411 -0.1198298 -0.9918219 -0.03111058 -0.09519983 -0.9949719 -0.02857749 -0.1102174 -0.9934966 -0.01411757 -0.1403166 -0.990006 0.005952473 -0.1620284 -0.9867681 0.01363346 -0.1936625 -0.9809735 0.0400799 -0.1368503 -0.9897806 -0.0131316 0.01323919 -0.9998261 0.004095423 0.07758183 -0.9969776 -0.01568698 -0.01319742 -0.9997899 -0.01942562 -0.01566122 -0.9996886 -0.02202619 -0.01795285 -0.9995962 0.006449804 -0.09386497 -0.995564 0.01031505 -0.05028217 -0.9986818 -0.009119688 -0.07330584 -0.9972678 -0.007317734 -0.03555902 -0.9993408 -0.02210151 -0.05130512 -0.9984384 0.07476005 -0.1119837 -0.9908938 0.01359571 0.1735909 -0.984724 0.01376898 0.1123429 -0.9935741 0.02671606 0.1618502 -0.9864536 0.03442576 0.1975292 -0.9796923 0.04402262 0.2460155 -0.9682657 0.0521867 0.2826984 -0.9577881 -0.02910018 -0.5697109 -0.8213298 -0.008727113 -0.4749129 -0.8799895 0.01624476 -0.3768329 -0.9261388 0.03920433 -0.2818268 -0.958664 0.05973901 -0.1927751 -0.9794228 0.08256913 0.9964305 -0.01756733 0.05770877 0.998199 -0.01638512 0.0369178 0.9992053 -0.01502753 0.0275991 0.999576 -0.009281534 -0.06878666 -0.8423352 -0.5345464 -0.05522558 -0.8641747 -0.5001522 -0.04026055 -0.7881737 -0.6141346 -0.03132835 -0.8160852 -0.5770819 -0.018847 -0.7244251 -0.6890958 -0.016439 -0.7624366 -0.6468541 0.00287233 -0.652956 -0.7573904 -0.02444457 -0.9942806 -0.1039638 -0.03531304 -0.9986487 -0.03812948 -0.03506101 -0.998606 -0.03945635 -0.07566488 -0.9881535 0.13352 -0.08490241 -0.978038 0.1903503 -0.08025441 -0.9830102 0.1650765 -0.09063048 -0.9667579 0.2390928 -0.09348278 -0.9527022 0.2891704 -0.08750825 -0.9663993 0.2416913 -0.08646703 -0.9523761 0.2924093 -0.07635232 -0.9738362 0.2140407 -0.07325084 -0.9587019 0.2748181 -0.08682509 -0.7270374 0.681086 -0.06637826 -0.7990384 0.5976049 -0.07260167 -0.8389955 0.5392731 -0.06960508 -0.9871957 0.1435261 -0.0780401 -0.8159234 -0.5728688 -0.04718087 -0.7526422 -0.6567371 -0.0238568 -0.6788834 -0.7338584 -0.0003581161 -0.5974454 -0.8019095 0.02250256 -0.5114908 -0.858994 -0.08745355 -0.7851816 -0.6130593 -0.05396737 -0.7114018 -0.7007103 -0.02845586 -0.6264794 -0.7789184 -0.002989146 -0.5344701 -0.8451821 0.02144444 -0.4395863 -0.8979443 0.04407622 -0.3458437 -0.9372563 -0.002609883 -0.8552832 -0.5181542 0.02943061 -0.7718796 -0.6350872 0.01728196 -0.7818076 -0.6232803 -0.0494498 -0.99807 0.03756389 -0.06661905 -0.9904253 0.1209113 -0.04615152 -0.4991216 0.8653021 -0.03395353 -0.4618845 0.8862899 -0.01938148 -0.5323059 0.8463302 -0.01186523 -0.4935911 0.8696131 -0.004579723 -0.5585553 0.8294546 0.00573489 -0.5184783 0.8550715 -0.01145422 -0.6011555 0.79905 -0.02549494 -0.5766142 0.8166187 -0.03609551 -0.6134039 0.7889441 -0.06115404 -0.5331376 0.8438155 -0.04502401 -0.6557887 0.7536007 -0.07207039 -0.5711892 0.8176483 -0.05399993 -0.6995435 0.7125468 -0.08330559 -0.6111012 0.7871566 -0.06144398 -0.7482094 0.6606113 -0.08622485 -0.6652996 0.7415806 -0.01379602 -0.646714 0.7626078 -0.01826904 -0.6888538 0.7246701 -0.02559962 -0.7334409 0.679271 -0.0327024 -0.7783315 0.6270013 -0.03589553 -0.8206743 0.5702677 -0.009024638 -0.07313764 0.997281 -0.01081966 -0.03786121 0.9992244 -0.001780238 -0.1039527 0.9945806 -0.01060336 -0.03919414 0.9991754 0.03258966 -0.6361488 0.7708779 0.02878804 -0.6836823 0.7292118 0.02100893 -0.6240368 0.7811125 0.02699487 -0.7285202 0.6844923 0.01146676 -0.6674359 0.744579 0.02237035 -0.7738798 0.6329373 0.00574205 -0.7126518 0.7014944 0.01767408 -0.8177876 0.5752487 -0.0001606221 -0.757642 0.6526703 0.0132101 -0.8596275 0.5107505 -0.005960855 -0.8020254 0.5972601 0.009307483 -0.8984895 0.4388963 -0.01131999 -0.8451733 0.5343724 0.001778808 -0.9264978 0.3762959 -0.01947692 -0.8797805 0.474981 -0.02441602 -0.9096886 0.4145728 -0.03661295 -0.8609443 0.5073799 -0.0484699 -0.8889095 0.4555113 0.04006581 -0.4381409 0.898013 0.038286 -0.3871255 0.9212318 0.05537448 -0.4653386 0.8833989 -0.04161988 0.2759926 0.9602582 -0.03588835 0.1804572 0.9829279 -0.04591256 0.2153063 0.9754667 -0.03818244 0.1219444 0.9918022 -0.04066127 0.1446313 0.9886498 -0.02855405 0.05798211 0.9979092 0.03025611 -0.282036 0.9589266 0.0197683 -0.2270033 0.9736933 0.02378554 -0.2274552 0.973498 0.01462692 -0.1813988 0.9833008 0.01308338 -0.1564371 0.9876013 -0.03043598 0.5985977 0.8004714 -0.01020435 0.5081311 0.8612193 -0.01920475 0.458676 0.888396 -0.001741761 0.3758804 0.9266665 -0.02369366 0.4059207 0.9136011 -0.008120521 0.3322991 0.9431391 -0.02994773 0.3630127 0.9313028 -0.01598832 0.2977651 0.9545053 -0.03540587 0.3236093 0.9455281 -0.02496993 0.2643861 0.9640936 -0.03011152 0.2270051 0.973428 0.06443883 -0.2564317 -0.9644119 0.04402201 -0.4243928 -0.9044074 0.02423193 -0.5760541 -0.8170523 0.006357358 -0.7018849 -0.712262 -0.01621145 -0.7988964 -0.6012501 -0.02712752 -0.8459135 -0.5326298 -0.0445381 -0.8854421 -0.4626107 0.06169728 -0.613787 -0.7870571 0.05178785 -0.673455 -0.737412 -0.03427844 -0.9531533 -0.300539 -0.02162721 -0.9430965 -0.331815 -0.02522978 -0.9314783 -0.3629209 -0.008090896 -0.9241765 -0.3818801 -0.01157598 -0.9081256 -0.4185377 0.005130896 -0.9011893 -0.4333952 0.002877436 -0.8801739 -0.4746427 0.03210002 -0.8433474 -0.5364092 0.0322759 -0.8102706 -0.5851666 0.05741747 -0.77016 -0.6352612 0.05887694 -0.7232935 -0.6880262 -0.03008108 -0.9981702 -0.05245379 -0.0111371 -0.9907745 -0.1350626 -0.0306581 -0.9980869 -0.05369008 -0.008049619 -0.9877173 -0.1560443 -0.01518274 -0.9919882 -0.1254146 -0.005749086 -0.9834741 -0.1809575 -0.004196714 -0.9800302 -0.1988047 -0.04671987 -0.9975613 0.05185205 -0.0545138 -0.9938911 0.09596224 -0.06561991 -0.9815736 0.1794639 -0.03603741 -0.9736515 0.2251754 -0.006925407 -0.9811248 0.1932517 -0.01555837 -0.986697 0.1618238 0.01782625 -0.9905781 0.1357835 0.004023797 -0.9637239 -0.2668707 0.0008184055 -0.974031 -0.226413 0.01310524 -0.959573 -0.2811546 0.004849701 -0.9739385 -0.2267604 0.01717385 -0.9616159 -0.273861 0.003988092 -0.9785557 -0.2059436 0.02792875 -0.7301616 -0.6827035 0.02844186 -0.6854406 -0.7275728 0.04666678 -0.6213375 -0.7821521 0.04561535 -0.5618701 -0.8259669 0.06383962 -0.4881816 -0.870404 0.06361954 -0.4164515 -0.9069293 0.08152842 -0.338396 -0.9374653 0.08160372 -0.2578611 -0.9627297 0.1028489 -0.2279891 -0.9682164 0.1020061 -0.1853243 -0.9773687 0.1043208 -0.1424761 -0.9842854 0.0641068 -0.5543963 -0.8297802 0.08224811 -0.4860462 -0.8700542 0.08185533 -0.4145318 -0.906346 0.09137916 -0.5077088 -0.8566689 0.09702772 -0.4724381 -0.8760068 0.08370904 -0.5541664 -0.8281862 0.09723991 -0.4332213 -0.8960266 0.09944958 -0.3937075 -0.9138403 0.0990987 -0.353256 -0.9302632 0.1012414 -0.3122973 -0.9445743 0.1006242 -0.2702952 -0.9575047 0.05060152 -0.8508101 -0.5230313 0.0709138 -0.8011221 -0.594285 0.07504259 -0.7726681 -0.6303591 0.05472705 -0.8126113 -0.5802309 0.07917454 -0.7454801 -0.6618087 0.08224287 -0.7145625 -0.6947204 0.00796646 -0.9503313 -0.3111382 0.01971176 -0.9423319 -0.3340989 0.04315581 -0.9107781 -0.4106346 0.04927526 -0.8935059 -0.4463397 0.05561547 -0.8711313 -0.4878906 0.0610386 -0.8504293 -0.5225363 0.06619289 -0.8250118 -0.5612255 0.0006570313 -0.9618801 -0.2734707 0.008096895 -0.9367622 -0.3498728 0.0285165 -0.8990327 -0.436952 0.08573867 -0.684568 -0.7238892 0.08795888 -0.6511047 -0.7538739 0.09098147 -0.6182085 -0.7807308 -0.03943752 -0.9991388 -0.01290004 -0.02378833 -0.996696 -0.0776611 -0.04131627 -0.9990536 0.01359314 -0.04498699 -0.998857 0.0161515 -0.04752501 -0.9986986 0.0185087 0.03116676 -0.9993593 0.01759452 0.006248891 -0.999846 0.01640041 0.006761348 -0.9981807 0.05991344 -0.0143572 -0.9986459 0.05000269 -0.01702773 -0.9954577 0.09366989 -0.03315533 -0.9967429 0.07351453 -0.03625279 -0.9893981 0.1406309 -0.05156119 -0.992492 0.1109103 -0.04939973 -0.9812853 0.1861149 -0.05509733 -0.9878259 0.1454792 -0.06081363 -0.9721932 0.2261462 -0.09569069 -0.9362946 0.3379286 -0.08384079 -0.9380196 0.3362886 -0.06790203 -0.9441035 0.3225802 -0.05640828 -0.9629682 0.2636481 -0.04805504 -0.9535899 0.2972492 -0.02465887 -0.9651987 0.2603526 0.001802027 -0.9772779 0.2119544 0.03369557 -0.9873885 0.1546883 0.05182052 -0.9925753 0.1100405 -0.01642373 -0.9846297 -0.1738812 -0.014919 -0.9935219 -0.1126576 -0.00305769 -0.9867073 -0.162479 0.003912938 -0.9801249 -0.198343 0.01256416 -0.9689192 -0.2470582 0.02005981 -0.9586329 -0.2839375 -0.09627709 -0.9169301 0.3872596 -0.09335573 -0.8929737 0.4403212 -0.0816192 -0.9211693 0.3805069 -0.0784065 -0.9005996 0.4275192 -0.06310814 -0.9299958 0.3621121 -0.05752121 -0.9124309 0.4051681 -0.04079954 -0.9424051 0.331976 -0.03284587 -0.9281927 0.3706473 -0.01498407 -0.9570145 0.2896529 -0.004564895 -0.9464721 0.3227533 0.01386227 -0.9719605 0.2347354 0.02145591 -0.9595454 0.2807352 0.03916726 -0.9807715 0.1911888 0.02851289 -0.9383139 0.344607 0.0458769 -0.96593 0.2547048 0.05685594 -0.7888007 0.6120138 0.04976418 -0.7389544 0.6719151 -0.02299517 0.03817417 0.9990065 -0.02664508 0.0966871 0.9949581 -0.02609631 0.1462065 0.9889098 -0.02334171 0.1115544 0.9934842 0.04342625 -0.3404826 0.9392474 0.03456361 -0.2748518 0.9608651 0.02358307 -0.2066261 0.9781357 0.01062103 -0.1353843 0.9907362 0.06128266 -0.983325 0.1712202 0.08047196 -0.9921866 0.09534131 0.08181726 -0.9952865 0.05206507 0.06132176 -0.9972101 0.04256457 0.03204692 -0.9969696 0.07088456 0.0004585091 -0.9938255 0.1109531 0.05063136 -0.9085515 0.4146935 0.04794656 -0.9401436 0.3373886 0.03473312 -0.8681668 0.4950556 0.03131481 -0.9055267 0.423132 0.05663967 -0.8315325 0.5525809 0.05362904 -0.8720918 0.4863946 0.04215534 -0.7835119 0.6199452 0.0384501 -0.8272452 0.5605239 0.08200504 -0.8590896 0.5052131 0.0862482 -0.8785442 0.4698098 0.07626448 -0.830448 0.5518513 0.04047633 -0.4882583 0.87176 0.03964318 -0.5376207 0.8422543 0.01684309 -0.4339794 0.9007653 0.01298366 -0.4751405 0.8798142 0.0007101505 -0.4186976 0.9081255 -0.005130457 -0.4557848 0.8900752 -0.01767417 -0.3949641 0.9185265 -0.02539132 -0.4279342 0.9034532 0.03770887 -0.5863443 0.8091838 0.0503222 -0.4038903 0.9134223 0.06042599 -0.448061 0.8919586 0.065112 -0.4897477 0.8694295 0.04423479 -0.3313324 0.9424766 0.04982679 -0.3682949 0.9283728 0.05567863 -0.4122204 0.9093812 -0.005975541 -0.05231626 0.9986127 -0.006586422 -0.05353709 0.9985441 0.006859678 -0.1256353 0.9920528 0.01562676 -0.199278 0.9798184 0.02165763 -0.2675238 0.9633078 0.0350431 -0.3351226 0.9415226 -0.01427342 -0.01253348 0.9998196 -0.0003794685 -0.07767752 0.9969785 -0.01546475 0.01399961 0.9997824 -0.01907158 0.01665257 0.9996794 -0.02155071 0.01907501 0.9995858 0.02311404 0.1927162 0.9809823 0.01381232 0.1615194 0.9867729 0.01079653 0.09342086 0.9955682 0.01241203 0.04969693 0.9986872 0.01132407 0.01474358 0.9998272 0.001855382 0.009237277 0.9999556 0.07288173 0.0753409 0.9944908 0.059712 0.1510235 0.9867251 0.0216442 0.1149314 0.9931376 0.03996574 0.1332377 0.990278 0.03065334 0.06710381 0.997275 0.0593198 0.06236695 0.9962889 0.0389198 0.02235179 0.9989923 0.007493798 -0.1128904 0.9935792 0.01787906 -0.1629986 0.9864643 0.02374545 -0.1990272 0.9797063 0.03083954 -0.2479432 0.9682836 0.0371098 -0.2849979 0.9578095 0.04473211 0.233652 0.9712908 0.03601804 0.3218901 0.9460917 0.0176653 0.4694161 0.8828004 0.003453409 0.6271232 0.7789124 -0.003461312 0.5680926 0.8229574 0.009424009 0.414924 0.9098073 -0.04698362 -0.998864 0.007947924 -0.04558912 -0.9989464 -0.005268779 -0.05420529 -0.9985174 0.00498678 -0.06428697 -0.9978367 -0.01375418 -0.07211456 -0.9973534 0.009260896 -0.08050021 -0.9967451 0.004353186 -0.1205963 -0.9895102 -0.07953663 -0.1213226 -0.981848 -0.1457921 -0.1449648 -0.9852355 -0.09108344 -0.1469539 -0.9757192 -0.1624088 -0.1673866 -0.9809516 -0.09856787 -0.1812003 -0.9715975 -0.1521996 -0.1528366 -0.9545202 -0.2559923 -0.1681223 -0.969018 -0.1809392 -0.1288289 -0.9651692 -0.2277093 -0.1101335 -0.9726508 -0.2045018 -0.1022773 -0.9861335 -0.130691 -0.06552514 -0.996877 -0.04407559 -0.06584572 -0.9934645 -0.09323462 -0.07258692 -0.9848264 -0.1576327 -0.08791196 -0.979586 -0.1807838 -0.07649919 -0.9693803 -0.2333448 -0.0870164 -0.9776326 0.191475 -0.09773437 -0.968163 0.2304527 -0.07359852 -0.989672 0.1230145 -0.1031004 -0.9594734 0.2622614 -0.1230341 -0.9282374 0.3510527 -0.1169491 -0.9368896 0.3294857 -0.1343342 -0.8997858 0.4151384 -0.1332022 -0.8969851 0.4215149 -0.05326324 -0.9980278 -0.03322023 -0.04561198 -0.998843 -0.01523746 -0.04439538 -0.9990131 -0.001338038 -0.05261642 -0.9979519 0.03638081 -0.05640499 -0.9967217 0.0580036 -0.064278 -0.993403 0.09496733 -0.1813674 -0.6010087 0.7783922 -0.1826662 -0.4908675 0.8518698 -0.1814636 -0.5065417 0.8429036 -0.1864788 -0.417115 0.8895172 -0.1801166 -0.4205307 0.8892199 -0.177251 -0.6973052 0.6945125 -0.1812812 -0.6377794 0.7485817 -0.1765685 -0.5686241 0.803424 -0.1459408 -0.8478611 0.509738 -0.1683145 -0.7548013 0.6339915 -0.1548898 -0.7910909 0.5917637 -0.1723498 -0.7034674 0.6895137 -0.1608952 -0.7241817 0.670577 -0.1774166 -0.335688 0.9251146 -0.1755625 -0.2525216 0.9515307 -0.1833683 -0.2937854 0.9381184 -0.1662583 -0.6480443 0.743234 -0.1323796 -0.8994261 0.4165433 -0.1460816 -0.8551565 0.4973606 -0.1561285 -0.8133035 0.560501 -0.1709062 -0.3610631 0.9167467 -0.1714826 -0.4687107 0.8665471 -0.1617027 -0.5324493 0.830873 -0.160677 -0.6201424 0.7678583 -0.1469717 -0.6740446 0.7239221 -0.1410495 -0.743159 0.6540793 -0.1817562 -0.4088131 0.8943358 -0.1708042 -0.5641072 0.8078422 -0.1616174 -0.6946573 0.7009501 -0.140999 -0.7987066 0.5849675 -0.04121781 -0.9962481 -0.07609777 -0.03874943 -0.9983151 -0.04319073 -0.04157355 -0.9990496 -0.01309541 -0.05100436 -0.998247 0.03002499 -0.06951805 -0.9918005 0.1072337 -0.08989368 -0.9759678 0.1985092 -0.106366 -0.9532058 0.282993 -0.1193702 -0.924503 0.3620014 -0.1296069 -0.8896242 0.4379166 -0.1374106 -0.8481837 0.5115689 -0.1007027 -0.9551837 -0.2783578 -0.09203575 -0.9609753 -0.2608754 -0.07595064 -0.9427641 -0.3246957 -0.05001273 -0.9958571 -0.07594308 -0.05728941 -0.9897131 -0.1310953 -0.05877051 -0.9775001 -0.2025825 -0.06653958 -0.9512796 -0.3010641 -0.08617161 -0.9330938 -0.3491567 -0.09715278 -0.9220838 -0.3745969 -0.04770403 -0.9932486 -0.1057429 -0.04815389 -0.9841183 -0.1708575 -0.05371694 -0.9682074 -0.2443132 -0.05980446 -0.958317 -0.2793777 0.06372862 -0.3391243 -0.9385805 0.04463338 -0.4963554 -0.8669713 0.02631338 -0.6338146 -0.7730373 0.009805057 -0.7450714 -0.6669126 -0.01122341 -0.8294382 -0.5584857 -0.0212156 -0.8693549 -0.4937327 -0.0159891 -0.8899569 -0.4557642 -0.03082982 -0.9180389 -0.3952899 -0.04486563 -0.9408529 -0.3358317 -0.07004157 -0.9034858 -0.4228565 -0.07987728 -0.8873317 -0.4541608 -0.09027663 -0.8687333 -0.4869832 -0.1010985 -0.8471454 -0.5216548 -0.1058877 -0.8084208 -0.5790023 -0.08525431 -0.6791326 -0.7290477 -0.06451565 -0.5378027 -0.8405986 -0.06393003 -0.4769383 -0.8766087 -0.06586644 -0.425978 -0.9023327 -0.06734376 -0.3789127 -0.9229789 -0.0679985 -0.3346633 -0.9398812 -0.06913103 -0.2907408 -0.9543011 -0.06851383 -0.240022 -0.9683467 -0.03233634 -0.9849136 -0.1699989 -0.02235246 -0.9790956 -0.2021687 -0.02525548 -0.9672005 -0.2527555 -0.07450378 -0.8749684 0.4784136 -0.08409759 -0.8307576 0.5502448 -0.08709917 -0.8658944 0.4925856 -0.1078568 -0.7784499 0.618371 -0.1128872 -0.8225902 0.5573166 -0.123306 -0.7214272 0.6814238 -0.1209031 -0.7773817 0.6173007 -0.137556 -0.6603317 0.7382685 -0.08622921 -0.7838065 0.6149894 -0.1059318 -0.6470702 0.7550355 -0.1067524 -0.7207379 0.6849386 -0.1231177 -0.5625769 0.8175263 -0.1231492 -0.6507867 0.7492069 -0.1380502 -0.4770669 0.867957 -0.137874 -0.5776563 0.804552 -0.1506421 -0.3935583 0.9068731 -0.1507388 -0.5037044 0.8506231 -0.1610095 -0.3142683 0.9355808 -0.1201351 -0.8246521 0.5527355 -0.1202217 -0.8645156 0.4880159 -0.1168321 -0.8971179 0.4260631 -0.1116519 -0.9246676 0.3640379 -0.104391 -0.9478482 0.3011418 -0.09468904 -0.9670789 0.2362042 -0.08185304 -0.9825958 0.1667501 -0.06539473 -0.9936857 0.09117213 -0.04932117 -0.998506 0.02352092 -0.03842209 -0.9989392 -0.02538184 0.006356464 -0.9198062 -0.3923214 0.030898 -0.8728319 -0.4870418 -0.03843821 -0.9764191 -0.2124339 -0.0351386 -0.9898602 -0.1376303 -0.1407377 -0.7264191 0.6726873 -0.1503882 -0.596804 0.7881677 -0.1617189 -0.4309833 0.8877502 -0.1693904 -0.240537 0.9557452 -0.1668019 -0.08259282 0.9825251 -0.1453245 -0.04006277 0.9885726 -0.1401931 0.004986807 0.9901116 -0.1195844 -0.03553507 0.9921879 -0.1155156 0.004925004 0.9932935 -0.09597206 -0.03084803 0.9949059 -0.09280551 0.005032185 0.9956715 -0.07487628 -0.02601098 0.9968535 -0.07247275 0.005313275 0.9973562 -0.05667393 -0.02091063 0.9981737 -0.05492165 0.005782034 0.9984739 -0.03916179 -0.01274106 0.9991517 -0.1448271 -0.0948371 0.9849015 -0.1262001 -0.1591838 0.9791497 -0.1602636 -0.1480857 0.9759028 -0.1480068 -0.1771537 0.9729905 -0.1549013 -0.2210403 0.9628846 -0.1221166 -0.0879404 0.9886122 -0.09999777 -0.1432424 0.9846228 -0.09057599 -0.2022168 0.9751432 -0.0177682 -0.07566173 0.9969752 -0.02509682 -0.1051264 0.9941421 -0.02656324 -0.07527839 0.9968087 -0.03542469 -0.1302189 0.9908522 -0.04289599 -0.09215128 0.9948206 -0.05152612 -0.1563469 0.9863573 -0.05991981 -0.1104704 0.9920715 -0.06757611 -0.1790886 0.9815094 -0.08046349 -0.1286439 0.9884212 -0.03644109 0.09594646 0.9947192 -0.05705906 0.1930226 0.9795338 -0.04512185 0.1242287 0.9912271 -0.06699866 0.2322718 0.9703407 -0.07175626 0.2642149 0.9617908 -0.09016615 0.3535147 0.9310733 -0.08442494 0.3317911 0.9395675 -0.1005191 0.417891 0.9029191 -0.09929355 0.4242379 0.9000905 -0.02944908 0.05878853 0.997836 -0.02619344 0.03707382 0.9989692 -0.02127985 0.008503622 0.9997374 -0.1478975 0.8560014 0.4953666 -0.146529 0.8469966 0.511005 -0.1457005 0.7824418 0.6054388 -0.1413111 0.6984197 0.7015989 -0.1454514 0.7526148 0.6421953 -0.1410801 0.807362 0.5729423 -0.1109839 0.5127946 0.8513074 -0.1324871 0.6376489 0.7588485 -0.1192432 0.5950627 0.7947839 -0.1363859 0.6932912 0.7076342 -0.1249028 0.6740497 0.7280497 -0.1526097 0.8937839 0.4217352 -0.1461724 0.8933192 0.4249876 -0.1479767 0.8984838 0.4133156 -0.1447046 0.9291879 0.3401036 -0.1513829 0.9423697 0.2983665 -0.1442858 0.955602 0.256917 -0.1482667 0.9748055 0.1666468 -0.1486817 0.9731384 0.1757709 -0.09853848 0.419245 0.9025097 -0.1112603 0.5004202 0.8586039 -0.1207271 0.5638279 0.8170208 -0.1353199 0.811632 0.5682799 -0.1248097 0.7713614 0.6240386 -0.1108808 0.7270483 0.6775738 -0.1303158 0.7468719 0.6520737 -0.1024036 0.5144031 0.8514123 -0.09546217 0.4405455 0.8926403 -0.08631547 0.364367 0.9272467 -0.07464081 0.2850285 0.9556084 -0.05979412 0.2001302 0.977943 -0.04139983 0.1083459 0.9932508 -0.1325958 -0.3900844 0.9111819 -0.1449178 -0.3022708 0.9421418 -0.1233623 -0.3368482 0.9334426 -0.1350509 -0.2525688 0.9581077 -0.1093195 -0.3157449 0.9425255 -0.1207298 -0.2375855 0.9638348 -0.0960214 -0.2956342 0.9504632 -0.1100527 -0.2249259 0.9681409 -0.08351564 -0.2762813 0.9574413 -0.05779672 -0.2319215 0.971016 -0.07425256 -0.2590337 0.9630099 -0.1177118 -0.4825578 0.8679182 -0.1093614 -0.4266128 0.8977982 -0.09599137 -0.3988586 0.9119745 -0.08331241 -0.3725581 0.9242616 -0.07139685 -0.347419 0.934988 -0.06030057 -0.3232382 0.9443945 -0.03907353 -0.2016354 0.978681 -0.1002502 -0.5765923 0.8108583 -0.09298686 -0.5194142 0.8494482 -0.08072097 -0.4850497 0.8707531 -0.06900156 -0.4525208 0.8890803 -0.05794719 -0.4214933 0.9049782 -0.04764495 -0.3917147 0.9188523 -0.03816569 -0.3630037 0.9310058 -0.05006465 -0.2998646 0.9526672 -0.02957421 -0.3351766 0.9416911 -0.0108942 -0.3627604 0.9318188 -0.006189629 -0.3317663 0.9433413 0.00555457 -0.3821535 0.9240822 -0.003322583 -0.2871452 0.9578813 -0.007146876 -0.2526552 0.96753 0.002186467 -0.1488035 0.9888644 -0.002628187 -0.2021687 0.9793472 -0.01034071 -0.121319 0.9925597 -0.0116213 -0.1697544 0.9854179 -0.0134546 -0.1373271 0.9904344 0.02410609 -0.3118699 0.949819 0.06910359 -0.5245089 0.848596 -0.02022757 -0.004744893 0.9997841 -0.02051205 -0.01470954 0.9996814 -0.01893079 -0.0008465287 0.9998204 -0.01641538 -0.01267325 0.9997849 -0.02474006 0.03067808 0.9992231 -0.02322036 0.02413231 0.9994391 -0.03764848 0.09218136 0.9950302 -0.03626119 0.07730258 0.9963481 -0.04695261 0.1347853 0.9897618 -0.05085034 0.1664539 0.9847372 -0.1156963 0.8539174 0.507385 -0.1145951 0.7914122 0.6004454 -0.1014483 0.7411545 0.6636251 -0.1046468 0.6756343 0.7297722 -0.08496511 0.6197174 0.7802123 -0.08466993 0.5551227 0.8274478 -0.08542165 0.4904008 0.8673005 -0.08281279 0.4283592 0.8998058 -0.07854508 0.3662022 0.9272144 -0.07233214 0.3031234 0.9502022 -0.06383356 0.237943 0.9691792 -0.05241499 0.1681686 0.9843637 -0.02186053 0.01732273 0.9996109 -0.01358804 -0.02503731 0.9995942 -0.01439378 -0.04283128 0.9989786 -0.02864624 -0.03248697 0.9990616 -0.04121139 -0.04301943 0.9982239 -0.05654898 -0.05485432 0.9968918 -0.07538318 -0.06607652 0.9949629 -0.09735525 -0.07703324 0.992264 -0.0130187 0.9953935 -0.09498581 -0.03649251 0.9808131 -0.1915046 -0.02250549 0.9921468 -0.1230375 -0.04766503 0.9719072 -0.2304874 -0.05345601 0.9635049 -0.2622988 -0.0749285 0.9333351 -0.3511001 -0.06841655 0.941663 -0.32953 -0.08764735 0.9055021 -0.4151915 -0.08665793 0.9026468 -0.4215675 -0.005002991 0.998303 -0.05801829 -0.001166451 0.9993369 -0.03639367 0.004492238 0.9999582 -0.007958084 -0.1498221 0.6095372 -0.7784714 -0.1567529 0.4996079 -0.851951 -0.1547494 0.5151996 -0.842984 -0.1643383 0.4261489 -0.889601 -0.157809 0.4292326 -0.8893007 -0.1407951 0.7054952 -0.6945885 -0.1478577 0.6462551 -0.7486605 -0.1466844 0.5769483 -0.8035013 -0.1018658 0.8542424 -0.5097972 -0.1289402 0.762456 -0.6340625 -0.1136856 0.7980071 -0.5918279 -0.1355856 0.7113971 -0.6895873 -0.1230891 0.7314947 -0.6706449 -0.160047 0.4176149 -0.8944176 -0.159462 0.344363 -0.9251951 -0.1618782 0.2612111 -0.9516114 -0.1675563 0.3028222 -0.9382023 -0.1323291 0.6557333 -0.7433054 -0.08571321 0.9050422 -0.4165955 -0.1016369 0.8615355 -0.4974199 -0.1137944 0.8202543 -0.5605655 -0.1390581 0.986471 0.08682008 -0.1167239 0.9882678 0.09849993 -0.09661815 0.9819915 0.1623506 -0.1181123 0.9763889 0.1808708 -0.1241459 0.9664363 0.224919 -0.1169464 0.9102188 0.3972723 -0.1021517 0.8074786 0.5809848 -0.0871269 0.6839184 0.7243373 -0.0773604 0.5595154 0.8252017 -0.05908716 0.4420055 0.8950642 -0.06277444 0.3890218 0.9190873 -0.06297642 0.3396794 0.9384305 -0.06161849 0.2908695 0.9547765 -0.05971082 0.2407253 0.9687548 -0.05496537 0.1918431 0.9798852 -0.1504119 0.9854292 0.07940763 -0.1393948 0.989312 0.04278951 -0.1185221 0.9919869 0.04375611 -0.09410785 0.9913919 0.09102627 -0.07069744 0.9867927 0.1457462 -0.06002463 0.9770326 0.2044611 -0.07909141 0.9705234 0.2276596 -0.08955053 0.9664877 0.2405873 -0.1036289 0.9611245 0.255931 -0.112637 0.9453874 0.3058685 -0.1032449 0.8709334 0.4804326 -0.08701016 0.7517213 0.6537158 -0.07187238 0.6204478 0.7809475 -0.05216722 0.4941078 0.8678341 -0.06700315 0.9977492 -0.002663607 -0.04664726 0.9989054 -0.003463166 -0.04826365 0.9984446 0.0279122 -0.03016909 0.9992949 0.02234929 -0.02921214 0.9979877 0.05627874 -0.01415183 0.9989288 0.04405653 -0.01467112 0.9955379 0.09321536 0.001272287 0.9971122 0.07593142 -0.006337329 0.9913515 0.13108 0.003429434 0.9943887 0.1057323 0.002479136 0.9852945 0.1708466 -0.1516582 0.3693695 -0.9168238 -0.1467175 0.4769048 -0.8666232 -0.1336871 0.5400559 -0.8309437 -0.1281794 0.6275808 -0.7679273 -0.111739 0.6807068 -0.7239839 -0.1023009 0.7494256 -0.6541375 -0.1411581 0.5721406 -0.8079168 -0.1253154 0.7020462 -0.7010187 -0.0994245 0.8048978 -0.585025 -0.09332942 0.8541255 -0.511624 -0.08343842 0.8951103 -0.4379675 -0.07145647 0.929417 -0.362047 -0.05702993 0.9574134 -0.2830321 -0.0394483 0.9792986 -0.1985401 -0.01832843 0.9940626 -0.1072547 -0.0408556 -0.09395597 -0.9947377 -0.06644984 -0.1898421 -0.9795634 -0.05098216 -0.1217539 -0.9912501 -0.07840074 -0.2285275 -0.9703754 -0.08480018 -0.2601833 -0.9618282 -0.1077964 -0.3484169 -0.9311206 -0.1009407 -0.3270177 -0.9396118 -0.1214625 -0.4121748 -0.9029722 -0.1205666 -0.4185762 -0.9001431 -0.03195891 -0.0572072 -0.9978507 -0.02758943 -0.03568885 -0.998982 -0.02121153 -0.007409418 -0.9997476 -0.185489 -0.7739133 -0.605518 -0.1915216 -0.8472609 -0.4954477 -0.189684 -0.8383387 -0.5110854 -0.1982074 -0.88475 -0.4218191 -0.1917532 -0.8846172 -0.4250684 -0.176735 -0.6902296 -0.701675 -0.1836875 -0.7441391 -0.642274 -0.1821728 -0.7990379 -0.5730196 -0.1368226 -0.5064133 -0.8513666 -0.1647675 -0.6299942 -0.7589196 -0.1493321 -0.5881465 -0.7948481 -0.1715495 -0.6853615 -0.7077078 -0.1590815 -0.6667368 -0.7281176 -0.1938265 -0.8896819 -0.4133973 -0.192174 -0.9205128 -0.3401842 -0.1931549 -0.9469125 -0.2569977 -0.1995417 -0.933333 -0.2984504 -0.1682716 -0.7391829 -0.6521451 -0.1195544 -0.4136288 -0.9025619 -0.1364582 -0.4940412 -0.8586632 -0.1491959 -0.5568771 -0.8170854 -0.1169561 0.0940968 -0.9886693 -0.1392834 0.1021533 -0.9849695 -0.1173719 0.165456 -0.9792079 -0.1519631 0.1561259 -0.9759774 -0.107881 0.2434725 -0.9638894 -0.1214147 0.2591731 -0.958169 -0.1382278 0.1845245 -0.973059 -0.09202224 0.1481871 -0.9846687 -0.07958216 0.2065986 -0.9751839 -0.09786761 0.2302801 -0.9681906 -0.09246565 -0.000261232 -0.9957158 -0.07217351 -0.001588461 -0.9973908 -0.07296189 0.02981799 -0.9968889 -0.05504554 0.02378754 -0.9982005 -0.05317435 0.05767983 -0.996918 -0.03846558 0.0450712 -0.9982429 -0.03762084 0.09422468 -0.9948399 -0.0221772 0.07653352 -0.9968203 -0.02820206 0.1318574 -0.9908674 -0.01917778 0.1062665 -0.9941527 -0.01820381 0.1713774 -0.9850373 -0.1847954 -0.9123305 -0.3653816 -0.1812952 -0.8622039 -0.4730079 -0.1689565 -0.826833 -0.5364708 -0.1640467 -0.763923 -0.6241077 -0.1478299 -0.7203862 -0.6776356 -0.1383353 -0.650763 -0.7465728 -0.1766423 -0.8035986 -0.5683545 -0.1613446 -0.697062 -0.6986218 -0.1350794 -0.5817117 -0.8021004 -0.1283364 -0.5084613 -0.8514675 -0.1175831 -0.4350593 -0.8926912 -0.1045113 -0.3594529 -0.9272923 -0.0887551 -0.2808209 -0.9556475 -0.06954785 -0.1967995 -0.977974 -0.04644665 -0.1060837 -0.9932718 -0.1145026 0.9934219 -0.001409685 -0.09282058 0.9949354 0.03857342 -0.06954615 0.9944066 0.07949116 -0.05144961 0.9900921 0.1306542 -0.03746425 0.9828146 0.1807538 -0.026617 0.9720356 0.2333201 -0.04257871 0.9644417 0.2608432 -0.05154061 0.9591041 0.2783214 -0.06372597 0.9524404 0.297987 -0.07670882 0.9448375 0.3184303 -0.09044024 0.9361084 0.3398848 -0.09888873 0.9140597 0.3933393 -0.08745255 0.8200753 0.5655339 -0.07051053 0.6870024 0.7232261 -0.04856536 0.5516928 0.8326322 -0.08975728 0.9959617 -0.001977269 -0.06927273 0.9970423 0.03328569 -0.04779785 0.9965412 0.06797763 -0.03128804 0.9932197 0.1119627 -0.02187875 0.987259 0.1576102 -0.008479213 0.9792318 0.2025664 0.0100756 0.99705 0.07609033 0.01854748 0.9924128 0.1215433 0.01578857 0.9903585 0.1376257 -0.003930558 0.9696919 0.2442994 -0.0105358 0.9601284 0.2793609 -0.01763456 0.9534472 0.301044 -0.02748273 0.9454277 0.324671 -0.03819955 0.9362965 0.349127 -0.04974499 0.9258666 0.3745617 -0.06206425 0.9138955 0.401177 -0.07508618 0.9000529 0.4292632 -0.08278099 0.8703627 0.485403 -0.06974748 0.7571032 0.6495614 -0.05021043 0.616502 0.7857507 -0.01285143 0.9998231 0.01373574 0.00588281 0.9999689 0.005259285 0.005849901 0.9998669 0.01522795 0.007080284 0.9999741 0.001329116 0.00989463 0.9998654 0.01308784 0.0004556183 0.9995487 -0.03003708 0.002146805 0.9997208 -0.0235322 -0.01412121 0.9957333 -0.09119114 -0.01232126 0.9970047 -0.07635258 -0.02464225 0.9907365 -0.1335439 -0.02947533 0.9858358 -0.1651028 -0.1563291 0.2489247 -0.9558231 -0.1441742 0.3221271 -0.9356537 -0.1388984 0.4387245 -0.8878221 -0.1242077 0.5107846 -0.8506889 -0.1190958 0.6037436 -0.7882321 -0.1030348 0.6665272 -0.738326 -0.1028421 0.7326915 -0.6727456 -0.08043738 0.7825665 -0.6173488 -0.07726829 0.8297355 -0.5527827 -0.07533399 0.8695514 -0.4880626 -0.07030056 0.9019368 -0.4261078 -0.06373886 0.9291842 -0.3640799 -0.05532458 0.951961 -0.30118 -0.04467679 0.9706677 -0.2362376 -0.03109237 0.9855043 -0.1667771 0.08064973 0.3354064 0.938615 0.06970643 0.493411 0.8669986 0.05853039 0.6316298 0.7730576 0.04782086 0.7435875 0.6669264 0.0312143 0.8289234 0.5584905 0.02332074 0.8693007 0.4937332 0.02961881 0.8896059 0.4557675 0.01627199 0.9184138 0.3952864 0.003457393 0.9419192 0.3358218 -0.02364999 0.9058984 0.4228341 -0.03431904 0.8902724 0.4541335 -0.04567752 0.8722343 0.4869506 -0.05761269 0.8512324 0.5216168 -0.0644161 0.8128063 0.5789616 -0.05053596 0.6826294 0.7290153 -0.0371521 0.5404208 0.8405743 -0.03971705 0.4796073 0.8765839 -0.04428602 0.4288146 0.9023064 -0.04819363 0.3818879 0.9229512 -0.05113301 0.3377311 0.9398527 -0.05453155 0.2939253 0.9542716 -0.05653228 0.2432421 0.9683168 0.01831705 0.9852746 0.1699956 0.01176579 0.977106 0.2124276 0.02443731 0.9672216 0.2527553 0.0146805 0.953658 0.3005343 -0.001841772 0.9994468 0.03320705 0.03167106 0.9883752 0.1486993 0.02797288 0.9789509 0.2021701 0.03623357 0.9707638 0.2372862 0.02888771 0.9574539 0.2871366 0.02678241 0.9429638 0.3318163 0.02257178 0.9315468 0.3629203 0.03497897 0.907523 0.4185433 0.04794779 0.8788651 0.4746549 0.07365668 0.8075427 0.5851919 -0.1428592 0.228708 -0.9629558 -0.1287181 0.3093173 -0.9422072 -0.1297533 0.4007788 -0.9069401 -0.1128986 0.4835291 -0.868017 -0.1075758 0.583977 -0.8046107 -0.08913311 0.6562532 -0.7492577 -0.08568627 0.726809 -0.6814738 -0.06735285 0.7829617 -0.6184129 -0.07013395 0.8273032 -0.5573604 -0.04218224 0.8692236 -0.4926165 -0.04706176 0.8965896 -0.4403547 -0.04877162 0.9206652 -0.3872943 -0.04721291 0.9399745 -0.3379628 -0.04418676 0.9562473 -0.2892033 -0.04063875 0.9701382 -0.2391241 -0.034361 0.9811092 -0.1903788 -0.1397908 0.002223111 -0.9901786 -0.1171228 0.04163057 -0.9922445 -0.09278724 0.08192964 -0.9923095 -0.07326339 0.1326025 -0.9884579 -0.0578001 0.1823172 -0.9815394 -0.04531947 0.2345768 -0.9710406 -0.0603619 0.2625002 -0.9630421 -0.06872766 0.2802017 -0.9574777 -0.08022411 0.3001727 -0.9505053 -0.09247337 0.3209413 -0.9425738 -0.1054157 0.3427395 -0.9334973 -0.1119076 0.3963807 -0.9112404 -0.09360901 0.5681579 -0.8175781 -0.06918841 0.7252686 -0.6849806 -0.04096551 0.8339781 -0.5502747 -0.1151413 0.001014687 -0.9933486 -0.09378169 0.03573441 -0.9949513 -0.07140691 0.06985654 -0.994998 -0.05368056 0.1133957 -0.9920987 -0.04293954 0.1587795 -0.9863799 -0.0281762 0.2033672 -0.978697 -0.01337401 0.07646367 -0.9969827 -0.003608574 0.1216782 -0.992563 -0.00589544 0.1378254 -0.990439 -0.02230305 0.2449616 -0.9692762 -0.02774914 0.2801765 -0.9595474 -0.03410949 0.3020322 -0.9526873 -0.0431328 0.3259017 -0.9444192 -0.05297432 0.3506217 -0.9350177 -0.06358536 0.3763409 -0.9242967 -0.07489974 0.4032592 -0.9120154 -0.0868304 0.4316649 -0.8978451 -0.09230455 0.4879659 -0.8679684 -0.07212702 0.6516554 -0.7550781 -0.04547986 0.7871981 -0.6150209 -0.004771802 0.07349291 -0.9972843 -0.01180369 0.02569118 -0.9996002 -0.023954 -0.02291751 -0.9994503 -0.03797662 0.01472746 -0.9991701 -0.01947874 0.005767378 -0.9997936 -0.01838431 0.001807437 -0.9998294 -0.02580868 -0.02937639 -0.9992352 -0.04186746 -0.09013373 -0.9950493 -0.120481 -0.9921559 -0.03333107 -0.1438867 -0.9888399 -0.03863002 -0.1693999 -0.9845725 -0.04382495 -0.1896042 -0.9780076 -0.08689866 -0.1874057 -0.9512751 -0.2448568 -0.1766011 -0.9313798 -0.3183454 -0.1730587 -0.883624 -0.4350394 -0.1592501 -0.8468372 -0.5074507 -0.1548889 -0.7844727 -0.6005098 -0.1391426 -0.734959 -0.6636827 -0.138933 -0.6693618 -0.7298304 -0.1163754 -0.6145326 -0.7802605 -0.1127334 -0.5500393 -0.827495 -0.118268 -0.9929783 0.002619307 -0.1408997 -0.990022 0.001922116 -0.1654812 -0.986212 0.001342737 -0.110134 -0.485365 -0.8673473 -0.1043199 -0.4235403 -0.8998505 -0.09684563 -0.3616857 -0.9272564 -0.08738339 -0.2990105 -0.9502404 -0.07553228 -0.2343542 -0.9692126 -0.06053042 -0.1652601 -0.9843908 -0.002397996 0.1701154 -0.9854212 -0.0076342 0.2126978 -0.9770882 0.006328706 0.2526762 -0.9675302 -0.001834464 0.3006835 -0.9537222 -0.02645877 0.03390599 -0.9990747 0.01031481 0.1484815 -0.9888614 0.008248604 0.202024 -0.9793458 0.01762492 0.2369083 -0.9713721 0.01191846 0.2869239 -0.9578792 -0.01183402 0.3362429 -0.941701 -0.01898701 0.3644754 -0.9310194 -0.0269818 0.3936364 -0.9188701 -0.03574437 0.423906 -0.9050006 -0.04519475 0.4554615 -0.8891076 -0.05523318 0.4885507 -0.8707856 -0.06572431 0.5235012 -0.8494862 -0.07005362 0.5809779 -0.810899 -0.04896517 0.7305341 -0.6811184 -0.02906608 0.8416136 -0.5392975 -0.0291433 0.8776374 -0.4784384 -0.03174597 0.9034362 -0.4275456 -0.03391819 0.9241445 -0.3805345 -0.03529072 0.9410873 -0.3363171 -0.03719554 0.9555606 -0.2924389 -0.03753787 0.9696194 -0.2417212 -0.1736146 -0.9587687 -0.2249902 -0.1609989 -0.938341 -0.3059339 -0.1634489 -0.9029983 -0.3973393 -0.1477039 -0.8644712 -0.4804926 -0.1432981 -0.801158 -0.5810435 -0.1252722 -0.7462548 -0.6537665 -0.1218653 -0.6785366 -0.7243873 -0.1033373 -0.6159359 -0.7809894 -0.1056608 -0.5548024 -0.8252455 -0.07711419 -0.4907786 -0.8678651 -0.08133033 -0.4383896 -0.8950977 -0.1088269 -0.9094949 -0.4012179 -0.1383378 -0.930217 -0.3399396 -0.1211057 -0.8950007 -0.4293101 -0.1456147 -0.9077635 -0.3933978 -0.1272353 -0.8649546 -0.4854532 -0.1292742 -0.8144943 -0.5655857 -0.1083114 -0.752518 -0.649604 -0.1054302 -0.6824717 -0.7232681 -0.08149864 -0.6131103 -0.7857822 -0.07649774 -0.5484723 -0.8326621 -0.05466927 -0.002959937 -0.9985001 -0.00273912 0.9999837 -0.005000396 -0.02068252 0.999743 -0.009283085 -0.0290907 0.9995672 -0.00437939 -0.08227427 -0.3852867 -0.9191219 -0.07992717 -0.3359995 -0.9384647 -0.07605106 -0.2873243 -0.9548094 -0.07155841 -0.237345 -0.9687862 -0.06429805 -0.1887719 -0.9799137 0.07629378 0.0118877 0.9970145 0.06964403 0.007469095 0.9975439 0.05665389 -0.01904566 -0.9982122 0.03179564 -0.01721698 -0.9993461 0.01102806 -0.01531917 -0.9998218 0.001855382 -0.009332834 -0.9999547 -0.02858251 0.005731277 0.999575 -0.04639854 0.01046988 0.9988681 -0.0283619 -0.004264891 -0.9995886 -0.04639854 -0.008080247 -0.9988903 -0.9996686 0.02574266 -0.0002390327 -0.9996686 0.02574266 -0.0002390327 -0.9996686 0.02574266 -0.0002390327 -0.9996686 0.02574266 -0.0002390327 -0.9996686 0.02574266 -0.0002390327 -0.9996686 0.02574266 -0.0002390327 -0.9996686 0.02574266 -0.0002390327 -0.9996686 0.02574266 -0.0002390327 -0.9996686 0.02574266 -0.0002390327 -0.9996686 0.02574266 -0.0002390327 -0.9996686 0.02574266 -0.0002390327 -0.9996686 0.02574266 -0.0002390327 -0.9996686 0.02574266 -0.0002390327 -0.9996686 0.02574266 -0.0002390327 -0.9996686 0.02574266 -0.0002390327 -0.9996686 0.02574266 -0.0002390327 -0.9996686 0.02574266 -0.0002390327 -0.9996686 0.02574266 -0.0002390327 -0.9996686 0.02574266 -0.0002390327 -0.9996686 0.02574266 -0.0002390327 -0.9996686 0.02574266 -0.0002390327 -0.9996686 0.02574266 -0.0002390327 -0.9996686 0.02574266 -0.0002390327 -0.9996686 0.02574266 -0.0002390327 -0.9996686 0.02574266 -0.0002390327 -0.9996686 0.02574266 -0.0002390327 -0.9996686 0.02574266 -0.0002390327 -0.9996686 0.02574266 -0.0002390327 -0.9996686 0.02574266 -0.0002390327 -0.9996686 0.02574266 -0.0002390327 -0.9996686 0.02574266 -0.0002390327 -0.9996686 0.02574266 -0.0002390327 -0.9996686 0.02574266 -0.0002390327 -0.9996686 0.02574266 -0.0002390327 -0.9996686 0.02574266 -0.0002390327 -0.9996686 0.02574266 -0.0002390327 -0.9996686 0.02574266 -0.0002390327 -0.9996686 0.02574266 -0.0002390327 -0.9996686 0.02574266 -0.0002390327 -0.9996686 0.02574266 -0.0002390327 -0.9996686 0.02574266 -0.0002390327 -0.9996686 0.02574266 -0.0002390327 -0.9996686 0.02574266 -0.0002390327 -0.9996686 0.02574266 -0.0002390327 -0.9996686 0.02574266 -0.0002390327 -0.9996686 0.02574266 -0.0002390327 -0.9996686 0.02574266 -0.0002390327 -0.9996686 0.02574266 -0.0002390327 -0.9996686 0.02574266 -0.0002390327 -0.9996686 0.02574266 -0.0002390327 -0.9996686 0.02574266 -0.0002390327 -0.9996686 0.02574266 -0.0002390327 -0.9996686 0.02574266 -0.0002390327 -0.9996686 0.02574266 -0.0002390327 -0.9996686 0.02574266 -0.0002390327 -0.9996686 0.02574266 -0.0002390327 -0.9996686 0.02574266 -0.0002390327 -0.9996686 0.02574266 -0.0002390327 -0.9996686 0.02574266 -0.0002390327 -0.9996686 0.02574266 -0.0002390327 -0.9996686 0.02574266 -0.0002390327 -0.9996686 0.02574266 -0.0002390327 -0.9996686 0.02574266 -0.0002390327 -0.9996686 0.02574266 -0.0002390327 -0.9996686 0.02574266 -0.0002390327 -0.9996686 0.02574266 -0.0002390327 -0.9996686 0.02574266 -0.0002390327 -0.9996686 0.02574266 -0.0002390327 -0.9996686 0.02574266 -0.0002390327 -0.9996686 0.02574266 -0.0002390327 -0.9996686 0.02574266 -0.0002390327 -0.9996686 0.02574266 -0.0002390327 -0.9996686 0.02574266 -0.0002390327 -0.9996686 0.02574266 -0.0002390327 -0.9996686 0.02574266 -0.0002390327 -0.9996686 0.02574266 -0.0002390327 -0.9996686 0.02574266 -0.0002390327 -0.9996686 0.02574266 -0.0002390327 -0.9996686 0.02574266 -0.0002390327 -0.9996686 0.02574266 -0.0002390327 -0.9996686 0.02574266 -0.0002390327 -0.9996686 0.02574266 -0.0002390327 -0.9996686 0.02574266 -0.0002390327 -0.9996686 0.02574266 -0.0002390327 -0.9996686 0.02574266 -0.0002390327 -0.9996686 0.02574266 -0.0002390327 -0.9996686 0.02574266 -0.0002390327 -0.9996686 0.02574266 -0.0002390327 -0.9996686 0.02574266 -0.0002390327 -0.9996686 0.02574266 -0.0002390327 -0.9996686 0.02574266 -0.0002390327 -0.9996686 0.02574266 -0.0002390327 -0.9996686 0.02574266 -0.0002390327 -0.9996686 0.02574266 -0.0002390327 -0.9996686 0.02574266 -0.0002390327 -0.9996686 0.02574266 -0.0002390327 -0.9996686 0.02574266 -0.0002390327 -0.9996686 0.02574266 -0.0002390327 -0.9996686 0.02574266 -0.0002390327 -0.9996686 0.02574266 -0.0002390327 -0.9996686 0.02574266 -0.0002390327 -0.9996686 0.02574266 -0.0002390327 -0.9996686 0.02574266 -0.0002390327 -0.9996686 0.02574266 -0.0002390327 -0.9996686 0.02574266 -0.0002390327 -0.9996686 0.02574266 -0.0002390327 -0.9996686 0.02574266 -0.0002390327 -0.9996686 0.02574266 -0.0002390327 -0.9996686 0.02574266 -0.0002390327 -0.9996686 0.02574266 -0.0002390327 -0.9996686 0.02574266 -0.0002390327 -0.9996686 0.02574266 -0.0002390327 -0.9996686 0.02574266 -0.0002390327 -0.9996686 0.02574266 -0.0002390327 -0.9996686 0.02574266 -0.0002390327 -0.9996686 0.02574266 -0.0002390327 -0.9996686 0.02574266 -0.0002390327 -0.9996686 0.02574266 -0.0002390327 -0.9996686 0.02574266 -0.0002390327 -0.9996686 0.02574266 -0.0002390327 -0.9996686 0.02574266 -0.0002390327 -0.9996686 0.02574266 -0.0002390327 -0.9996686 0.02574266 -0.0002390327 -0.9996686 0.02574266 -0.0002390327 -0.9996686 0.02574266 -0.0002390327 -0.9996686 0.02574266 -0.0002390327 -0.9996686 0.02574266 -0.0002390327 -0.9996686 0.02574266 -0.0002390327 -0.9996686 0.02574266 -0.0002390327 -0.9996686 0.02574266 -0.0002390327 -0.9996686 0.02574266 -0.0002390327 -0.9996686 0.02574266 -0.0002390327 -0.9996686 0.02574266 -0.0002390327 -0.9996686 0.02574266 -0.0002390327 -0.9996686 0.02574266 -0.0002390327 -0.9996686 0.02574266 -0.0002390327 -0.9996686 0.02574266 -0.0002390327 -0.9996686 0.02574266 -0.0002390327 -0.9996686 0.02574266 -0.0002390327 -0.9996686 0.02574266 -0.0002390327 -0.9996686 0.02574266 -0.0002390327 -0.9996686 0.02574266 -0.0002390327 -0.9996686 0.02574266 -0.0002390327 -0.9996686 0.02574266 -0.0002390327 -0.9996686 0.02574266 -0.0002390327 -0.9996686 0.02574266 -0.0002390327 -0.9996686 0.02574266 -0.0002390327 -0.9996686 0.02574266 -0.0002390327 -0.9996686 0.02574266 -0.0002390327 -0.9996686 0.02574266 -0.0002390327 -0.9996686 0.02574266 -0.0002390327 -0.9996686 0.02574266 -0.0002390327 -0.9996686 0.02574266 -0.0002390327 -0.9996686 0.02574266 -0.0002390327 -0.9996686 0.02574266 -0.0002390327 -0.9996686 0.02574266 -0.0002390327 -0.9996686 0.02574266 -0.0002390327 -0.9996686 0.02574266 -0.0002390327 -0.9996686 0.02574266 -0.0002390327 -0.9996686 0.02574266 -0.0002390327 -0.9996686 0.02574266 -0.0002390327 -0.9996686 0.02574266 -0.0002390327 -0.9996686 0.02574266 -0.0002390327 -0.9996686 0.02574266 -0.0002390327 -0.9996686 0.02574266 -0.0002390327 0.9996686 -0.02574266 0.0002390327 0.9996686 -0.02574266 0.0002390327 0.9996686 -0.02574266 0.0002390327 0.9996686 -0.02574266 0.0002390327 0.9996686 -0.02574266 0.0002390327 0.9996686 -0.02574266 0.0002390327 0.9996686 -0.02574266 0.0002390327 0.9996686 -0.02574266 0.0002390327 0.9996686 -0.02574266 0.0002390327 0.9996686 -0.02574266 0.0002390327 0.9996686 -0.02574266 0.0002390327 0.9996686 -0.02574266 0.0002390327 0.9996686 -0.02574266 0.0002390327 0.9996686 -0.02574266 0.0002390327 0.9996686 -0.02574266 0.0002390327 0.9996686 -0.02574266 0.0002390327 0.9996686 -0.02574266 0.0002390327 0.9996686 -0.02574266 0.0002390327 0.9996686 -0.02574266 0.0002390327 0.9996686 -0.02574266 0.0002390327 0.9996686 -0.02574266 0.0002390327 0.9996686 -0.02574266 0.0002390327 0.9996686 -0.02574266 0.0002390327 0.9996686 -0.02574266 0.0002390327 0.9996686 -0.02574266 0.0002390327 0.9996686 -0.02574266 0.0002390327 0.9996686 -0.02574266 0.0002390327 0.9996686 -0.02574266 0.0002390327 0.9996686 -0.02574266 0.0002390327 0.9996686 -0.02574266 0.0002390327 0.9996686 -0.02574266 0.0002390327 0.9996686 -0.02574266 0.0002390327 0.9996686 -0.02574266 0.0002390327 0.9996686 -0.02574266 0.0002390327 0.9996686 -0.02574266 0.0002390327 0.9996686 -0.02574266 0.0002390327 0.9996686 -0.02574266 0.0002390327 0.9996686 -0.02574266 0.0002390327 0.9996686 -0.02574266 0.0002390327 0.9996686 -0.02574266 0.0002390327 0.9996686 -0.02574266 0.0002390327 0.9996686 -0.02574266 0.0002390327 0.9996686 -0.02574266 0.0002390327 0.9996686 -0.02574266 0.0002390327 0.9996686 -0.02574266 0.0002390327 0.9996686 -0.02574266 0.0002390327 0.9996686 -0.02574266 0.0002390327 0.9996686 -0.02574266 0.0002390327 0.9996686 -0.02574266 0.0002390327 0.9996686 -0.02574266 0.0002390327 0.9996686 -0.02574266 0.0002390327 0.9996686 -0.02574266 0.0002390327 0.9996686 -0.02574266 0.0002390327 0.9996686 -0.02574266 0.0002390327 0.9996686 -0.02574266 0.0002390327 0.9996686 -0.02574266 0.0002390327 0.9996686 -0.02574266 0.0002390327 0.9996686 -0.02574266 0.0002390327 0.9996686 -0.02574266 0.0002390327 0.9996686 -0.02574266 0.0002390327 0.9996686 -0.02574266 0.0002390327 0.9996686 -0.02574266 0.0002390327 0.9996686 -0.02574266 0.0002390327 0.9996686 -0.02574266 0.0002390327 0.9996686 -0.02574266 0.0002390327 0.9996686 -0.02574266 0.0002390327 0.9996686 -0.02574266 0.0002390327 0.9996686 -0.02574266 0.0002390327 0.9996686 -0.02574266 0.0002390327 0.9996686 -0.02574266 0.0002390327 0.9996686 -0.02574266 0.0002390327 0.9996686 -0.02574266 0.0002390327 0.9996686 -0.02574266 0.0002390327 0.9996686 -0.02574266 0.0002390327 0.9996686 -0.02574266 0.0002390327 0.9996686 -0.02574266 0.0002390327 0.9996686 -0.02574266 0.0002390327 0.9996686 -0.02574266 0.0002390327 0.9996686 -0.02574266 0.0002390327 0.9996686 -0.02574266 0.0002390327 0.9996686 -0.02574266 0.0002390327 0.9996686 -0.02574266 0.0002390327 0.9996686 -0.02574266 0.0002390327 0.9996686 -0.02574266 0.0002390327 0.9996686 -0.02574266 0.0002390327 0.9996686 -0.02574266 0.0002390327 0.9996686 -0.02574266 0.0002390327 0.9996686 -0.02574266 0.0002390327 0.9996686 -0.02574266 0.0002390327 0.9996686 -0.02574266 0.0002390327 0.9996686 -0.02574266 0.0002390327 0.9996686 -0.02574266 0.0002390327 0.9996686 -0.02574266 0.0002390327 0.9996686 -0.02574266 0.0002390327 0.9996686 -0.02574266 0.0002390327 0.9996686 -0.02574266 0.0002390327 0.9996686 -0.02574266 0.0002390327 0.9996686 -0.02574266 0.0002390327 0.9996686 -0.02574266 0.0002390327 0.9996686 -0.02574266 0.0002390327 0.9996686 -0.02574266 0.0002390327 0.9996686 -0.02574266 0.0002390327 0.9996686 -0.02574266 0.0002390327 0.9996686 -0.02574266 0.0002390327 0.9996686 -0.02574266 0.0002390327 0.9996686 -0.02574266 0.0002390327 0.9996686 -0.02574266 0.0002390327 0.9996686 -0.02574266 0.0002390327 0.9996686 -0.02574266 0.0002390327 0.9996686 -0.02574266 0.0002390327 0.9996686 -0.02574266 0.0002390327 0.9996686 -0.02574266 0.0002390327 0.9996686 -0.02574266 0.0002390327 0.9996686 -0.02574266 0.0002390327 0.9996686 -0.02574266 0.0002390327 0.9996686 -0.02574266 0.0002390327 0.9996686 -0.02574266 0.0002390327 0.9996686 -0.02574266 0.0002390327 0.9996686 -0.02574266 0.0002390327 0.9996686 -0.02574266 0.0002390327</float_array>
          <technique_common>
            <accessor count="1771" source="#normals-array-array" stride="3">
              <param type="float" name="X"/>
              <param type="float" name="Y"/>
              <param type="float" name="Z"/>
            </accessor>
          </technique_common>
        </source>
        <vertices id="verts-array-vertices">
          <input semantic="POSITION" source="#verts-array"/>
        </vertices>
        <triangles count="2968" material="material0">
          <input offset="0" semantic="VERTEX" source="#verts-array-vertices"/>
          <input offset="1" semantic="NORMAL" source="#normals-array"/>
          <p>0 0 1 1 2 2 3 3 4 4 5 5 6 6 7 7 8 8 9 9 10 10 11 11 10 10 9 9 12 12 13 13 14 14 15 15 16 16 17 17 15 15 17 17 16 16 18 18 19 19 20 20 21 21 22 22 21 21 20 20 21 21 22 22 23 23 24 24 25 25 26 26 27 27 28 28 25 25 29 29 30 30 28 28 31 31 32 32 33 33 34 34 35 35 36 36 37 37 38 38 39 39 40 40 41 41 42 42 43 43 44 44 45 45 44 44 43 43 46 46 47 47 48 48 49 49 50 50 51 51 52 52 53 53 54 54 55 55 56 56 57 57 58 58 59 59 60 60 61 61 62 62 63 63 64 64 65 65 66 66 67 67 68 68 69 69 70 70 71 71 72 72 73 73 74 74 75 75 76 76 77 77 78 78 79 79 80 80 81 81 82 82 83 83 84 84 85 85 86 86 87 87 88 88 89 89 90 90 91 91 92 92 93 93 94 94 95 95 96 96 97 97 98 98 99 99 100 100 101 101 100 100 99 99 102 102 103 103 104 104 105 105 106 106 107 107 108 108 109 109 110 110 111 111 112 112 113 113 114 114 115 115 116 116 117 117 118 118 119 119 120 120 121 121 122 122 123 123 124 124 125 125 126 126 127 127 128 128 129 129 130 130 131 131 132 132 133 133 134 134 135 135 136 136 137 137 138 138 139 139 140 140 141 141 142 142 143 143 144 144 145 145 146 146 147 147 148 148 149 149 150 150 151 151 152 152 153 153 154 154 155 155 156 156 155 155 154 154 157 157 158 158 159 159 160 160 161 161 162 162 163 163 164 164 165 165 166 166 167 167 164 164 168 168 169 169 167 167 170 170 171 171 172 172 173 173 172 172 171 171 172 172 173 173 174 174 175 175 174 174 173 173 174 174 175 175 176 176 177 177 176 176 175 175 176 176 177 177 178 178 179 179 178 178 177 177 180 180 181 181 182 182 183 183 184 184 185 185 186 186 187 187 188 188 187 187 189 189 188 188 190 190 188 188 189 189 188 188 190 190 191 191 192 192 193 193 194 194 195 195 194 194 193 193 196 196 159 159 197 197 158 158 197 197 159 159 197 197 158 158 198 198 199 199 196 196 200 200 197 197 200 200 196 196 200 200 197 197 201 201 198 198 201 201 197 197 201 201 198 198 202 202 203 203 192 192 204 204 194 194 204 204 192 192 204 204 194 194 205 205 195 195 205 205 194 194 205 205 195 195 206 206 207 207 208 208 209 209 210 210 209 209 208 208 209 209 210 210 211 211 171 171 212 212 173 173 213 213 173 173 212 212 173 173 213 213 175 175 214 214 175 175 213 213 175 175 214 214 177 177 215 215 177 177 214 214 177 177 215 215 179 179 216 216 179 179 215 215 217 217 216 216 218 218 215 215 218 218 216 216 218 218 215 215 219 219 214 214 219 219 215 215 219 219 214 214 220 220 213 213 220 220 214 214 220 220 213 213 221 221 212 212 221 221 213 213 221 221 212 212 222 222 171 171 222 222 212 212 222 222 171 171 223 223 170 170 223 223 171 171 223 223 170 170 224 224 152 152 225 225 226 226 152 152 226 226 181 181 183 183 185 185 227 227 228 228 227 227 185 185 227 227 228 228 229 229 182 182 230 230 231 231 232 232 231 231 230 230 231 231 232 232 233 233 234 234 233 233 232 232 233 233 234 234 235 235 236 236 235 235 234 234 235 235 236 236 237 237 236 236 238 238 239 239 236 236 239 239 237 237 240 240 237 237 239 239 237 237 240 240 153 153 241 241 242 242 243 243 244 244 245 245 246 246 225 225 152 152 246 246 151 151 246 246 152 152 246 246 151 151 244 244 245 245 247 247 246 246 242 242 246 246 247 247 246 246 242 242 225 225 241 241 225 225 242 242 225 225 241 241 226 226 247 247 248 248 242 242 249 249 242 242 248 248 242 242 249 249 243 243 250 250 243 243 249 249 243 243 250 250 251 251 182 182 181 181 230 230 226 226 230 230 181 181 230 230 226 226 232 232 241 241 232 232 226 226 232 232 241 241 234 234 243 243 234 234 241 241 234 234 243 243 236 236 251 251 236 236 243 243 236 236 251 251 238 238 252 252 253 253 254 254 255 255 256 256 257 257 257 257 258 258 259 259 260 260 259 259 258 258 160 160 162 162 261 261 262 262 261 261 162 162 261 261 262 262 263 263 259 259 263 263 262 262 263 263 259 259 252 252 260 260 252 252 259 259 252 252 260 260 253 253 228 228 264 264 265 265 266 266 267 267 268 268 269 269 268 268 267 267 268 268 269 269 270 270 228 228 265 265 229 229 271 271 229 229 265 265 229 229 271 271 272 272 273 273 184 184 274 274 183 183 274 274 184 184 274 274 183 183 275 275 227 227 275 275 183 183 275 275 227 227 276 276 229 229 276 276 227 227 276 276 229 229 255 255 272 272 255 255 229 229 255 255 272 272 256 256 277 277 278 278 150 150 268 268 207 207 266 266 209 209 266 266 207 207 266 266 209 209 279 279 211 211 279 279 209 209 279 279 211 211 280 280 281 281 280 280 282 282 211 211 282 282 280 280 282 282 211 211 283 283 210 210 283 283 211 211 283 283 210 210 273 273 208 208 273 273 210 210 273 273 208 208 184 184 207 207 184 184 208 208 184 184 207 207 185 185 268 268 185 185 207 207 185 185 268 268 228 228 270 270 228 228 268 268 228 228 270 270 264 264 284 284 285 285 286 286 287 287 286 286 285 285 286 286 287 287 202 202 288 288 202 202 287 287 202 202 288 288 201 201 289 289 201 201 288 288 201 201 289 289 200 200 290 290 200 200 289 289 200 200 290 290 199 199 291 291 199 199 290 290 292 292 206 206 293 293 195 195 293 293 206 206 293 293 195 195 294 294 193 193 294 294 195 195 294 294 193 193 295 295 192 192 295 295 193 193 295 295 192 192 296 296 203 203 296 296 192 192 296 296 203 203 297 297 298 298 297 297 203 203 297 297 298 298 299 299 300 300 301 301 281 281 302 302 300 300 303 303 281 281 303 303 300 300 303 303 281 281 304 304 282 282 304 304 281 281 149 149 148 148 305 305 306 306 305 305 148 148 305 305 306 306 307 307 308 308 307 307 306 306 307 307 308 308 309 309 310 310 147 147 299 299 149 149 299 299 147 147 299 299 149 149 297 297 305 305 297 297 149 149 297 297 305 305 296 296 307 307 296 296 305 305 296 296 307 307 295 295 309 309 295 295 307 307 295 295 309 309 294 294 191 191 294 294 309 309 294 294 191 191 293 293 190 190 293 293 191 191 293 293 190 190 292 292 274 274 311 311 273 273 186 186 273 273 311 311 273 273 186 186 283 283 188 188 283 283 186 186 283 283 188 188 282 282 191 191 282 282 188 188 282 282 191 191 304 304 309 309 304 304 191 191 304 304 309 309 303 303 308 308 303 303 309 309 303 303 308 308 302 302 301 301 312 312 281 281 313 313 281 281 312 312 281 281 313 313 280 280 314 314 280 280 313 313 280 280 314 314 279 279 315 315 279 279 314 314 279 279 315 315 266 266 316 316 266 266 315 315 266 266 316 316 267 267 285 285 317 317 287 287 318 318 287 287 317 317 287 287 318 318 288 288 319 319 288 288 318 318 288 288 319 319 289 289 320 320 289 289 319 319 289 289 320 320 290 290 321 321 290 290 320 320 290 290 321 321 291 291 322 322 323 323 324 324 325 325 324 324 323 323 324 324 325 325 326 326 327 327 326 326 325 325 326 326 327 327 328 328 329 329 330 330 331 331 332 332 331 331 330 330 331 331 332 332 333 333 334 334 329 329 335 335 331 331 335 335 329 329 335 335 331 331 336 336 333 333 336 336 331 331 336 336 333 333 337 337 338 338 322 322 339 339 324 324 339 339 322 322 339 339 324 324 340 340 326 326 340 340 324 324 340 340 326 326 341 341 328 328 341 341 326 326 341 341 328 328 342 342 343 343 338 338 344 344 339 339 344 344 338 338 344 344 339 339 345 345 340 340 345 345 339 339 345 345 340 340 346 346 341 341 346 346 340 340 346 346 341 341 347 347 342 342 347 347 341 341 347 347 342 342 348 348 349 349 350 350 351 351 352 352 351 351 350 350 351 351 352 352 353 353 354 354 353 353 352 352 355 355 334 334 356 356 335 335 356 356 334 334 356 356 335 335 357 357 336 336 357 357 335 335 357 357 336 336 358 358 337 337 358 358 336 336 358 358 337 337 128 128 359 359 360 360 361 361 362 362 363 363 364 364 365 365 366 366 367 367 363 363 368 368 364 364 369 369 364 364 368 368 364 364 369 369 370 370 371 371 372 372 373 373 374 374 373 373 372 372 375 375 143 143 376 376 142 142 376 376 143 143 376 376 142 142 377 377 378 378 375 375 379 379 376 376 379 379 375 375 379 379 376 376 380 380 377 377 380 380 376 376 380 380 377 377 381 381 382 382 371 371 383 383 373 373 383 383 371 371 383 383 373 373 384 384 374 374 384 384 373 373 384 384 374 374 385 385 386 386 387 387 388 388 389 389 388 388 387 387 388 388 389 389 390 390 284 284 343 343 285 285 344 344 285 285 343 343 285 285 344 344 317 317 345 345 317 317 344 344 317 317 345 345 318 318 346 346 318 318 345 345 318 318 346 346 319 319 347 347 319 319 346 346 319 319 347 347 320 320 348 348 320 320 347 347 320 320 348 348 321 321 205 205 157 157 204 204 159 159 204 204 157 157 204 204 159 159 203 203 196 196 203 203 159 159 203 203 196 196 298 298 199 199 298 298 196 196 298 298 199 199 299 299 291 291 299 299 199 199 299 299 291 291 310 310 321 321 310 310 291 291 310 310 321 321 391 391 348 348 391 391 321 321 391 391 348 348 392 392 342 342 392 392 348 348 392 392 342 342 393 393 328 328 393 393 342 342 393 393 328 328 394 394 327 327 394 394 328 328 394 394 327 327 395 395 325 325 395 395 327 327 395 395 325 325 396 396 323 323 396 396 325 325 396 396 323 323 397 397 122 122 398 398 399 399 359 359 361 361 400 400 401 401 400 400 361 361 400 400 401 401 402 402 403 403 404 404 405 405 133 133 406 406 134 134 404 404 134 134 406 406 134 134 404 404 407 407 403 403 407 407 404 404 407 407 403 403 408 408 406 406 409 409 404 404 410 410 404 404 409 409 404 404 410 410 405 405 411 411 405 405 410 410 405 405 411 411 412 412 136 136 138 138 137 137 140 140 137 137 138 138 137 137 140 140 413 413 414 414 413 413 140 140 413 413 414 414 415 415 416 416 415 415 414 414 417 417 418 418 419 419 398 398 122 122 419 419 121 121 419 419 122 122 419 419 121 121 417 417 418 418 135 135 419 419 137 137 419 419 135 135 419 419 137 137 398 398 413 413 398 398 137 137 398 398 413 413 399 399 415 415 399 399 413 413 139 139 132 132 140 140 134 134 140 140 132 132 140 140 134 134 414 414 407 407 414 414 134 134 414 414 407 407 416 416 408 408 416 416 407 407 124 124 129 129 125 125 131 131 125 125 129 129 125 125 131 131 420 420 354 354 420 420 131 131 420 420 354 354 144 144 352 352 144 144 354 354 144 144 352 352 145 145 350 350 145 145 352 352 421 421 422 422 126 126 127 127 123 123 128 128 125 125 128 128 123 123 128 128 125 125 358 358 420 420 358 358 125 125 358 358 420 420 357 357 144 144 357 357 420 420 357 357 144 144 356 356 146 146 356 356 144 144 356 356 146 146 355 355 397 397 355 355 146 146 401 401 423 423 424 424 425 425 426 426 427 427 428 428 427 427 426 426 427 427 428 428 429 429 401 401 424 424 402 402 430 430 402 402 424 424 402 402 430 430 431 431 432 432 360 360 433 433 359 359 433 433 360 360 433 433 359 359 434 434 400 400 434 434 359 359 434 434 400 400 435 435 402 402 435 435 400 400 435 435 402 402 421 421 431 431 421 421 402 402 421 421 431 431 422 422 130 130 120 120 131 131 122 122 131 131 120 120 131 131 122 122 354 354 399 399 354 354 122 122 354 354 399 399 353 353 415 415 353 353 399 399 353 353 415 415 351 351 416 416 351 351 415 415 351 351 416 416 349 349 408 408 349 349 416 416 427 427 386 386 425 425 388 388 425 425 386 386 425 425 388 388 436 436 390 390 436 436 388 388 436 436 390 390 437 437 438 438 437 437 439 439 390 390 439 439 437 437 439 439 390 390 440 440 389 389 440 440 390 390 440 440 389 389 432 432 387 387 432 432 389 389 432 432 387 387 360 360 386 386 360 360 387 387 360 360 386 386 361 361 427 427 361 361 386 386 361 361 427 427 401 401 429 429 401 401 427 427 401 401 429 429 423 423 441 441 442 442 443 443 444 444 443 443 442 442 443 443 444 444 381 381 445 445 381 381 444 444 381 381 445 445 380 380 446 446 380 380 445 445 380 380 446 446 379 379 447 447 379 379 446 446 379 379 447 447 378 378 448 448 378 378 447 447 449 449 385 385 450 450 374 374 450 450 385 385 450 450 374 374 451 451 372 372 451 451 374 374 451 451 372 372 452 452 371 371 452 452 372 372 452 452 371 371 453 453 382 382 453 453 371 371 453 453 382 382 454 454 455 455 454 454 382 382 454 454 455 455 456 456 457 457 458 458 438 438 459 459 457 457 460 460 438 438 460 460 457 457 460 460 438 438 461 461 439 439 461 461 438 438 119 119 118 118 462 462 463 463 462 462 118 118 462 462 463 463 464 464 465 465 464 464 463 463 464 464 465 465 466 466 467 467 117 117 456 456 119 119 456 456 117 117 456 456 119 119 454 454 462 462 454 454 119 119 454 454 462 462 453 453 464 464 453 453 462 462 453 453 464 464 452 452 466 466 452 452 464 464 452 452 466 466 451 451 370 370 451 451 466 466 451 451 370 370 450 450 369 369 450 450 370 370 450 450 369 369 449 449 433 433 468 468 432 432 362 362 432 432 468 468 432 432 362 362 440 440 364 364 440 440 362 362 440 440 364 364 439 439 370 370 439 439 364 364 439 439 370 370 461 461 466 466 461 461 370 370 461 461 466 466 460 460 465 465 460 460 466 466 460 460 465 465 459 459 458 458 469 469 438 438 470 470 438 438 469 469 438 438 470 470 437 437 471 471 437 437 470 470 437 437 471 471 436 436 472 472 436 436 471 471 436 436 472 472 425 425 473 473 425 425 472 472 425 425 473 473 426 426 442 442 474 474 444 444 475 475 444 444 474 474 444 444 475 475 445 445 476 476 445 445 475 475 445 445 476 476 446 446 477 477 446 446 476 476 446 446 477 477 447 447 478 478 447 447 477 477 447 447 478 478 448 448 397 397 146 146 396 396 145 145 396 396 146 146 396 396 145 145 395 395 350 350 395 395 145 145 395 395 350 350 394 394 349 349 394 394 350 350 394 394 349 349 393 393 408 408 393 393 349 349 393 393 408 408 392 392 403 403 392 392 408 408 392 392 403 403 391 391 405 405 391 391 403 403 391 391 405 405 310 310 412 412 310 310 405 405 310 310 412 412 147 147 479 479 147 147 412 412 147 147 479 479 148 148 480 480 148 148 479 479 148 148 480 480 306 306 481 481 306 306 480 480 306 306 481 481 308 308 482 482 308 308 481 481 308 308 482 482 302 302 483 483 484 484 485 485 486 486 485 485 484 484 485 485 486 486 487 487 488 488 487 487 486 486 487 487 488 488 489 489 490 490 491 491 492 492 493 493 494 494 495 495 496 496 497 497 498 498 499 499 498 498 497 497 498 498 499 499 500 500 501 501 500 500 499 499 502 502 503 503 504 504 500 500 505 505 498 498 495 495 498 498 505 505 498 498 495 495 496 496 494 494 496 496 495 495 506 506 483 483 507 507 485 485 507 507 483 483 507 507 485 485 508 508 487 487 508 508 485 485 508 508 487 487 509 509 489 489 509 509 487 487 509 509 489 489 510 510 511 511 506 506 512 512 507 507 512 512 506 506 512 512 507 507 513 513 508 508 513 513 507 507 513 513 508 508 514 514 509 509 514 514 508 508 514 514 509 509 515 515 510 510 515 515 509 509 515 515 510 510 516 516 517 517 518 518 519 519 491 491 111 111 492 492 113 113 492 492 111 111 492 492 113 113 520 520 521 521 520 520 113 113 522 522 523 523 524 524 525 525 524 524 523 523 524 524 525 525 526 526 527 527 526 526 525 525 526 526 528 528 524 524 529 529 524 524 528 528 524 524 529 529 522 522 530 530 522 522 529 529 522 522 530 530 531 531 532 532 531 531 530 530 531 531 532 532 533 533 534 534 533 533 532 532 533 533 534 534 535 535 536 536 535 535 534 534 535 535 536 536 537 537 528 528 538 538 529 529 539 539 529 529 538 538 529 529 539 539 530 530 540 540 530 530 539 539 530 530 540 540 532 532 541 541 532 532 540 540 532 532 541 541 534 534 542 542 534 534 541 541 534 534 542 542 536 536 543 543 544 544 545 545 546 546 545 545 544 544 547 547 548 548 549 549 550 550 549 549 548 548 549 549 550 550 551 551 552 552 551 551 550 550 551 551 552 552 553 553 554 554 553 553 552 552 553 553 554 554 555 555 556 556 555 555 554 554 555 555 556 556 557 557 558 558 557 557 556 556 557 557 558 558 559 559 560 560 559 559 558 558 559 559 560 560 561 561 562 562 561 561 560 560 561 561 562 562 563 563 564 564 563 563 562 562 563 563 564 564 503 503 106 106 105 105 565 565 566 566 565 565 105 105 565 565 566 566 567 567 568 568 569 569 570 570 571 571 570 570 569 569 570 570 571 571 572 572 573 573 572 572 571 571 574 574 575 575 576 576 577 577 576 576 575 575 576 576 577 577 578 578 169 169 168 168 579 579 580 580 579 579 168 168 579 579 580 580 581 581 582 582 581 581 580 580 581 581 582 582 583 583 584 584 583 583 582 582 583 583 584 584 585 585 586 586 585 585 584 584 585 585 586 586 587 587 588 588 587 587 586 586 587 587 588 588 568 568 589 589 568 568 588 588 568 568 589 589 569 569 441 441 511 511 442 442 512 512 442 442 511 511 442 442 512 512 474 474 513 513 474 474 512 512 474 474 513 513 475 475 514 514 475 475 513 513 475 475 514 514 476 476 515 515 476 476 514 514 476 476 515 515 477 477 516 516 477 477 515 515 477 477 516 516 478 478 384 384 141 141 383 383 143 143 383 383 141 141 383 383 143 143 382 382 375 375 382 382 143 143 382 382 375 375 455 455 378 378 455 455 375 375 455 455 378 378 456 456 448 448 456 456 378 378 456 456 448 448 467 467 478 478 467 467 448 448 467 467 478 478 590 590 516 516 590 590 478 478 590 590 516 516 591 591 510 510 591 591 516 516 591 591 510 510 592 592 489 489 592 592 510 510 592 592 489 489 593 593 488 488 593 593 489 489 593 593 488 488 594 594 486 486 594 594 488 488 594 594 486 486 595 595 484 484 595 595 486 486 595 595 484 484 596 596 94 94 597 597 598 598 94 94 598 598 518 518 599 599 600 600 601 601 602 602 601 601 600 600 601 601 602 602 603 603 604 604 603 603 602 602 603 603 604 604 605 605 606 606 605 605 604 604 605 605 606 606 607 607 608 608 607 607 606 606 607 607 608 608 609 609 610 610 611 611 612 612 613 613 612 612 611 611 612 612 613 613 614 614 615 615 614 614 613 613 614 614 615 615 616 616 617 617 520 520 618 618 521 521 618 618 520 520 618 618 521 521 619 619 620 620 621 621 622 622 623 623 622 622 621 621 624 624 625 625 626 626 627 627 626 626 625 625 626 626 627 627 628 628 629 629 628 628 627 627 519 519 630 630 631 631 632 632 631 631 630 630 631 631 632 632 633 633 634 634 633 633 632 632 633 633 634 634 635 635 636 636 635 635 634 634 635 635 636 636 637 637 636 636 638 638 639 639 636 636 639 639 637 637 640 640 637 637 639 639 637 637 640 640 98 98 641 641 642 642 643 643 644 644 645 645 646 646 597 597 94 94 646 646 93 93 646 646 94 94 646 646 93 93 644 644 645 645 647 647 646 646 642 642 646 646 647 647 646 646 642 642 597 597 641 641 597 597 642 642 597 597 641 641 598 598 647 647 648 648 642 642 649 649 642 642 648 648 642 642 649 649 643 643 650 650 643 643 649 649 643 643 650 650 651 651 519 519 518 518 630 630 598 598 630 630 518 518 630 630 598 598 632 632 641 641 632 632 598 598 632 632 641 641 634 634 643 643 634 634 641 641 634 634 643 643 636 636 651 651 636 636 643 643 636 636 651 651 638 638 652 652 653 653 654 654 655 655 656 656 657 657 658 658 624 624 659 659 626 626 659 659 624 624 659 659 626 626 97 97 628 628 97 97 626 626 97 97 628 628 95 95 96 96 660 660 97 97 102 102 97 97 660 660 97 97 102 102 659 659 104 104 659 659 102 102 659 659 104 104 658 658 660 660 661 661 102 102 662 662 102 102 661 661 102 102 662 662 103 103 663 663 103 103 662 662 103 103 663 663 664 664 611 611 629 629 613 613 627 627 613 613 629 629 613 613 627 627 615 615 625 625 615 615 627 627 615 615 625 625 616 616 624 624 616 616 625 625 616 616 624 624 665 665 658 658 665 665 624 624 665 665 658 658 666 666 104 104 666 666 658 658 666 666 104 104 667 667 103 103 667 667 104 104 667 667 103 103 652 652 664 664 652 652 103 103 652 652 664 664 653 653 657 657 668 668 608 608 669 669 608 608 668 668 608 608 669 669 609 609 670 670 609 609 669 669 609 609 670 670 92 92 671 671 672 672 610 610 673 673 671 671 674 674 610 610 674 674 671 671 674 674 610 610 675 675 612 612 675 675 610 610 676 676 677 677 678 678 679 679 678 678 677 677 678 678 679 679 680 680 681 681 680 680 679 679 680 680 681 681 682 682 683 683 682 682 681 681 682 682 683 683 684 684 685 685 684 684 683 683 684 684 685 685 686 686 497 497 687 687 499 499 688 688 499 499 687 687 499 499 688 688 501 501 689 689 501 501 688 688 501 501 689 689 690 690 691 691 690 690 689 689 690 690 691 691 620 620 692 692 620 620 691 691 620 620 692 692 621 621 693 693 621 621 692 692 621 621 693 693 623 623 694 694 623 623 693 693 623 623 694 694 695 695 677 677 89 89 679 679 91 91 679 679 89 89 679 679 91 91 681 681 617 617 681 681 91 91 681 681 617 617 683 683 618 618 683 683 617 617 683 683 618 618 685 685 619 619 685 685 618 618 685 685 619 619 686 686 90 90 673 673 91 91 674 674 91 91 673 673 91 91 674 674 617 617 675 675 617 617 674 674 617 617 675 675 520 520 612 612 520 520 675 675 520 520 612 612 492 492 614 614 492 492 612 612 492 492 614 614 490 490 616 616 490 490 614 614 490 490 616 616 696 696 665 665 696 696 616 616 672 672 697 697 610 610 698 698 610 610 697 697 610 610 698 698 611 611 699 699 611 611 698 698 611 611 699 699 629 629 700 700 629 629 699 699 629 629 700 700 628 628 701 701 628 628 700 700 628 628 701 701 95 95 702 702 703 703 704 704 705 705 704 704 703 703 704 704 705 705 706 706 707 707 706 706 705 705 706 706 707 707 708 708 709 709 708 708 707 707 708 708 709 709 710 710 711 711 710 710 709 709 710 710 711 711 712 712 713 713 712 712 711 711 712 712 713 713 714 714 715 715 714 714 713 713 714 714 715 715 716 716 58 58 717 717 718 718 719 719 720 720 53 53 721 721 87 87 722 722 86 86 722 722 87 87 722 722 86 86 54 54 54 54 53 53 722 722 720 720 722 722 53 53 722 722 720 720 721 721 723 723 574 574 724 724 576 576 724 724 574 574 724 724 576 576 725 725 578 578 725 725 576 576 725 725 578 578 726 726 687 687 702 702 688 688 704 704 688 688 702 702 688 688 704 704 689 689 706 706 689 689 704 704 689 689 706 706 691 691 708 708 691 691 706 706 691 691 708 708 692 692 710 710 692 692 708 708 692 692 710 710 693 693 712 712 693 693 710 710 693 693 712 712 694 694 714 714 694 694 712 712 694 694 714 714 695 695 716 716 695 695 714 714 695 695 716 716 727 727 728 728 729 729 727 727 730 730 727 727 729 729 727 727 730 730 695 695 731 731 695 695 730 730 695 695 731 731 623 623 732 732 623 623 731 731 623 623 732 732 622 622 72 72 80 80 73 73 82 82 73 73 80 80 73 73 82 82 733 733 734 734 733 733 82 82 733 733 734 734 735 735 736 736 735 735 734 734 81 81 728 728 82 82 727 727 82 82 728 728 82 82 727 727 734 734 716 716 734 734 727 727 734 734 716 716 736 736 715 715 736 736 716 716 75 75 77 77 76 76 79 79 76 76 77 77 76 76 79 79 737 737 738 738 737 737 79 79 737 737 738 738 739 739 740 740 739 739 738 738 741 741 742 742 743 743 717 717 58 58 743 743 57 57 743 743 58 58 743 743 57 57 741 741 742 742 74 74 743 743 76 76 743 743 74 74 743 743 76 76 717 717 737 737 717 717 76 76 717 717 737 737 718 718 739 739 718 718 737 737 78 78 71 71 79 79 73 73 79 79 71 71 79 79 73 73 738 738 733 733 738 738 73 73 738 738 733 733 740 740 735 735 740 740 733 733 60 60 65 65 61 61 67 67 61 61 65 65 61 61 67 67 744 744 745 745 744 744 67 67 744 744 745 745 746 746 747 747 746 746 745 745 746 746 747 747 748 748 749 749 748 748 747 747 748 748 749 749 750 750 751 751 750 750 749 749 66 66 62 62 67 67 64 64 67 67 62 62 67 67 64 64 745 745 752 752 745 745 64 64 745 745 752 752 747 747 527 527 747 747 752 752 747 747 527 527 749 749 525 525 749 749 527 527 749 749 525 525 751 751 523 523 751 751 525 525 753 753 754 754 755 755 724 724 756 756 723 723 757 757 723 723 756 756 723 723 757 757 758 758 759 759 726 726 760 760 578 578 760 760 726 726 760 760 578 578 761 761 577 577 761 761 578 578 761 761 577 577 762 762 575 575 762 762 577 577 762 762 575 575 763 763 574 574 763 763 575 575 763 763 574 574 764 764 723 723 764 764 574 574 764 764 723 723 753 753 758 758 753 753 723 723 753 753 758 758 754 754 765 765 766 766 759 759 767 767 765 765 768 768 759 759 768 768 765 765 768 768 759 759 769 769 760 760 769 769 759 759 83 83 770 770 88 88 771 771 88 88 770 770 88 88 771 771 86 86 772 772 86 86 771 771 86 86 772 772 54 54 773 773 54 54 772 772 54 54 773 773 55 55 774 774 55 55 773 773 55 55 774 774 775 775 217 217 776 776 777 777 778 778 779 779 780 780 781 781 780 780 779 779 780 780 781 781 782 782 83 83 85 85 770 770 779 779 770 770 85 85 770 770 779 779 771 771 778 778 771 771 779 779 771 771 778 778 772 772 780 780 772 772 778 778 772 772 780 780 773 773 782 782 773 773 780 780 773 773 782 782 774 774 775 775 767 767 55 55 768 768 55 55 767 767 55 55 768 768 53 53 769 769 53 53 768 768 53 53 769 769 719 719 760 760 719 719 769 769 719 719 760 760 546 546 761 761 546 546 760 760 546 546 761 761 545 545 762 762 545 545 761 761 766 766 783 783 759 759 784 784 759 759 783 783 759 759 784 784 726 726 785 785 726 726 784 784 726 726 785 785 725 725 786 786 725 725 785 785 725 725 786 786 724 724 787 787 724 724 786 786 724 724 787 787 756 756 217 217 777 777 216 216 788 788 216 216 777 777 216 216 788 788 179 179 789 789 179 179 788 788 179 179 789 789 178 178 790 790 178 178 789 789 178 178 790 790 176 176 791 791 176 176 790 790 176 176 791 791 174 174 163 163 174 174 791 791 174 174 163 163 172 172 165 165 172 172 163 163 172 172 165 165 170 170 730 730 676 676 731 731 678 678 731 731 676 676 731 731 678 678 732 732 680 680 732 732 678 678 732 732 680 680 622 622 682 682 622 622 680 680 622 622 682 682 620 620 684 684 620 620 682 682 620 620 684 684 690 690 686 686 690 690 684 684 690 690 686 686 501 501 619 619 501 501 686 686 501 501 619 619 500 500 521 521 500 500 619 619 500 500 521 521 505 505 113 113 505 505 521 521 505 505 113 113 495 495 112 112 495 495 113 113 495 495 112 112 493 493 164 164 163 163 166 166 791 791 166 166 163 163 166 166 791 791 792 792 790 790 792 792 791 791 792 792 790 790 793 793 789 789 793 793 790 790 793 793 789 789 84 84 788 788 84 84 789 789 84 84 788 788 85 85 777 777 85 85 788 788 85 85 777 777 779 779 776 776 779 779 777 777 779 779 776 776 781 781 794 794 795 795 796 796 797 797 796 796 795 795 796 796 797 797 798 798 799 799 798 798 797 797 800 800 801 801 802 802 803 803 802 802 801 801 802 802 803 803 804 804 805 805 804 804 803 803 42 42 806 806 807 807 808 808 803 803 809 809 801 801 809 809 803 803 809 809 801 801 810 810 800 800 810 810 801 801 810 810 800 800 48 48 50 50 811 811 49 49 812 812 49 49 811 811 49 49 812 812 47 47 813 813 47 47 812 812 47 47 813 813 814 814 815 815 814 814 813 813 816 816 817 817 818 818 816 816 819 819 817 817 820 820 817 817 819 819 817 817 820 820 821 821 822 822 821 821 820 820 821 821 822 822 823 823 824 824 797 797 825 825 795 795 825 825 797 797 825 825 795 795 826 826 794 794 826 826 795 795 826 826 794 794 827 827 828 828 827 827 794 794 827 827 828 828 818 818 829 829 818 818 828 828 818 818 829 829 816 816 830 830 831 831 832 832 833 833 832 832 831 831 832 832 833 833 834 834 835 835 836 836 830 830 837 837 830 830 836 836 830 830 837 837 831 831 838 838 839 839 840 840 841 841 840 840 839 839 840 840 841 841 842 842 843 843 844 844 845 845 46 46 845 845 844 844 841 841 835 835 842 842 830 830 842 842 835 835 842 842 830 830 846 846 832 832 846 846 830 830 822 822 847 847 823 823 848 848 823 823 847 847 823 823 848 848 838 838 849 849 838 838 848 848 838 838 849 849 839 839 46 46 43 43 845 845 850 850 845 845 43 43 845 845 850 850 851 851 852 852 851 851 850 850 851 851 852 852 853 853 854 854 853 853 852 852 853 853 854 854 855 855 843 843 845 845 856 856 851 851 856 856 845 845 856 856 851 851 857 857 853 853 857 857 851 851 857 857 853 853 858 858 855 855 858 858 853 853 858 858 855 855 859 859 860 860 824 824 861 861 825 825 861 861 824 824 861 861 825 825 862 862 826 826 862 862 825 825 862 862 826 826 863 863 827 827 863 863 826 826 863 863 827 827 864 864 818 818 864 864 827 827 864 864 818 818 865 865 817 817 865 865 818 818 865 865 817 817 866 866 821 821 866 866 817 817 866 866 821 821 867 867 823 823 867 867 821 821 867 867 823 823 868 868 838 838 868 868 823 823 868 868 838 838 869 869 840 840 869 869 838 838 869 869 840 840 859 859 842 842 859 859 840 840 859 859 842 842 858 858 846 846 858 858 842 842 858 858 846 846 857 857 832 832 857 857 846 846 857 857 832 832 856 856 834 834 856 856 832 832 856 856 834 834 843 843 808 808 809 809 870 870 871 871 870 870 809 809 870 870 871 871 872 872 811 811 873 873 812 812 874 874 812 812 873 873 812 812 874 874 813 813 875 875 813 813 874 874 813 813 875 875 815 815 48 48 47 47 810 810 814 814 810 810 47 47 810 810 814 814 809 809 815 815 809 809 814 814 809 809 815 815 871 871 876 876 871 871 815 815 871 871 876 876 872 872 877 877 878 878 40 40 873 873 879 879 874 874 880 880 874 874 879 879 874 874 880 880 875 875 881 881 875 875 880 880 875 875 881 881 815 815 882 882 815 815 881 881 815 815 882 882 876 876 98 98 100 100 637 637 883 883 637 637 100 100 637 637 883 883 635 635 884 884 635 635 883 883 635 635 884 884 633 633 885 885 633 633 884 884 633 633 885 885 631 631 886 886 631 631 885 885 631 631 886 886 519 519 887 887 519 519 886 886 519 519 887 887 517 517 888 888 517 517 887 887 517 517 888 888 889 889 39 39 889 889 888 888 889 889 39 39 890 890 38 38 890 890 39 39 890 890 38 38 891 891 37 37 596 596 892 892 484 484 892 892 596 596 892 892 484 484 893 893 483 483 893 893 484 484 893 893 483 483 894 894 506 506 894 894 483 483 894 894 506 506 895 895 511 511 895 895 506 506 895 895 511 511 896 896 441 441 896 896 511 511 896 896 441 441 897 897 443 443 897 897 441 441 897 897 443 443 898 898 381 381 898 898 443 443 898 898 381 381 899 899 377 377 899 899 381 381 899 899 377 377 900 900 142 142 900 900 377 377 900 900 142 142 901 901 141 141 901 901 142 142 901 901 141 141 902 902 384 384 902 902 141 141 902 902 384 384 903 903 385 385 903 903 384 384 903 903 385 385 904 904 449 449 904 904 385 385 904 904 449 449 365 365 369 369 365 365 449 449 365 365 369 369 366 366 368 368 366 366 369 369 905 905 35 35 906 906 34 34 906 906 35 35 906 906 34 34 116 116 116 116 115 115 906 906 907 907 906 906 115 115 906 906 907 907 905 905 92 92 94 94 609 609 518 518 609 609 94 94 609 609 518 518 607 607 517 517 607 607 518 518 607 607 517 517 605 605 889 889 605 605 517 517 605 605 889 889 603 603 890 890 603 603 889 889 603 603 890 890 601 601 891 891 601 601 890 890 601 601 891 891 599 599 503 503 564 564 504 504 908 908 504 504 564 564 504 504 908 908 909 909 910 910 909 909 908 908 909 909 910 910 911 911 912 912 911 911 910 910 911 911 912 912 913 913 914 914 913 913 912 912 913 913 914 914 915 915 502 502 916 916 917 917 918 918 917 917 916 916 917 917 918 918 919 919 920 920 919 919 918 918 919 919 920 920 921 921 922 922 921 921 920 920 921 921 922 922 923 923 924 924 923 923 922 922 923 923 924 924 925 925 502 502 504 504 916 916 909 909 916 916 504 504 916 916 909 909 918 918 911 911 918 918 909 909 918 918 911 911 920 920 913 913 920 920 911 911 920 920 913 913 922 922 915 915 922 922 913 913 922 922 915 915 924 924 926 926 703 703 927 927 702 702 927 927 703 703 927 927 702 702 928 928 687 687 928 928 702 702 928 928 687 687 929 929 497 497 929 929 687 687 929 929 497 497 930 930 496 496 930 930 497 497 930 930 496 496 931 931 494 494 931 931 496 496 931 931 494 494 932 932 493 493 932 932 494 494 932 932 493 493 933 933 112 112 933 933 493 493 933 933 112 112 934 934 111 111 934 934 112 112 934 934 111 111 935 935 491 491 935 935 111 111 935 935 491 491 36 36 490 490 36 36 491 491 36 36 490 490 34 34 696 696 34 34 490 490 34 34 696 696 116 116 665 665 116 116 696 696 116 116 665 665 114 114 666 666 114 114 665 665 114 114 666 666 936 936 667 667 936 936 666 666 936 936 667 667 937 937 652 652 937 937 667 667 937 937 652 652 655 655 654 654 655 655 652 652 655 655 654 654 656 656 657 657 608 608 655 655 606 606 655 655 608 608 655 655 606 606 937 937 604 604 937 937 606 606 937 937 604 604 936 936 602 602 936 936 604 604 936 936 602 602 114 114 600 600 114 114 602 602 114 114 600 600 115 115 599 599 115 115 600 600 115 115 599 599 907 907 938 938 907 907 599 599 907 907 938 938 905 905 939 939 905 905 938 938 905 905 939 939 35 35 860 860 35 35 939 939 35 35 860 860 36 36 861 861 36 36 860 860 36 36 861 861 935 935 862 862 935 935 861 861 935 935 862 862 934 934 863 863 934 934 862 862 934 934 863 863 933 933 864 864 933 933 863 863 933 933 864 864 932 932 865 865 932 932 864 864 932 932 865 865 931 931 866 866 931 931 865 865 931 931 866 866 930 930 867 867 930 930 866 866 930 930 867 867 929 929 868 868 929 929 867 867 929 929 868 868 928 928 869 869 928 928 868 868 928 928 869 869 927 927 859 859 927 927 869 869 927 927 859 859 926 926 855 855 926 926 859 859 926 926 855 855 940 940 854 854 940 940 855 855 940 940 854 854 941 941 852 852 941 941 854 854 941 941 852 852 942 942 850 850 942 942 852 852 942 942 850 850 943 943 43 43 943 943 850 850 943 943 43 43 944 944 45 45 944 944 43 43 944 944 45 45 945 945 946 946 945 945 45 45 945 945 946 946 947 947 948 948 947 947 946 946 947 947 948 948 949 949 950 950 949 949 948 948 949 949 950 950 951 951 952 952 951 951 950 950 951 951 952 952 953 953 954 954 953 953 952 952 953 953 954 954 955 955 956 956 957 957 958 958 959 959 958 958 957 957 958 958 959 959 960 960 956 956 961 961 957 957 962 962 957 957 961 961 957 957 962 962 963 963 964 964 965 965 966 966 967 967 966 966 965 965 966 966 967 967 968 968 969 969 968 968 967 967 968 968 969 969 970 970 971 971 970 970 969 969 970 970 971 971 972 972 973 973 974 974 975 975 976 976 975 975 974 974 974 974 977 977 976 976 978 978 976 976 977 977 976 976 978 978 979 979 980 980 979 979 978 978 979 979 980 980 981 981 973 973 975 975 982 982 983 983 982 982 975 975 982 982 983 983 984 984 985 985 986 986 987 987 988 988 989 989 987 987 990 990 987 987 989 989 987 987 990 990 985 985 991 991 992 992 993 993 994 994 993 993 992 992 993 993 994 994 995 995 985 985 996 996 986 986 997 997 986 986 996 996 986 986 997 997 998 998 999 999 998 998 997 997 998 998 999 999 1000 1000 999 999 1001 1001 1000 1000 1002 1002 1000 1000 1001 1001 1000 1000 1002 1002 1003 1003 980 980 1004 1004 981 981 1005 1005 981 981 1004 1004 981 981 1005 1005 991 991 1006 1006 991 991 1005 1005 991 991 1006 1006 992 992 1007 1007 30 30 1008 1008 29 29 1008 1008 30 30 1008 1008 29 29 1009 1009 1009 1009 32 32 1008 1008 31 31 1008 1008 32 32 1008 1008 31 31 1007 1007 1010 1010 1007 1007 31 31 1010 1010 31 31 995 995 33 33 995 995 31 31 995 995 33 33 993 993 1011 1011 993 993 33 33 993 993 1011 1011 991 991 1012 1012 991 991 1011 1011 991 991 1012 1012 981 981 1013 1013 981 981 1012 1012 981 981 1013 1013 979 979 1014 1014 979 979 1013 1013 979 979 1014 1014 976 976 1015 1015 976 976 1014 1014 976 976 1015 1015 975 975 1016 1016 975 975 1015 1015 975 975 1016 1016 983 983 1017 1017 1018 1018 1019 1019 1020 1020 1019 1019 1018 1018 1019 1019 1020 1020 1021 1021 1022 1022 1021 1021 1020 1020 1021 1021 1022 1022 1023 1023 1024 1024 1023 1023 1022 1022 1023 1023 1024 1024 1025 1025 1026 1026 1027 1027 963 963 1028 1028 1017 1017 1029 1029 1019 1019 1029 1029 1017 1017 1029 1029 1019 1019 1030 1030 1021 1021 1030 1030 1019 1019 1030 1030 1021 1021 1031 1031 1023 1023 1031 1031 1021 1021 1031 1031 1023 1023 1032 1032 1025 1025 1032 1032 1023 1023 1032 1032 1025 1025 1033 1033 23 23 1026 1026 21 21 1034 1034 21 21 1026 1026 21 21 1034 1034 19 19 1035 1035 1028 1028 1036 1036 1029 1029 1036 1036 1028 1028 1036 1036 1029 1029 1037 1037 1030 1030 1037 1037 1029 1029 1037 1037 1030 1030 1038 1038 1031 1031 1038 1038 1030 1030 1038 1038 1031 1031 1039 1039 1032 1032 1039 1039 1031 1031 1039 1039 1032 1032 1040 1040 1033 1033 1040 1040 1032 1032 1040 1040 1033 1033 1041 1041 1027 1027 1026 1026 1042 1042 23 23 1042 1042 1026 1026 1042 1042 23 23 1043 1043 22 22 1043 1043 23 23 1043 1043 22 22 1044 1044 1045 1045 1044 1044 22 22 1044 1044 1045 1045 1046 1046 537 537 1035 1035 535 535 1036 1036 535 535 1035 1035 535 535 1036 1036 533 533 1037 1037 533 533 1036 1036 533 533 1037 1037 531 531 1038 1038 531 531 1037 1037 531 531 1038 1038 522 522 1039 1039 522 522 1038 1038 522 522 1039 1039 523 523 1040 1040 523 523 1039 1039 523 523 1040 1040 751 751 1041 1041 751 751 1040 1040 751 751 1041 1041 750 750 106 106 1046 1046 107 107 1045 1045 107 107 1046 1046 107 107 1045 1045 1047 1047 22 22 1047 1047 1045 1045 1047 1047 22 22 1048 1048 20 20 1048 1048 22 22 110 110 109 109 1049 1049 1050 1050 1049 1049 109 109 1049 1049 1050 1050 1051 1051 1052 1052 1051 1051 1050 1050 1051 1051 1052 1052 1053 1053 19 19 1053 1053 20 20 1052 1052 20 20 1053 1053 20 20 1052 1052 1048 1048 1050 1050 1048 1048 1052 1052 1048 1048 1050 1050 1047 1047 109 109 1047 1047 1050 1050 1047 1047 109 109 107 107 108 108 107 107 109 109 107 107 108 108 105 105 1054 1054 105 105 108 108 105 105 1054 1054 566 566 1018 1018 960 960 1020 1020 959 959 1020 1020 960 960 1020 1020 959 959 1022 1022 957 957 1022 1022 959 959 1022 1022 957 957 1024 1024 963 963 1024 1024 957 957 1024 1024 963 963 1025 1025 1027 1027 1025 1025 963 963 1025 1025 1027 1027 1033 1033 1042 1042 1033 1033 1027 1027 1033 1033 1042 1042 1041 1041 1043 1043 1041 1041 1042 1042 1041 1041 1043 1043 750 750 1044 1044 750 750 1043 1043 750 750 1044 1044 748 748 1046 1046 748 748 1044 1044 748 748 1046 1046 746 746 106 106 746 746 1046 1046 746 746 106 106 744 744 565 565 744 744 106 106 744 744 565 565 61 61 567 567 61 61 565 565 61 61 567 567 59 59 1055 1055 59 59 567 567 955 955 1056 1056 1057 1057 1058 1058 1057 1057 1056 1056 1057 1057 1058 1058 1059 1059 1060 1060 1059 1059 1058 1058 1059 1059 1060 1060 1061 1061 1062 1062 1061 1061 1060 1060 1061 1061 1062 1062 1063 1063 1064 1064 1063 1063 1062 1062 1063 1063 1064 1064 1065 1065 25 25 24 24 27 27 1066 1066 27 27 24 24 27 27 1066 1066 1067 1067 1068 1068 1067 1067 1066 1066 1067 1067 1068 1068 1069 1069 1070 1070 1069 1069 1068 1068 1069 1069 1070 1070 1071 1071 28 28 27 27 29 29 1067 1067 29 29 27 27 29 29 1067 1067 1009 1009 1069 1069 1009 1009 1067 1067 1009 1009 1069 1069 32 32 1071 1071 32 32 1069 1069 32 32 1071 1071 33 33 1072 1072 33 33 1071 1071 33 33 1072 1072 1011 1011 1073 1073 1011 1011 1072 1072 1011 1011 1073 1073 1012 1012 1074 1074 1012 1012 1073 1073 1012 1012 1074 1074 1013 1013 1075 1075 1013 1013 1074 1074 1013 1013 1075 1075 1014 1014 1076 1076 1014 1014 1075 1075 1014 1014 1076 1076 1015 1015 1077 1077 1015 1015 1076 1076 1015 1015 1077 1077 1016 1016 167 167 166 166 168 168 792 792 168 168 166 166 168 168 792 792 580 580 793 793 580 580 792 792 580 580 793 793 582 582 84 84 582 582 793 793 582 582 84 84 584 584 83 83 584 584 84 84 584 584 83 83 586 586 88 88 586 586 83 83 586 586 88 88 588 588 87 87 588 588 88 88 588 588 87 87 589 589 721 721 589 589 87 87 589 589 721 721 569 569 720 720 569 569 721 721 569 569 720 720 571 571 719 719 571 571 720 720 571 571 719 719 573 573 546 546 573 573 719 719 573 573 546 546 1078 1078 544 544 1078 1078 546 546 1078 1078 544 544 1079 1079 543 543 1079 1079 544 544 1079 1079 543 543 1080 1080 964 964 1080 1080 543 543 1080 1080 964 964 1081 1081 966 966 1081 1081 964 964 1081 1081 966 966 1082 1082 968 968 1082 1082 966 966 1082 1082 968 968 1083 1083 970 970 1083 1083 968 968 1083 1083 970 970 1084 1084 972 972 1084 1084 970 970 1084 1084 972 972 1085 1085 961 961 1085 1085 962 962 972 972 962 962 1085 1085 962 962 972 972 963 963 971 971 963 963 972 972 963 963 971 971 1026 1026 969 969 1026 1026 971 971 1026 1026 969 969 1034 1034 967 967 1034 1034 969 969 1034 1034 967 967 19 19 965 965 19 19 967 967 19 19 965 965 1053 1053 964 964 1053 1053 965 965 1053 1053 964 964 1051 1051 543 543 1051 1051 964 964 1051 1051 543 543 1049 1049 545 545 1049 1049 543 543 1049 1049 545 545 110 110 762 762 110 110 545 545 110 110 762 762 108 108 763 763 108 108 762 762 108 108 763 763 1054 1054 764 764 1054 1054 763 763 1054 1054 764 764 566 566 753 753 566 566 764 764 566 566 753 753 567 567 755 755 567 567 753 753 567 567 755 755 1055 1055 63 63 68 68 64 64 70 70 64 64 68 68 64 64 70 70 752 752 547 547 752 752 70 70 752 752 547 547 527 527 549 549 527 527 547 547 527 527 549 549 526 526 551 551 526 526 549 549 526 526 551 551 528 528 553 553 528 528 551 551 528 528 553 553 538 538 555 555 538 538 553 553 538 538 555 555 539 539 557 557 539 539 555 555 539 539 557 557 540 540 559 559 540 540 557 557 540 540 559 559 541 541 561 561 541 541 559 559 541 541 561 561 542 542 563 563 542 542 561 561 542 542 563 563 536 536 503 503 536 536 563 563 536 536 503 503 537 537 502 502 537 537 503 503 537 537 502 502 1035 1035 917 917 1035 1035 502 502 1035 1035 917 917 1028 1028 919 919 1028 1028 917 917 1028 1028 919 919 1017 1017 921 921 1017 1017 919 919 1017 1017 921 921 1018 1018 923 923 1018 1018 921 921 1018 1018 923 923 960 960 925 925 960 960 923 923 960 960 925 925 958 958 1086 1086 1087 1087 1088 1088 1089 1089 1088 1088 1087 1087 1087 1087 1090 1090 1089 1089 1091 1091 1089 1089 1090 1090 1089 1089 1091 1091 1092 1092 1093 1093 1092 1092 1091 1091 1092 1092 1093 1093 1094 1094 1086 1086 1088 1088 1095 1095 1096 1096 1095 1095 1088 1088 1095 1095 1096 1096 1097 1097 1098 1098 1099 1099 1100 1100 1101 1101 1100 1100 1099 1099 1100 1100 1101 1101 1102 1102 1103 1103 1104 1104 1098 1098 1105 1105 1098 1098 1104 1104 1098 1098 1105 1105 1099 1099 1106 1106 1107 1107 1108 1108 1109 1109 1108 1108 1107 1107 1108 1108 1109 1109 1110 1110 1111 1111 1102 1102 1112 1112 1112 1112 1113 1113 1114 1114 18 18 1114 1114 1113 1113 1109 1109 1103 1103 1110 1110 1098 1098 1110 1110 1103 1103 1110 1110 1098 1098 1115 1115 1100 1100 1115 1115 1098 1098 1093 1093 1116 1116 1094 1094 1117 1117 1094 1094 1116 1116 1094 1094 1117 1117 1106 1106 1118 1118 1106 1106 1117 1117 1106 1106 1118 1118 1107 1107 994 994 988 988 995 995 987 987 995 995 988 988 995 995 987 987 1010 1010 986 986 1010 1010 987 987 1010 1010 986 986 1007 1007 998 998 1007 1007 986 986 1007 1007 998 998 30 30 1000 1000 30 30 998 998 30 30 1000 1000 28 28 1003 1003 28 28 1000 1000 28 28 1003 1003 25 25 1119 1119 25 25 1003 1003 25 25 1119 1119 26 26 1120 1120 26 26 1119 1119 26 26 1120 1120 1121 1121 1121 1121 1122 1122 26 26 1123 1123 26 26 1122 1122 26 26 1123 1123 24 24 1124 1124 24 24 1123 1123 24 24 1124 1124 1066 1066 1125 1125 1066 1066 1124 1124 1066 1066 1125 1125 1068 1068 1126 1126 1068 1068 1125 1125 1068 1068 1126 1126 1070 1070 1127 1127 1070 1070 1126 1126 1070 1070 1127 1127 1071 1071 1128 1128 1071 1071 1127 1127 1071 1071 1128 1128 1072 1072 1129 1129 1072 1072 1128 1128 1072 1072 1129 1129 1073 1073 1130 1130 1073 1073 1129 1129 1073 1073 1130 1130 1074 1074 1131 1131 1074 1074 1130 1130 1074 1074 1131 1131 1075 1075 1132 1132 1075 1075 1131 1131 1075 1075 1132 1132 1076 1076 1133 1133 1076 1076 1132 1132 1076 1076 1133 1133 1077 1077 1002 1002 1134 1134 1003 1003 1135 1135 1003 1003 1134 1134 1003 1003 1135 1135 1119 1119 1136 1136 1119 1119 1135 1135 1119 1119 1136 1136 1120 1120 1137 1137 1120 1120 1136 1136 1120 1120 1137 1137 1121 1121 1138 1138 1121 1121 1137 1137 1121 1121 1138 1138 1139 1139 1139 1139 1140 1140 1121 1121 1141 1141 1121 1121 1140 1140 1121 1121 1141 1141 1122 1122 1142 1142 1122 1122 1141 1141 1122 1122 1142 1142 1123 1123 1143 1143 1123 1123 1142 1142 1123 1123 1143 1143 1124 1124 1144 1144 1124 1124 1143 1143 1124 1124 1144 1144 1125 1125 1145 1145 1125 1125 1144 1144 1125 1125 1145 1145 1126 1126 1146 1146 1126 1126 1145 1145 1126 1126 1146 1146 1127 1127 1147 1147 1127 1127 1146 1146 1127 1127 1147 1147 1128 1128 1148 1148 1149 1149 1150 1150 1151 1151 1150 1150 1149 1149 1150 1150 1151 1151 1152 1152 1153 1153 1152 1152 1151 1151 1152 1152 1153 1153 1154 1154 1155 1155 1154 1154 1153 1153 1154 1154 1155 1155 1156 1156 1157 1157 1156 1156 1155 1155 1156 1156 1157 1157 1158 1158 18 18 16 16 1114 1114 1159 1159 1114 1114 16 16 1114 1114 1159 1159 1160 1160 1161 1161 1160 1160 1159 1159 1160 1160 1161 1161 1162 1162 1163 1163 1162 1162 1161 1161 1162 1162 1163 1163 1164 1164 1112 1112 1114 1114 1111 1111 1160 1160 1111 1111 1114 1114 1111 1111 1160 1160 1165 1165 1162 1162 1165 1165 1160 1160 1165 1165 1162 1162 1166 1166 1164 1164 1166 1166 1162 1162 1166 1166 1164 1164 1167 1167 1102 1102 1111 1111 1100 1100 1165 1165 1100 1100 1111 1111 1100 1100 1165 1165 1115 1115 1166 1166 1115 1115 1165 1165 1115 1115 1166 1166 1110 1110 1167 1167 1110 1110 1166 1166 1110 1110 1167 1167 1108 1108 1168 1168 1108 1108 1167 1167 1108 1108 1168 1168 1106 1106 1169 1169 1106 1106 1168 1168 1106 1106 1169 1169 1094 1094 1170 1170 1094 1094 1169 1169 1094 1094 1170 1170 1092 1092 1171 1171 1092 1092 1170 1170 1092 1092 1171 1171 1089 1089 1172 1172 1089 1089 1171 1171 1089 1089 1172 1172 1088 1088 1173 1173 1088 1088 1172 1172 1088 1088 1173 1173 1096 1096 1174 1174 1175 1175 1176 1176 1177 1177 1176 1176 1175 1175 1175 1175 1178 1178 1177 1177 1179 1179 1177 1177 1178 1178 1177 1177 1179 1179 1180 1180 1181 1181 1180 1180 1179 1179 1180 1180 1181 1181 1182 1182 1174 1174 1176 1176 1183 1183 1184 1184 1183 1183 1176 1176 1183 1183 1184 1184 1185 1185 1186 1186 1187 1187 1188 1188 1189 1189 1188 1188 1187 1187 1188 1188 1189 1189 1190 1190 1191 1191 1192 1192 1186 1186 1193 1193 1186 1186 1192 1192 1186 1186 1193 1193 1187 1187 1194 1194 1195 1195 1196 1196 1197 1197 1196 1196 1195 1195 1196 1196 1197 1197 1198 1198 1199 1199 1190 1190 1200 1200 1200 1200 1201 1201 1202 1202 12 12 1202 1202 1201 1201 1197 1197 1191 1191 1198 1198 1186 1186 1198 1198 1191 1191 1198 1198 1186 1186 1203 1203 1188 1188 1203 1203 1186 1186 1181 1181 1204 1204 1182 1182 1205 1205 1182 1182 1204 1204 1182 1182 1205 1205 1194 1194 1206 1206 1194 1194 1205 1205 1194 1194 1206 1206 1195 1195 13 13 1207 1207 1208 1208 1209 1209 1208 1208 1207 1207 1208 1208 1209 1209 1210 1210 1211 1211 1212 1212 1213 1213 1207 1207 1214 1214 1209 1209 1215 1215 1209 1209 1214 1214 1209 1209 1215 1215 1216 1216 1217 1217 1218 1218 1219 1219 1220 1220 1219 1219 1218 1218 1219 1219 1220 1220 1221 1221 1222 1222 1221 1221 1220 1220 1221 1221 1222 1222 1223 1223 1224 1224 1223 1223 1222 1222 1223 1223 1224 1224 1225 1225 1226 1226 1225 1225 1224 1224 1225 1225 1226 1226 1227 1227 12 12 9 9 1202 1202 1228 1228 1202 1202 9 9 1202 1202 1228 1228 1229 1229 1230 1230 1229 1229 1228 1228 1229 1229 1230 1230 1231 1231 1232 1232 1231 1231 1230 1230 1231 1231 1232 1232 1233 1233 1200 1200 1202 1202 1199 1199 1229 1229 1199 1199 1202 1202 1199 1199 1229 1229 1234 1234 1231 1231 1234 1234 1229 1229 1234 1234 1231 1231 1235 1235 1233 1233 1235 1235 1231 1231 1235 1235 1233 1233 1236 1236 1190 1190 1199 1199 1188 1188 1234 1234 1188 1188 1199 1199 1188 1188 1234 1234 1203 1203 1235 1235 1203 1203 1234 1234 1203 1203 1235 1235 1198 1198 1236 1236 1198 1198 1235 1235 1198 1198 1236 1236 1196 1196 1237 1237 1196 1196 1236 1236 1196 1196 1237 1237 1194 1194 1238 1238 1194 1194 1237 1237 1194 1194 1238 1238 1182 1182 1239 1239 1182 1182 1238 1238 1182 1182 1239 1239 1180 1180 1240 1240 1180 1180 1239 1239 1180 1180 1240 1240 1177 1177 1241 1241 1177 1177 1240 1240 1177 1177 1241 1241 1176 1176 1242 1242 1176 1176 1241 1241 1176 1176 1242 1242 1184 1184 1135 1135 1243 1243 1136 1136 1244 1244 1136 1136 1243 1243 1136 1136 1244 1244 1137 1137 1245 1245 1137 1137 1244 1244 1137 1137 1245 1245 1138 1138 1246 1246 1138 1138 1245 1245 1138 1138 1246 1246 1139 1139 1247 1247 1139 1139 1246 1246 1139 1139 1247 1247 1248 1248 1248 1248 1249 1249 1139 1139 1250 1250 1139 1139 1249 1249 1139 1139 1250 1250 1140 1140 1251 1251 1140 1140 1250 1250 1140 1140 1251 1251 1141 1141 1252 1252 1141 1141 1251 1251 1141 1141 1252 1252 1142 1142 1253 1253 1142 1142 1252 1252 1142 1142 1253 1253 1143 1143 1254 1254 1143 1143 1253 1253 1143 1143 1254 1254 1144 1144 1255 1255 1144 1144 1254 1254 1144 1144 1255 1255 1145 1145 1256 1256 1145 1145 1255 1255 1145 1145 1256 1256 1146 1146 1257 1257 1146 1146 1256 1256 1146 1146 1257 1257 1147 1147 1258 1258 1148 1148 1259 1259 1150 1150 1259 1259 1148 1148 1259 1259 1150 1150 1260 1260 1152 1152 1260 1260 1150 1150 1260 1260 1152 1152 1261 1261 1154 1154 1261 1261 1152 1152 1261 1261 1154 1154 1262 1262 1156 1156 1262 1262 1154 1154 1262 1262 1156 1156 1263 1263 1158 1158 1263 1263 1156 1156 1264 1264 1265 1265 1266 1266 1158 1158 1267 1267 1263 1263 1248 1248 1263 1263 1267 1267 1263 1263 1248 1248 1262 1262 1247 1247 1262 1262 1248 1248 1262 1262 1247 1247 1261 1261 1246 1246 1261 1261 1247 1247 1261 1261 1246 1246 1260 1260 1245 1245 1260 1260 1246 1246 1260 1260 1245 1245 1259 1259 1244 1244 1259 1259 1245 1245 1259 1259 1244 1244 1258 1258 1243 1243 1258 1258 1244 1244 1267 1267 1268 1268 1248 1248 1269 1269 1248 1248 1268 1268 1248 1248 1269 1269 1249 1249 1270 1270 1249 1249 1269 1269 1249 1249 1270 1270 1250 1250 1271 1271 1250 1250 1270 1270 1250 1250 1271 1271 1251 1251 1272 1272 1251 1251 1271 1271 1251 1251 1272 1272 1252 1252 1273 1273 1252 1252 1272 1272 1252 1252 1273 1273 1253 1253 1274 1274 1253 1253 1273 1273 1253 1253 1274 1274 1254 1254 1275 1275 1254 1254 1274 1274 1254 1254 1275 1275 1255 1255 1276 1276 1255 1255 1275 1275 1255 1255 1276 1276 1256 1256 1277 1277 1256 1256 1276 1276 1256 1256 1277 1277 1257 1257 1278 1278 1279 1279 1280 1280 1281 1281 1280 1280 1279 1279 1280 1280 1281 1281 1282 1282 1283 1283 1282 1282 1281 1281 1282 1282 1283 1283 1284 1284 1285 1285 1284 1284 1283 1283 1284 1284 1285 1285 1286 1286 1287 1287 1286 1286 1285 1285 1286 1286 1287 1287 1288 1288 13 13 1208 1208 14 14 1210 1210 14 14 1208 1208 14 14 1210 1210 1289 1289 1290 1290 1289 1289 1210 1210 1289 1289 1290 1290 1291 1291 1292 1292 1291 1291 1290 1290 1291 1291 1292 1292 1293 1293 1294 1294 1293 1293 1292 1292 1293 1293 1294 1294 1295 1295 1296 1296 1295 1295 1294 1294 1295 1295 1296 1296 1297 1297 15 15 14 14 16 16 1289 1289 16 16 14 14 16 16 1289 1289 1159 1159 1291 1291 1159 1159 1289 1289 1159 1159 1291 1291 1161 1161 1293 1293 1161 1161 1291 1291 1161 1161 1293 1293 1163 1163 1295 1295 1163 1163 1293 1293 1163 1163 1295 1295 1164 1164 1297 1297 1164 1164 1295 1295 1164 1164 1297 1297 1167 1167 1298 1298 1167 1167 1297 1297 1167 1167 1298 1298 1168 1168 1299 1299 1168 1168 1298 1298 1168 1168 1299 1299 1169 1169 1300 1300 1169 1169 1299 1299 1169 1169 1300 1300 1170 1170 1301 1301 1170 1170 1300 1300 1170 1170 1301 1301 1171 1171 1302 1302 1171 1171 1301 1301 1171 1171 1302 1302 1172 1172 1303 1303 1172 1172 1302 1302 1172 1172 1303 1303 1173 1173 153 153 155 155 237 237 1304 1304 237 237 155 155 237 237 1304 1304 235 235 1305 1305 235 235 1304 1304 235 235 1305 1305 233 233 1306 1306 233 233 1305 1305 233 233 1306 1306 231 231 1307 1307 231 231 1306 1306 231 231 1307 1307 182 182 1308 1308 182 182 1307 1307 182 182 1308 1308 180 180 1309 1309 180 180 1308 1308 180 180 1309 1309 1310 1310 2 2 1310 1310 1309 1309 1310 1310 2 2 1311 1311 1 1 1311 1311 2 2 1311 1311 1 1 1312 1312 0 0 224 224 1313 1313 170 170 1313 1313 224 224 1313 1313 170 170 1314 1314 165 165 1314 1314 170 170 1314 1314 165 165 1315 1315 164 164 1315 1315 165 165 1315 1315 164 164 1316 1316 167 167 1316 1316 164 164 1316 1316 167 167 1317 1317 169 169 1317 1317 167 167 1317 1317 169 169 1318 1318 579 579 1318 1318 169 169 1318 1318 579 579 1319 1319 581 581 1319 1319 579 579 1319 1319 581 581 1320 1320 583 583 1320 1320 581 581 1320 1320 583 583 1321 1321 585 585 1321 1321 583 583 1321 1321 585 585 1322 1322 587 587 1322 1322 585 585 1322 1322 587 587 1323 1323 568 568 1323 1323 587 587 1323 1323 568 568 1324 1324 570 570 1324 1324 568 568 1324 1324 570 570 1325 1325 572 572 1325 1325 570 570 1325 1325 572 572 1065 1065 573 573 1065 1065 572 572 1065 1065 573 573 1063 1063 1078 1078 1063 1063 573 573 1063 1063 1078 1078 1061 1061 1079 1079 1061 1061 1078 1078 1061 1061 1079 1079 1059 1059 1080 1080 1059 1059 1079 1079 1059 1059 1080 1080 1057 1057 1081 1081 1057 1057 1080 1080 1057 1057 1081 1081 955 955 1082 1082 955 955 1081 1081 955 955 1082 1082 953 953 1083 1083 953 953 1082 1082 953 953 1083 1083 951 951 1084 1084 951 951 1083 1083 951 951 1084 1084 949 949 1085 1085 949 949 1084 1084 949 949 1085 1085 947 947 961 961 947 947 1085 1085 947 947 961 961 945 945 956 956 945 945 961 961 945 945 956 956 944 944 958 958 944 944 956 956 944 944 958 958 943 943 925 925 943 943 958 958 943 943 925 925 942 942 924 924 942 942 925 925 942 942 924 924 941 941 915 915 941 941 924 924 941 941 915 915 940 940 914 914 940 940 915 915 940 940 914 914 926 926 912 912 926 926 914 914 926 926 912 912 703 703 910 910 703 703 912 912 703 703 910 910 705 705 908 908 705 705 910 910 705 705 908 908 707 707 564 564 707 707 908 908 707 707 564 564 709 709 562 562 709 709 564 564 709 709 562 562 711 711 560 560 711 711 562 562 711 711 560 560 713 713 558 558 713 713 560 560 713 713 558 558 715 715 556 556 715 715 558 558 715 715 556 556 736 736 554 554 736 736 556 556 736 736 554 554 735 735 552 552 735 735 554 554 735 735 552 552 740 740 550 550 740 740 552 552 740 740 550 550 739 739 548 548 739 739 550 550 739 739 548 548 718 718 547 547 718 718 548 548 718 718 547 547 58 58 70 70 58 58 547 547 58 58 70 70 56 56 69 69 56 56 70 70 1266 1266 1326 1326 1327 1327 1328 1328 1327 1327 1326 1326 1327 1327 1328 1328 1329 1329 1330 1330 5 5 1264 1264 4 4 1264 1264 5 5 1264 1264 4 4 1265 1265 1331 1331 1265 1265 4 4 1265 1265 1331 1331 1332 1332 1333 1333 1332 1332 1331 1331 1332 1332 1333 1333 1334 1334 161 161 1334 1334 1333 1333 1334 1334 161 161 1335 1335 160 160 1335 1335 161 161 1266 1266 1265 1265 1326 1326 1332 1332 1326 1326 1265 1265 1326 1326 1332 1332 1328 1328 1334 1334 1328 1328 1332 1332 1328 1328 1334 1334 1329 1329 1335 1335 1329 1329 1334 1334 1329 1329 1335 1335 1336 1336 160 160 1336 1336 1335 1335 1336 1336 160 160 1337 1337 261 261 1337 1337 160 160 1337 1337 261 261 1338 1338 263 263 1338 1338 261 261 1338 1338 263 263 1339 1339 252 252 1339 1339 263 263 1339 1339 252 252 277 277 254 254 277 277 252 252 277 277 254 254 278 278 150 150 152 152 277 277 181 181 277 277 152 152 277 277 181 181 1339 1339 180 180 1339 1339 181 181 1339 1339 180 180 1338 1338 1310 1310 1338 1338 180 180 1338 1338 1310 1310 1337 1337 1311 1311 1337 1337 1310 1310 1337 1337 1311 1311 1336 1336 1312 1312 1336 1336 1311 1311 1336 1336 1312 1312 1329 1329 1213 1213 1212 1212 1340 1340 1341 1341 1340 1340 1212 1212 1340 1340 1341 1341 1342 1342 1343 1343 1342 1342 1341 1341 1342 1342 1343 1343 1344 1344 1345 1345 1344 1344 1343 1343 1344 1344 1345 1345 1346 1346 1347 1347 1346 1346 1345 1345 1346 1346 1347 1347 1348 1348 1349 1349 1348 1348 1347 1347 1348 1348 1349 1349 1350 1350 1216 1216 1211 1211 1209 1209 1213 1213 1209 1209 1211 1211 1209 1209 1213 1213 1210 1210 1340 1340 1210 1210 1213 1213 1210 1210 1340 1340 1290 1290 1342 1342 1290 1290 1340 1340 1290 1290 1342 1342 1292 1292 1344 1344 1292 1292 1342 1342 1292 1292 1344 1344 1294 1294 1346 1346 1294 1294 1344 1344 1294 1294 1346 1346 1296 1296 1348 1348 1296 1296 1346 1346 1296 1296 1348 1348 1297 1297 1350 1350 1297 1297 1348 1348 1297 1297 1350 1350 1298 1298 1351 1351 1298 1298 1350 1350 1298 1298 1351 1351 1299 1299 1352 1352 1299 1299 1351 1351 1299 1299 1352 1352 1300 1300 1353 1353 1300 1300 1352 1352 1300 1300 1353 1353 1301 1301 1354 1354 1301 1301 1353 1353 1301 1301 1354 1354 1302 1302 1355 1355 1302 1302 1354 1354 1302 1302 1355 1355 1303 1303 257 257 259 259 255 255 262 262 255 255 259 259 255 255 262 262 276 276 162 162 276 276 262 262 276 276 162 162 275 275 161 161 275 275 162 162 275 275 161 161 274 274 1333 1333 274 274 161 161 274 274 1333 1333 311 311 1331 1331 311 311 1333 1333 311 311 1331 1331 186 186 4 4 186 186 1331 1331 186 186 4 4 187 187 3 3 187 187 4 4 187 187 3 3 189 189 15 15 1356 1356 13 13 1357 1357 13 13 1356 1356 13 13 1357 1357 1207 1207 1358 1358 1207 1207 1357 1357 1207 1207 1358 1358 1214 1214 1359 1359 1214 1214 1358 1358 1214 1214 1359 1359 1215 1215 1360 1360 1215 1215 1359 1359 1215 1215 1360 1360 1361 1361 1361 1361 1362 1362 1215 1215 1363 1363 1215 1215 1362 1362 1215 1215 1363 1363 1216 1216 1364 1364 1216 1216 1363 1363 1216 1216 1364 1364 1211 1211 1365 1365 1211 1211 1364 1364 1211 1211 1365 1365 1212 1212 1366 1366 1212 1212 1365 1365 1212 1212 1366 1366 1341 1341 1367 1367 1341 1341 1366 1366 1341 1341 1367 1367 1343 1343 1368 1368 1343 1343 1367 1367 1343 1343 1368 1368 1345 1345 1369 1369 1345 1345 1368 1368 1345 1345 1369 1369 1347 1347 1370 1370 1347 1347 1369 1369 1347 1347 1370 1370 1349 1349 1371 1371 1217 1217 1372 1372 1219 1219 1372 1372 1217 1217 1372 1372 1219 1219 1373 1373 1221 1221 1373 1373 1219 1219 1373 1373 1221 1221 1374 1374 1223 1223 1374 1374 1221 1221 1374 1374 1223 1223 1375 1375 1225 1225 1375 1375 1223 1223 1375 1375 1225 1225 1376 1376 1227 1227 1376 1376 1225 1225 1377 1377 1378 1378 1379 1379 1227 1227 1380 1380 1376 1376 1361 1361 1376 1376 1380 1380 1376 1376 1361 1361 1375 1375 1360 1360 1375 1375 1361 1361 1375 1375 1360 1360 1374 1374 1359 1359 1374 1374 1360 1360 1374 1374 1359 1359 1373 1373 1358 1358 1373 1373 1359 1359 1373 1373 1358 1358 1372 1372 1357 1357 1372 1372 1358 1358 1372 1372 1357 1357 1371 1371 1356 1356 1371 1371 1357 1357 1380 1380 1381 1381 1361 1361 1382 1382 1361 1361 1381 1381 1361 1361 1382 1382 1362 1362 1383 1383 1362 1362 1382 1382 1362 1362 1383 1383 1363 1363 1384 1384 1363 1363 1383 1383 1363 1363 1384 1384 1364 1364 1385 1385 1364 1364 1384 1384 1364 1364 1385 1385 1365 1365 1386 1386 1365 1365 1385 1385 1365 1365 1386 1386 1366 1366 1387 1387 1366 1366 1386 1386 1366 1366 1387 1387 1367 1367 1388 1388 1367 1367 1387 1387 1367 1367 1388 1388 1368 1368 1389 1389 1368 1368 1388 1388 1368 1368 1389 1389 1369 1369 1390 1390 1369 1369 1389 1389 1369 1369 1390 1390 1370 1370 1391 1391 7 7 1392 1392 6 6 1392 1392 7 7 1392 1392 6 6 1393 1393 1394 1394 1395 1395 8 8 1396 1396 8 8 1395 1395 8 8 1396 1396 6 6 1397 1397 6 6 1396 1396 6 6 1397 1397 1393 1393 1398 1398 1393 1393 1397 1397 50 50 49 49 51 51 48 48 51 51 49 49 51 51 48 48 1399 1399 800 800 1399 1399 48 48 1399 1399 800 800 1400 1400 802 802 1400 1400 800 800 1400 1400 802 802 1401 1401 804 804 1401 1401 802 802 1401 1401 804 804 1402 1402 805 805 1402 1402 804 804 1402 1402 805 805 1403 1403 1404 1404 1403 1403 805 805 1403 1403 1404 1404 1405 1405 1406 1406 1405 1405 1404 1404 1405 1405 1406 1406 1407 1407 1408 1408 1407 1407 1406 1406 1407 1407 1408 1408 1409 1409 1410 1410 1409 1409 1408 1408 1409 1409 1410 1410 1411 1411 52 52 51 51 1412 1412 1399 1399 1412 1412 51 51 1412 1412 1399 1399 1413 1413 1400 1400 1413 1413 1399 1399 1413 1413 1400 1400 1414 1414 1401 1401 1414 1414 1400 1400 1414 1414 1401 1401 11 11 1402 1402 11 11 1401 1401 11 11 1402 1402 9 9 1403 1403 9 9 1402 1402 9 9 1403 1403 1228 1228 1405 1405 1228 1228 1403 1403 1228 1228 1405 1405 1230 1230 1407 1407 1230 1230 1405 1405 1230 1230 1407 1407 1232 1232 1409 1409 1232 1232 1407 1407 1232 1232 1409 1409 1233 1233 1411 1411 1233 1233 1409 1409 1233 1233 1411 1411 1236 1236 1415 1415 1236 1236 1411 1411 1236 1236 1415 1415 1237 1237 1416 1416 1237 1237 1415 1415 1237 1237 1416 1416 1238 1238 1417 1417 1238 1238 1416 1416 1238 1238 1417 1417 1239 1239 1418 1418 1239 1239 1417 1417 1239 1239 1418 1418 1240 1240 1419 1419 1240 1240 1418 1418 1240 1240 1419 1419 1241 1241 1420 1420 1241 1241 1419 1419 1241 1241 1420 1420 1242 1242 1379 1379 1421 1421 1422 1422 1423 1423 1422 1422 1421 1421 1422 1422 1423 1423 1424 1424 1394 1394 8 8 1425 1425 7 7 1425 1425 8 8 1425 1425 7 7 1377 1377 1391 1391 1377 1377 7 7 1377 1377 1391 1391 1378 1378 1426 1426 1378 1378 1391 1391 1378 1378 1426 1426 1427 1427 1428 1428 1427 1427 1426 1426 1427 1427 1428 1428 1429 1429 1379 1379 1378 1378 1421 1421 1427 1427 1421 1421 1378 1378 1421 1421 1427 1427 1423 1423 1429 1429 1423 1423 1427 1427 1423 1423 1429 1429 1424 1424 1428 1428 332 332 1429 1429 330 330 1429 1429 332 332 1429 1429 330 330 1424 1424 329 329 1424 1424 330 330 1424 1424 329 329 1430 1430 334 334 1430 1430 329 329 1430 1430 334 334 1431 1431 355 355 1431 1431 334 334 1431 1431 355 355 1432 1432 397 397 1432 1432 355 355 1432 1432 397 397 1433 1433 323 323 1433 1433 397 397 1433 1433 323 323 1434 1434 322 322 1434 1434 323 323 1434 1434 322 322 1435 1435 338 338 1435 1435 322 322 1435 1435 338 338 1436 1436 343 343 1436 1436 338 338 1436 1436 343 343 1437 1437 284 284 1437 1437 343 343 1437 1437 284 284 1438 1438 286 286 1438 1438 284 284 1438 1438 286 286 1439 1439 202 202 1439 1439 286 286 1439 1439 202 202 1440 1440 198 198 1440 1440 202 202 1440 1440 198 198 1441 1441 158 158 1441 1441 198 198 1441 1441 158 158 1442 1442 157 157 1442 1442 158 158 1442 1442 157 157 1443 1443 205 205 1443 1443 157 157 1443 1443 205 205 1444 1444 206 206 1444 1444 205 205 1444 1444 206 206 1445 1445 292 292 1445 1445 206 206 1445 1445 292 292 1288 1288 190 190 1288 1288 292 292 1288 1288 190 190 1286 1286 189 189 1286 1286 190 190 1286 1286 189 189 1284 1284 3 3 1284 1284 189 189 1284 1284 3 3 1282 1282 5 5 1282 1282 3 3 1282 1282 5 5 1280 1280 1330 1330 1280 1280 5 5 1280 1280 1330 1330 1278 1278 807 807 806 806 1446 1446 1447 1447 1446 1446 806 806 1446 1446 1447 1447 1448 1448 1449 1449 1448 1448 1447 1447 1448 1448 1449 1449 1450 1450 1451 1451 1450 1450 1449 1449 1450 1450 1451 1451 1452 1452 1453 1453 1452 1452 1451 1451 1452 1452 1453 1453 1454 1454 1455 1455 1454 1454 1453 1453 1454 1454 1455 1455 1456 1456 40 40 878 878 41 41 1457 1457 41 41 878 878 41 41 1457 1457 1458 1458 1459 1459 1458 1458 1457 1457 1458 1458 1459 1459 1460 1460 1461 1461 1460 1460 1459 1459 1460 1460 1461 1461 1462 1462 1463 1463 1462 1462 1461 1461 1462 1462 1463 1463 1464 1464 1465 1465 1464 1464 1463 1463 1464 1464 1465 1465 1466 1466 126 126 128 128 421 421 337 337 421 421 128 128 421 421 337 337 435 435 333 333 435 435 337 337 435 435 333 333 434 434 332 332 434 434 333 333 434 434 332 332 433 433 1428 1428 433 433 332 332 433 433 1428 1428 468 468 1426 1426 468 468 1428 1428 468 468 1426 1426 362 362 1391 1391 362 362 1426 1426 362 362 1391 1391 363 363 1392 1392 363 363 1391 1391 363 363 1392 1392 368 368 1393 1393 368 368 1392 1392 368 368 1393 1393 366 366 1398 1398 366 366 1393 1393 366 366 1398 1398 367 367 42 42 41 41 806 806 1458 1458 806 806 41 41 806 806 1458 1458 1447 1447 1460 1460 1447 1447 1458 1458 1447 1447 1460 1460 1449 1449 1462 1462 1449 1449 1460 1460 1449 1449 1462 1462 1451 1451 1464 1464 1451 1451 1462 1462 1451 1451 1464 1464 1453 1453 1466 1466 1453 1453 1464 1464 1453 1453 1466 1466 1455 1455 1218 1218 1467 1467 1220 1220 1394 1394 1220 1220 1467 1467 1220 1220 1394 1394 1222 1222 1425 1425 1222 1222 1394 1394 1222 1222 1425 1425 1224 1224 1377 1377 1224 1224 1425 1425 1224 1224 1377 1377 1226 1226 1379 1379 1226 1226 1377 1377 1226 1226 1379 1379 1227 1227 1422 1422 1227 1227 1379 1379 1227 1227 1422 1422 1380 1380 1424 1424 1380 1380 1422 1422 1380 1380 1424 1424 1381 1381 1430 1430 1381 1381 1424 1424 1381 1381 1430 1430 1382 1382 1431 1431 1382 1382 1430 1430 1382 1382 1431 1431 1383 1383 1432 1432 1383 1383 1431 1431 1383 1383 1432 1432 1384 1384 1433 1433 1384 1384 1432 1432 1384 1384 1433 1433 1385 1385 1434 1434 1385 1385 1433 1433 1385 1385 1434 1434 1386 1386 1435 1435 1386 1386 1434 1434 1386 1386 1435 1435 1387 1387 1436 1436 1387 1387 1435 1435 1387 1387 1436 1436 1388 1388 1437 1437 1388 1388 1436 1436 1388 1388 1437 1437 1389 1389 1438 1438 1389 1389 1437 1437 1389 1389 1438 1438 1390 1390 1439 1439 1390 1390 1438 1438 1390 1390 1439 1439 1370 1370 1440 1440 1370 1370 1439 1439 1370 1370 1440 1440 1349 1349 1441 1441 1349 1349 1440 1440 1349 1349 1441 1441 1350 1350 1442 1442 1350 1350 1441 1441 1350 1350 1442 1442 1351 1351 1443 1443 1351 1351 1442 1442 1351 1351 1443 1443 1352 1352 1444 1444 1352 1352 1443 1443 1352 1352 1444 1444 1353 1353 1445 1445 1353 1353 1444 1444 1353 1353 1445 1445 1354 1354 1288 1288 1354 1354 1445 1445 1354 1354 1288 1288 1355 1355 1287 1287 1355 1355 1288 1288 1355 1355 1287 1287 1303 1303 1285 1285 1303 1303 1287 1287 1303 1303 1285 1285 1173 1173 1283 1283 1173 1173 1285 1285 1173 1173 1283 1283 1096 1096 1281 1281 1096 1096 1283 1283 1096 1096 1281 1281 1097 1097 1279 1279 1097 1097 1281 1281 1097 1097 1279 1279 1468 1468 1278 1278 1468 1468 1279 1279 1468 1468 1278 1278 1469 1469 1470 1470 1469 1469 1278 1278 872 872 877 877 870 870 40 40 870 870 877 877 870 870 40 40 808 808 42 42 808 808 40 40 808 808 42 42 803 803 807 807 803 803 42 42 803 803 807 807 805 805 1446 1446 805 805 807 807 805 805 1446 1446 1404 1404 1448 1448 1404 1404 1446 1446 1404 1404 1448 1448 1406 1406 1450 1450 1406 1406 1448 1448 1406 1406 1450 1450 1408 1408 1452 1452 1408 1408 1450 1450 1408 1408 1452 1452 1410 1410 1454 1454 1410 1410 1452 1452 1410 1410 1454 1454 1411 1411 1456 1456 1411 1411 1454 1454 1411 1411 1456 1456 1415 1415 1471 1471 1415 1415 1456 1456 1415 1415 1471 1471 1416 1416 1472 1472 1416 1416 1471 1471 1416 1416 1472 1472 1417 1417 1473 1473 1417 1417 1472 1472 1417 1417 1473 1473 1418 1418 1474 1474 1418 1418 1473 1473 1418 1418 1474 1474 1419 1419 1475 1475 1419 1419 1474 1474 1419 1419 1475 1475 1420 1420 0 0 2 2 224 224 1309 1309 224 224 2 2 224 224 1309 1309 223 223 1308 1308 223 223 1309 1309 223 223 1308 1308 222 222 1307 1307 222 222 1308 1308 222 222 1307 1307 221 221 1306 1306 221 221 1307 1307 221 221 1306 1306 220 220 1305 1305 220 220 1306 1306 220 220 1305 1305 219 219 1304 1304 219 219 1305 1305 219 219 1304 1304 218 218 155 155 218 218 1304 1304 218 218 155 155 217 217 156 156 217 217 155 155 217 217 156 156 776 776 1476 1476 776 776 156 156 776 776 1476 1476 781 781 1477 1477 781 781 1476 1476 781 781 1477 1477 782 782 37 37 39 39 596 596 888 888 596 596 39 39 596 596 888 888 595 595 887 887 595 595 888 888 595 595 887 887 594 594 886 886 594 594 887 887 594 594 886 886 593 593 885 885 593 593 886 886 593 593 885 885 592 592 884 884 592 592 885 885 592 592 884 884 591 591 883 883 591 591 884 884 591 591 883 883 590 590 100 100 590 590 883 883 590 590 100 100 467 467 101 101 467 467 100 100 467 467 101 101 117 117 1478 1478 117 117 101 101 117 117 1478 1478 118 118 1479 1479 118 118 1478 1478 118 118 1479 1479 463 463 1480 1480 463 463 1479 1479 463 463 1480 1480 465 465 1481 1481 465 465 1480 1480 465 465 1481 1481 459 459 1149 1149 1470 1470 1151 1151 1278 1278 1151 1151 1470 1470 1151 1151 1278 1278 1153 1153 1330 1330 1153 1153 1278 1278 1153 1153 1330 1330 1155 1155 1264 1264 1155 1155 1330 1330 1155 1155 1264 1264 1157 1157 1266 1266 1157 1157 1264 1264 1157 1157 1266 1266 1158 1158 1327 1327 1158 1158 1266 1266 1158 1158 1327 1327 1267 1267 1329 1329 1267 1267 1327 1327 1267 1267 1329 1329 1268 1268 1312 1312 1268 1268 1329 1329 1268 1268 1312 1312 1269 1269 1 1 1269 1269 1312 1312 1269 1269 1 1 1270 1270 0 0 1270 1270 1 1 1270 1270 0 0 1271 1271 1313 1313 1271 1271 0 0 1271 1271 1313 1313 1272 1272 1314 1314 1272 1272 1313 1313 1272 1272 1314 1314 1273 1273 1315 1315 1273 1273 1314 1314 1273 1273 1315 1315 1274 1274 1316 1316 1274 1274 1315 1315 1274 1274 1316 1316 1275 1275 1317 1317 1275 1275 1316 1316 1275 1275 1317 1317 1276 1276 1318 1318 1276 1276 1317 1317 1276 1276 1318 1318 1277 1277 1319 1319 1277 1277 1318 1318 1277 1277 1319 1319 1257 1257 1320 1320 1257 1257 1319 1319 1257 1257 1320 1320 1147 1147 1321 1321 1147 1147 1320 1320 1147 1147 1321 1321 1128 1128 1322 1322 1128 1128 1321 1321 1128 1128 1322 1322 1129 1129 1323 1323 1129 1129 1322 1322 1129 1129 1323 1323 1130 1130 1324 1324 1130 1130 1323 1323 1130 1130 1324 1324 1131 1131 1325 1325 1131 1131 1324 1324 1131 1131 1325 1325 1132 1132 1065 1065 1132 1132 1325 1325 1132 1132 1065 1065 1133 1133 1064 1064 1133 1133 1065 1065 1133 1133 1064 1064 1077 1077 1062 1062 1077 1077 1064 1064 1077 1077 1062 1062 1016 1016 1060 1060 1016 1016 1062 1062 1016 1016 1060 1060 983 983 1058 1058 983 983 1060 1060 983 983 1058 1058 984 984 1056 1056 984 984 1058 1058 984 984 1056 1056 1482 1482 955 955 1482 1482 1056 1056 1482 1482 955 955 1483 1483 954 954 1483 1483 955 955 52 52 799 799 50 50 797 797 50 50 799 799 50 50 797 797 811 811 824 824 811 811 797 797 811 811 824 824 873 873 860 860 873 873 824 824 873 873 860 860 879 879 939 939 879 879 860 860 879 879 939 939 880 880 938 938 880 880 939 939 880 880 938 938 881 881 599 599 881 881 938 938 881 881 599 599 882 882 891 891 882 882 599 599 882 882 891 891 876 876 38 38 876 876 891 891 876 876 38 38 872 872 37 37 872 872 38 38 872 872 37 37 877 877 892 892 877 877 37 37 877 877 892 892 878 878 893 893 878 878 892 892 878 878 893 893 1457 1457 894 894 1457 1457 893 893 1457 1457 894 894 1459 1459 895 895 1459 1459 894 894 1459 1459 895 895 1461 1461 896 896 1461 1461 895 895 1461 1461 896 896 1463 1463 897 897 1463 1463 896 896 1463 1463 897 897 1465 1465 898 898 1465 1465 897 897 1465 1465 898 898 1466 1466 899 899 1466 1466 898 898 1466 1466 899 899 1455 1455 900 900 1455 1455 899 899 1455 1455 900 900 1456 1456 901 901 1456 1456 900 900 1456 1456 901 901 1471 1471 902 902 1471 1471 901 901 1471 1471 902 902 1472 1472 903 903 1472 1472 902 902 1472 1472 903 903 1473 1473 904 904 1473 1473 903 903 1473 1473 904 904 1474 1474 365 365 1474 1474 904 904 1474 1474 365 365 1475 1475 367 367 1475 1475 365 365 1475 1475 367 367 1420 1420 1398 1398 1420 1420 367 367 1420 1420 1398 1398 1242 1242 1397 1397 1242 1242 1398 1398 1242 1242 1397 1397 1184 1184 1396 1396 1184 1184 1397 1397 1184 1184 1396 1396 1185 1185 1395 1395 1185 1185 1396 1396 1185 1185 1395 1395 1484 1484 1394 1394 1484 1484 1395 1395 1484 1484 1394 1394 1485 1485 1467 1467 1485 1485 1394 1394 1486 1486 1487 1487 1488 1488 1489 1489 1490 1490 1491 1491 1492 1492 1493 1493 1494 1494 1495 1495 1494 1494 1493 1493 1496 1496 1497 1497 1493 1493 1498 1498 1499 1499 1500 1500 1493 1493 1500 1500 1499 1499 1500 1500 1493 1493 1501 1501 1502 1502 1503 1503 1488 1488 1504 1504 1488 1488 1503 1503 1504 1504 1505 1505 1488 1488 1506 1506 1488 1488 1505 1505 1488 1488 1506 1506 1507 1507 1508 1508 1509 1509 1491 1491 1510 1510 1511 1511 1493 1493 1512 1512 1493 1493 1511 1511 1513 1513 1514 1514 1500 1500 1515 1515 1516 1516 1517 1517 1518 1518 1517 1517 1516 1516 1517 1517 1518 1518 1493 1493 1519 1519 1493 1493 1518 1518 1493 1493 1519 1519 1495 1495 1517 1517 1520 1520 1515 1515 1521 1521 1515 1515 1520 1520 1515 1515 1521 1521 1488 1488 1522 1522 1488 1488 1521 1521 1488 1488 1522 1522 1486 1486 1487 1487 1523 1523 1488 1488 1524 1524 1488 1488 1523 1523 1488 1488 1524 1524 1525 1525 1526 1526 1507 1507 1490 1490 1527 1527 1490 1490 1507 1507 1490 1490 1527 1527 1491 1491 1526 1526 1528 1528 1507 1507 1529 1529 1507 1507 1528 1528 1507 1507 1529 1529 1530 1530 1530 1530 1531 1531 1507 1507 1532 1532 1507 1507 1531 1531 1507 1507 1532 1532 1488 1488 1492 1492 1533 1533 1493 1493 1534 1534 1493 1493 1533 1533 1493 1493 1534 1534 1535 1535 1512 1512 1536 1536 1493 1493 1537 1537 1493 1493 1536 1536 1493 1493 1537 1537 1538 1538 1538 1538 1539 1539 1493 1493 1540 1540 1493 1493 1539 1539 1493 1493 1540 1540 1496 1496 1514 1514 1541 1541 1500 1500 1542 1542 1500 1500 1541 1541 1500 1500 1542 1542 1498 1498 1543 1543 1544 1544 1488 1488 1545 1545 1488 1488 1544 1544 1497 1497 1546 1546 1493 1493 1547 1547 1493 1493 1546 1546 1493 1493 1547 1547 1548 1548 1548 1548 1549 1549 1493 1493 1550 1550 1493 1493 1549 1549 1493 1493 1550 1550 1551 1551 1500 1500 1552 1552 1553 1553 1525 1525 1554 1554 1488 1488 1555 1555 1488 1488 1554 1554 1488 1488 1555 1555 1556 1556 1556 1556 1557 1557 1488 1488 1558 1558 1488 1488 1557 1557 1488 1488 1558 1558 1543 1543 1559 1559 1560 1560 1561 1561 1535 1535 1562 1562 1493 1493 1563 1563 1493 1493 1562 1562 1493 1493 1563 1563 1564 1564 1551 1551 1565 1565 1493 1493 1566 1566 1493 1493 1565 1565 1493 1493 1566 1566 1567 1567 1567 1567 1568 1568 1493 1493 1569 1569 1493 1493 1568 1568 1493 1493 1569 1569 1501 1501 1553 1553 1570 1570 1500 1500 1571 1571 1500 1500 1570 1570 1500 1500 1571 1571 1572 1572 1572 1572 1573 1573 1500 1500 1574 1574 1500 1500 1573 1573 1500 1500 1574 1574 1513 1513 1545 1545 1575 1575 1488 1488 1576 1576 1488 1488 1575 1575 1488 1488 1576 1576 1577 1577 1578 1578 1579 1579 1580 1580 1581 1581 1580 1580 1579 1579 1509 1509 1582 1582 1491 1491 1583 1583 1491 1491 1582 1582 1491 1491 1583 1583 1584 1584 1564 1564 1585 1585 1493 1493 1586 1586 1493 1493 1585 1585 1493 1493 1586 1586 1587 1587 1587 1587 1588 1588 1493 1493 1589 1589 1493 1493 1588 1588 1493 1493 1589 1589 1590 1590 1500 1500 1591 1591 1552 1552 1592 1592 1552 1552 1591 1591 1552 1552 1592 1592 1593 1593 1593 1593 1594 1594 1552 1552 1595 1595 1552 1552 1594 1594 1552 1552 1595 1595 1596 1596 1596 1596 1597 1597 1552 1552 1598 1598 1552 1552 1597 1597 1552 1552 1598 1598 1599 1599 1577 1577 1600 1600 1488 1488 1601 1601 1488 1488 1600 1600 1488 1488 1601 1601 1602 1602 1560 1560 1603 1603 1561 1561 1580 1580 1561 1561 1603 1603 1561 1561 1580 1580 1604 1604 1581 1581 1604 1604 1580 1580 1605 1605 1606 1606 1607 1607 1584 1584 1608 1608 1491 1491 1609 1609 1491 1491 1608 1608 1491 1491 1609 1609 1610 1610 1610 1610 1611 1611 1491 1491 1612 1612 1491 1491 1611 1611 1491 1491 1612 1612 1613 1613 1613 1613 1614 1614 1491 1491 1615 1615 1491 1491 1614 1614 1491 1491 1615 1615 1616 1616 1616 1616 1617 1617 1491 1491 1618 1618 1491 1491 1617 1617 1491 1491 1618 1618 1489 1489 1590 1590 1619 1619 1493 1493 1620 1620 1493 1493 1619 1619 1493 1493 1620 1620 1621 1621 1621 1621 1622 1622 1493 1493 1623 1623 1493 1493 1622 1622 1493 1493 1623 1623 1624 1624 1624 1624 1625 1625 1493 1493 1626 1626 1493 1493 1625 1625 1493 1493 1626 1626 1510 1510 1599 1599 1627 1627 1552 1552 1628 1628 1552 1552 1627 1627 1552 1552 1628 1628 1629 1629 1629 1629 1630 1630 1552 1552 1631 1631 1552 1552 1630 1630 1552 1552 1631 1631 1632 1632 1631 1631 1633 1633 1634 1634 1602 1602 1635 1635 1488 1488 1636 1636 1488 1488 1635 1635 1488 1488 1636 1636 1637 1637 1637 1637 1638 1638 1488 1488 1639 1639 1488 1488 1638 1638 1488 1488 1639 1639 1502 1502 1508 1508 1491 1491 1580 1580 1640 1640 1580 1580 1491 1491 1580 1580 1640 1640 1641 1641 1607 1607 1642 1642 1561 1561 1643 1643 1561 1561 1642 1642 1561 1561 1643 1643 1559 1559 1632 1632 1631 1631 1644 1644 1634 1634 1644 1644 1631 1631 1644 1644 1634 1634 1645 1645 1641 1641 1646 1646 1580 1580 1647 1647 1580 1580 1646 1646 1580 1580 1647 1647 1578 1578 1561 1561 1648 1648 1607 1607 1649 1649 1607 1607 1648 1648 1607 1607 1649 1649 1605 1605 1650 1650 1605 1605 1649 1649 1651 1651 1652 1652 1653 1653 1654 1654 1653 1653 1655 1655 1656 1656 1657 1657 1658 1658 1659 1659 1660 1660 1661 1661 1662 1662 1663 1663 1664 1664 1665 1665 1664 1664 1663 1663 1658 1658 1666 1666 1663 1663 1667 1667 1663 1663 1666 1666 1663 1663 1667 1667 1668 1668 1669 1669 1670 1670 1663 1663 1671 1671 1663 1663 1670 1670 1672 1672 1673 1673 1663 1663 1674 1674 1663 1663 1673 1673 1663 1663 1674 1674 1675 1675 1675 1675 1676 1676 1663 1663 1677 1677 1663 1663 1676 1676 1663 1663 1677 1677 1678 1678 1654 1654 1679 1679 1653 1653 1680 1680 1653 1653 1679 1679 1653 1653 1680 1680 1681 1681 1652 1652 1682 1682 1653 1653 1683 1683 1653 1653 1682 1682 1653 1653 1683 1683 1684 1684 1678 1678 1685 1685 1663 1663 1653 1653 1663 1663 1685 1685 1663 1663 1653 1653 1686 1686 1687 1687 1686 1686 1653 1653 1662 1662 1688 1688 1663 1663 1689 1689 1663 1663 1688 1688 1663 1663 1689 1689 1690 1690 1668 1668 1691 1691 1663 1663 1692 1692 1663 1663 1691 1691 1663 1663 1692 1692 1669 1669 1671 1671 1693 1693 1663 1663 1694 1694 1663 1663 1693 1693 1663 1663 1694 1694 1695 1695 1684 1684 1696 1696 1653 1653 1697 1697 1653 1653 1696 1696 1653 1653 1697 1697 1687 1687 1698 1698 1699 1699 1663 1663 1700 1700 1663 1663 1699 1699 1663 1663 1700 1700 1665 1665 1701 1701 1665 1665 1700 1700 1695 1695 1702 1702 1663 1663 1703 1703 1663 1663 1702 1702 1663 1663 1703 1703 1704 1704 1705 1705 1706 1706 1707 1707 1708 1708 1707 1707 1706 1706 1707 1707 1708 1708 1709 1709 1710 1710 1709 1709 1708 1708 1709 1709 1711 1711 1707 1707 1712 1712 1707 1707 1711 1711 1707 1707 1712 1712 1713 1713 1659 1659 1661 1661 1707 1707 1714 1714 1707 1707 1661 1661 1707 1707 1714 1714 1715 1715 1715 1715 1716 1716 1707 1707 1717 1717 1707 1707 1716 1716 1707 1707 1717 1717 1718 1718 1655 1655 1719 1719 1654 1654 1707 1707 1654 1654 1719 1719 1654 1654 1707 1707 1720 1720 1718 1718 1720 1720 1707 1707 1681 1681 1721 1721 1653 1653 1722 1722 1653 1653 1721 1721 1653 1653 1722 1722 1723 1723 1704 1704 1724 1724 1663 1663 1725 1725 1663 1663 1724 1724 1663 1663 1725 1725 1726 1726 1726 1726 1727 1727 1663 1663 1728 1728 1663 1663 1727 1727 1663 1663 1728 1728 1729 1729 1729 1729 1730 1730 1663 1663 1731 1731 1663 1663 1730 1730 1663 1663 1731 1731 1732 1732 1713 1713 1733 1733 1707 1707 1734 1734 1707 1707 1733 1733 1707 1707 1734 1734 1735 1735 1723 1723 1736 1736 1653 1653 1737 1737 1653 1653 1736 1736 1653 1653 1737 1737 1738 1738 1738 1738 1739 1739 1653 1653 1740 1740 1653 1653 1739 1739 1653 1653 1740 1740 1741 1741 1741 1741 1742 1742 1653 1653 1743 1743 1653 1653 1742 1742 1653 1653 1743 1743 1744 1744 1690 1690 1745 1745 1663 1663 1746 1746 1663 1663 1745 1745 1663 1663 1746 1746 1747 1747 1732 1732 1748 1748 1663 1663 1749 1749 1663 1663 1748 1748 1663 1663 1749 1749 1750 1750 1735 1735 1751 1751 1707 1707 1752 1752 1707 1707 1751 1751 1707 1707 1752 1752 1753 1753 1744 1744 1754 1754 1653 1653 1755 1755 1653 1653 1754 1754 1653 1653 1755 1755 1756 1756 1750 1750 1757 1757 1663 1663 1758 1758 1663 1663 1757 1757 1663 1663 1758 1758 1672 1672 1656 1656 1658 1658 1759 1759 1747 1747 1760 1760 1663 1663 1761 1761 1663 1663 1760 1760 1663 1663 1761 1761 1658 1658 1762 1762 1658 1658 1761 1761 1658 1658 1762 1762 1759 1759 1763 1763 1659 1659 1764 1764 1707 1707 1764 1764 1659 1659 1764 1764 1707 1707 1765 1765 1753 1753 1765 1765 1707 1707 1756 1756 1766 1766 1653 1653 1767 1767 1653 1653 1766 1766 1653 1653 1767 1767 1768 1768 1768 1768 1769 1769 1653 1653 1770 1770 1653 1653 1769 1769 1653 1653 1770 1770 1651 1651</p>
        </triangles>
      </mesh>
    </geometry>
  </library_geometries>
  <library_materials>
    <material id="79f15f4821434647a5dde5782caf3b52" name="defaultmaterial">
      <instance_effect url="#a5e4408c285a464f883ae7464ebc8542"/>
    </material>
  </library_materials>
  <library_visual_scenes>
    <visual_scene id="scene">
      <node id="node0" name="node0">
        <instance_geometry url="#de335cd17fed42958f8b9c1eca489f69">
          <bind_material>
            <technique_common>
              <instance_material symbol="material0" target="#79f15f4821434647a5dde5782caf3b52"/>
            </technique_common>
          </bind_material>
        </instance_geometry>
      </node>
    </visual_scene>
  </library_visual_scenes>
  <scene>
    <instance_visual_scene url="#scene"/>
  </scene>
</COLLADA>
