<COLLADA xmlns="http://www.collada.org/2005/11/COLLADASchema" version="1.4.1">
  <asset>
    <created>2026-09-27T18:30:25.007178</created>
    <modified>2026-09-27T18:30:25.007178</modified>
    <up_axis>Y_UP</up_axis>
  </asset>
  <library_effects>
    <effect id="628ff8fd38474c2d839fc0108c95063a" name="628ff8fd38474c2d839fc0108c95063a">
      <profile_COMMON>
        <technique sid="common">
          <phong>
            <emission>
              <color>0.0 0.0 0.0 1.0</color>
            </emission>
            <ambient>
              <color>0.0 0.0 0.0 1.0</color>
            </ambient>
            <diffuse>
              <color>0.8941176470588236 0.8941176470588236 0.8941176470588236 1.0</color>
            </diffuse>
            <specular>
              <color>0.0 0.0 0.0 1.0</color>
            </specular>
            <shininess>
              <float>0.0</float>
            </shininess>
            <reflective>
              <color>0.0 0.0 0.0 1.0</color>
            </reflective>
            <reflectivity>
              <float>0.0</float>
            </reflectivity>
            <transparent>
              <color>0.0 0.0 0.0 1.0</color>
            </transparent>
            <transparency>
              <float>1.0</float>
            </transparency>
          </phong>
        </technique>
        <extra>
          <technique profile="GOOGLEEARTH">
            <double_sided>0</double_sided>
          </technique>
        </extra>
      </profile_COMMON>
    </effect>
  </library_effects>
  <library_geometries>
    <geometry id="565dcbd940454627bc1d79fa7587f0c5" name="8efe15c8a06a43c2a5692d30411c5641">
      <mesh>
        <source id="verts-array">
          <float_array count="4947" id="verts-array-array">0.0001398239 0.005361072 -0.007402067 0.0001417269 0.00543523 -0.007374164 0.0001930782 0.007489547 -0.0008928915 -0.0001322944 -0.00506805 0.007469499 -0.000140451 -0.005385498 0.007394263 -0.0001417089 -0.005434541 0.007372968 -0.0001918593 -0.007403104 0.005104488 -0.0001921407 -0.007415178 0.004980945 -0.0001721226 -0.006622767 0.006601247 -0.0001751845 -0.006742766 0.006483417 -0.0001892674 -0.007399647 -0.005362895 -0.0001885314 -0.007371754 -0.005437077 -0.0001657173 -0.006371739 0.006847737 0.0001930782 0.007507463 0.001036627 0.0001930782 0.007524924 0.002917096 0.0001747559 0.006845507 0.006373894 0.0001683506 0.006599101 0.006625002 -0.0001672367 -0.006556345 -0.006679082 -0.0001615298 -0.006336401 -0.006859112 -9.33142e-05 -0.003693011 -0.007466032 -6.99265e-05 -0.002784871 -0.007474464 0.000124026 0.004746421 -0.007527865 0.0001320264 0.005057534 -0.007481252 0.0001323477 0.005070041 -0.007477988 0.0001799968 0.007046329 0.006083187 0.0001831968 0.007168902 0.005901051 0.0001846528 0.007224261 0.005773481 -0.0001503516 -0.005771523 0.007226621 -0.0001536223 -0.005899051 0.007171242 -0.0001582817 -0.006081127 0.007048628 0.0001751845 0.006861997 0.00635709 -0.0001652886 -0.006354941 0.006864232 -0.0001778789 -0.006848794 0.006332915 -0.0001829833 -0.007049664 0.006047787 -0.0001869924 -0.007208465 0.005712247 -0.0001884704 -0.007267007 0.005588546 -0.0001900683 -0.007331178 0.005360312 -0.0001930782 -0.007455408 0.004569421 -0.0001930782 -0.007463535 0.003694189 -0.0001930782 -0.007471971 0.002785748 -0.0001863182 -0.00728788 -0.005660126 -0.0001848011 -0.007230041 -0.005775798 -0.0001826005 -0.007146144 -0.005943604 0.0001474487 0.005658205 -0.007290261 0.0001504126 0.005773839 -0.007232402 0.0001547123 0.00594159 -0.007148476 0.0001584101 0.006086049 -0.007055814 0.0001614718 0.006205657 -0.006979091 0.0001656961 0.006370932 -0.0068464 0.0001930782 0.007463535 -0.003694189 0.0001930782 0.007471971 -0.002785748 0.0001930782 0.007480666 -0.001849258 0.0001930782 0.007533273 0.003816268 0.0001930782 0.00753733 0.004253169 0.0001930782 0.007538974 0.004430191 0.0001925886 0.007522245 0.004676377 0.0001921412 0.007506959 0.004901319 0.0001910733 0.007467055 0.005069776 0.0001652886 0.00648131 0.006745041 0.000161389 0.006330858 0.006851103 0.000154001 0.006045827 0.007052038 0.0001453254 0.005710399 0.007210889 0.000142127 0.005586738 0.00726945 0.0001362363 0.00535858 0.007333641 -0.0001930782 -0.007480666 0.001849258 -0.0001930782 -0.007489547 0.0008928915 -0.0001930782 -0.007507463 -0.001036627 -0.0001930782 -0.007524924 -0.002917096 -0.0001930782 -0.007533273 -0.003816268 -0.0001930782 -0.00753733 -0.004253169 -0.0001801806 -0.007053513 -0.00608811 -0.000178177 -0.006976816 -0.006207757 -0.0001747217 -0.00684417 -0.006373086 -0.0001730517 -0.006780061 -0.006452985 -0.0001684899 -0.006604559 -0.006630352 -0.0001538316 -0.006039286 -0.007056089 -0.0001468329 -0.005768792 -0.007194717 -0.0001453946 -0.005713138 -0.007216304 -0.0001391695 -0.005472266 -0.007309745 -0.0001362823 -0.005360429 -0.007340044 -0.0001313164 -0.005168069 -0.007392143 -0.0001264539 -0.004979522 -0.007422155 0.0001894803 0.007307289 -0.005474035 0.0001902336 0.007337579 -0.005362161 0.0001915287 0.007389661 -0.005169736 0.0001922562 0.007419665 -0.004981127 0.0001890607 0.007391846 0.005387328 0.0001885007 0.007370558 0.005436388 -0.0001608903 -0.006311755 -0.006879281 -0.0001540963 -0.006049515 -0.007050844 -0.0001233368 -0.004858655 -0.007441388 -0.0001158469 -0.004567953 -0.007457908 -4.581669e-05 -0.001848691 -0.007483157 -2.119515e-05 -0.0008926417 -0.007492035 2.848007e-05 0.001036238 -0.007509945 0.0001871325 0.007213878 -0.005714988 0.0001677376 0.006450805 -0.006782269 0.0001722616 0.006628114 -0.006606707 0.0001927225 0.007438892 -0.00486022 0.0001930782 0.007455408 -0.004569421 0.0001296335 0.005102842 0.007405589 0.0001264503 0.00497934 0.007417666 -0.0001930782 -0.007538974 -0.004430191 -0.0001927479 -0.007528438 -0.00467688 -0.0001926527 -0.0075254 -0.004748041 0.0001158469 0.004567953 0.007457908 9.33142e-05 0.003693011 0.007466032 6.99265e-05 0.002784871 0.007474464 -7.689251e-05 -0.002916083 0.007527401 -0.0001000416 -0.003814957 0.007535747 -0.0001112895 -0.004251713 0.007539802 -0.0001913784 -0.007478804 -0.005059257 -0.0001912914 -0.007475541 -0.005071768 0.0001735045 0.006676828 -0.006558478 0.0001780864 0.0068568 -0.006338459 0.0001785997 0.006876963 -0.006313805 0.0001829535 0.00704847 -0.006051476 0.0001830861 0.007053714 -0.006041245 0.00018659 0.007192297 -0.00577066 -0.0001279674 -0.004899648 0.007509417 -0.0001221804 -0.004674781 0.00752471 -0.0001158469 -0.004428677 0.007541446 7.689251e-05 0.002916083 -0.007527401 0.0001000416 0.003814957 -0.007535747 0.0001112895 0.004251713 -0.007539802 4.581669e-05 0.001848691 0.007483157 2.119515e-05 0.0008926417 0.007492035 -2.848007e-05 -0.001036238 0.007509945 0.0001158469 0.004428677 -0.007541446 0.0001221948 0.004675283 -0.007530905 -0.0271265 -0.004614411 -0.005348135 -0.02712948 -0.004729149 -0.005235195 -0.02713193 -0.004823292 -0.005118916 -0.02682801 0.006992175 -0.003701512 -0.02688199 0.004986575 0.00605627 -0.02682753 0.00701131 -0.003645548 -0.02682595 0.007074979 -0.003383138 -0.02688998 0.004677484 0.006194066 -0.02688954 0.004694698 0.006186386 -0.02683068 0.006885815 -0.004007388 -0.02683048 0.006893493 -0.003990169 -0.0268794 0.00497433 -0.00609998 -0.02688508 0.004752762 -0.006199277 -0.02715839 -0.005781256 0.00234324 -0.02688797 0.004640105 -0.006249773 -0.02689277 0.004453141 -0.00631415 -0.02689688 0.004292975 -0.006369305 -0.02690078 0.004141013 -0.006406486 -0.02715246 -0.005607726 -0.003764524 -0.02715359 -0.00565052 -0.003655352 -0.02692219 0.003308554 -0.006524831 -0.02715482 -0.00569648 -0.003452217 -0.02715678 -0.005769654 -0.003128773 -0.02690795 0.003981552 0.006397237 -0.02690565 0.004070656 0.006375609 -0.0268813 0.005013337 0.006044341 -0.02687482 0.005263673 0.005904211 -0.02687305 0.005331789 0.005866077 -0.02686802 0.005525913 0.005732529 -0.02686533 0.005629819 0.005661051 -0.02686162 0.005772623 0.00554213 -0.02685809 0.005908682 0.005428821 -0.02685563 0.006003455 0.005334187 -0.02682542 0.0070966 -0.003294004 -0.02682581 0.007142123 0.003239685 -0.02682531 0.007160461 0.003116289 -0.02682435 0.007195285 0.002881965 -0.02715839 -0.005779301 0.002553771 -0.02683396 0.006755741 -0.004299363 -0.02683426 0.006743815 -0.004326133 -0.0268378 0.00660373 -0.004576553 -0.02683877 0.006565608 -0.004644692 -0.02684216 0.006432103 -0.004838881 -0.02684398 0.006360648 -0.004942822 -0.026847 0.006241765 -0.005085674 -0.02684989 0.006128494 -0.005221779 -0.0268523 0.006033891 -0.005316584 -0.02685651 0.005868963 -0.00548189 -0.02685802 0.005809669 -0.005531462 -0.02714579 -0.005354137 -0.004348914 -0.02714777 -0.005429911 -0.004218165 -0.02714937 -0.005490478 -0.004063656 -0.02715714 -0.005783204 -0.003068885 -0.02715769 -0.005802072 -0.002792508 -0.02715839 -0.005825727 -0.002446013 -0.02711842 -0.004197969 0.005703814 -0.02711794 -0.004179456 0.005716593 -0.02711136 -0.003922241 0.005894172 -0.02711079 -0.003899813 0.005909665 -0.02689888 0.004332978 0.00631192 -0.02689744 0.004388925 0.00629278 -0.02690595 0.003940075 -0.006455642 -0.02690912 0.00381672 -0.006473988 -0.02691514 0.003582474 -0.006508824 -0.02707642 -0.002679227 -0.006380418 -0.02708129 -0.00286791 -0.006345665 -0.02708461 -0.002996544 -0.006299448 -0.02709248 -0.003301289 -0.006189934 -0.02713704 -0.005019188 -0.004876947 -0.02713969 -0.005120931 -0.004751267 -0.02714166 -0.005196361 -0.004621131 -0.02715839 -0.005818871 -0.001707745 -0.02715839 -0.005811457 -0.0009091964 -0.02715839 -0.005803672 -7.081155e-05 -0.02715796 -0.005759355 0.002921092 -0.02715754 -0.005741938 0.003039725 -0.02715669 -0.005706497 0.003281097 -0.02715615 -0.005684875 0.00337023 -0.02715457 -0.005621206 0.00363264 -0.02715409 -0.005602072 0.003688605 -0.0271443 -0.005213626 0.004563646 -0.02714785 -0.005353712 0.004313226 -0.02714815 -0.005365637 0.004286455 -0.02714333 -0.005175504 0.004631785 -0.02713994 -0.005041999 0.004825973 -0.02713813 -0.004970545 0.004929914 -0.0271351 -0.004851662 0.005072767 -0.02713222 -0.00473839 0.005208871 -0.0271298 -0.004643787 0.005303677 -0.0271256 -0.004478859 0.005468982 -0.02712408 -0.004419566 0.005518554 -0.02683617 0.00675001 0.004339383 -0.02683521 0.006786585 0.00427428 -0.02685005 0.00621826 0.005109893 -0.0268326 0.006885848 0.004052639 -0.02685134 0.006168705 0.005169206 -0.02683127 0.006936326 0.003939946 -0.02682957 0.007000681 0.00375292 -0.02682811 0.007055817 0.003592701 -0.02682712 0.007092984 0.003440689 -0.02682418 0.007201219 0.002780246 -0.02682375 0.007215513 0.002535673 -0.02682372 0.00721583 0.002433105 -0.02682372 0.007208975 0.001694837 -0.02682372 0.00720156 0.0008962886 -0.02682372 0.007193775 5.790378e-05 -0.02687074 0.005312344 -0.00590708 -0.02687131 0.005289917 -0.005922573 -0.02687773 0.005039411 -0.006063393 -0.02692405 0.003236296 -0.006529061 -0.02692669 0.003133762 -0.006529379 -0.0269457 0.002395739 -0.006522526 -0.02696626 0.001597455 -0.006515113 -0.02698784 0.000759348 -0.006507331 -0.02710718 -0.003869523 -0.005909756 -0.02710002 -0.003592721 -0.006062523 -0.02709697 -0.003474919 -0.006127539 -0.02691776 0.003480788 -0.00651476 -0.02715839 -0.005795838 0.0007727941 -0.02715162 -0.005503389 0.003977261 -0.02715143 -0.005495712 0.00399448 -0.02710437 -0.003649308 0.006050485 -0.02710271 -0.003584227 0.006087072 -0.02709702 -0.003362658 0.006186369 -0.02686368 0.005588073 -0.005716722 -0.02686416 0.005569559 -0.005729501 -0.02705805 -0.001846192 0.006516153 -0.02705541 -0.001743659 0.006516471 -0.0270364 -0.001005636 0.006509618 -0.02701585 -0.0002073516 0.006502206 -0.02699426 0.0006307554 0.006494423 -0.02684522 0.006403458 0.004888224 -0.02684489 0.006416232 0.004869705 -0.02684026 0.006593751 0.004612405 -0.02683985 0.006609238 0.004589971 -0.02712433 -0.004531008 -0.005430223 -0.02712037 -0.00437836 -0.005549516 -0.027114 -0.004132565 -0.005741586 -0.0271114 -0.004032361 -0.00581988 -0.02709413 -0.003250002 0.006236865 -0.02708934 -0.003063038 0.006301242 -0.02708522 -0.002902871 0.006356397 -0.02700956 -8.3978e-05 -0.0064995 -0.02704999 -0.001653904 -0.006484923 -0.02705541 -0.001864365 -0.006482969 -0.02708132 -0.00275091 0.006393578 -0.02707616 -0.002549971 0.006442734 -0.02707298 -0.002426617 0.00646108 -0.02706696 -0.002192371 0.006495916 -0.02706434 -0.002090685 0.006501852 -0.02682372 0.007185942 -0.0007857019 -0.02682372 0.00717136 -0.002356148 -0.02682372 0.007169405 -0.002566679 -0.02706487 -0.002231492 -0.006462879 -0.02706791 -0.002349217 -0.006441195 -0.02697254 0.001474081 0.006486593 -0.02693211 0.003044007 0.006472015 -0.02692669 0.003254468 0.006470061 -0.02682414 0.007149459 -0.002934 -0.02682456 0.007132042 -0.003052633 -0.02691723 0.003621667 0.006450111 -0.02691417 0.003740261 0.006432689 -0.01196359 -0.005758248 -0.004635784 -0.01027528 -0.005751914 -0.005004719 -0.01028054 -0.005953788 -0.004750873 -0.008598169 -0.006094578 0.003885516 -0.01027919 -0.005819107 0.004105478 -0.01028482 -0.006044289 0.003425399 -0.008610827 -0.006607261 0.001608288 -0.006927277 -0.006785509 0.001272099 -0.006924296 -0.006662076 0.002098898 -0.01168787 0.004935473 -0.006067138 -0.009991435 0.005261248 -0.00601694 -0.009997921 0.005007486 -0.006218883 -0.005233063 -0.006519202 0.004213613 -0.003553068 -0.006833986 0.004040468 -0.00355087 -0.00674144 0.004812802 -0.0001468329 -0.005768792 -0.007194717 -0.0001538316 -0.006039286 -0.007056089 -0.003529398 -0.006010712 -0.006287551 -0.0001313164 -0.005168069 -0.007392143 -0.0001362823 -0.005360429 -0.007340044 -0.001825189 -0.005390079 -0.006991734 -0.0001233368 -0.004858655 -0.007441388 -0.0001264539 -0.004979522 -0.007422155 -0.001815965 -0.005032817 -0.007092416 -0.001784787 -0.003823049 -0.007195013 -0.001806006 -0.004646564 -0.007144664 -0.003496164 -0.004725174 -0.006831421 -0.003341159 0.001289489 -0.007337669 -0.003364345 0.0003895148 -0.007289701 -0.006757171 -0.0002572069 -0.007069447 -0.006778888 -0.00109957 -0.006963201 0.0001915287 0.007389661 -0.005169736 0.0001902336 0.007337579 -0.005362161 -0.001505667 0.007032421 -0.005435681 -0.004890203 0.006713469 -0.004582783 -0.004891879 0.0066451 -0.004936913 -0.006586864 0.006374997 -0.00505941 -0.01165358 0.006366418 0.004630137 -0.00996801 0.006273202 0.004999878 -0.009962751 0.006475076 0.004746033 -0.003185299 0.00742132 0.001202244 -0.003186318 0.007373362 0.0003019718 -0.006565715 0.007239251 -0.0004326826 -0.006568249 0.007133035 -0.001275326 -0.006563675 0.007326341 0.0004162593 -0.006562181 0.00739223 0.001262277 -0.003184551 0.007458572 0.002089687 -0.002347751 0.007121696 -0.003955106 -0.003194695 0.007007749 -0.004042082 -0.003192648 0.007094782 -0.003227275 -0.001498846 0.00732815 -0.002112753 -0.001497999 0.00736956 -0.001195198 0.0001930782 0.007489547 -0.0008928915 0.0001453254 0.005710399 0.007210889 0.000154001 0.006045827 0.007052038 -0.003218364 0.006184475 0.006285938 -0.003211611 0.006444644 0.006062422 0.0001296335 0.005102842 0.007405589 0.0001362363 0.00535858 0.007333641 -0.001548693 0.00547696 0.006990927 -0.0119293 -0.004327303 0.006061491 -0.01025185 -0.00473996 0.0060121 -0.01024537 -0.004486197 0.006214043 -0.001589094 0.00390993 0.007194206 -0.001567876 0.004733445 0.007143858 -0.003251599 0.004898937 0.006829807 -0.0001869924 -0.007208465 0.005712247 -0.0001829833 -0.007049664 0.006047787 -0.003537176 -0.006197742 0.006098769 -0.003531485 -0.005974299 0.006359026 -0.0001918593 -0.007403104 0.005104488 -0.0001900683 -0.007331178 0.005360312 -0.001868215 -0.00694554 0.005434874 -0.001871974 -0.007098424 0.004691112 -0.0001930782 -0.007455408 0.004569421 -0.0001921407 -0.007415178 0.004980945 -0.02682375 0.007215513 0.002535673 -0.02682418 0.007201219 0.002780246 -0.02514105 0.007012345 0.003073012 -0.02687131 0.005289917 -0.005922573 -0.02687074 0.005312344 -0.00590708 -0.02348776 0.005584123 -0.005340579 -0.02684989 0.006128494 -0.005221779 -0.026847 0.006241765 -0.005085674 -0.02346693 0.006401955 -0.004382642 -0.02685651 0.005868963 -0.00548189 -0.0268523 0.006033891 -0.005316584 -0.02347157 0.006219348 -0.004645297 -0.02513518 0.007193869 -0.001916568 -0.02682372 0.00717136 -0.002356148 -0.02682372 0.007185942 -0.0007857019 -0.023482 0.005809749 -0.005125215 -0.02009985 0.006049721 -0.004520597 -0.02682581 0.007142123 0.003239685 -0.02682712 0.007092984 0.003440689 -0.02514523 0.006855802 0.003693383 -0.02682435 0.007195285 0.002881965 -0.02682531 0.007160461 0.003116289 -0.02514281 0.006946925 0.003388613 -0.02683985 0.006609238 0.004589971 -0.02684026 0.006593751 0.004612405 -0.02348102 0.005941365 0.004971988 -0.02683521 0.006786585 0.00427428 -0.02683617 0.00675001 0.004339383 -0.02347588 0.006138941 0.004733254 -0.02685809 0.005908682 0.005428821 -0.02686162 0.005772623 0.00554213 -0.02350588 0.00498375 0.005790085 -0.02685134 0.006168705 0.005169206 -0.02685563 0.006003455 0.005334187 -0.02349907 0.005246318 0.005607419 -0.02525649 0.002561536 0.006538388 -0.02358087 0.002079074 0.00660475 -0.0235624 0.002796308 0.006573589 -0.02178584 0.006213278 0.004451761 -0.02346705 0.006476999 0.004219242 -0.02347121 0.006317837 0.004482132 -0.02348662 0.005726074 0.005197687 -0.02012836 0.005035583 0.005525452 -0.02008005 0.006832123 -0.003054508 -0.02007718 0.006946415 -0.002727706 -0.01838799 0.006993905 -0.00233471 -0.01671029 0.006646056 0.003520903 -0.01670714 0.006765668 0.003206138 -0.01839323 0.006838318 0.002821157 -0.02016629 0.003569985 0.006308104 -0.02017473 0.003243291 0.006422433 -0.01849792 0.002807388 0.006513794 -0.01696163 -0.003089323 0.006209652 -0.01695356 -0.002774662 0.006329306 -0.01863061 -0.002346771 0.006358124 -0.01506794 0.004890004 0.005552365 -0.01506099 0.005158383 0.005381826 -0.0167422 0.005422104 0.005149307 -0.01504275 0.005861381 0.004828585 -0.0133597 0.005669557 0.005121179 -0.01335394 0.005891891 0.004945507 -0.01337977 0.004894661 0.005614335 -0.01337265 0.00516973 0.005455904 -0.01844923 0.004690338 0.005689335 -0.0167701 0.004345092 0.005853218 -0.01676257 0.004635969 0.00569073 -0.01509097 0.003999847 0.006017101 -0.01353701 -0.001198433 0.006977198 -0.01352716 -0.0008157041 0.007002966 -0.01522229 -0.001091795 0.006871914 -0.02546823 -0.005747116 -0.002759257 -0.02715839 -0.005825727 -0.002446013 -0.02715769 -0.005802072 -0.002792508 -0.02039965 -0.00551667 0.003667511 -0.02039567 -0.005359504 0.003961624 -0.02376277 -0.005003008 0.004634003 -0.02376741 -0.005185615 0.004371347 -0.02377164 -0.005352386 0.004094664 -0.02040328 -0.00566025 0.003361621 -0.02041185 -0.00600241 0.002382055 -0.02040939 -0.005903838 0.002718025 -0.02377878 -0.005635096 0.003502393 -0.02547304 -0.005890647 0.001904467 -0.02378769 -0.006000028 0.001465704 -0.02378706 -0.005968873 0.002183176 -0.01530817 -0.004439614 0.005468568 -0.01362871 -0.004775149 0.005320537 -0.01362424 -0.004599534 0.005542946 -0.01703457 -0.006006142 -0.002880517 -0.0170372 -0.006104791 -0.002531416 -0.01872406 -0.00605461 -0.002121314 -0.01535545 -0.006347336 -0.002229661 -0.01704159 -0.006268548 -0.001800744 -0.01367163 -0.0065125 -0.0022959 -0.0136735 -0.006581454 -0.001925954 -0.01535911 -0.006482308 -0.001486925 -0.02546541 -0.005643704 -0.003400714 -0.02715678 -0.005769654 -0.003128773 -0.02715482 -0.00569648 -0.003452217 -0.02030317 -0.001864856 -0.006530716 -0.02031185 -0.002200714 -0.006432113 -0.02370598 -0.002898746 -0.006251004 -0.02529033 0.001126276 -0.006513678 -0.02526942 0.001938458 -0.006485488 -0.02357259 0.002279458 -0.006455863 -0.02187576 0.002620467 -0.006426238 -0.02355369 0.003013963 -0.00637761 -0.01532218 -0.005079448 -0.004835845 -0.01363135 -0.004974505 -0.005127632 -0.01363712 -0.00519684 -0.00495196 -0.01679382 0.003309898 -0.006446701 -0.01680278 0.002960912 -0.006545384 -0.01850029 0.002593983 -0.006539047 -0.01343487 0.002639397 -0.006865513 -0.01344437 0.002269573 -0.006934492 -0.01514264 0.001873728 -0.006879174 -0.01341649 0.003354658 -0.006676306 -0.01342555 0.003001965 -0.006779106 -0.01512355 0.002616218 -0.006744152 -0.01675678 0.00475438 -0.005794395 -0.01506179 0.005024483 -0.005671897 -0.01506733 0.004807617 -0.005850421 -0.01676286 0.004516941 -0.005946936 -0.01507368 0.004559527 -0.006015335 -0.01510527 0.00332784 -0.006551732 -0.01509663 0.003664668 -0.006435944 -0.01508842 0.003984477 -0.006307748 -0.01340776 0.003694768 -0.006558069 -0.01339943 0.004019439 -0.006425188 -0.01339159 0.004325486 -0.006278123 -0.01338431 0.004609688 -0.006117325 -0.01686042 0.0007195919 -0.006878298 -0.01684091 0.001477893 -0.006823856 -0.0134639 0.001510756 -0.00700942 -0.01345405 0.001893485 -0.006983652 -0.01845838 0.004226256 -0.006043452 -0.01845176 0.004484277 -0.005916892 -0.0201539 0.00393557 -0.006139967 -0.02014675 0.004214174 -0.006039389 -0.01676969 0.00425041 -0.006087788 -0.01846569 0.003941293 -0.006160241 -0.02016169 0.003632186 -0.006232704 -0.01682155 0.002230481 -0.006709199 -0.01851955 0.001844734 -0.006674256 -0.02021756 0.001458992 -0.006639303 -0.0201978 0.002227055 -0.0065327 -0.02189531 0.001860127 -0.006526363 -0.01687995 -3.855754e-05 -0.006856558 -0.01348395 0.0007321454 -0.006992399 -0.01689909 -0.0007811495 -0.006765059 -0.01354282 -0.001550647 -0.006628948 -0.01522064 -0.00115365 -0.006703777 -0.01352357 -0.0008046286 -0.006794332 -0.0135039 -4.170588e-05 -0.006917521 -0.01361128 -0.004199609 -0.005620789 -0.01530395 -0.004376449 -0.005389087 -0.01360377 -0.003909386 -0.00577286 -0.01529699 -0.004108071 -0.005559626 -0.0135959 -0.003605214 -0.00591824 -0.01528966 -0.003824776 -0.005722623 -0.01528197 -0.003527692 -0.005877678 -0.01700257 -0.004782653 -0.004960397 -0.0136184 -0.004474679 -0.005462358 -0.01531657 -0.004863424 -0.005026839 -0.0136251 -0.004733376 -0.005297869 -0.01699661 -0.004553289 -0.005157375 -0.01699022 -0.004306756 -0.005346382 -0.01698342 -0.004044339 -0.005527006 -0.01697624 -0.003767155 -0.005698797 -0.01861478 -0.001851692 -0.006522668 -0.01695271 -0.002857818 -0.00615651 -0.01864835 -0.003150858 -0.006022054 -0.01863206 -0.002520728 -0.006298576 -0.01527396 -0.003217914 -0.006024361 -0.01696871 -0.003476278 -0.005861285 -0.01865607 -0.00344904 -0.005865758 -0.02035128 -0.003725267 -0.005717507 -0.01700805 -0.004993473 -0.00475582 -0.01869465 -0.004936641 -0.004709406 -0.01868928 -0.004730139 -0.004925663 -0.02038195 -0.004906979 -0.004693961 -0.02037667 -0.004704126 -0.004919904 -0.02035821 -0.003993005 -0.005535133 -0.01866346 -0.003734642 -0.005698209 -0.02036478 -0.00424609 -0.005341045 -0.02037094 -0.004483475 -0.005135782 -0.01677718 0.003958137 -0.00621772 -0.01847362 0.003632362 -0.006267917 -0.02017005 0.003306577 -0.006318104 -0.02185769 0.003323069 -0.006305157 -0.02184942 0.003644894 -0.006236482 -0.02184174 0.003944071 -0.006161887 -0.02353672 0.003673968 -0.006284384 -0.02354494 0.003354209 -0.006332997 -0.02017892 0.002961467 -0.006396623 -0.01848209 0.003302467 -0.006366998 -0.01678526 0.003643477 -0.006337373 -0.02359282 0.001493204 -0.006520016 -0.02191556 0.001073249 -0.00660435 -0.02361356 0.0006875073 -0.006569397 -0.02023744 0.0006862048 -0.006713221 -0.0252497 0.002704846 -0.006450073 -0.02523171 0.003403865 -0.006406881 -0.02531156 0.0003017641 -0.006534454 -0.02363397 -0.0001054783 -0.006602585 -0.02535173 -0.001258314 -0.006550489 -0.02365347 -0.0008627339 -0.006616045 -0.02367194 -0.001579968 -0.006584884 -0.02700956 -8.3978e-05 -0.0064995 -0.02698784 0.000759348 -0.006507331 -0.02034399 -0.003443898 -0.005887607 -0.02374169 -0.004277729 -0.005421005 -0.0237213 -0.003490819 -0.005968205 -0.02032847 -0.002844095 -0.006188449 -0.02372846 -0.003767409 -0.005801379 -0.02033638 -0.003149883 -0.006044824 -0.02373527 -0.004029977 -0.005618714 -0.01870759 -0.005432672 -0.00401223 -0.02039775 -0.005511283 -0.003698987 -0.02039468 -0.005394286 -0.003960474 -0.02208551 -0.005499228 -0.003668687 -0.02208246 -0.005383607 -0.003942763 -0.02377394 -0.005513655 -0.003671744 -0.02377091 -0.005398593 -0.003956464 -0.02546299 -0.005552581 -0.003705484 -0.02709697 -0.003474919 -0.006127539 -0.02709248 -0.003301289 -0.006189934 -0.02369787 -0.002584868 -0.006365314 -0.02368949 -0.002260043 -0.006460114 -0.02029429 -0.001520596 -0.006612586 -0.02368084 -0.001924884 -0.006533839 -0.02027595 -0.0008092656 -0.006720726 -0.02025694 -7.157105e-05 -0.006747176 -0.01357921 -0.00295955 -0.006187437 -0.01525708 -0.002564779 -0.006290957 -0.01693565 -0.002197371 -0.006408704 -0.02032029 -0.002527408 -0.006317785 -0.0237138 -0.003200997 -0.006118352 -0.02710718 -0.003869523 -0.005909756 -0.02710002 -0.003592721 -0.006062523 -0.02713193 -0.004823292 -0.005118916 -0.02712948 -0.004729149 -0.005235195 -0.0271265 -0.004614411 -0.005348135 -0.02712433 -0.004531008 -0.005430223 -0.02712037 -0.00437836 -0.005549516 -0.027114 -0.004132565 -0.005741586 -0.0271114 -0.004032361 -0.00581988 -0.02713704 -0.005019188 -0.004876947 -0.02374772 -0.004509733 -0.005208981 -0.02713969 -0.005120931 -0.004751267 -0.02375332 -0.004725025 -0.004983283 -0.02376313 -0.005101496 -0.004493426 -0.02714937 -0.005490478 -0.004063656 -0.02714777 -0.005429911 -0.004218165 -0.02375846 -0.0049226 -0.004744548 -0.02714579 -0.005354137 -0.004348914 -0.02714166 -0.005196361 -0.004621131 -0.02208791 -0.005589894 -0.003385743 -0.02377807 -0.005668505 -0.0030725 -0.02377634 -0.005604181 -0.0033769 -0.02546717 -0.005709123 -0.003085113 -0.02715714 -0.005783204 -0.003068885 -0.02715359 -0.00565052 -0.003655352 -0.02708461 -0.002996544 -0.006299448 -0.02708129 -0.00286791 -0.006345665 -0.02707642 -0.002679227 -0.006380418 -0.02706791 -0.002349217 -0.006441195 -0.02706487 -0.002231492 -0.006462879 -0.01701743 -0.005354061 -0.004325474 -0.01870384 -0.005289343 -0.004252271 -0.02039099 -0.005253559 -0.004213782 -0.02207882 -0.005244606 -0.004207445 -0.02376729 -0.005260659 -0.004230537 -0.02715246 -0.005607726 -0.003764524 -0.01535033 -0.006154983 -0.002941517 -0.01366346 -0.006205165 -0.003351619 -0.01366659 -0.006323361 -0.003011397 -0.0170463 -0.006437581 -0.0002893551 -0.01704472 -0.006383162 -0.001047907 -0.01367561 -0.006656352 -0.001166886 -0.01367485 -0.006630596 -0.001549741 -0.01703168 -0.005896853 -0.003214206 -0.01871946 -0.005882622 -0.002830031 -0.02040725 -0.005868391 -0.002445867 -0.02041093 -0.006004418 -0.001711212 -0.02209503 -0.00585415 -0.002061703 -0.01872772 -0.006189769 -0.001371817 -0.01704592 -0.006415843 0.0004690458 -0.01367535 -0.006639333 -0.000388017 -0.01704374 -0.00632437 0.001211884 -0.01367361 -0.006564475 0.0003860913 -0.01367062 -0.006441322 0.001149268 -0.01535532 -0.006306951 0.001541457 -0.01364122 -0.005268146 0.004545381 -0.01532224 -0.004992676 0.004765333 -0.01364507 -0.005420169 0.00425506 -0.01532657 -0.00516316 0.004496864 -0.01364874 -0.005565503 0.003950786 -0.0153307 -0.005326105 0.004213475 -0.01533462 -0.005481111 0.003916291 -0.01699824 -0.004520281 0.005214726 -0.01363721 -0.005109766 0.004820542 -0.01531303 -0.004630546 0.005252471 -0.01363304 -0.00494533 0.005079327 -0.01700326 -0.004717195 0.004985284 -0.01700807 -0.004906141 0.004738668 -0.01701265 -0.005086708 0.004476163 -0.01701701 -0.005258443 0.004198886 -0.0187247 -0.006038209 0.002325835 -0.01702858 -0.00571601 0.003289245 -0.01871212 -0.005537752 0.003625435 -0.01871909 -0.005814187 0.002995094 -0.01533832 -0.005627747 0.003606409 -0.01702112 -0.005420879 0.003907912 -0.01870817 -0.005381507 0.003923717 -0.02039136 -0.005189459 0.004243087 -0.01699303 -0.004315771 0.005425616 -0.01867876 -0.004225528 0.005411818 -0.01868428 -0.004441715 0.005205246 -0.0203653 -0.004166244 0.005425198 -0.02037106 -0.004392114 0.005222276 -0.02038673 -0.005007144 0.004510916 -0.01870393 -0.005214011 0.004209414 -0.0203818 -0.004813118 0.004764086 -0.02037657 -0.004607922 0.00500155 -0.02209175 -0.005733113 -0.002764537 -0.02040287 -0.00570453 -0.003116807 -0.02040514 -0.0057899 -0.002791091 -0.01871399 -0.005675937 -0.003469068 -0.01871683 -0.005783576 -0.003160035 -0.01702511 -0.005647354 -0.003821339 -0.01702852 -0.005777241 -0.00352897 -0.02378063 -0.005761696 -0.002412276 -0.01534389 -0.005911084 -0.00359837 -0.01534727 -0.006039236 -0.003278457 -0.01366932 -0.006426124 -0.002658588 -0.02378466 -0.005904045 -0.0008910139 -0.02209999 -0.006032193 -0.0005139728 -0.02378612 -0.005953405 -8.505088e-05 -0.02041594 -0.00618487 -0.0001698524 -0.01365997 -0.00607233 -0.003676396 -0.01365611 -0.005925315 -0.003982545 -0.0136519 -0.005764572 -0.004266839 -0.01533623 -0.005618772 -0.004173609 -0.01702142 -0.005506551 -0.004087957 -0.01871091 -0.005559188 -0.003754124 -0.02040041 -0.005611826 -0.003420291 -0.0220899 -0.005664463 -0.003086468 -0.0237794 -0.0057171 -0.002752635 -0.02546951 -0.005790289 -0.002060006 -0.02715839 -0.005818871 -0.001707745 -0.02041385 -0.006110981 -0.0009428957 -0.02209779 -0.005954237 -0.001301111 -0.02378282 -0.005839919 -0.001677528 -0.0254706 -0.005825688 -0.001293364 -0.02715839 -0.005811457 -0.0009091964 -0.02378583 -0.005917843 0.002528207 -0.02715669 -0.005706497 0.003281097 -0.02715754 -0.005741938 0.003039725 -0.02715796 -0.005759355 0.002921092 -0.02715839 -0.005795838 0.0007727941 -0.02715839 -0.005781256 0.00234324 -0.02715839 -0.005779301 0.002553771 -0.02715839 -0.005803672 -7.081155e-05 -0.02547152 -0.005853863 -0.0004809132 -0.02547225 -0.005874627 0.0003438722 -0.02378716 -0.005986577 0.0007081973 -0.020417 -0.006218809 0.0005881744 -0.02041649 -0.006192363 0.001326114 -0.02041388 -0.006084255 0.002037681 -0.02378401 -0.00584414 0.002863477 -0.02378165 -0.005749369 0.003188411 -0.02375774 -0.004805363 0.004881839 -0.01866093 -0.003528581 0.005908018 -0.02033983 -0.003171596 0.006029708 -0.02034653 -0.003432998 0.005912671 -0.02202599 -0.003097463 0.006060701 -0.02203301 -0.003371448 0.00594504 -0.02371301 -0.003056674 0.006118185 -0.02372031 -0.003341301 0.006003083 -0.02540083 -0.003046558 0.006200175 -0.02377544 -0.005502486 0.003804745 -0.0271443 -0.005213626 0.004563646 -0.02714785 -0.005353712 0.004313226 -0.01365551 -0.005834615 0.003304907 -0.01534503 -0.005894259 0.002953056 -0.01703491 -0.005968124 0.002628578 -0.02040653 -0.005789545 0.003044828 -0.02714815 -0.005365637 0.004286455 -0.02715143 -0.005495712 0.00399448 -0.02715162 -0.005503389 0.003977261 -0.02712408 -0.004419566 0.005518554 -0.0271256 -0.004478859 0.005468982 -0.0271298 -0.004643787 0.005303677 -0.02713222 -0.00473839 0.005208871 -0.0271351 -0.004851662 0.005072767 -0.02713813 -0.004970545 0.004929914 -0.02713994 -0.005041999 0.004825973 -0.02714333 -0.005175504 0.004631785 -0.02373406 -0.003878086 0.005705884 -0.02709702 -0.003362658 0.006186369 -0.02710271 -0.003584227 0.006087072 -0.02374048 -0.004129126 0.005526927 -0.02708132 -0.00275091 0.006393578 -0.02708522 -0.002902871 0.006356397 -0.02201872 -0.002814612 0.006151399 -0.02369762 -0.002457628 0.00627309 -0.02370544 -0.002761928 0.006208742 -0.02538489 -0.002426392 0.006356773 -0.025393 -0.002741889 0.00629133 -0.02706434 -0.002090685 0.006501852 -0.02706696 -0.002192371 0.006495916 -0.02707298 -0.002426617 0.00646108 -0.02707616 -0.002549971 0.006442734 -0.02372733 -0.003615283 0.005865101 -0.02708934 -0.003063038 0.006301242 -0.02709413 -0.003250002 0.006236865 -0.02710437 -0.003649308 0.006050485 -0.02711079 -0.003899813 0.005909665 -0.02374658 -0.004367783 0.005329285 -0.02711136 -0.003922241 0.005894172 -0.02375234 -0.004593408 0.005113921 -0.02711794 -0.004179456 0.005716593 -0.02711842 -0.004197969 0.005703814 -0.02715409 -0.005602072 0.003688605 -0.02715457 -0.005621206 0.00363264 -0.02715615 -0.005684875 0.00337023 -0.01698204 -0.003885565 0.005786327 -0.01866708 -0.003768543 0.00576464 -0.02035302 -0.003686223 0.005771896 -0.02203979 -0.003636043 0.005805991 -0.01359162 -0.003324387 0.006418734 -0.01358329 -0.002999716 0.006551615 -0.01525966 -0.002545907 0.006544471 -0.01357456 -0.002659606 0.006669852 -0.01524138 -0.001834285 0.006736892 -0.0135655 -0.002306913 0.006772652 -0.01355619 -0.001944345 0.006859059 -0.01354668 -0.001574521 0.006928038 -0.01359946 -0.003630435 0.006271669 -0.01526831 -0.002882735 0.006428684 -0.01693603 -0.002092097 0.006537317 -0.01691726 -0.001361666 0.006701132 -0.01689791 -0.0006090782 0.006815789 -0.01348716 0.0007367576 0.006911067 -0.01346748 0.00149968 0.006787878 -0.01683972 0.001649964 0.006756991 -0.01514429 0.001935583 0.006696517 -0.01338728 0.004604437 0.005766406 -0.01339515 0.004300265 0.005911787 -0.0201099 0.005746704 0.004910223 -0.02011564 0.005526052 0.005126101 -0.01675539 0.004913154 0.005518939 -0.01508296 0.004309625 0.005870418 -0.01341184 0.003654602 0.006180983 -0.01504836 0.005645357 0.005019579 -0.01673077 0.005862287 0.004747753 -0.01673625 0.005651468 0.004952329 -0.01336595 0.005428428 0.005291415 -0.01529125 -0.003777594 0.006008074 -0.01360674 -0.003914636 0.006110871 -0.01527651 -0.003202543 0.006300487 -0.016945 -0.002441083 0.006438633 -0.0186124 -0.001638287 0.006530173 -0.01859314 -0.0008890374 0.006665382 -0.01697596 -0.003648127 0.005938869 -0.01696913 -0.003381595 0.00607972 -0.01863908 -0.002676666 0.006259043 -0.02030765 -0.00191889 0.006386942 -0.02028878 -0.001184478 0.006523019 -0.02026902 -0.0004164149 0.006629622 -0.02024914 0.0003563728 0.00670354 -0.0201834 0.002907434 0.006521035 -0.02019229 0.002563174 0.006602905 -0.01682111 0.002371486 0.006605155 -0.01672138 0.006222876 0.004317406 -0.0184051 0.006388368 0.004003356 -0.01840885 0.006245039 0.004243397 -0.01841804 0.005892337 0.004700532 -0.01842341 0.005685835 0.004916789 -0.01674859 0.00517557 0.005338315 -0.01507527 0.00460671 0.005715363 -0.01685887 0.0009073722 0.00684849 -0.02021063 0.001851843 0.006711045 -0.01687839 0.0001492228 0.006870231 -0.02022963 0.001114149 0.006737495 -0.01333109 0.006767381 0.003669943 -0.01332759 0.006900216 0.003345165 -0.0150146 0.006936916 0.002934257 -0.01332446 0.007018412 0.003004943 -0.01500948 0.007129269 0.0022224 -0.01331756 0.007276506 0.0019195 -0.01500583 0.007264241 0.001479665 -0.01331942 0.007207552 0.002289446 -0.01332173 0.007121176 0.002652134 -0.01333494 0.006620367 0.003976091 -0.01501766 0.006821169 0.003271196 -0.01670162 0.006973606 0.002523348 -0.01669723 0.007137362 0.001792676 -0.0166941 0.007251977 0.00103984 -0.01333554 0.006529666 -0.003311361 -0.01503032 0.006263044 -0.003923552 -0.01502661 0.00640968 -0.00361367 -0.0167218 0.006127258 -0.004206953 -0.01504269 0.005774609 -0.004772593 -0.01335384 0.005804818 -0.004826996 -0.01674057 0.005389096 -0.005222793 -0.02176871 0.006862572 0.002754049 -0.02008617 0.006654403 0.00341061 -0.02008371 0.006747108 0.003107127 -0.01840178 0.006514885 0.00374525 -0.01502871 0.006400705 0.004166349 -0.01333915 0.006459624 0.004260386 -0.01502104 0.006693017 0.00359111 -0.01670424 0.006874957 0.002872449 -0.01838864 0.007010306 0.00211244 -0.01838498 0.007145465 0.001362943 -0.02007009 0.00723494 -0.001335795 -0.01669251 0.007306395 0.0002812877 -0.01669289 0.007284658 -0.0004771131 -0.01331545 0.007351404 0.001160432 -0.0133157 0.007334385 0.0003815632 -0.02344728 0.007185213 -0.00219447 -0.02344665 0.007216368 -0.001476998 -0.02006958 0.007261387 -0.0005978553 -0.02007064 0.007227447 0.0001601715 -0.02007272 0.007153559 0.0009332149 -0.02007565 0.007046996 0.001701531 -0.02007933 0.006910969 0.002436186 -0.01839586 0.006739272 0.003151161 -0.01671371 0.006516169 0.003813271 -0.01332043 0.007136373 -0.001155722 -0.01500962 0.007088884 -0.001548718 -0.01669507 0.007193184 -0.001219952 -0.01669881 0.007041394 -0.001941714 -0.0200727 0.007126832 -0.002047361 -0.02007472 0.007044987 -0.002391736 -0.02010478 0.005855696 -0.004773766 -0.01840877 0.006169708 -0.004218288 -0.01671769 0.006289694 -0.003915979 -0.02349386 0.005345467 -0.005538222 -0.02011001 0.005650499 -0.005011231 -0.01672616 0.005955522 -0.004484231 -0.0201273 0.004973363 -0.00561859 -0.02012128 0.005208822 -0.005434879 -0.01843394 0.005181225 -0.005420692 -0.01842842 0.005397411 -0.00521412 -0.01673555 0.00558601 -0.004993352 -0.01865432 -0.00327056 0.006034578 -0.02032489 -0.002589609 0.006223023 -0.02033268 -0.002892993 0.006130286 -0.02200277 -0.00219361 0.006294669 -0.02201104 -0.002515435 0.006225994 -0.0219847 -0.001491008 0.006415751 -0.02031652 -0.002263999 0.006308423 -0.01864701 -0.002985597 0.006151367 -0.02368065 -0.001797622 0.006366315 -0.0236894 -0.002137868 0.006321703 -0.02366175 -0.001063117 0.006444569 -0.02196515 -0.0007306677 0.006515875 -0.02364152 -0.0002768631 0.006508721 -0.0219449 5.620966e-05 0.006593862 -0.02362078 0.0005288332 0.006558102 -0.0167861 0.003726633 0.006148443 -0.01845663 0.004404736 0.005856884 -0.01846434 0.004106554 0.00601318 -0.0201353 0.004767844 0.005707826 -0.02014259 0.004486475 0.005877926 -0.02349265 0.00549407 0.00540971 -0.02351304 0.004707159 0.00595691 -0.02352054 0.004417337 0.006107058 -0.02010463 0.005949556 0.00468428 -0.0235535 0.003141225 0.006522545 -0.02529666 0.001001458 0.006522353 -0.02531789 0.0001769457 0.006501577 -0.0253388 -0.0006352359 0.006473387 -0.02535852 -0.001401624 0.006437972 -0.02537652 -0.002100643 0.00639478 -0.02360037 0.001321819 0.006591291 -0.02690565 0.004070656 0.006375609 -0.02690795 0.003981552 0.006397237 -0.02691417 0.003740261 0.006432689 -0.02691723 0.003621667 0.006450111 -0.02697254 0.001474081 0.006486593 -0.02693211 0.003044007 0.006472015 -0.02692669 0.003254468 0.006470061 -0.0268813 0.005013337 0.006044341 -0.02352836 0.004115087 0.00623971 -0.02688199 0.004986575 0.00605627 -0.02353647 0.003801209 0.006354019 -0.0201502 0.00419246 0.006035143 -0.0201581 0.003886672 0.006178768 -0.01848064 0.003476424 0.006289702 -0.02686533 0.005629819 0.005661051 -0.02686802 0.005525913 0.005732529 -0.02687305 0.005331789 0.005866077 -0.02687482 0.005263673 0.005904211 -0.0201218 0.005288667 0.005331364 -0.02009984 0.006133206 0.004448745 -0.02178164 0.006374065 0.004196957 -0.02346343 0.006614934 0.00394517 -0.023458 0.006820521 0.003365606 -0.0234604 0.006729996 0.003660449 -0.02177495 0.006628687 0.0036582 -0.02177799 0.006513066 0.003932275 -0.0200919 0.006436863 0.003950794 -0.02009559 0.006296137 0.004204101 -0.02682811 0.007055817 0.003592701 -0.02682957 0.007000681 0.00375292 -0.02683127 0.006936326 0.003939946 -0.0268326 0.006885848 0.004052639 -0.02684489 0.006416232 0.004869705 -0.02684522 0.006403458 0.004888224 -0.02685005 0.00621826 0.005109893 -0.02688954 0.004694698 0.006186386 -0.02688998 0.004677484 0.006194066 -0.02354485 0.003476383 0.00644882 -0.02689744 0.004388925 0.00629278 -0.02689888 0.004332978 0.00631192 -0.02176543 0.006983609 0.002051215 -0.02008143 0.006832478 0.00278141 -0.01839871 0.006631633 0.003460194 -0.0167174 0.006375366 0.00407989 -0.02345371 0.006978036 0.002400982 -0.02345494 0.00693344 0.002741341 -0.02177056 0.006793922 0.003075981 -0.02176047 0.007161652 0.0005034853 -0.02176267 0.007083696 0.001290623 -0.0133162 0.007325648 0.001543287 -0.01671024 0.006584825 -0.003297313 -0.01840452 0.006337203 -0.003932591 -0.01840057 0.006493448 -0.003634309 -0.02009521 0.006232036 -0.004252768 -0.0200909 0.006402082 -0.003971305 -0.0234766 0.006021703 -0.004893133 -0.0234627 0.006568727 -0.004105958 -0.0234589 0.006718826 -0.003816039 -0.01251507 0.005594526 -0.005252572 -0.01336455 0.00538305 -0.005440617 -0.01336234 0.0054702 -0.005326991 -0.01505926 0.00512376 -0.005576445 -0.01505676 0.005221547 -0.005475828 -0.01675396 0.004864461 -0.005712273 -0.01675119 0.004972893 -0.005624666 -0.01844867 0.004605171 -0.005848101 -0.01844562 0.004724239 -0.005773514 -0.02014337 0.004345871 -0.00598393 -0.02014005 0.004475576 -0.005922351 -0.02183808 0.004086581 -0.006119758 -0.02352133 0.004273014 -0.006129479 -0.02182745 0.004500907 -0.005955528 -0.02183447 0.004226922 -0.006071189 -0.02351403 0.004557641 -0.006014377 -0.02182066 0.004765502 -0.005816479 -0.02350701 0.004831624 -0.005876395 -0.02181414 0.005020223 -0.005655637 -0.02350028 0.005094427 -0.005717179 -0.02011551 0.005434691 -0.005231957 -0.02008883 0.006553861 0.003689306 -0.02177255 0.006719353 0.003375256 -0.02345627 0.006884845 0.003061206 -0.02513999 0.007050338 0.002747156 -0.02513872 0.00709351 0.002047905 -0.02513762 0.00712891 0.001281263 -0.02345152 0.007056259 0.001666234 -0.0251367 0.007157085 0.0004688122 -0.02344968 0.007120385 0.0008797196 -0.02513597 0.007177849 -0.0003559732 -0.02344822 0.007169745 7.375658e-05 -0.02344718 0.007202918 -0.0007194916 -0.02344851 0.007134183 -0.002539501 -0.02682595 0.007074979 -0.003383138 -0.02682542 0.0070966 -0.003294004 -0.02682456 0.007132042 -0.003052633 -0.02682414 0.007149459 -0.002934 -0.02682372 0.007169405 -0.002566679 -0.02682372 0.007193775 5.790378e-05 -0.02682372 0.00720156 0.0008962886 -0.02682372 0.007208975 0.001694837 -0.02682372 0.00721583 0.002433105 -0.02683426 0.006743815 -0.004326133 -0.02345556 0.006851436 -0.003513688 -0.02683396 0.006755741 -0.004299363 -0.02345269 0.00696571 -0.003199705 -0.02008693 0.006559248 -0.003677192 -0.0200833 0.006702828 -0.003371302 -0.0183936 0.006769883 -0.003003968 -0.02684398 0.006360648 -0.004942822 -0.02684216 0.006432103 -0.004838881 -0.02683877 0.006565608 -0.004644692 -0.0268378 0.00660373 -0.004576553 -0.02520739 0.00434978 -0.006212276 -0.0235289 0.003978268 -0.006220037 -0.02522333 0.003729614 -0.006368874 -0.02521522 0.004045111 -0.006303431 -0.02692219 0.003308554 -0.006524831 -0.02522748 0.003567992 -0.006391415 -0.02353278 0.003827281 -0.006255586 -0.02691776 0.003480788 -0.00651476 -0.02691514 0.003582474 -0.006508824 -0.02690912 0.00381672 -0.006473988 -0.02690595 0.003940075 -0.006455642 -0.02690078 0.004141013 -0.006406486 -0.02689688 0.004292975 -0.006369305 -0.02689277 0.004453141 -0.00631415 -0.02688797 0.004640105 -0.006249773 -0.02688508 0.004752762 -0.006199277 -0.0268794 0.00497433 -0.00609998 -0.02686416 0.005569559 -0.005729501 -0.02686368 0.005588073 -0.005716722 -0.02685802 0.005809669 -0.005531462 -0.02683068 0.006885815 -0.004007388 -0.02683048 0.006893493 -0.003990169 -0.02345033 0.00706048 -0.002874771 -0.02682801 0.006992175 -0.003701512 -0.02682753 0.00701131 -0.003645548 -0.001870721 -0.00704619 0.005077493 -0.0001778789 -0.006848794 0.006332915 -0.0001751845 -0.006742766 0.006483417 -0.003525059 -0.005722575 0.006594509 -0.0001721226 -0.006622767 0.006601247 -0.003517956 -0.005444786 0.006804369 -0.0001322944 -0.00506805 0.007469499 -0.003483517 -0.004102322 0.007353497 -0.000140451 -0.005385498 0.007394263 -0.003492986 -0.00447086 0.007264785 -0.003510219 -0.005142655 0.006987191 -0.0001536223 -0.005899051 0.007171242 -0.003501885 -0.004817577 0.007141279 -0.0001503516 -0.005771523 0.007226621 -0.0001417089 -0.005434541 0.007372968 -0.0001279674 -0.004899648 0.007509417 -0.0001221804 -0.004674781 0.00752471 -0.003473438 -0.003710483 0.007401181 -0.0001158469 -0.004428677 0.007541446 -0.003462751 -0.003295441 0.007405598 -0.0001112895 -0.004251713 0.007539802 -0.003451807 -0.002870492 0.007398292 -0.0001657173 -0.006371739 0.006847737 -0.0001652886 -0.006354941 0.006864232 -0.0001582817 -0.006081127 0.007048628 -0.003546094 -0.006549552 0.00550653 -0.003549081 -0.006668633 0.005173202 -0.005227441 -0.006291066 0.00526891 -0.005229766 -0.006384455 0.004934493 -0.006908661 -0.006027471 0.005056183 -0.006913058 -0.006204428 0.004386758 -0.003542075 -0.006390596 0.005814548 -0.005223974 -0.006153553 0.005578177 -0.0069058 -0.005913499 0.005364619 -0.006891272 -0.00534197 0.006156406 -0.006884862 -0.005090995 0.006378925 -0.006877802 -0.004814955 0.006580211 -0.006870157 -0.004516396 0.006759526 -0.00686198 -0.004197407 0.006915681 -0.006853318 -0.003859833 0.007047203 -0.006844217 -0.003505417 0.007152536 -0.00683468 -0.003134363 0.007228064 -0.006824677 -0.00274556 0.007268446 -0.001705949 -0.0006259943 0.007399011 -0.003406604 -0.001115726 0.007336056 -0.001753175 -0.002459474 0.007450358 -0.003429458 -0.002002874 0.007373315 0.0001158469 0.004567953 0.007457908 9.33142e-05 0.003693011 0.007466032 6.99265e-05 0.002784871 0.007474464 -0.006636319 0.004560719 0.006378718 -0.006654924 0.003839766 0.0065444 -0.004953911 0.004343789 0.006650544 -0.004973711 0.003576045 0.006776918 -0.003271503 0.00412686 0.00692238 -0.003292499 0.003312323 0.007009437 -0.001611286 0.003048602 0.007241946 -0.001634305 0.002155136 0.007286734 4.581669e-05 0.001848691 0.007483157 2.119515e-05 0.0008926417 0.007492035 -0.006674668 0.003074478 0.006697472 -0.004994547 0.002768034 0.006893896 -0.003314425 0.00246159 0.00709031 -0.001657935 0.001237885 0.007328152 -2.848007e-05 -0.001036238 0.007509945 -7.689251e-05 -0.002916083 0.007527401 -0.0001000416 -0.003814957 0.007535747 -0.003383417 -0.0002157519 0.007288087 -0.00336015 0.0006872547 0.00723049 -0.006716638 0.001447096 0.006959974 -0.003337065 0.00158313 0.007164269 -0.00676023 -0.0002439274 0.007153333 -0.006782024 -0.001089664 0.007219239 -0.006803571 -0.001926027 0.007260846 -0.01193549 -0.00456958 0.005864772 -0.01361337 -0.004173582 0.005936428 -0.01361924 -0.004403251 0.005747452 -0.0152976 -0.004025684 0.005843161 -0.01530314 -0.004242549 0.005664637 -0.01698762 -0.004104078 0.005616599 -0.01867302 -0.004000997 0.005598761 -0.02035928 -0.003930786 0.005608909 -0.02204631 -0.003890764 0.005645149 -0.01194088 -0.004780818 0.005651744 -0.01025761 -0.004965568 0.005793125 -0.008574409 -0.005152616 0.005962709 -0.01023824 -0.004207691 0.006398835 -0.01023055 -0.003907336 0.006565913 -0.01022236 -0.003587996 0.006714684 -0.01021374 -0.00325216 0.006844162 -0.01020475 -0.002902089 0.006953136 -0.01019545 -0.002539964 0.007040287 -0.01018584 -0.002166393 0.007102631 -0.01017592 -0.001780627 0.007135701 -0.01015534 -0.0009815617 0.007123391 -0.01013459 -0.0001764519 0.007065153 -0.01011385 0.000627877 0.006970611 -0.008394881 0.001827017 0.00682472 -0.01009329 0.001425212 0.006844362 -0.006738355 0.0006047327 0.00706622 -0.01003491 0.003687367 0.006304624 -0.008354789 0.003380923 0.006501048 -0.008336137 0.004103487 0.006311881 -0.01680317 0.003066186 0.006400636 -0.01510786 0.003346712 0.006283696 -0.0151257 0.002655947 0.00651156 -0.01342961 0.002966791 0.00641895 -0.01344823 0.002245699 0.006622494 -0.01175137 0.002586869 0.006554203 -0.01177076 0.001835461 0.006733428 -0.01007312 0.002206948 0.006689467 -0.009993603 0.005285899 0.005706366 -0.01000114 0.004994569 0.005835067 -0.008318727 0.004777649 0.006106892 -0.01000906 0.004687992 0.005959479 -0.01001735 0.004367219 0.006079372 -0.01170663 0.004318871 0.005980457 -0.01171503 0.003993821 0.00610821 -0.01173271 0.003309357 0.006344866 -0.01005358 0.002964111 0.006508749 -0.008374454 0.002618866 0.006672631 -0.006695324 0.002273621 0.006836504 -0.005016194 0.001928375 0.007000387 -0.00998649 0.005560907 0.005573607 -0.008310553 0.005094075 0.00599896 -0.003225727 0.005900349 0.006478854 -0.003233694 0.005592435 0.00663786 0.000161389 0.006330858 0.006851103 0.0001652886 0.00648131 0.006745041 -0.003205489 0.006680047 0.005810616 0.0001683506 0.006599101 0.006625002 -0.00320002 0.006889836 0.005532736 -0.003185563 0.007438774 0.004189831 -0.003187935 0.007350094 0.00455849 0.0001890607 0.007391846 0.005387328 -0.003195242 0.007072596 0.005230506 0.0001831968 0.007168902 0.005901051 -0.003191197 0.007226631 0.004905322 0.0001846528 0.007224261 0.005773481 0.0001885007 0.007370558 0.005436388 0.0001910733 0.007467055 0.005069776 0.0001921412 0.007506959 0.004901319 -0.003184242 0.00748644 0.003797862 0.0001925886 0.007522245 0.004676377 0.0001930782 0.007538974 0.004430191 0.0001747559 0.006845507 0.006373894 0.0001751845 0.006861997 0.00635709 0.0001799968 0.007046329 0.006083187 -0.004918696 0.005707899 0.006284783 -0.004911298 0.005993565 0.006109103 -0.006603698 0.005823363 0.005931705 0.0001264503 0.00497934 0.007417666 -0.001557917 0.005119698 0.007091609 -0.003242304 0.005259217 0.006756979 -0.00492669 0.005398736 0.006422339 -0.006611077 0.005538254 0.006087699 -0.008295464 0.005677773 0.005753069 0.0001930782 0.00753733 0.004253169 -0.003184116 0.007483546 0.002957592 -0.003184029 0.007490852 0.003382683 -0.00656131 0.007433829 0.002098917 -0.00656131 0.007441431 0.002918722 -0.006590558 0.006329776 0.005515985 -0.006584769 0.00655222 0.005264929 -0.006579522 0.006753437 0.004988799 -0.006574834 0.006932691 0.004690142 -0.006570738 0.007088792 0.004371048 -0.006567272 0.007220268 0.004033363 -0.006564476 0.007325565 0.00367883 -0.006562443 0.007401065 0.003307653 0.0001930782 0.007533273 0.003816268 0.0001930782 0.007524924 0.002917096 -0.001495737 0.007491748 0.002503386 0.0001930782 0.007507463 0.001036627 -0.00149662 0.007440408 0.0006692991 -0.003189076 0.007249574 -0.001497507 -0.00319077 0.007175633 -0.002376259 -0.003187585 0.007315779 -0.0006013344 -0.003196893 0.006915203 -0.004814416 -0.003195776 0.006962123 -0.004433945 -0.0023494 0.007050254 -0.004753167 -0.004935321 0.00506443 0.006515757 -0.006619044 0.005229922 0.006201707 -0.008302767 0.005395414 0.005887657 -0.006596868 0.006086781 0.005739361 -0.008288699 0.005938837 0.005578638 -0.00997985 0.005817291 0.00541843 -0.01167021 0.005726399 0.005259557 -0.01167665 0.005477723 0.005413772 -0.01168354 0.005211498 0.005563241 -0.01169086 0.004928861 0.005707691 -0.01169856 0.00463094 0.005846853 -0.0116587 0.006169766 0.004872493 -0.0133437 0.00628524 0.004519416 -0.01334862 0.006096329 0.00474916 -0.01503301 0.006235847 0.00441452 -0.01503766 0.006057384 0.004631456 -0.0167258 0.006053205 0.004535991 -0.01841318 0.006079217 0.004475927 -0.009938504 0.007384102 0.001240242 -0.009938378 0.007396413 0.002039572 -0.009939322 0.007363356 0.002425465 -0.009941016 0.007301035 0.00279916 -0.009943346 0.007213915 0.003161405 -0.009946235 0.007104979 0.003511591 -0.009949648 0.006975547 0.003847537 -0.009953554 0.006826827 0.004166982 -0.009957927 0.006659805 0.004467436 -0.008282439 0.006179986 0.00536962 -0.009973701 0.006054302 0.005225561 -0.01166424 0.00595681 0.0050838 -0.004880153 0.007129588 -0.001799816 -0.00657123 0.007009602 -0.002102125 -0.004882693 0.007023127 -0.002639754 -0.006574617 0.006870611 -0.002903249 -0.004885511 0.006906183 -0.003448033 -0.006578375 0.006717584 -0.003668791 -0.004888581 0.006779846 -0.004216033 -0.006582468 0.006551954 -0.004389985 -0.00658463 0.006464815 -0.00473162 -0.008279057 0.006216162 -0.004880468 -0.00828185 0.006104894 -0.005181908 -0.009976836 0.005834791 -0.005304405 -0.009958465 0.006565578 -0.00343024 -0.008266541 0.006718094 -0.003166744 -0.008271238 0.006528985 -0.00388955 -0.009942052 0.007231362 -0.0003697317 -0.009939811 0.007325878 0.0004348644 -0.01331744 0.007259526 -0.0003925451 -0.0167039 0.006836939 -0.002636645 -0.01501991 0.006676192 -0.002960317 -0.01501421 0.006903984 -0.002269322 -0.01332958 0.006767558 -0.00262332 -0.01332451 0.00697104 -0.001901989 -0.01163924 0.006858925 -0.002286324 -0.01163481 0.007038095 -0.001534665 -0.009948912 0.006950302 -0.001949328 -0.009945112 0.00710515 -0.001167332 -0.00825858 0.007041669 -0.001612322 -0.008262306 0.006889625 -0.002404434 -0.009953383 0.006769639 -0.002706743 -0.01164446 0.006649653 -0.003009052 -0.01165039 0.006413071 -0.003693745 -0.01334231 0.006260555 -0.00395724 -0.01503424 0.006108039 -0.004220736 -0.01334983 0.005963198 -0.004551835 -0.01165696 0.006151797 -0.004331077 -0.01166048 0.006012679 -0.004629098 -0.01335801 0.005640382 -0.005085781 -0.01166413 0.005868275 -0.004911829 -0.01166791 0.005718854 -0.005178143 -0.02013356 0.0047288 -0.005781576 -0.01843967 0.004956693 -0.005607635 -0.01674579 0.005184586 -0.005433683 -0.0150519 0.005412479 -0.005259732 -0.01673075 0.005774956 -0.004746735 -0.01503836 0.005945093 -0.004504125 -0.01334598 0.006115221 -0.004261514 -0.0116536 0.006285358 -0.004018903 -0.009964101 0.006340396 -0.004110318 -0.009967111 0.00622054 -0.004431199 -0.00997024 0.006096168 -0.004737878 -0.02687773 0.005039411 -0.006063393 -0.008276354 0.006324061 -0.004563936 -0.009973484 0.005967508 -0.005029306 -0.01167182 0.005564688 -0.005426902 0.000142127 0.005586738 0.00726945 -0.001499785 0.007283371 -0.003006516 -0.000653865 0.007349589 -0.003781154 -0.001500808 0.007235642 -0.00386813 -0.0006544146 0.007320357 -0.00463067 -0.001501907 0.007185305 -0.004691918 0.0001922562 0.007419665 -0.004981127 -0.00150316 0.007133072 -0.0050783 0.0001930782 0.007480666 -0.001849258 0.0001930782 0.007471971 -0.002785748 0.0001930782 0.007463535 -0.003694189 0.0001930782 0.007455408 -0.004569421 0.0001927225 0.007438892 -0.00486022 -0.004897671 0.006414198 -0.005580597 -0.003201669 0.006723314 -0.005508144 -0.003205688 0.006564359 -0.005816161 0.0001830861 0.007053714 -0.006041245 0.0001829535 0.00704847 -0.006051476 -0.003210586 0.006371505 -0.006100383 0.0001785997 0.006876963 -0.006313805 -0.003216278 0.006148062 -0.006360639 -0.003229807 0.005618549 -0.006805982 -0.003222704 0.005896338 -0.006596122 0.0001677376 0.006450805 -0.006782269 0.0001780864 0.0068568 -0.006338459 0.0001735045 0.006676828 -0.006558478 0.0001722616 0.006628114 -0.006606707 0.0001894803 0.007307289 -0.005474035 0.0001871325 0.007213878 -0.005714988 0.00018659 0.007192297 -0.00577066 -0.003245878 0.00499134 -0.007142893 -0.003237544 0.005316418 -0.006988805 0.0001547123 0.00594159 -0.007148476 0.0001323477 0.005070041 -0.007477988 -0.003264246 0.004276085 -0.007355111 0.0001398239 0.005361072 -0.007402067 -0.003254777 0.004644623 -0.007266399 0.0001504126 0.005773839 -0.007232402 0.0001474487 0.005658205 -0.007290261 0.0001417269 0.00543523 -0.007374164 0.0001000416 0.003814957 -0.007535747 -0.003295956 0.003044255 -0.007399905 0.0001112895 0.004251713 -0.007539802 -0.003285012 0.003469204 -0.007407211 0.0001320264 0.005057534 -0.007481252 0.000124026 0.004746421 -0.007527865 -0.003274325 0.003884245 -0.007402795 0.0001221948 0.004675283 -0.007530905 0.0001158469 0.004428677 -0.007541446 0.0001656961 0.006370932 -0.0068464 0.0001614718 0.006205657 -0.006979091 0.0001584101 0.006086049 -0.007055814 7.689251e-05 0.002916083 -0.007527401 2.848007e-05 0.001036238 -0.007509945 -0.001620706 0.002546355 -0.007451164 -0.001667933 0.0007128758 -0.007399818 -0.0001158469 -0.004567953 -0.007457908 -9.33142e-05 -0.003693011 -0.007466032 -6.99265e-05 -0.002784871 -0.007474464 -0.006593673 0.006105081 -0.00565305 -0.004902125 0.006238574 -0.005866358 -0.003198682 0.006842396 -0.005174815 -0.004894204 0.006551711 -0.00527133 -0.006589726 0.006261025 -0.005367845 -0.008285247 0.005970349 -0.005464361 -0.003387613 -0.0005134918 -0.007232104 -0.005127098 -0.00250739 -0.006896316 -0.00510545 -0.001667731 -0.007002807 -0.003433337 -0.002287827 -0.007091923 -0.003410698 -0.001409367 -0.007165883 -0.001715947 -0.001151003 -0.007328959 -0.005147933 -0.0033154 -0.006779339 -0.003455264 -0.00313856 -0.00701105 -0.001739577 -0.002068254 -0.00728754 -2.119515e-05 -0.0008926417 -0.007492035 -4.581669e-05 -0.001848691 -0.007483157 -0.001762595 -0.002961721 -0.007242752 -0.00347626 -0.003953097 -0.006923994 -0.005167733 -0.004083145 -0.006652964 -0.006800202 -0.001926095 -0.006839731 -0.006820858 -0.002726953 -0.006700699 -0.006840602 -0.00349224 -0.006547627 -0.006859207 -0.004213193 -0.006381945 -0.006670848 0.003093086 -0.007271673 -0.006691954 0.002273553 -0.007264073 -0.006713502 0.00143719 -0.007222466 -0.003318305 0.002176637 -0.007374928 -0.006735296 0.0005914532 -0.00715656 -0.003522036 -0.005726586 -0.006480468 -0.003514069 -0.005418672 -0.006639473 -0.0001391695 -0.005472266 -0.007309745 -0.0001453946 -0.005713138 -0.007216304 -0.0001540963 -0.006049515 -0.007050844 -0.0001608903 -0.006311755 -0.006879281 -0.003536152 -0.006270881 -0.006064036 -0.003547742 -0.006716073 -0.005534349 -0.003542274 -0.006506284 -0.005812229 -0.0001730517 -0.006780061 -0.006452985 -0.0001615298 -0.006336401 -0.006859112 -0.0001672367 -0.006556345 -0.006679082 -0.0001684899 -0.006604559 -0.006630352 -0.003556565 -0.007052868 -0.004906935 -0.003552521 -0.006898833 -0.005232119 -0.0001826005 -0.007146144 -0.005943604 -0.0001848011 -0.007230041 -0.005775798 -0.0001863182 -0.00728788 -0.005660126 -0.003559828 -0.007176331 -0.004560104 -0.0001926527 -0.0075254 -0.004748041 -0.0001927479 -0.007528438 -0.00467688 -0.003563521 -0.007312677 -0.003799475 -0.0001930782 -0.007538974 -0.004430191 -0.003563733 -0.007317089 -0.003384296 -0.0001930782 -0.00753733 -0.004253169 -0.003563647 -0.007309783 -0.002959206 -0.0001885314 -0.007371754 -0.005437077 -0.0001892674 -0.007399647 -0.005362895 -0.003562199 -0.007265011 -0.004191445 -0.0001912914 -0.007475541 -0.005071768 -0.0001913784 -0.007478804 -0.005059257 -0.0001747217 -0.00684417 -0.006373086 -0.000178177 -0.006976816 -0.006207757 -0.0001801806 -0.007053513 -0.00608811 -0.001877261 -0.007353526 -0.0006701059 -0.003562464 -0.007247557 -0.001203858 -0.001878145 -0.007404867 -0.002504193 -0.003563211 -0.007284809 -0.0020913 -0.0001930782 -0.007463535 0.003694189 -0.001873073 -0.007148761 0.003867323 -0.0001930782 -0.007471971 0.002785748 -0.001874096 -0.00719649 0.003005709 -0.0001930782 -0.007480666 0.001849258 -0.001875036 -0.007241268 0.002111947 -0.0001930782 -0.007489547 0.0008928915 -0.001875883 -0.007282679 0.001194392 -0.0001930782 -0.007507463 -0.001036627 -0.0001930782 -0.007524924 -0.002917096 -0.0001930782 -0.007533273 -0.003816268 -0.005202948 -0.005447254 -0.006287203 -0.005210347 -0.00573292 -0.006111523 -0.006891828 -0.005475837 -0.005934932 -0.003505459 -0.005085454 -0.006758593 -0.005194954 -0.005138091 -0.006424759 -0.006884449 -0.005190728 -0.006090926 -0.008573944 -0.005243366 -0.005757103 -0.006904968 -0.00598225 -0.005519212 -0.006910756 -0.006204694 -0.005268156 -0.006916004 -0.006405911 -0.004992026 -0.006920691 -0.006585165 -0.004693369 -0.006924788 -0.006741267 -0.004374275 -0.006928254 -0.006872742 -0.00403659 -0.00693105 -0.006978039 -0.003682057 -0.006933083 -0.00705354 -0.00331088 -0.006934216 -0.007093905 -0.002921949 -0.003561445 -0.007199599 -0.0003035853 -0.003560178 -0.007142016 0.000599721 -0.003555115 -0.006921019 0.003225661 -0.005236133 -0.006645539 0.003445613 -0.006917151 -0.006370058 0.003665564 -0.003556993 -0.00700187 0.002374645 -0.005238951 -0.006762483 0.002637334 -0.006920908 -0.006523085 0.002900022 -0.008602866 -0.006283687 0.003162711 -0.003558687 -0.007075811 0.001495894 -0.005241492 -0.006868943 0.001797396 -0.00693185 -0.006978815 -0.0004194863 -0.006933345 -0.007044704 -0.001265504 -0.006934216 -0.007086303 -0.002102144 -0.01167629 0.005388988 -0.005657391 -0.009980769 0.005679664 -0.005560876 -0.009985677 0.005486857 -0.005797966 -0.008289675 0.005795974 -0.005725513 -0.008294998 0.005587024 -0.005966743 -0.006598562 0.005912799 -0.005916556 -0.006604254 0.005689496 -0.006159633 -0.006610663 0.005438521 -0.006382152 -0.006617724 0.005162481 -0.006583438 -0.006625369 0.004863922 -0.006762753 -0.006633546 0.004544933 -0.006918908 -0.006642208 0.004207359 -0.00705043 -0.006651309 0.003852943 -0.007155763 -0.006660846 0.003481888 -0.007231291 -0.01024969 -0.00476461 -0.005711206 -0.01024215 -0.00447328 -0.005839907 -0.00855068 -0.004343242 -0.006110926 -0.01023423 -0.004166704 -0.005964319 -0.00853327 -0.00366908 -0.006315915 -0.01022594 -0.00384593 -0.006084213 -0.01020838 -0.003166078 -0.006309465 -0.01251926 0.005429636 -0.005488151 -0.01336681 0.005294585 -0.0055494 -0.01168168 0.00517775 -0.005870419 -0.01337768 0.004868634 -0.005942882 -0.01337181 0.005098302 -0.005753906 -0.01012943 -0.0001065882 -0.006975451 -0.0101087 0.0006977406 -0.007069993 -0.01008795 0.001502851 -0.007128231 -0.01006737 0.002301916 -0.007140541 -0.01005745 0.002687682 -0.007107472 -0.01004784 0.003061253 -0.007045128 -0.01003854 0.003423378 -0.006957976 -0.01002955 0.003773449 -0.006849002 -0.01002093 0.004109285 -0.006719525 -0.01001274 0.004428625 -0.006570753 -0.01000505 0.00472898 -0.006403675 -0.01184641 -0.001227291 -0.006739075 -0.0118658 -0.001978699 -0.00655985 -0.01017016 -0.00168566 -0.006694307 -0.0101897 -0.002442823 -0.006513589 -0.008494953 -0.002184459 -0.006676665 -0.008514618 -0.002946515 -0.006505082 -0.01015 -0.0009039237 -0.006849202 -0.008474526 -0.00139261 -0.006828754 -0.01191054 -0.003710701 -0.005986104 -0.01190214 -0.003385651 -0.006113858 -0.01188446 -0.002701186 -0.006350513 -0.01356144 -0.002271739 -0.006425404 -0.01523923 -0.001874014 -0.006518821 -0.01691771 -0.001502671 -0.006613223 -0.008558854 -0.004659668 -0.006002993 -0.0102568 -0.005039618 -0.005578447 -0.005186323 -0.004803785 -0.006518177 -0.006876482 -0.004882396 -0.006204934 -0.00856664 -0.004961007 -0.005891691 -0.006898657 -0.005739255 -0.005742588 -0.008580708 -0.00550443 -0.005582672 -0.01026344 -0.005296003 -0.00542327 -0.01194696 -0.005118229 -0.005265204 -0.01194052 -0.004869553 -0.005419419 -0.01193363 -0.004603328 -0.005568888 -0.01192631 -0.004320691 -0.005713338 -0.01191861 -0.00402277 -0.005852501 -0.01029818 -0.006583862 0.001162492 -0.006929811 -0.006891725 0.0004294557 -0.01195847 -0.005561596 -0.00487814 -0.01364735 -0.005590189 -0.00452587 -0.01364243 -0.005401277 -0.004755614 -0.01533192 -0.005453914 -0.004421781 -0.01532728 -0.005275451 -0.004638717 -0.01701301 -0.005184391 -0.004544058 -0.01869952 -0.005123521 -0.004484801 -0.02038674 -0.005090628 -0.004458425 -0.02207462 -0.005083819 -0.004462249 -0.01030124 -0.006710074 0.0003648912 -0.01030348 -0.006804589 -0.0004397049 -0.01030478 -0.006862813 -0.001245082 -0.01030491 -0.006875124 -0.002044412 -0.01030397 -0.006842068 -0.002430306 -0.01030227 -0.006779747 -0.002804 -0.01029994 -0.006692626 -0.003166245 -0.01029705 -0.00658369 -0.003516432 -0.01029364 -0.006454258 -0.003852378 -0.01028973 -0.006305538 -0.004171822 -0.01028536 -0.006138517 -0.004472276 -0.008586968 -0.005745579 -0.005373654 -0.01026959 -0.005533013 -0.005230401 -0.01195293 -0.00534864 -0.005089447 -0.01366654 -0.006275988 0.001895535 -0.01198236 -0.006429925 0.001529018 -0.01197793 -0.006250755 0.002280677 -0.01029438 -0.006429013 0.001944488 -0.01028991 -0.00624835 0.002701903 -0.008607101 -0.006455218 0.002400401 -0.01704001 -0.00617258 0.001933646 -0.01535073 -0.006122051 0.002262061 -0.01366148 -0.006072507 0.002616866 -0.01197271 -0.006041482 0.003003405 -0.01196678 -0.005804901 0.003688098 -0.01196357 -0.005677188 0.004013256 -0.01196021 -0.005543627 0.004325429 -0.008587557 -0.005670487 0.005177874 -0.00859035 -0.005781754 0.004876434 -0.008593053 -0.005889653 0.004559902 -0.01027618 -0.005699252 0.004426359 -0.01195669 -0.005404509 0.004623451 -0.005219519 -0.00597793 0.005863938 -0.006896964 -0.005565273 0.005913329 -0.006901853 -0.005757555 0.005649823 -0.008579732 -0.005361567 0.005721479 -0.00858416 -0.005535942 0.005460327 -0.01026252 -0.005158375 0.005556035 -0.01026645 -0.005313502 0.005299565 -0.01194535 -0.004956518 0.005421255 -0.0102698 -0.005446219 0.005024465 -0.01194926 -0.005110684 0.005172496 -0.01027305 -0.005574879 0.004733037 -0.01195304 -0.005260105 0.004906182 -0.02696626 0.001597455 -0.006515113 -0.0269457 0.002395739 -0.006522526 -0.02692669 0.003133762 -0.006529379 -0.02692405 0.003236296 -0.006529061 -0.0135071 -3.709374e-05 0.006985946 -0.02699426 0.0006307554 0.006494423 -0.02701585 -0.0002073516 0.006502206 -0.0270364 -0.001005636 0.006509618 -0.02705541 -0.001743659 0.006516471 -0.02705805 -0.001846192 0.006516153 -0.02705541 -0.001864365 -0.006482969 -0.02704999 -0.001653904 -0.006484923 -0.0001884704 -0.007267007 0.005588546</float_array>
          <technique_common>
            <accessor count="1649" source="#verts-array-array" stride="3">
              <param type="float" name="X"/>
              <param type="float" name="Y"/>
              <param type="float" name="Z"/>
            </accessor>
          </technique_common>
        </source>
        <source id="normals-array">
          <float_array count="4947" id="normals-array-array">0.9996686 -0.02574266 0.0002390327 0.9996686 -0.02574266 0.0002390327 0.9996686 -0.02574266 0.0002390327 0.9996686 -0.02574266 0.0002390327 0.9996686 -0.02574266 0.0002390327 0.9996686 -0.02574266 0.0002390327 0.9996686 -0.02574266 0.0002390327 0.9996686 -0.02574266 0.0002390327 0.9996686 -0.02574266 0.0002390327 0.9996686 -0.02574266 0.0002390327 0.9996686 -0.02574266 0.0002390327 0.9996686 -0.02574266 0.0002390327 0.9996686 -0.02574266 0.0002390327 0.9996686 -0.02574266 0.0002390327 0.9996686 -0.02574266 0.0002390327 0.9996686 -0.02574266 0.0002390327 0.9996686 -0.02574266 0.0002390327 0.9996686 -0.02574266 0.0002390327 0.9996686 -0.02574266 0.0002390327 0.9996686 -0.02574266 0.0002390327 0.9996686 -0.02574266 0.0002390327 0.9996686 -0.02574266 0.0002390327 0.9996686 -0.02574266 0.0002390327 0.9996686 -0.02574266 0.0002390327 0.9996686 -0.02574266 0.0002390327 0.9996686 -0.02574266 0.0002390327 0.9996686 -0.02574266 0.0002390327 0.9996686 -0.02574266 0.0002390327 0.9996686 -0.02574266 0.0002390327 0.9996686 -0.02574266 0.0002390327 0.9996686 -0.02574266 0.0002390327 0.9996686 -0.02574266 0.0002390327 0.9996686 -0.02574266 0.0002390327 0.9996686 -0.02574266 0.0002390327 0.9996686 -0.02574266 0.0002390327 0.9996686 -0.02574266 0.0002390327 0.9996686 -0.02574266 0.0002390327 0.9996686 -0.02574266 0.0002390327 0.9996686 -0.02574266 0.0002390327 0.9996686 -0.02574266 0.0002390327 0.9996686 -0.02574266 0.0002390327 0.9996686 -0.02574266 0.0002390327 0.9996686 -0.02574266 0.0002390327 0.9996686 -0.02574266 0.0002390327 0.9996686 -0.02574266 0.0002390327 0.9996686 -0.02574266 0.0002390327 0.9996686 -0.02574266 0.0002390327 0.9996686 -0.02574266 0.0002390327 0.9996686 -0.02574266 0.0002390327 0.9996686 -0.02574266 0.0002390327 0.9996686 -0.02574266 0.0002390327 0.9996686 -0.02574266 0.0002390327 0.9996686 -0.02574266 0.0002390327 0.9996686 -0.02574266 0.0002390327 0.9996686 -0.02574266 0.0002390327 0.9996686 -0.02574266 0.0002390327 0.9996686 -0.02574266 0.0002390327 0.9996686 -0.02574266 0.0002390327 0.9996686 -0.02574266 0.0002390327 0.9996686 -0.02574266 0.0002390327 0.9996686 -0.02574266 0.0002390327 0.9996686 -0.02574266 0.0002390327 0.9996686 -0.02574266 0.0002390327 0.9996686 -0.02574266 0.0002390327 0.9996686 -0.02574266 0.0002390327 0.9996686 -0.02574266 0.0002390327 0.9996686 -0.02574266 0.0002390327 0.9996686 -0.02574266 0.0002390327 0.9996686 -0.02574266 0.0002390327 0.9996686 -0.02574266 0.0002390327 0.9996686 -0.02574266 0.0002390327 0.9996686 -0.02574266 0.0002390327 0.9996686 -0.02574266 0.0002390327 0.9996686 -0.02574266 0.0002390327 0.9996686 -0.02574266 0.0002390327 0.9996686 -0.02574266 0.0002390327 0.9996686 -0.02574266 0.0002390327 0.9996686 -0.02574266 0.0002390327 0.9996686 -0.02574266 0.0002390327 0.9996686 -0.02574266 0.0002390327 0.9996686 -0.02574266 0.0002390327 0.9996686 -0.02574266 0.0002390327 0.9996686 -0.02574266 0.0002390327 0.9996686 -0.02574266 0.0002390327 0.9996686 -0.02574266 0.0002390327 0.9996686 -0.02574266 0.0002390327 0.9996686 -0.02574266 0.0002390327 0.9996686 -0.02574266 0.0002390327 0.9996686 -0.02574266 0.0002390327 0.9996686 -0.02574266 0.0002390327 0.9996686 -0.02574266 0.0002390327 0.9996686 -0.02574266 0.0002390327 0.9996686 -0.02574266 0.0002390327 0.9996686 -0.02574266 0.0002390327 0.9996686 -0.02574266 0.0002390327 0.9996686 -0.02574266 0.0002390327 0.9996686 -0.02574266 0.0002390327 0.9996686 -0.02574266 0.0002390327 0.9996686 -0.02574266 0.0002390327 0.9996686 -0.02574266 0.0002390327 0.9996686 -0.02574266 0.0002390327 0.9996686 -0.02574266 0.0002390327 0.9996686 -0.02574266 0.0002390327 0.9996686 -0.02574266 0.0002390327 0.9996686 -0.02574266 0.0002390327 0.9996686 -0.02574266 0.0002390327 0.9996686 -0.02574266 0.0002390327 0.9996686 -0.02574266 0.0002390327 0.9996686 -0.02574266 0.0002390327 0.9996686 -0.02574266 0.0002390327 0.9996686 -0.02574266 0.0002390327 0.9996686 -0.02574266 0.0002390327 0.9996686 -0.02574266 0.0002390327 0.9996686 -0.02574266 0.0002390327 0.9996686 -0.02574266 0.0002390327 0.9996686 -0.02574266 0.0002390327 0.9996686 -0.02574266 0.0002390327 0.9996686 -0.02574266 0.0002390327 0.9996686 -0.02574266 0.0002390327 0.9996686 -0.02574266 0.0002390327 0.9996686 -0.02574266 0.0002390327 0.9996686 -0.02574266 0.0002390327 0.9996686 -0.02574266 0.0002390327 0.9996686 -0.02574266 0.0002390327 0.9996686 -0.02574266 0.0002390327 0.9996686 -0.02574266 0.0002390327 0.9996686 -0.02574266 0.0002390327 0.9996686 -0.02574266 0.0002390327 0.9996686 -0.02574266 0.0002390327 0.9996686 -0.02574266 0.0002390327 -0.9996686 0.02574266 -0.0002390327 -0.9996686 0.02574266 -0.0002390327 -0.9996686 0.02574266 -0.0002390327 -0.9996686 0.02574266 -0.0002390327 -0.9996686 0.02574266 -0.0002390327 -0.9996686 0.02574266 -0.0002390327 -0.9996686 0.02574266 -0.0002390327 -0.9996686 0.02574266 -0.0002390327 -0.9996686 0.02574266 -0.0002390327 -0.9996686 0.02574266 -0.0002390327 -0.9996686 0.02574266 -0.0002390327 -0.9996686 0.02574266 -0.0002390327 -0.9996686 0.02574266 -0.0002390327 -0.9996686 0.02574266 -0.0002390327 -0.9996686 0.02574266 -0.0002390327 -0.9996686 0.02574266 -0.0002390327 -0.9996686 0.02574266 -0.0002390327 -0.9996686 0.02574266 -0.0002390327 -0.9996686 0.02574266 -0.0002390327 -0.9996686 0.02574266 -0.0002390327 -0.9996686 0.02574266 -0.0002390327 -0.9996686 0.02574266 -0.0002390327 -0.9996686 0.02574266 -0.0002390327 -0.9996686 0.02574266 -0.0002390327 -0.9996686 0.02574266 -0.0002390327 -0.9996686 0.02574266 -0.0002390327 -0.9996686 0.02574266 -0.0002390327 -0.9996686 0.02574266 -0.0002390327 -0.9996686 0.02574266 -0.0002390327 -0.9996686 0.02574266 -0.0002390327 -0.9996686 0.02574266 -0.0002390327 -0.9996686 0.02574266 -0.0002390327 -0.9996686 0.02574266 -0.0002390327 -0.9996686 0.02574266 -0.0002390327 -0.9996686 0.02574266 -0.0002390327 -0.9996686 0.02574266 -0.0002390327 -0.9996686 0.02574266 -0.0002390327 -0.9996686 0.02574266 -0.0002390327 -0.9996686 0.02574266 -0.0002390327 -0.9996686 0.02574266 -0.0002390327 -0.9996686 0.02574266 -0.0002390327 -0.9996686 0.02574266 -0.0002390327 -0.9996686 0.02574266 -0.0002390327 -0.9996686 0.02574266 -0.0002390327 -0.9996686 0.02574266 -0.0002390327 -0.9996686 0.02574266 -0.0002390327 -0.9996686 0.02574266 -0.0002390327 -0.9996686 0.02574266 -0.0002390327 -0.9996686 0.02574266 -0.0002390327 -0.9996686 0.02574266 -0.0002390327 -0.9996686 0.02574266 -0.0002390327 -0.9996686 0.02574266 -0.0002390327 -0.9996686 0.02574266 -0.0002390327 -0.9996686 0.02574266 -0.0002390327 -0.9996686 0.02574266 -0.0002390327 -0.9996686 0.02574266 -0.0002390327 -0.9996686 0.02574266 -0.0002390327 -0.9996686 0.02574266 -0.0002390327 -0.9996686 0.02574266 -0.0002390327 -0.9996686 0.02574266 -0.0002390327 -0.9996686 0.02574266 -0.0002390327 -0.9996686 0.02574266 -0.0002390327 -0.9996686 0.02574266 -0.0002390327 -0.9996686 0.02574266 -0.0002390327 -0.9996686 0.02574266 -0.0002390327 -0.9996686 0.02574266 -0.0002390327 -0.9996686 0.02574266 -0.0002390327 -0.9996686 0.02574266 -0.0002390327 -0.9996686 0.02574266 -0.0002390327 -0.9996686 0.02574266 -0.0002390327 -0.9996686 0.02574266 -0.0002390327 -0.9996686 0.02574266 -0.0002390327 -0.9996686 0.02574266 -0.0002390327 -0.9996686 0.02574266 -0.0002390327 -0.9996686 0.02574266 -0.0002390327 -0.9996686 0.02574266 -0.0002390327 -0.9996686 0.02574266 -0.0002390327 -0.9996686 0.02574266 -0.0002390327 -0.9996686 0.02574266 -0.0002390327 -0.9996686 0.02574266 -0.0002390327 -0.9996686 0.02574266 -0.0002390327 -0.9996686 0.02574266 -0.0002390327 -0.9996686 0.02574266 -0.0002390327 -0.9996686 0.02574266 -0.0002390327 -0.9996686 0.02574266 -0.0002390327 -0.9996686 0.02574266 -0.0002390327 -0.9996686 0.02574266 -0.0002390327 -0.9996686 0.02574266 -0.0002390327 -0.9996686 0.02574266 -0.0002390327 -0.9996686 0.02574266 -0.0002390327 -0.9996686 0.02574266 -0.0002390327 -0.9996686 0.02574266 -0.0002390327 -0.9996686 0.02574266 -0.0002390327 -0.9996686 0.02574266 -0.0002390327 -0.9996686 0.02574266 -0.0002390327 -0.9996686 0.02574266 -0.0002390327 -0.9996686 0.02574266 -0.0002390327 -0.9996686 0.02574266 -0.0002390327 -0.9996686 0.02574266 -0.0002390327 -0.9996686 0.02574266 -0.0002390327 -0.9996686 0.02574266 -0.0002390327 -0.9996686 0.02574266 -0.0002390327 -0.9996686 0.02574266 -0.0002390327 -0.9996686 0.02574266 -0.0002390327 -0.9996686 0.02574266 -0.0002390327 -0.9996686 0.02574266 -0.0002390327 -0.9996686 0.02574266 -0.0002390327 -0.9996686 0.02574266 -0.0002390327 -0.9996686 0.02574266 -0.0002390327 -0.9996686 0.02574266 -0.0002390327 -0.9996686 0.02574266 -0.0002390327 -0.9996686 0.02574266 -0.0002390327 -0.9996686 0.02574266 -0.0002390327 -0.9996686 0.02574266 -0.0002390327 -0.9996686 0.02574266 -0.0002390327 -0.9996686 0.02574266 -0.0002390327 -0.9996686 0.02574266 -0.0002390327 -0.9996686 0.02574266 -0.0002390327 -0.9996686 0.02574266 -0.0002390327 -0.9996686 0.02574266 -0.0002390327 -0.9996686 0.02574266 -0.0002390327 -0.9996686 0.02574266 -0.0002390327 -0.9996686 0.02574266 -0.0002390327 -0.9996686 0.02574266 -0.0002390327 -0.9996686 0.02574266 -0.0002390327 -0.9996686 0.02574266 -0.0002390327 -0.9996686 0.02574266 -0.0002390327 -0.9996686 0.02574266 -0.0002390327 -0.9996686 0.02574266 -0.0002390327 -0.9996686 0.02574266 -0.0002390327 -0.9996686 0.02574266 -0.0002390327 -0.9996686 0.02574266 -0.0002390327 -0.9996686 0.02574266 -0.0002390327 -0.9996686 0.02574266 -0.0002390327 -0.9996686 0.02574266 -0.0002390327 -0.9996686 0.02574266 -0.0002390327 -0.9996686 0.02574266 -0.0002390327 -0.9996686 0.02574266 -0.0002390327 -0.9996686 0.02574266 -0.0002390327 -0.9996686 0.02574266 -0.0002390327 -0.9996686 0.02574266 -0.0002390327 -0.9996686 0.02574266 -0.0002390327 -0.9996686 0.02574266 -0.0002390327 -0.9996686 0.02574266 -0.0002390327 -0.9996686 0.02574266 -0.0002390327 -0.9996686 0.02574266 -0.0002390327 -0.9996686 0.02574266 -0.0002390327 -0.9996686 0.02574266 -0.0002390327 -0.9996686 0.02574266 -0.0002390327 -0.9996686 0.02574266 -0.0002390327 -0.9996686 0.02574266 -0.0002390327 -0.9996686 0.02574266 -0.0002390327 -0.9996686 0.02574266 -0.0002390327 -0.9996686 0.02574266 -0.0002390327 -0.9996686 0.02574266 -0.0002390327 -0.9996686 0.02574266 -0.0002390327 -0.9996686 0.02574266 -0.0002390327 -0.9996686 0.02574266 -0.0002390327 -0.9996686 0.02574266 -0.0002390327 -0.9996686 0.02574266 -0.0002390327 -0.9996686 0.02574266 -0.0002390327 -0.9996686 0.02574266 -0.0002390327 -0.1284391 -0.7972861 -0.5897781 -0.1360379 -0.744316 -0.6538252 -0.1354979 -0.8014161 -0.5825569 -0.1238638 -0.9542927 0.2719986 -0.1082495 -0.9357208 0.335721 -0.09243119 -0.9515056 0.293417 -0.07039046 -0.9796252 0.1880945 -0.07571994 -0.9881676 0.1333841 -0.09299474 -0.9829689 0.1585059 -0.09260444 0.5923325 -0.8003541 -0.09994058 0.6565876 -0.7475993 -0.09973539 0.5852908 -0.8046661 -0.164816 -0.9713921 0.170977 -0.1627908 -0.980291 0.1119315 -0.1881136 -0.9699158 0.1545206 -0.1998679 -0.3974044 -0.8956129 -0.202631 -0.4425705 -0.8735399 -0.1835519 -0.5947783 -0.7826541 -0.1882014 -0.2023833 -0.9610521 -0.1912174 -0.2520311 -0.9486392 -0.1894241 -0.3267328 -0.9259396 -0.1828188 -0.1014515 -0.9778982 -0.184838 -0.1498125 -0.9712832 -0.1834645 -0.1955546 -0.963379 -0.1544634 -0.05386027 -0.9865293 -0.1765077 -0.08581666 -0.9805511 -0.166738 -0.1503171 -0.9744759 -0.04714405 -0.04497063 -0.9978753 -0.0562072 -0.0590945 -0.9966687 -0.04105769 -0.1106617 -0.9930097 -0.05340571 -0.1320651 -0.9898013 -0.1583098 0.9654036 -0.2072048 -0.1603508 0.9530387 -0.2569142 -0.1571974 0.9302513 -0.3315441 -0.1273 0.9750466 -0.1818757 -0.1384042 0.9652058 -0.2218602 -0.1299474 0.9458702 -0.2973939 -0.08751582 0.8028472 0.5897265 -0.09786145 0.7503392 0.6537692 -0.09434918 0.807335 0.5825019 -0.02049526 0.9987228 -0.04618039 -0.02921633 0.9977384 -0.06053497 -0.01283082 0.9936601 -0.1116911 -0.02469657 0.9907534 -0.1334081 -0.007660316 0.9958796 -0.09036083 -0.004597816 0.9979252 -0.06421905 -0.01224959 0.9992552 -0.03659336 -0.1288709 0.9871316 -0.09467546 -0.1183938 0.9861888 -0.1158217 -0.09452875 0.9908599 -0.09623437 -0.08278865 0.9954262 -0.04767374 -0.0616894 0.9969893 -0.04697527 -0.06425149 0.9976747 -0.02273778 -0.1773466 0.4277648 0.8863213 -0.1768148 0.4962048 0.8500102 -0.1486009 0.6046445 0.7825106 -0.1485191 0.6854891 0.712774 -0.1779998 0.1853153 0.9664235 -0.173557 0.2708647 0.9468423 -0.1709329 0.3396223 0.9248993 -0.1233505 -0.5867714 0.8003024 -0.1339588 -0.6505644 0.7475433 -0.1301116 -0.579372 0.8046111 -0.1519581 0.06175099 0.9864561 -0.171167 0.09546511 0.9806061 -0.1592462 0.1587116 0.9743979 -0.210944 -0.8812281 0.4230127 -0.211264 -0.8448969 0.4914434 -0.1841638 -0.7780668 0.6005796 -0.1844034 -0.7083014 0.681399 -0.2073424 -0.9614482 0.1806281 -0.2046251 -0.9419299 0.2662641 -0.203229 -0.9200154 0.3350666 -0.1985422 -0.9758599 0.09098574 -0.2042327 -0.9776322 0.05024166 -0.2046142 -0.9738957 0.09828661 0.09807574 0.9946695 0.03183795 0.1013287 0.9931508 0.05817183 0.08001025 0.9839617 0.1594291 0.09112708 0.5256051 -0.845834 0.09732121 0.5674716 -0.8176213 0.07431575 0.6632192 -0.7447264 0.09860431 0.7328522 -0.673205 0.09646997 0.7640486 -0.6379054 0.07739069 0.8358763 -0.543435 0.102311 0.669162 -0.7360399 0.1012218 0.7029668 -0.7039828 0.07797372 0.7984263 -0.5970223 -0.005092758 0.9998109 -0.01876776 -0.006589294 0.9999118 -0.01153277 0.004093783 0.9999916 0.0002174843 0.07453413 0.7116746 -0.6985441 0.04691056 0.8090788 -0.5858249 0.1001777 0.9762926 0.1918781 0.1006758 0.9663031 0.2369023 0.08626635 0.9401227 0.3297384 0.1003292 0.9896744 0.1023655 0.1011499 0.9840035 0.1466485 0.08101766 0.966258 0.2445029 0.09898696 0.8435839 0.5277953 0.10337 0.8152502 0.5698085 0.07603388 0.743029 0.6649262 0.1003305 0.8881267 0.4485139 0.1003777 0.8668066 0.488437 0.07942803 0.7899217 0.6080418 0.0966737 0.6709577 0.7351666 0.09283023 0.6357447 0.7662971 0.06948866 0.5418391 0.8376048 0.1036347 0.7336355 0.6715942 0.1008506 0.701639 0.7053594 0.07241067 0.5953692 0.8001826 -0.03057898 0.01955406 0.9993411 -0.0347847 0.01287255 0.9993119 -0.01325575 0.09551935 0.9953393 0.05370106 0.8221308 0.5667602 0.06561505 0.873494 0.4823929 0.07263392 0.8315571 0.5506697 0.07381576 0.6968883 0.7133708 0.04080584 0.5849746 0.8100245 0.04594633 0.9344977 -0.3529916 0.04320508 0.9507271 -0.3070036 0.03576609 0.9578395 -0.2850688 -0.03621717 0.9232508 0.3824869 -0.03538714 0.9423273 0.3328167 -0.02066399 0.963757 0.2659803 0.03064662 0.3523247 0.9353759 0.02631279 0.3064323 0.9515287 0.01813458 0.2846989 0.9584454 -0.06992774 -0.3808273 0.9219982 -0.06832696 -0.3311818 0.9410898 -0.05246559 -0.2647283 0.9628948 -0.02109399 0.5180515 0.8550893 -0.03253564 0.5544747 0.8315643 -0.005798757 0.6284019 0.7778672 -0.0483158 0.6858552 0.7261324 -0.0622949 0.5985691 0.7986453 -0.07217879 0.6542579 0.7528192 -0.04283756 0.4800972 0.8761687 -0.04911578 0.5206151 0.8523776 0.01914791 0.526695 0.8498386 0.01253117 0.4615068 0.8870482 0.009883301 0.5091821 0.8606021 -0.002528116 0.4082707 0.9128574 -0.06531312 -0.09495485 0.9933367 -0.04753392 -0.02275717 0.9986104 -0.06940229 -0.1347322 0.9884486 0.02365936 -0.9960487 -0.08559923 0.04185571 -0.9988153 -0.02482079 0.03793756 -0.9967616 -0.07090216 0.002542326 -0.894618 0.4468246 0.004612519 -0.8683731 0.4958901 0.03649145 -0.8013739 0.5970496 0.03400731 -0.8387449 0.5434616 0.02975958 -0.8723431 0.4879876 0.002022317 -0.9152674 0.4028418 -0.01307524 -0.9666552 0.2557476 -0.005931164 -0.951687 0.3070126 0.01348058 -0.9285458 0.3709729 -0.05655349 -0.9982234 0.01875302 -0.06058214 -0.9980915 0.0119645 -0.04111274 -0.9946143 0.09514276 -0.08461666 -0.7242099 0.6843684 -0.09816876 -0.7964007 0.5967486 -0.1083238 -0.7503006 0.6521618 -0.08357831 -0.9535355 -0.289456 -0.09131718 -0.9640756 -0.2494383 -0.07659469 -0.9753802 -0.206801 -0.09911321 -0.9706859 -0.2189643 -0.09107659 -0.9788012 -0.1834484 -0.1032062 -0.9730833 -0.2060518 -0.09756003 -0.9827833 -0.1569047 -0.09106597 -0.9864469 -0.1364899 0.03315341 -0.9688909 -0.2452575 0.03716424 -0.9747237 -0.2203008 0.04294447 -0.9736101 -0.2241408 0.005517998 -0.2559717 -0.9666685 0.01096113 -0.3073922 -0.9515198 0.0275156 -0.3738307 -0.9270887 -0.009640719 0.03080897 -0.9994788 0.01006369 0.04080778 -0.9991163 -0.009804299 0.09448234 -0.9954783 -0.009982976 0.15125 -0.9884451 0.01322934 0.1205259 -0.992622 -0.0832045 -0.6824684 -0.7261638 -0.09263796 -0.5945794 -0.7986824 -0.1053968 -0.6496851 -0.7528617 -0.05137439 0.2908608 -0.9553851 -0.05985497 0.2510464 -0.9661227 -0.04593604 0.2080402 -0.977041 -0.07260863 0.2079712 -0.9754363 -0.06796774 0.1586897 -0.9849863 -0.06190348 0.1381135 -0.98848 -0.07678656 0.3037284 -0.9496593 -0.07673303 0.2582483 -0.9630264 -0.06825135 0.2207767 -0.9729334 -0.03840866 0.5712374 -0.8198857 -0.05566161 0.6679987 -0.7420778 -0.05594848 0.5951219 -0.8016855 -0.04533371 0.5048316 -0.8620266 -0.06040185 0.516871 -0.8539297 -0.06955851 0.2979866 -0.9520324 -0.06685567 0.3496229 -0.9345021 -0.05974078 0.3969084 -0.915912 -0.07803389 0.3560288 -0.9312112 -0.07876793 0.4068074 -0.9101117 -0.07740883 0.4633935 -0.8827652 -0.07379035 0.5218701 -0.8498274 -0.04404604 0.02236501 -0.9987791 -0.05746399 0.1105822 -0.9922044 -0.0458224 0.02516121 -0.9986327 -0.05986467 0.09817832 -0.9933666 -0.01808748 0.4106179 -0.9116281 -0.01209123 0.4667384 -0.8843128 0.0001781795 0.316301 -0.9486589 0.008015076 0.3625906 -0.931914 -0.04395993 0.4353659 -0.8991796 -0.02441329 0.3549819 -0.9345544 -0.005969493 0.2755565 -0.9612663 -0.06091505 0.1850621 -0.9808371 -0.05314534 0.1623393 -0.9853028 -0.04614006 0.1165222 -0.9921158 -0.03708351 0.1598572 -0.9864433 -0.02736999 0.1144586 -0.9930509 -0.02352385 -0.07557277 -0.9968628 -0.02728512 -0.05900647 -0.9978846 -0.01080314 -0.1614804 -0.9868168 -0.01747397 -0.2430576 -0.9698545 -0.00898144 -0.2248442 -0.9743533 -0.01345728 -0.185558 -0.9825412 -0.015919 -0.1267012 -0.9918132 -0.06707181 -0.4772669 -0.876195 -0.06063294 -0.5520755 -0.8315866 -0.06037257 -0.4458175 -0.8930856 -0.04732058 -0.5162898 -0.8551056 -0.0504453 -0.4109691 -0.9102525 -0.04160087 -0.481517 -0.8754489 -0.03560596 -0.4424813 -0.8960706 -0.04557688 -0.6709067 -0.7401398 -0.07543847 -0.5174077 -0.8524074 -0.07103871 -0.635564 -0.768773 -0.0871969 -0.5509693 -0.8299575 -0.03776207 -0.6272802 -0.7778776 -0.03317181 -0.5871293 -0.8088132 -0.02624005 -0.546558 -0.8370101 -0.01592522 -0.5090265 -0.8606035 0.003915636 -0.2852667 -0.9584402 -0.007018395 -0.3942931 -0.9189579 0.005854663 -0.4371275 -0.8993805 0.005909312 -0.3598207 -0.9330028 -0.02310148 -0.4076107 -0.9128635 -0.01081446 -0.461551 -0.8870478 -0.0009542235 -0.4835719 -0.8753041 0.01415522 -0.5407422 -0.8410692 -0.0561883 -0.7180185 -0.6937524 -0.03109873 -0.7456019 -0.6656656 -0.02183402 -0.6988381 -0.7149466 -0.01271617 -0.7648319 -0.6441044 -0.007071162 -0.7201963 -0.6937343 0.01103125 -0.5863094 -0.8100121 -0.007579395 -0.5269929 -0.8498359 0.007063241 -0.6318338 -0.7750717 0.002598308 -0.6771611 -0.7358302 -0.04979391 0.3839103 -0.9220268 -0.0309507 0.3092441 -0.9504789 -0.01258467 0.2359507 -0.9716835 0.005292183 0.1941078 -0.9809659 0.01723403 0.225145 -0.9741728 0.02669416 0.2608757 -0.9650033 0.04631773 0.1674697 -0.9847886 0.03745069 0.1366916 -0.9899055 -0.02736922 0.2082493 -0.9776928 -0.03831078 0.2670659 -0.9629165 -0.05074129 0.334248 -0.9411183 -0.02574095 0.07238336 -0.9970447 -0.03823731 0.09503457 -0.9947393 -0.03597422 0.05429824 -0.9978765 -0.04629678 0.06833038 -0.996588 0.03180062 0.05163291 -0.9981597 0.05398869 0.07515358 -0.9957094 -0.0264032 0.02292207 -0.9993885 -0.03768415 0.02797142 -0.9988981 -0.03106727 -0.01796659 -0.9993558 -0.03492354 -0.01107748 -0.9993286 -0.01849959 -0.09541737 -0.9952654 -0.02139816 0.0007737612 -0.9997707 0.003433887 -0.003933403 -0.9999864 0.01451682 -0.4964218 -0.86796 0.04082327 -0.6508642 -0.7580958 0.03721588 -0.4900747 -0.8708856 0.0155194 -0.4033689 -0.9149058 0.03860485 -0.5434764 -0.8385363 0.01438101 -0.4473369 -0.8942499 0.04240304 -0.5978493 -0.8004862 -0.04507992 -0.8806648 -0.4715902 -0.02379329 -0.9291685 -0.3688899 -0.02191224 -0.8939509 -0.4476289 -0.001830604 -0.937747 -0.3473142 0.0009285185 -0.9041362 -0.4272434 0.01881301 -0.9423075 -0.3342194 0.0168667 -0.9097724 -0.4147645 0.03740736 -0.9424033 -0.3323805 0.03844277 -0.4214187 -0.906051 0.02489054 -0.3369636 -0.9411886 0.01917695 -0.310962 -0.9502289 0.009875957 -0.2494544 -0.9683362 -0.0007914368 -0.1918009 -0.9814335 -0.003054979 -0.1793783 -0.9837754 -0.01847134 -0.09246181 -0.9955449 -0.03920605 0.006079492 -0.9992127 -0.03823245 -0.3556703 -0.9338292 -0.01569023 -0.3447847 -0.9385506 -0.001628114 -0.3191195 -0.9477131 0.01291949 -0.3534465 -0.9353655 0.03222213 -0.4307617 -0.9018903 0.0445361 -0.4813231 -0.8754111 0.05035062 -0.4835852 -0.8738479 0.06903024 -0.7760707 -0.6268565 0.06624377 -0.7411963 -0.6680118 0.06410888 -0.7008877 -0.7103847 0.05864044 -0.6627067 -0.7465796 0.05653128 -0.6129765 -0.7880762 0.06394977 -0.6154817 -0.7855524 0.05398317 -0.558135 -0.8279922 0.06024267 -0.7738136 -0.6305421 0.03830095 -0.6984659 -0.7146176 0.06119428 -0.825142 -0.5616012 0.03728146 -0.7485264 -0.6620561 0.02651031 -0.8350332 -0.5495605 0.0606132 -0.9295306 -0.3637291 0.0561349 -0.9010379 -0.4300925 0.03319673 -0.7918053 -0.6098708 0.05721845 -0.8618562 -0.5039147 0.06674668 -0.8636878 -0.499588 -0.003602617 -0.9633331 -0.268284 0.01769547 -0.9842895 -0.1756729 0.01684776 -0.9680369 -0.2502413 0.03176801 -0.9868485 -0.1584958 0.0404825 -0.9889629 -0.1425258 0.04675028 -0.9557146 -0.2905582 0.02896567 -0.3386831 -0.9404546 0.0148733 -0.2720256 -0.9621751 -0.003040218 -0.1800155 -0.9836591 -0.0005856171 -0.1811163 -0.9834615 -0.01135293 -0.1266186 -0.9918865 -0.07214868 -0.8154875 -0.5742601 -0.04274122 -0.8359188 -0.5471865 -0.01796077 -0.8536111 -0.5206011 0.004552853 -0.8661819 -0.4997081 0.01682478 -0.8747628 -0.4842591 0.04971306 -0.9280913 -0.3690191 -0.1018449 -0.9497068 -0.2961157 -0.1112535 -0.9286341 -0.3539229 -0.1091529 -0.9471431 -0.3016713 -0.07053693 -0.9972831 -0.02123445 -0.08602427 -0.9903036 -0.1090807 -0.0723796 -0.9970887 -0.02398444 -0.08813732 -0.9914113 -0.09661968 -0.08368111 -0.9392612 -0.3328452 -0.07011237 -0.9614194 -0.266002 -0.05806245 -0.9765139 -0.2074836 -0.06676389 -0.9850412 -0.1588595 -0.03951389 -0.9877519 -0.1509463 -0.08284872 -0.9834822 -0.1609312 -0.04748162 -0.9959653 0.07614807 -0.05168931 -0.9968782 0.05968309 -0.03231811 -0.9863101 0.1617033 -0.03844709 -0.9911489 0.1270659 -0.03424554 -0.9819829 0.1858408 -0.02855833 -0.9739401 0.2250001 -0.07762435 -0.8744734 0.4788222 -0.0681235 -0.8300969 0.5534423 -0.07217021 -0.8915115 0.4472121 -0.05634338 -0.85393 0.5173286 -0.063584 -0.9089074 0.4121219 -0.05204255 -0.8743919 0.4824213 -0.04758261 -0.8951365 0.4432454 -0.04767187 -0.7391507 0.6718509 -0.08434403 -0.8505031 0.5191633 -0.07476183 -0.7670896 0.6371689 -0.09465573 -0.8277777 0.5530139 -0.04195499 -0.7770499 0.6280392 -0.03919518 -0.8080677 0.5877843 -0.03403498 -0.8364082 0.5470494 -0.02529685 -0.8602367 0.5092671 -0.01371588 -0.9584074 0.285074 -0.02083721 -0.9187267 0.3943438 -0.006371964 -0.8995186 0.4368359 -0.009161857 -0.9330797 0.3595529 -0.03641176 -0.9122255 0.4080673 -0.02208693 -0.8867733 0.4616766 -0.01136669 -0.8753043 0.4834389 0.006079782 -0.8415113 0.5402053 -0.05586992 -0.6925346 0.7192179 -0.029364 -0.6651272 0.7461525 -0.02257807 -0.7146013 0.6991676 -0.009943152 -0.6440635 0.7649074 -0.00672934 -0.6937937 0.7201423 0.004926537 -0.8104137 0.5858373 -0.01621874 -0.8497014 0.5270147 0.003029612 -0.7754122 0.6314481 0.0007428154 -0.7360981 0.6768745 -0.02514719 -0.9806436 -0.1941797 -0.03796612 -0.9606042 -0.2753147 -0.04383781 -0.9708723 -0.2355531 -0.05772863 -0.9333695 -0.3542438 -0.06350937 -0.9491492 -0.3083542 -0.07839262 -0.8974458 -0.4341032 -0.08350448 -0.9201679 -0.3825155 -0.01564216 -0.9925507 -0.1208241 -0.09361728 -0.9137881 -0.3952558 -0.1000049 -0.9322185 -0.3478041 -0.1082872 -0.9605372 -0.2562074 -0.05347413 -0.9959915 -0.07170338 -0.06647981 -0.9933474 -0.09402853 -0.06326115 -0.9965693 -0.05336316 -0.07390114 -0.9950038 -0.06712747 -0.1127335 -0.907489 -0.4046663 -0.1121074 -0.8801495 -0.4612686 -0.1091265 -0.8472781 -0.5198185 -0.09572596 -0.8517301 -0.5151625 -0.08057123 -0.8602236 -0.5035113 -0.0522298 -0.9105785 -0.4100231 -0.03253374 -0.9481337 -0.3162027 -0.01382806 -0.9741424 -0.2255113 0.008221567 -0.9904534 -0.1376023 0.00452936 -0.9986145 -0.0524272 0.02667976 -0.9996431 0.001354948 -0.07485699 -0.9905052 -0.1153076 -0.05607104 -0.9919289 -0.1137234 -0.03807076 -0.9948249 -0.09420162 -0.01694203 -0.9990134 -0.04105123 -2.753093e-05 -0.9999964 0.002673998 -0.02262182 -0.983352 0.1802971 -0.01745595 -0.9802087 0.1971959 -0.02965821 -0.988942 0.1453068 -0.03851457 -0.9936013 0.1061747 -0.04737936 -0.9988769 -0.0002278344 -0.05804978 -0.9982473 0.01151731 -0.05245815 -0.9980668 0.03332873 -0.02244936 -0.9997406 0.003844489 -0.03638787 -0.9988706 -0.03055314 -0.05293582 -0.9983502 -0.02224129 -0.06432529 -0.9975636 -0.02700129 -0.06529622 -0.997853 -0.005077672 -0.04196763 -0.9947903 0.09290276 -0.02140015 -0.9812088 0.1917587 -0.008701739 -0.9686178 0.2484026 0.003008133 -0.9502634 0.3114329 0.03747376 -0.7600587 0.648773 -0.03485009 -0.4708438 0.881528 -0.009672641 -0.3687631 0.9294731 -0.01073648 -0.447501 0.894219 0.01305477 -0.3477708 0.9374887 0.01287847 -0.4277224 0.9038184 0.0341412 -0.3352197 0.9415212 0.02927401 -0.4156655 0.9090463 0.05338167 -0.3312075 0.9420467 0.02364771 -0.9021518 0.4307702 0.03502906 -0.8723892 0.4875552 0.02889457 -0.8920315 0.4510487 -0.05340164 -0.9327566 0.3565297 -0.03127457 -0.9380548 0.3450727 -0.01811416 -0.9475623 0.3190572 -0.002380224 -0.9356195 0.353002 0.02383346 -0.9141274 0.404726 0.02853192 -0.9131467 0.4066312 0.02072832 -0.9286608 0.3703504 0.07112911 -0.6408498 0.7643639 0.067383 -0.6735318 0.7360805 0.06457073 -0.7072362 0.7040225 0.06043327 -0.7369476 0.673243 0.056713 -0.7679932 0.637942 0.05185667 -0.7949561 0.6044466 0.04685567 -0.8235281 0.5653371 0.04130168 -0.847058 0.5298933 0.0369435 -0.5517913 0.8331636 0.06722863 -0.409506 0.909827 0.06575775 -0.4503374 0.8904337 0.04335131 -0.6093456 0.7917188 0.06946921 -0.2387516 0.9685926 0.06488498 -0.280562 0.9576403 0.01398959 -0.2687383 0.9631116 0.03821403 -0.1767255 0.9835181 0.03501511 -0.2512359 0.9672923 0.0503346 -0.1607651 0.9857084 0.04963147 -0.2458486 0.9680368 0.07398266 -0.06007815 0.9954482 0.07194703 -0.1042343 0.991947 0.0717851 -0.1485275 0.9862994 0.06986028 -0.1937228 0.9785658 0.03058136 -0.48333 0.8749039 0.06365023 -0.3290825 0.9421536 0.067282 -0.3684505 0.9272095 0.06534048 -0.4902628 0.869122 0.06355008 -0.5295882 0.845871 0.0397266 -0.666156 0.7447537 0.06759469 -0.5717184 0.8176607 0.03747285 -0.7145589 0.6985709 0.07693232 -0.567755 0.8195948 0.07335444 -0.6038236 0.7937356 0.01121493 -0.9461986 0.323392 0.002668119 -0.9583427 0.2856085 -0.008258536 -0.9717646 0.235808 -0.06623013 -0.5727327 0.8170623 -0.03561786 -0.5464456 0.8367369 -0.009712028 -0.5205245 0.8537915 0.01365 -0.5002316 0.865784 -0.1000361 -0.402203 0.910069 -0.09669967 -0.3515292 0.9311694 -0.08525814 -0.2939999 0.9519953 -0.092771 -0.2993621 0.9496188 -0.07998885 -0.2169594 0.9728979 -0.09038315 -0.2539449 0.9629864 -0.08368247 -0.2039465 0.9753989 -0.07651587 -0.1549691 0.9849517 -0.1015782 -0.4587843 0.8827224 -0.08520813 -0.345707 0.9344657 -0.07315827 -0.2476212 0.9660909 -0.07082789 -0.1816696 0.9808056 -0.06355347 -0.1074658 0.9921754 -0.009850803 0.1273648 0.991807 -0.004358656 0.1860168 0.9825369 -0.002949313 0.1618345 0.9868135 0.002137153 0.2250205 0.9743517 -0.03777392 0.4483449 0.8930622 -0.0296616 0.4130319 0.9102334 0.02967391 0.7196142 0.6937397 0.0370955 0.6761389 0.7358397 0.001525099 0.5471944 0.8370042 -0.01321326 0.4437385 0.8960589 -0.02032232 0.3571782 0.9338152 -0.03860059 0.6383873 0.7687468 -0.01949022 0.7199673 0.6937343 -0.01133979 0.6723724 0.7401262 -0.05912054 0.5547372 0.8299225 -0.08733233 -0.5130667 0.8538944 -0.1009584 -0.5173701 0.8497856 -0.0805275 -0.3932964 0.9158784 -0.06673298 -0.2878194 0.9553569 -0.05704955 -0.2053882 0.9770164 -0.0619011 -0.1593768 0.9852752 -0.07166839 -0.5018187 0.8619986 -0.0667389 -0.4325153 0.8991532 -0.04728017 -0.3072295 0.9504602 -0.03851841 -0.2065526 0.977677 -0.04573335 -0.1577246 0.9864235 -0.05255024 -0.1139808 0.9920922 -0.05022853 -0.06584474 0.9965649 0.01822312 0.2553603 0.9666742 0.008612237 0.1915995 0.9814354 0.009822998 0.2434062 0.9698747 -0.03035577 0.8181272 0.5742356 8.072995e-05 0.8818236 0.4715795 7.72001e-05 0.8370174 0.5471763 0.006999187 0.7462225 0.6656598 0.01382122 0.6990444 0.7149447 -0.003295862 0.5880684 0.8088045 -0.01718128 0.4830307 0.8754348 -0.02007948 0.07669561 0.9968523 -0.01416379 0.0933022 0.9955371 -0.04561607 -0.0200561 0.9987577 -0.03994451 -0.004041271 0.9991937 -0.06607059 0.9120935 0.4046235 -0.06348003 0.9331337 0.3538811 -0.05297171 0.9536936 0.2960787 -0.06040463 0.9515094 0.3016308 -0.04912698 0.9745033 0.2189289 -0.04692357 0.9865039 0.1568702 -0.0402398 0.9898282 0.1364585 -0.05308494 0.977108 0.2060144 -0.05882897 0.9648406 0.2561675 -0.06687954 0.8847587 0.4612258 -0.05205891 0.9361343 0.3477678 -0.04169606 0.9675008 0.2494065 -0.04066636 0.9821937 0.1834169 -0.03499319 0.9934199 0.1090518 -0.005153125 0.9342645 -0.3565437 -0.001236606 0.8963937 -0.4432571 0.01078216 0.9128855 -0.4080734 0.01925493 0.8603923 -0.5092685 -0.02504508 0.8324961 -0.5534645 -0.04021021 0.8537105 -0.5191931 -0.009244802 0.7406164 -0.6718645 0.02526535 0.9806406 0.1941797 0.01615704 0.9485554 0.3161988 0.01139324 0.9612885 0.2753083 -0.005490647 0.9120648 0.4100093 -0.05200822 0.8555344 0.5151271 -0.06562232 0.8517781 0.5197767 -0.04665101 0.9174002 0.3952222 -0.03452906 0.9565769 0.2894277 -0.02639089 0.9780322 0.2067764 -0.03219771 0.9864448 0.1609037 0.009332508 0.9956307 -0.09291057 -0.01912517 0.999592 0.02121301 0.003878296 0.9970882 -0.0761585 -0.02097671 0.9994928 0.02396212 -0.0002846985 0.9982166 -0.05969552 0.01017828 0.9954109 -0.09515016 -0.009126097 0.9998866 -0.01198116 -0.01385435 0.9998912 0.005058746 -0.02262417 0.9974894 0.06710439 -0.02383331 0.9930466 0.1152841 -0.01605297 0.9871739 0.1588397 -0.007825187 0.9782105 0.2074678 -0.0147215 0.9511638 0.3083355 -0.03230621 0.9002964 0.4340768 0.01642961 0.9824417 -0.1858451 0.02171404 0.9741164 -0.2250017 0.01856566 0.9866642 -0.1617066 0.02880973 0.9694535 -0.2435775 0.02922095 0.9810074 -0.1917568 0.03681636 0.9660438 -0.2557419 0.04323648 0.7742208 -0.6314371 0.02778726 0.8494035 -0.527012 0.02380365 0.8867291 -0.4616762 0.07503417 0.606297 -0.7916905 0.03895099 0.7350759 -0.676865 0.009320033 0.8370446 -0.5470553 0.02278393 0.5848168 -0.8108454 0.0235844 0.6437123 -0.7649041 0.00526445 0.6657478 -0.7461583 0.01456527 0.7148076 -0.6991695 -0.001605837 0.7781717 -0.6280496 -0.03963296 -0.4091315 0.9116143 -0.02060339 -0.2748722 0.96126 -0.01655488 -0.3158792 0.948655 -0.005174029 -0.1941108 0.980966 0.005157804 -0.2257216 0.9741782 -0.0182267 -0.1505236 0.9884384 -0.02517633 -0.2349783 0.9716745 -0.04309785 -0.3532434 0.9345382 0.00653417 -0.1210348 0.9926268 0.02989269 -0.1384257 0.9899216 -0.01512989 -0.09384025 0.9954723 -0.03369928 -0.112886 0.9930363 -0.02990877 -0.07095031 0.9970314 -0.04355329 -0.09292837 0.9947198 -0.03919806 -0.05236246 0.9978585 0.01284531 0.3941431 0.9189593 0.02351733 0.4829909 0.8753095 0.02791527 0.4362579 0.8993886 0.04156556 0.5393074 0.8410826 0.03963273 0.4950274 0.867973 0.07368286 0.647077 0.7588558 0.06465903 0.4864718 0.8713004 0.05782458 0.4294127 0.9012553 0.02635742 0.7644806 0.6441077 0.007148226 0.1801721 0.9836091 -0.02802557 -0.02152046 0.9993755 -0.01169128 -0.03025965 0.9994737 0.00747256 -0.04125936 0.9991205 0.02862398 -0.05318891 0.9981741 0.04612338 -0.08731652 0.9951123 -0.03955122 -0.02598251 0.9988797 0.02264884 0.2352989 0.9716591 0.0126696 0.1969332 0.980335 -0.0006500808 0.1453727 0.9893768 -0.0103985 0.1064808 0.9942604 -0.02188742 0.0003408938 0.9997604 -0.03226166 0.01235964 0.999403 -0.02611165 0.03401858 0.99908 0.06333682 0.4495549 0.8910044 0.04678348 0.3698822 0.9279 0.05763886 0.4033646 0.9132222 0.03532472 0.3106199 0.9498776 0.03695823 0.4460149 0.8942622 0.03582228 0.4020468 0.9149181 0.02397493 0.3590511 0.9330099 0.08779428 0.6023688 0.793375 0.08250891 0.5633835 0.8220653 0.07663761 0.5280804 0.8457291 0.06991495 0.4859027 0.8712121 0.03920285 0.6306424 0.7750828 0.02825885 0.8103883 0.5852113 0.04888887 0.8648057 0.4997209 0.06347052 0.9077037 0.4147838 0.066529 0.9658899 0.2502612 0.06712727 0.9400944 0.33424 0.04627004 0.9366027 0.3473248 0.04725741 0.9028953 0.4272549 0.02391296 0.8938994 0.4476294 0.02574811 0.8534106 0.5206029 0.09687597 0.9554458 0.278816 0.09647671 0.9399642 0.3273522 0.1007215 0.9249048 0.3666148 0.1012632 0.9075024 0.4076582 0.1126507 0.8169437 0.5656083 0.1093229 0.7911622 0.6017565 0.1072799 0.7618338 0.6388273 0.0623587 0.4051478 0.9121221 0.05401317 0.3690715 0.9278301 0.02245293 0.2479028 0.9685247 0.04373316 0.3223645 0.9456049 0.03451995 0.2848077 0.9579629 0.01130421 0.9884784 0.1509395 0.006076816 0.9718447 0.2355441 -0.009782509 0.935108 0.3542277 -0.03643086 0.8632365 0.5034833 0.03540567 0.9920417 0.1208289 0.05912181 0.9887193 0.1376184 0.0362199 0.9735658 0.2255167 -0.01531078 0.9954536 0.09400897 -0.004998225 0.9935016 0.1137088 -0.03704047 0.9946348 0.09658974 0.02666412 0.9185767 -0.3943424 0.03392979 0.8747233 -0.4834335 0.0401419 0.898649 -0.4368279 0.049641 0.8400764 -0.540192 0.04953703 0.8669786 -0.4958771 0.07685303 0.7571147 -0.6487457 0.07485132 0.8696492 -0.4879626 0.07025441 0.8997337 -0.4307477 -0.07555461 0.8175789 -0.5708382 -0.0731577 0.7842859 -0.6160711 -0.06285147 0.8018236 -0.5942462 -0.05120185 0.7049092 -0.7074471 -0.04454098 0.7302102 -0.6817692 -0.03066 0.6134943 -0.7891038 -0.02500484 0.646114 -0.7628312 -0.009715343 0.5129681 -0.8583527 -0.005025321 0.5524468 -0.833533 0.01066795 0.4083308 -0.9127717 0.01455722 0.4533265 -0.8912256 0.02971222 0.3045185 -0.9520429 0.05179908 0.3330066 -0.9415006 0.03530746 0.4264816 -0.9038069 0.03301513 0.3532112 -0.9349609 0.05106322 0.4135967 -0.9090271 0.03979172 0.4988555 -0.8657712 0.0558351 0.4811047 -0.8748833 0.04743051 0.5657189 -0.823233 0.06569244 0.5491483 -0.833139 0.02933209 0.6932117 -0.7201369 0.02388463 0.9291662 0.3688899 0.04585501 0.9622451 0.2682941 0.06824772 0.9820764 0.1756935 0.07417358 0.9935205 0.08611186 0.05589524 0.9970585 0.05244165 0.03447828 0.9985618 0.04105542 0.01313657 0.995467 0.09419565 0.01505587 0.9994199 0.03054804 -0.00217558 0.9974246 0.07169007 -0.00149295 0.9997518 0.02222828 -0.01191113 0.9985051 0.05334518 -0.01291008 0.9995525 0.02698282 0.02810573 0.9832108 -0.1802958 0.04188013 0.9708988 -0.2358 0.03311106 0.9798055 -0.1971922 0.02134966 0.989156 -0.1453088 0.01272614 0.9942654 -0.1061809 -0.001003941 0.9994435 -0.03334151 0.02903713 0.9995709 -0.003842914 0.05144185 0.9986724 -0.002661704 0.07809492 0.996945 -0.001329895 0.09851661 0.9951282 -0.003784657 0.07498313 0.8893565 -0.4510239 0.06143063 0.9266168 -0.370955 0.07104382 0.9116842 -0.4047033 0.05206137 0.9488453 -0.3114198 0.04879692 0.8932959 -0.4468123 0.04931937 0.9139453 -0.4028295 0.0390461 0.9323102 -0.3595457 0.09299181 0.7912261 -0.6044119 0.08944929 0.8200181 -0.5653045 0.08509677 0.8438031 -0.5298631 0.08011598 0.8694241 -0.4875277 0.07080779 0.3280094 -0.942017 0.04983203 0.2560576 -0.9653762 0.06186433 0.1662835 -0.9841355 0.06268171 0.2429564 -0.9680099 0.07257101 0.05871269 -0.9956336 0.06253788 0.115231 -0.9913682 0.04690531 0.2055709 -0.9775175 0.07745381 0.05616944 -0.9954124 0.07769047 0.1003809 -0.9919112 0.07980576 0.1446239 -0.9862631 0.08020591 0.1898584 -0.9785299 0.08212816 0.2348478 -0.9685564 0.07969668 0.2768389 -0.9576057 0.08095343 0.3253588 -0.942119 0.08659944 0.3644879 -0.9271727 0.08865088 0.4054919 -0.9097897 0.08927421 0.4463452 -0.8903966 0.1064434 0.5630329 -0.819551 0.1047143 0.5992382 -0.793693 0.1043835 0.6363301 -0.764322 0.0756865 0.910463 -0.4066063 0.06867438 0.9263586 -0.370329 0.04128157 0.9677788 -0.2483948 0.0600538 0.9443634 -0.3233749 0.0521253 0.9569317 -0.2855954 -0.2018166 -0.9587856 0.2000004 -0.2038402 -0.7986168 0.5662688 -0.1959285 -0.7484829 0.6335499 -0.174251 -0.6302594 0.7565776 -0.190156 -0.6825608 0.7056568 -0.1629182 -0.5513033 0.8182434 -0.0989762 -0.2270878 0.9688317 -0.08797406 -0.1752816 0.9805799 -0.1238953 -0.3218296 0.9386563 -0.1124806 -0.2815432 0.9529331 -0.1514641 -0.4660454 0.8716997 -0.1540118 -0.4798529 0.8637254 -0.1329643 -0.375084 0.9174053 -0.1370181 -0.3896461 0.9107151 -0.1418535 -0.3912297 0.9092947 -0.08103051 -0.1592127 0.9839133 -0.05580297 -0.06631351 0.9962372 -0.05848334 -0.06427993 0.9962167 -0.04782271 -0.03326365 0.9983018 -0.03905345 0.00466055 0.9992263 -0.03739348 0.01052828 0.9992452 -0.036319 0.0236668 0.99906 -0.1982578 -0.6841413 0.7018864 -0.1852947 -0.6249648 0.7583435 -0.1683495 -0.547638 0.8196042 -0.1916475 -0.8984937 0.3949433 -0.1973783 -0.9441386 0.2639015 -0.1886946 -0.923499 0.333982 -0.1846032 -0.9565399 0.2257279 -0.1774884 -0.9378884 0.2980992 -0.1581312 -0.9580158 0.2391657 -0.1854021 -0.843227 0.5045734 -0.1852278 -0.868433 0.4599074 -0.1778806 -0.894831 0.4094337 -0.1597222 -0.6882071 0.7077145 -0.1576055 -0.6168689 0.7711247 -0.1503969 -0.5437851 0.8256383 -0.1415492 -0.4702914 0.8710854 -0.1306161 -0.3956563 0.909063 -0.1173401 -0.3195113 0.9402892 -0.1008215 -0.2389579 0.9657816 -0.07964041 -0.1493131 0.9855775 -0.05330868 -0.04608617 0.997514 -0.06129168 0.03397254 0.9975416 -0.04524389 0.04734973 0.9978532 -0.04233408 0.02753232 0.9987241 -0.03726201 0.03755595 0.9985996 -0.1778672 0.05488141 0.9825229 -0.1649856 0.02033637 0.9860863 -0.1413516 0.01917266 0.9897738 -0.1273878 0.2425573 0.9617371 -0.1018673 0.2110576 0.9721511 -0.1354988 0.1745564 0.9752795 -0.1119975 0.1543269 0.9816515 -0.1347821 0.1154723 0.9841239 -0.11213 0.1031311 0.9883273 -0.1286702 0.05592041 0.9901095 -0.1073723 0.05042859 0.9929391 -0.1194354 0.01801564 0.9926785 -0.08954177 0.02502962 0.9956685 -0.08137237 0.1845794 0.9794432 -0.09101188 0.1358929 0.9865343 -0.09177337 0.09169605 0.991549 -0.08634543 0.04919346 0.99505 -0.05647509 0.01625016 0.9982718 -0.0401826 0.01187652 0.9991218 -0.0380871 0.01025912 0.9992218 -0.05356752 0.06192133 0.9966425 -0.06658132 0.06538985 0.995636 -0.0470108 0.1346509 0.9897773 -0.07539324 0.08339521 0.9936605 -0.03121684 0.09118669 0.9953444 -0.02887621 0.06497669 0.9974689 -0.03331871 0.03122223 0.998957 -0.1248964 -0.6640173 0.7372123 -0.1053457 -0.592486 0.798663 -0.1095224 -0.6738219 0.7307317 -0.08688734 -0.5914437 0.8016513 -0.08817989 -0.6672835 0.7395654 -0.06060349 -0.640089 0.7659068 -0.03291228 -0.6100169 0.7917046 -0.007733273 -0.5852043 0.810849 0.01785765 -0.5674001 0.8232486 -0.1303434 -0.7462718 0.6527549 -0.1429242 -0.7280736 0.6704339 -0.1564496 -0.7075972 0.6890789 -0.1298305 -0.5132482 0.8483633 -0.1248746 -0.4485977 0.8849669 -0.1188187 -0.3860941 0.9147751 -0.1111502 -0.3242943 0.9394035 -0.1015125 -0.262176 0.9596661 -0.08900529 -0.1966698 0.9764215 -0.07225906 -0.1232013 0.9897475 -0.04913326 -0.03380609 0.99822 -0.02897811 0.0450968 0.9985622 -0.02049178 0.09557402 0.9952114 -0.01695333 0.1356322 0.9906142 -0.04048117 0.1892101 0.9811018 -0.02110371 0.1733823 0.9846285 -0.03578227 0.1126404 0.9929913 -0.06048777 0.2950881 0.9535535 -0.07062588 0.2371442 0.9689038 -0.09238493 0.2744915 0.9571413 0.01434565 0.318792 0.9477161 0.00162749 0.3451469 0.9385473 0.004194568 0.2803895 0.9598772 -0.0100181 0.2990597 0.9541818 -0.00540456 0.2436468 0.969849 -0.02092621 0.2551015 0.9666878 -0.01411246 0.2217799 0.9749946 -0.03109621 0.2134122 0.9764672 -0.1091037 0.4194234 0.9012105 -0.1004815 0.3926783 0.9141702 -0.1111019 0.3125409 0.9433846 -0.09122104 0.3613538 0.9279559 -0.07559893 0.3377992 0.9381772 -0.05717597 0.3782633 0.9239306 -0.04214139 0.3527299 0.9347758 -0.0314846 0.3026693 0.9525755 -0.0431784 0.2522187 0.9667064 -0.05392001 0.2047006 0.9773384 -0.06375398 0.1602164 0.9850209 -0.07308968 0.1349215 0.9881569 -0.1176667 0.4709487 0.8742779 -0.1287899 0.332414 0.9342987 -0.1506714 0.5086598 0.8476811 -0.1583521 0.3991923 0.9030892 -0.1686318 0.5708428 0.8035557 -0.1602553 0.6379289 0.7532363 -0.1384099 0.7604304 0.6344984 -0.1542939 0.7099052 0.6871885 -0.1274954 0.8218334 0.555279 -0.05796989 0.9824177 0.1774683 -0.08046936 0.9553463 0.2843203 -0.09122035 0.9413441 0.3248848 -0.1168337 0.8750306 0.4697567 -0.1192348 0.867116 0.4836248 -0.09947772 0.9203006 0.3783531 -0.1033314 0.9137082 0.3930139 -0.1081602 0.9124129 0.3947203 -0.06794918 0.9709249 0.2295382 -0.05135401 0.9855803 0.1612276 -0.03092244 0.9973568 0.06575062 -0.02819147 0.9973063 0.06771518 -0.02100547 0.9991849 0.03447255 -0.162448 0.7063455 0.6889751 -0.1495354 0.762486 0.6294873 -0.1329812 0.8233372 0.5517535 -0.1510152 0.4639876 0.8728745 -0.1482697 0.5708547 0.8075525 -0.1381384 0.5334914 0.8344487 -0.1770954 0.1029225 0.9787973 -0.1720422 0.2045393 0.9636209 -0.16632 0.2683133 0.9488654 -0.1563474 0.3381583 0.928011 -0.1443112 0.4133226 0.8990766 -0.1299942 0.4926487 0.8604643 -0.01167512 0.999886 -0.009571131 -0.01094113 0.9996817 -0.02273278 -0.01318488 0.9999064 -0.00366297 -0.008138131 0.9995058 -0.03036227 -0.02618136 0.9985313 0.04743081 -0.1236829 0.711168 0.6920568 -0.1217388 0.7745491 0.6206878 -0.1149819 0.8289055 0.547444 -0.106833 0.8741562 0.4737485 -0.09682332 0.9118864 0.3988588 -0.08468611 0.9428078 0.3224001 -0.06956985 0.9679159 0.2414515 -0.05017399 0.9872143 0.1512958 -0.01236202 0.9998805 -0.009284362 -0.01449997 0.999836 -0.0108478 -0.0170595 0.9995047 -0.02644363 -0.03091525 0.9994124 -0.01480449 -0.03619946 0.9988193 -0.03239827 -0.05165254 0.9953385 -0.08144522 -0.06828831 0.9936587 -0.08932561 -0.04233609 0.9970726 -0.06367045 -0.1477792 0.9766848 -0.155718 -0.1374349 0.9837477 -0.1155513 -0.1456139 0.98295 -0.1122757 -0.154229 0.2298125 0.9609368 -0.1457141 0.301987 0.94211 -0.1365333 0.3856264 0.9124971 -0.1286562 0.632874 0.7634907 -0.1233924 0.6039563 0.7874079 -0.113287 0.5742586 0.8107978 -0.09897419 0.5616109 0.8214605 -0.09120116 0.5081714 0.8564136 -0.08107301 0.4726156 0.8775316 -0.0712846 0.4397212 0.895301 -0.06439545 0.411144 0.9092931 -0.0887305 0.7397673 0.6669866 -0.06941985 0.8007369 0.59498 -0.07328509 0.7328831 0.676396 -0.05092265 0.8032455 0.5934674 -0.05189389 0.7411639 0.6693154 -0.02434471 0.7667982 0.6414265 0.003231728 0.7918879 0.6106579 -0.004164402 0.9990077 -0.04434303 -0.02230344 0.9991367 0.03504823 -0.04335491 0.9912085 0.1250041 -0.05856318 0.9782733 0.1988759 -0.06982734 0.961805 0.2646797 -0.07840142 0.9417584 0.3270236 -0.08512908 0.9172965 0.3889989 -0.09036196 0.8876143 0.4516366 -0.09461726 0.8511089 0.5163925 -0.1204023 0.6924408 0.7113572 -0.1068482 0.6734372 0.7314819 -0.09427113 0.6554254 0.7493534 -0.05080717 0.9898111 -0.1330135 -0.04220404 0.9864504 -0.1585383 -0.06878441 0.9886552 -0.1335275 -0.0605768 0.9813484 -0.182444 -0.09035296 0.9843314 -0.1514203 -0.0819227 0.9746086 -0.2083909 -0.1110299 0.9782907 -0.174985 -0.1023347 0.9653038 -0.240242 -0.1188446 0.9600625 -0.2532902 -0.1085939 0.9370867 -0.331777 -0.1195241 0.9173122 -0.3798055 -0.1068805 0.8773511 -0.4677945 -0.04319612 0.9549982 -0.2934494 -0.0514514 0.9705683 -0.2352657 -0.07445382 0.9593996 -0.272046 0.005337704 0.99081 -0.1351557 0.00294233 0.995471 -0.09502026 0.01267729 0.9918125 -0.1270721 0.0308317 0.9472348 -0.3190542 0.01721183 0.9384169 -0.3450761 0.02198239 0.95963 -0.2804052 0.007155166 0.9543181 -0.2987069 0.01358546 0.9698234 -0.2434296 -0.002300071 0.9670741 -0.2544847 0.005574525 0.975179 -0.2213478 -0.01114637 0.9770867 -0.2125496 7.210835e-05 0.9849591 -0.1727877 -0.01978767 0.9819474 -0.1881161 -0.03371031 0.9785446 -0.2032588 -0.02446353 0.9676687 -0.2510354 -0.01443087 0.9532722 -0.3017678 -0.02681936 0.9357885 -0.3515404 -0.0165229 0.9109702 -0.412141 -0.006739597 0.8759057 -0.4824354 -0.03228502 0.8773037 -0.4788485 -0.05121003 0.9109311 -0.4093679 -0.05918673 0.8971416 -0.4377601 -0.05673957 0.8329732 -0.5503965 -0.06715765 0.8810753 -0.4681839 -0.07370003 0.8593243 -0.5060929 0.01749936 0.520324 -0.8537896 -0.001093794 0.6108926 -0.7917127 -0.01980861 0.6944834 -0.719236 -0.03487747 0.7699129 -0.6371952 0.002727508 0.8090068 -0.587793 -0.01207118 0.8556918 -0.517345 -0.02597628 0.8940389 -0.4472356 -0.04277673 0.9253544 -0.376682 -0.0597857 0.9400479 -0.3357612 -0.07626354 0.9302514 -0.3589097 -0.08667462 0.9167317 -0.3899879 0.0909022 0.4862394 -0.8690846 -0.09448587 0.9461589 -0.3096057 -0.09630977 0.904018 -0.4165044 -0.08729068 0.8227747 -0.5616246 -0.1743369 0.3505271 0.9201833 -0.1059116 0.9933325 -0.04553382 -0.1324047 0.9903473 -0.04100375 -0.1261172 0.9903316 -0.05777399 -0.149951 0.9866975 -0.06279133 -0.1487132 0.9840324 -0.09779878 -0.1641679 0.9753 -0.1477796 -0.1533508 0.9677183 -0.200012 -0.09402416 0.9954575 -0.01496368 -0.1095297 0.9939407 -0.009229208 -0.1230392 0.9922687 -0.0162555 -0.1481842 0.9882362 -0.0378232 -0.1675656 0.9794047 -0.1126422 -0.1400658 0.8768097 -0.4599852 -0.1449609 0.9071618 -0.3950238 -0.1431809 0.8518988 -0.5037536 -0.1687233 0.8781286 -0.4476858 -0.1637063 0.8560581 -0.49027 -0.1480214 0.7866851 -0.5993466 -0.156776 0.7986701 -0.5809883 -0.1504662 0.7155559 -0.6821581 -0.1378057 0.558031 -0.8182976 -0.1452248 0.6391556 -0.7552416 -0.1499019 0.6621458 -0.7342291 -0.1559041 0.7661833 -0.6234236 -0.154342 0.7338448 -0.6615515 -0.1524878 0.6973131 -0.7003584 -0.1591367 0.9387833 -0.3055512 -0.1615147 0.9197362 -0.3577685 -0.1665721 0.9001539 -0.4024632 -0.1149316 0.3823808 -0.9168292 -0.1277775 0.472262 -0.8721476 -0.1328137 0.4965073 -0.8578118 -0.09410863 0.2536068 -0.9627186 -0.0784756 0.1794676 -0.9806289 -0.1039373 0.3094822 -0.9452078 -0.09862044 0.2861135 -0.9531071 -0.1262093 0.446455 -0.8858607 -0.1197407 0.4050178 -0.9064341 -0.1115275 0.35248 -0.9291498 -0.0380871 -0.008297542 -0.99924 -0.03701149 -0.02177845 -0.9990775 -0.03740824 -0.008602051 -0.999263 -0.03876402 -0.002656658 -0.9992449 -0.08446514 0.2098607 -0.974076 -0.06139856 0.104969 -0.9925783 -0.05465815 0.06718983 -0.9962419 -0.04785719 0.04387631 -0.9978901 -0.04333028 0.02158742 -0.9988275 -0.1468853 0.6215569 -0.769475 -0.1429127 0.5830354 -0.7997785 -0.1381741 0.5372431 -0.8320323 -0.04026311 -0.00980495 -0.999141 -0.05675952 -0.01333423 -0.9982988 -0.04321771 -0.02532926 -0.9987445 -0.06248222 -0.03078522 -0.9975712 -0.1809659 -0.02667816 -0.9831275 -0.1653424 -0.01183003 -0.9861653 -0.141678 -0.01188431 -0.9898415 -0.1299679 0.8381085 -0.5297948 -0.1417439 0.8115092 -0.5668875 -0.1483974 0.9530428 -0.2639842 -0.140754 0.9319827 -0.3340608 -0.1313938 0.9027952 -0.4095076 -0.120112 0.8638766 -0.4891731 -0.06938275 -0.06188861 -0.9956685 -0.09741394 -0.1310407 -0.9865794 -0.07946473 -0.130993 -0.9881934 -0.09589729 -0.08686331 -0.9915939 -0.07911064 -0.07941655 -0.9936974 -0.08828734 -0.04469645 -0.9950917 -0.1193228 -0.1483702 -0.9817069 -0.1168171 -0.09723548 -0.988382 -0.1093509 -0.04484771 -0.992991 -0.09023548 -0.02040015 -0.9957115 -0.1197299 -0.01185685 -0.9927357 -0.1309046 -0.04923605 -0.9901716 -0.1400763 -0.1083944 -0.9841897 -0.1438372 -0.1673632 -0.9753463 -0.07144479 -0.1567349 -0.9850532 -0.09029641 -0.1801587 -0.9794843 -0.1121305 -0.2055469 -0.9722022 -0.1392433 -0.2356912 -0.9618009 -0.05038933 0.04875652 -0.9975388 -0.03440409 -0.02947829 -0.9989732 -0.03170548 -0.06341664 -0.9974834 -0.03866832 -0.03560065 -0.9986177 -0.035393 -0.08947141 -0.9953603 -0.1778936 -0.4993001 -0.8479701 -0.1782563 -0.3905242 -0.9031697 -0.1909043 -0.3006926 -0.9344193 -0.1941518 -0.3528432 -0.9153178 -0.1981611 -0.4852853 -0.8516046 -0.1921293 -0.5761909 -0.794412 -0.1863332 -0.6775455 -0.7114858 -0.1732021 -0.8140724 -0.554335 -0.1810463 -0.7507912 -0.6352439 -0.1857605 -0.729649 -0.6581075 -0.1915322 -0.6186561 -0.761958 -0.1901373 -0.6568331 -0.7296698 -0.1883612 -0.6956993 -0.6931973 -0.1484249 -0.9132811 -0.3793252 -0.162393 -0.8682215 -0.4688497 -0.1676715 -0.8537436 -0.4929586 -0.1605241 -0.8819877 -0.443091 -0.1535379 -0.9027497 -0.4018322 -0.1306128 -0.9500342 -0.2835053 -0.08982284 -0.990579 -0.1033691 -0.07487089 -0.9962811 -0.04264156 -0.08221891 -0.9944415 -0.06577405 -0.06980308 -0.9973506 -0.02047537 -0.06463258 -0.9979025 0.003644363 -0.0631266 -0.9979598 0.009553245 -0.06238936 -0.9977934 0.02271524 -0.1445809 -0.9257059 -0.3495211 -0.1363167 -0.9419841 -0.3067308 -0.1084774 -0.9781406 -0.1774078 -0.125525 -0.9597813 -0.2511242 -0.1150676 -0.9714143 -0.2076383 -0.1826268 -0.7649883 -0.6176086 -0.1784621 -0.7954102 -0.579201 -0.1733971 -0.8278066 -0.5335445 -0.08757444 -0.995632 0.03236868 -0.07189268 -0.9963437 0.0461583 -0.06849229 -0.9973017 0.02642318 -0.06368075 -0.9972999 0.0365752 -0.1905533 -0.9815457 0.01604296 -0.1786195 -0.9822201 0.05778209 -0.1669988 -0.9858354 0.0154937 -0.1552888 -0.98647 0.05255853 -0.1451411 -0.9892987 0.01490649 -0.1339345 -0.9898453 0.04762192 -0.1155258 -0.9930452 0.02269479 -0.1129434 -0.9924923 0.04693351 -0.08231935 -0.9964964 0.01477741 -0.06594574 -0.9977645 0.01082856 -0.06381217 -0.9979189 0.009266148 -0.1742785 -0.4556109 -0.8729523 -0.1770681 -0.5624768 -0.8076303 -0.1650143 -0.5256849 -0.8345212 -0.1794557 -0.2594092 -0.9489481 -0.1731011 -0.3296746 -0.9280898 -0.1649632 -0.4053584 -0.8991505 -0.1547665 -0.4853158 -0.8605324 -0.1597908 -0.7038682 -0.6921245 -0.1611455 -0.7672645 -0.6207555 -0.1572302 -0.8218957 -0.547509 -0.1514563 -0.8675049 -0.4738103 -0.1434376 -0.9056994 -0.3989163 -0.1329444 -0.9372035 -0.3224521 -0.1191792 -0.9630554 -0.2414967 -0.1008454 -0.9833254 -0.1513319 -0.07751665 -0.995861 -0.0474556 -0.08055839 -0.9949116 0.06050872 -0.09362798 -0.9935713 0.06363794 -0.1399404 -0.9850787 0.1001831 -0.1409674 -0.9783746 0.151365 -0.1320751 -0.9690979 0.2083398 -0.1193824 -0.988826 0.08928073 -0.1196414 -0.983803 0.1334824 -0.111092 -0.9769277 0.1824029 -0.1014491 -0.9666309 0.2352292 -0.1028513 -0.9913598 0.08140828 -0.1017472 -0.9858827 0.132977 -0.05894953 -0.9941643 0.09034491 -0.05598388 -0.9963652 0.06420456 -0.05958467 -0.9977619 0.03034607 -0.09145072 0.7519838 -0.6528071 -0.1067869 0.8138471 -0.5711826 -0.1049417 0.7344564 -0.6704931 -0.1182505 0.7907472 -0.6006128 -0.1194941 0.7147031 -0.6891448 -0.1248694 0.766994 -0.6293869 -0.1237515 0.6955069 -0.7077823 -0.1252789 0.6241535 -0.7711923 -0.1218153 0.5507949 -0.8257034 -0.1167402 0.4769427 -0.8711472 -0.1096448 0.4018433 -0.9091205 -0.1002905 0.3251156 -0.9403413 -0.08792755 0.2438184 -0.9658268 -0.07137895 0.1532021 -0.9856136 -0.1301154 -0.4132632 -0.9012677 -0.1201218 -0.3869975 -0.914223 -0.1265897 -0.3064201 -0.9434414 -0.1092549 -0.3561913 -0.9280039 -0.1059326 -0.2693846 -0.9571887 -0.0924363 -0.3334721 -0.9382174 -0.07513955 -0.2915955 -0.9535859 -0.08267642 0.8043106 -0.5884294 -0.07687157 0.749926 -0.6570402 -0.09020275 0.6695563 -0.7372637 -0.07433017 0.5971129 -0.798706 -0.07434759 0.6785568 -0.7307757 -0.02343819 -0.1345921 -0.9906239 -0.02490802 -0.09440492 -0.9952222 -0.03078354 -0.04355787 -0.9985765 -0.04685113 0.0362778 -0.9982429 -0.06534932 0.1267448 -0.9897804 -0.07829842 0.2009781 -0.9764616 -0.08742556 0.2670414 -0.9597112 -0.09386308 0.3295736 -0.9394525 -0.0983524 0.3916866 -0.914827 -0.1011976 0.4544193 -0.885021 -0.1028369 0.5192397 -0.848419 -0.02504242 -0.2207716 -0.975004 -0.03356611 -0.2536982 -0.9667008 -0.04157228 -0.2115409 -0.9764846 -0.05564042 -0.249674 -0.9667301 -0.06391705 -0.2016662 -0.9773665 -0.08227461 -0.2332068 -0.9689404 -0.02952886 -0.1720785 -0.9846406 -0.04969695 -0.1868879 -0.9811234 -0.07612718 -0.3748305 -0.9239625 -0.05979319 -0.350105 -0.9348001 -0.04656548 -0.3006594 -0.9525941 -0.02494089 -0.2981594 -0.9541902 -0.009783415 -0.2802456 -0.9598785 -0.002254201 -0.2436011 -0.9698729 -0.1452814 -0.3253563 -0.9343643 -0.1413319 -0.4642792 -0.8743399 -0.1653934 -0.2215818 -0.9610133 -0.1606135 -0.2940987 -0.9421832 -0.1557638 -0.3780994 -0.912567 -0.1606937 -0.6254229 -0.7635599 -0.1539371 -0.5968147 -0.7874742 -0.1423055 -0.5676768 -0.8108589 -0.1273555 -0.5557826 -0.8215146 -0.1168257 -0.5028144 -0.8564633 -0.1048709 -0.4678274 -0.877576 -0.09339392 -0.4354805 -0.8953403 -0.0850364 -0.4072959 -0.9093288 -0.05070468 -0.9836552 0.1727756 -0.06400914 -0.9916814 0.1116728 -0.1263687 -0.7342283 -0.6670381 -0.110256 -0.7961101 -0.595023 -0.1105849 -0.7281483 -0.67644 -0.09191317 -0.7995673 -0.5935015 -0.08965165 -0.7375189 -0.6693492 -0.06347166 -0.7645368 -0.6414475 -0.0372378 -0.7910122 -0.610666 -0.0132082 -0.8107759 -0.5852077 0.0115871 -0.8238121 -0.5667446 -0.04572922 -0.9897699 0.135146 -0.04834213 -0.9943019 0.0950094 -0.05559725 -0.9974688 0.04432874 -0.07368095 -0.996665 -0.03507118 -0.09425347 -0.9876649 -0.125037 -0.1087405 -0.9739651 -0.1989159 -0.1191107 -0.9569396 -0.2647249 -0.1266119 -0.936479 -0.3270726 -0.132042 -0.9117041 -0.3890508 -0.1357103 -0.8817927 -0.4516906 -0.1380501 -0.8451175 -0.5164481 -0.1555414 -0.6853349 -0.7114231 -0.1410176 -0.6670544 -0.7315412 -0.1275217 -0.649714 -0.7494064 -0.03646399 -0.9692343 0.2434241 -0.0447294 -0.9741707 0.2213384 -0.05219225 -0.9656708 0.2544717 -0.06152212 -0.9752154 0.2125322 -0.07435529 -0.965124 0.2510118 -0.08412675 -0.9755101 0.2032307 -0.02124093 -0.9696484 0.2435793 -0.02757123 -0.9594861 0.2804039 -0.04211415 -0.9534179 0.2986985 -0.06361921 -0.9512623 0.3017492 -0.07511521 -0.9331635 0.351516 -0.09052642 -0.9219217 0.3766501 -0.09822182 -0.9070831 0.4093321 -0.1697308 -0.9084638 0.3819489 -0.1611665 -0.930491 0.3289556 -0.1432057 -0.9400381 0.3095489 -0.1242124 -0.9250889 0.3588618 -0.1054918 -0.8929009 0.4377207 -0.1835939 -0.8031314 0.5668097 -0.1644805 -0.7595429 0.6293177 -0.1731848 -0.8303019 0.5297223 -0.1590791 -0.7836056 0.6005465 -0.1646487 -0.8565437 0.489105 -0.1488056 -0.8072653 0.5711214 -0.1521181 -0.8706815 0.4677326 -0.1344457 -0.8182978 0.5588498 -0.1429094 -0.8978578 0.4164472 -0.1261812 -0.8534731 0.5056303 -0.1339287 -0.9110509 0.3899351 -0.1156749 -0.874866 0.4703497 0.02587735 -0.003335108 -0.9996596 0.05259141 -0.002697158 -0.9986125 0.0729821 -0.005682711 -0.9973171 0.07072368 0.02772935 -0.9971104 -0.02468889 0.06034486 0.9978722 0.00315388 0.00376376 0.9999879 0.02553696 0.002011128 0.9996719 0.05218327 -9.150634e-07 0.9986375 0.07270122 0.001931192 0.9973519 0.07136404 -0.0336689 0.9968819 -0.02733273 -0.03285039 -0.9990865 -0.03237741 -0.0106951 -0.9994185 -0.2067937 -0.915207 0.3458793</float_array>
          <technique_common>
            <accessor count="1649" source="#normals-array-array" stride="3">
              <param type="float" name="X"/>
              <param type="float" name="Y"/>
              <param type="float" name="Z"/>
            </accessor>
          </technique_common>
        </source>
        <vertices id="verts-array-vertices">
          <input semantic="POSITION" source="#verts-array"/>
        </vertices>
        <triangles count="2710" material="material0">
          <input offset="0" semantic="VERTEX" source="#verts-array-vertices"/>
          <input offset="1" semantic="NORMAL" source="#normals-array"/>
          <p>0 0 1 1 2 2 3 3 4 4 5 5 6 6 7 7 2 2 2 2 8 8 9 9 10 10 11 11 2 2 8 8 2 2 12 12 13 13 12 12 2 2 12 12 13 13 14 14 5 5 15 15 16 16 17 17 18 18 2 2 2 2 19 19 20 20 21 21 22 22 2 2 23 23 2 2 22 22 2 2 23 23 0 0 24 24 12 12 25 25 26 26 25 25 12 12 5 5 27 27 15 15 28 28 15 15 27 27 15 15 28 28 29 29 24 24 30 30 12 12 15 15 12 12 30 30 12 12 15 15 31 31 29 29 31 31 15 15 9 9 32 32 2 2 33 33 2 2 32 32 2 2 33 33 34 34 34 34 35 35 2 2 36 36 2 2 35 35 2 2 36 36 6 6 7 7 37 37 2 2 38 38 2 2 37 37 2 2 38 38 39 39 11 11 40 40 2 2 41 41 2 2 40 40 2 2 41 41 42 42 1 1 43 43 2 2 44 44 2 2 43 43 2 2 44 44 45 45 45 45 46 46 2 2 47 47 2 2 46 46 2 2 47 47 48 48 49 49 50 50 48 48 51 51 48 48 50 50 48 48 51 51 2 2 14 14 52 52 12 12 53 53 12 12 52 52 12 12 53 53 54 54 54 54 55 55 12 12 56 56 12 12 55 55 12 12 56 56 57 57 16 16 58 58 5 5 59 59 5 5 58 58 5 5 59 59 60 60 60 60 61 61 5 5 62 62 5 5 61 61 5 5 62 62 63 63 39 39 64 64 2 2 65 65 2 2 64 64 2 2 65 65 66 66 66 66 67 67 2 2 68 68 2 2 67 67 2 2 68 68 69 69 42 42 70 70 2 2 71 71 2 2 70 70 2 2 71 71 72 72 72 72 73 73 2 2 74 74 2 2 73 73 2 2 74 74 17 17 75 75 76 76 2 2 77 77 2 2 76 76 2 2 77 77 78 78 78 78 79 79 2 2 80 80 2 2 79 79 2 2 80 80 81 81 82 82 83 83 48 48 84 84 48 48 83 83 48 48 84 84 85 85 57 57 86 86 12 12 87 87 12 12 86 86 12 12 87 87 26 26 18 18 88 88 2 2 89 89 2 2 88 88 2 2 89 89 75 75 81 81 90 90 2 2 91 91 2 2 90 90 2 2 91 91 19 19 20 20 92 92 2 2 93 93 2 2 92 92 2 2 93 93 94 94 82 82 48 48 95 95 96 96 95 95 48 48 95 95 96 96 97 97 85 85 98 98 48 48 99 99 48 48 98 98 48 48 99 99 49 49 63 63 100 100 101 101 69 69 102 102 2 2 103 103 2 2 102 102 2 2 103 103 104 104 101 101 105 105 63 63 106 106 63 63 105 105 63 63 106 106 107 107 108 108 109 109 5 5 110 110 5 5 109 109 104 104 111 111 2 2 112 112 2 2 111 111 2 2 112 112 10 10 97 97 113 113 114 114 115 115 116 116 114 114 117 117 114 114 116 116 114 114 117 117 97 97 118 118 97 97 117 117 97 97 118 118 95 95 119 119 3 3 120 120 5 5 120 120 3 3 120 120 5 5 121 121 110 110 121 121 5 5 94 94 122 122 2 2 123 123 2 2 122 122 2 2 123 123 124 124 107 107 125 125 63 63 126 126 63 63 125 125 63 63 126 126 5 5 127 127 5 5 126 126 5 5 127 127 108 108 124 124 128 128 2 2 129 129 2 2 128 128 2 2 129 129 21 21 130 130 131 131 132 132 133 133 134 134 135 135 136 136 135 135 134 134 137 137 138 138 139 139 134 134 139 139 138 138 139 139 134 134 140 140 133 133 140 140 134 134 141 141 142 142 143 143 144 144 143 143 142 142 144 144 145 145 143 143 146 146 143 143 145 145 143 143 146 146 147 147 148 148 149 149 150 150 151 151 150 150 149 149 150 150 151 151 152 152 153 153 154 154 139 139 134 134 155 155 136 136 156 156 136 136 155 155 136 136 156 156 157 157 157 157 158 158 136 136 159 159 136 136 158 158 136 136 159 159 160 160 160 160 161 161 136 136 162 162 136 136 161 161 136 136 162 162 163 163 164 164 165 165 162 162 166 166 162 162 165 165 167 167 139 139 143 143 168 168 143 143 139 139 143 143 168 168 169 169 169 169 170 170 143 143 171 171 143 143 170 170 143 143 171 171 172 172 172 172 173 173 143 143 174 174 143 143 173 173 143 143 174 174 175 175 175 175 176 176 143 143 177 177 143 143 176 176 143 143 177 177 178 178 179 179 180 180 150 150 181 181 150 150 180 180 150 150 181 181 148 148 152 152 182 182 150 150 183 183 150 150 182 182 150 150 183 183 184 184 185 185 186 186 139 139 187 187 139 139 186 186 139 139 187 187 188 188 154 154 189 189 139 139 190 190 139 139 189 189 139 139 190 190 137 137 147 147 191 191 143 143 192 192 143 143 191 191 143 143 192 192 193 193 194 194 195 195 132 132 196 196 132 132 195 195 132 132 196 196 197 197 198 198 199 199 150 150 200 200 150 150 199 199 150 150 200 200 179 179 184 184 201 201 150 150 202 202 150 150 201 201 150 150 202 202 203 203 167 167 204 204 139 139 205 205 139 139 204 204 139 139 205 205 206 206 206 206 207 207 139 139 208 208 139 139 207 207 139 139 208 208 209 209 210 210 139 139 211 211 212 212 211 211 139 139 210 210 213 213 139 139 214 214 139 139 213 213 139 139 214 214 215 215 215 215 216 216 139 139 217 217 139 139 216 216 139 139 217 217 218 218 218 218 219 219 139 139 220 220 139 139 219 219 139 139 220 220 185 185 221 221 222 222 223 223 224 224 223 223 222 222 223 223 224 224 225 225 225 225 224 224 162 162 226 226 162 162 224 224 162 162 226 226 227 227 227 227 228 228 162 162 229 229 162 162 228 228 162 162 229 229 164 164 166 166 230 230 162 162 231 231 162 162 230 230 162 162 231 231 232 232 232 232 233 233 162 162 234 234 162 162 233 233 162 162 234 234 235 235 236 236 237 237 143 143 238 238 143 143 237 237 143 143 238 238 141 141 198 198 150 150 132 132 239 239 132 132 150 150 132 132 239 239 240 240 240 240 241 241 132 132 242 242 132 132 241 241 132 132 242 242 243 243 244 244 132 132 245 245 197 197 245 245 132 132 245 245 197 197 246 246 193 193 247 247 143 143 150 150 143 143 247 247 143 143 150 150 248 248 203 203 248 248 150 150 209 209 249 249 139 139 250 250 139 139 249 249 139 139 250 250 212 212 188 188 251 251 139 139 252 252 139 139 251 251 139 139 252 252 253 253 178 178 254 254 143 143 255 255 143 143 254 254 143 143 255 255 236 236 256 256 257 257 139 139 257 257 258 258 139 139 259 259 139 139 258 258 139 139 259 259 260 260 261 261 262 262 223 223 263 263 223 223 262 262 223 223 263 263 221 221 264 264 221 221 263 263 265 265 130 130 266 266 132 132 266 266 130 130 266 266 132 132 267 267 244 244 267 267 132 132 267 267 244 244 268 268 253 253 269 269 139 139 270 270 139 139 269 269 139 139 270 270 271 271 243 243 272 272 132 132 273 273 132 132 272 272 132 132 273 273 274 274 271 271 275 275 139 139 276 276 139 139 275 275 139 139 276 276 277 277 277 277 278 278 139 139 279 279 139 139 278 278 139 139 279 279 256 256 235 235 280 280 162 162 281 281 162 162 280 280 162 162 281 281 282 282 274 274 283 283 132 132 284 284 132 132 283 283 132 132 284 284 194 194 260 260 285 285 139 139 286 286 139 139 285 285 139 139 286 286 287 287 282 282 288 288 162 162 289 289 162 162 288 288 162 162 289 289 163 163 287 287 290 290 139 139 291 291 139 139 290 290 139 139 291 291 153 153 292 292 293 293 294 294 295 295 296 296 297 297 298 298 299 299 300 300 301 301 302 302 303 303 304 304 305 305 306 306 307 307 308 308 309 309 310 310 311 311 312 312 313 313 314 314 315 315 316 316 317 317 318 318 319 319 320 320 321 321 321 321 320 320 322 322 323 323 324 324 325 325 326 326 327 327 328 328 329 329 330 330 331 331 332 332 333 333 334 334 334 334 333 333 335 335 336 336 337 337 338 338 339 339 340 340 341 341 342 342 343 343 344 344 345 345 346 346 347 347 347 347 346 346 348 348 349 349 350 350 351 351 352 352 353 353 354 354 355 355 356 356 357 357 358 358 359 359 360 360 360 360 359 359 361 361 362 362 363 363 364 364 365 365 366 366 367 367 368 368 369 369 370 370 371 371 372 372 373 373 374 374 375 375 376 376 377 377 378 378 379 379 380 380 381 381 382 382 373 373 383 383 384 384 385 385 386 386 387 387 388 388 389 389 390 390 391 391 392 392 393 393 394 394 395 395 396 396 397 397 398 398 399 399 400 400 401 401 402 402 403 403 404 404 405 405 406 406 407 407 408 408 393 393 409 409 410 410 411 411 412 412 413 413 414 414 415 415 416 416 417 417 418 418 419 419 420 420 421 421 422 422 423 423 424 424 425 425 426 426 427 427 428 428 424 424 429 429 430 430 431 431 432 432 433 433 434 434 433 433 432 432 435 435 436 436 437 437 438 438 439 439 440 440 441 441 442 442 443 443 444 444 445 445 446 446 447 447 448 448 449 449 450 450 451 451 452 452 453 453 454 454 455 455 456 456 457 457 458 458 459 459 460 460 457 457 461 461 462 462 463 463 464 464 465 465 466 466 467 467 468 468 469 469 470 470 471 471 472 472 473 473 472 472 474 474 475 475 476 476 477 477 478 478 479 479 480 480 481 481 482 482 483 483 484 484 485 485 486 486 487 487 488 488 489 489 490 490 489 489 491 491 492 492 479 479 493 493 478 478 493 493 479 479 493 493 478 478 494 494 495 495 492 492 496 496 493 493 496 496 492 492 496 496 493 493 497 497 494 494 497 497 493 493 497 497 494 494 498 498 499 499 500 500 501 501 483 483 501 501 500 500 501 501 483 483 502 502 482 482 502 502 483 483 489 489 490 490 487 487 503 503 487 487 490 490 487 487 503 503 504 504 505 505 504 504 503 503 504 504 505 505 506 506 491 491 507 507 490 490 508 508 490 490 507 507 490 490 508 508 503 503 509 509 503 503 508 508 503 503 509 509 505 505 485 485 481 481 486 486 483 483 486 486 481 481 486 486 483 483 510 510 500 500 510 510 483 483 510 510 500 500 511 511 512 512 511 511 500 500 495 495 484 484 492 492 486 486 492 492 484 484 492 492 486 486 479 479 510 510 479 479 486 486 479 479 510 510 480 480 511 511 480 480 510 510 480 480 511 511 513 513 512 512 513 513 511 511 513 513 512 512 514 514 499 499 501 501 515 515 516 516 515 515 501 501 515 515 516 516 517 517 518 518 519 519 520 520 517 517 520 520 519 519 520 520 517 517 521 521 516 516 521 521 517 517 522 522 523 523 524 524 525 525 524 524 523 523 524 524 525 525 526 526 527 527 526 526 525 525 526 526 527 527 528 528 529 529 530 530 531 531 532 532 531 531 530 530 531 531 532 532 476 476 523 523 533 533 525 525 534 534 525 525 533 533 525 525 534 534 527 527 535 535 527 527 534 534 527 527 535 535 528 528 536 536 528 528 535 535 468 468 467 467 537 537 538 538 539 539 540 540 541 541 542 542 538 538 543 543 538 538 542 542 538 538 543 543 539 539 544 544 539 539 543 543 476 476 475 475 531 531 545 545 531 531 475 475 531 531 545 545 529 529 546 546 529 529 545 545 529 529 546 546 547 547 548 548 547 547 546 546 547 547 548 548 549 549 550 550 551 551 552 552 536 536 552 552 551 551 552 552 536 536 553 553 535 535 553 553 536 536 553 553 535 535 549 549 534 534 549 549 535 535 549 549 534 534 547 547 533 533 547 547 534 534 547 547 533 533 529 529 523 523 529 529 533 533 529 529 523 523 530 530 522 522 530 530 523 523 491 491 554 554 507 507 555 555 507 507 554 554 507 507 555 555 508 508 556 556 508 508 555 555 508 508 556 556 509 509 557 557 509 509 556 556 509 509 557 557 505 505 558 558 505 505 557 557 505 505 558 558 506 506 559 559 506 506 558 558 560 560 559 559 561 561 558 558 561 561 559 559 561 561 558 558 474 474 557 557 474 474 558 558 474 474 557 557 473 473 556 556 473 473 557 557 473 473 556 556 562 562 555 555 562 562 556 556 562 562 555 555 563 563 554 554 563 563 555 555 563 563 554 554 564 564 565 565 566 566 567 567 568 568 567 567 566 566 472 472 471 471 474 474 569 569 474 474 471 471 474 474 569 569 561 561 570 570 561 561 569 569 561 561 570 570 560 560 571 571 572 572 573 573 574 574 573 573 572 572 573 573 574 574 575 575 576 576 577 577 470 470 578 578 544 544 579 579 580 580 581 581 582 582 583 583 582 582 581 581 582 582 583 583 584 584 585 585 586 586 587 587 588 588 587 587 586 586 587 587 588 588 589 589 590 590 589 589 588 588 589 589 590 590 591 591 592 592 591 591 590 590 593 593 594 594 595 595 596 596 595 595 594 594 595 595 596 596 597 597 598 598 597 597 596 596 597 597 598 598 599 599 575 575 599 599 598 598 599 599 575 575 600 600 574 574 600 600 575 575 600 600 574 574 568 568 572 572 568 568 574 574 568 568 572 572 567 567 571 571 567 567 572 572 567 567 571 571 565 565 601 601 541 541 602 602 538 538 602 602 541 541 602 602 538 538 603 603 540 540 603 603 538 538 603 603 540 540 537 537 604 604 537 537 540 540 537 537 604 604 468 468 605 605 468 468 604 604 468 468 605 605 469 469 606 606 469 469 605 605 469 469 606 606 607 607 608 608 609 609 579 579 584 584 579 579 609 609 579 579 584 584 578 578 583 583 578 578 584 584 609 609 610 610 584 584 611 611 584 584 610 610 584 584 611 611 582 582 612 612 582 582 611 611 582 582 612 612 580 580 613 613 580 580 612 612 580 580 613 613 614 614 544 544 578 578 539 539 583 583 539 539 578 578 539 539 583 583 540 540 581 581 540 540 583 583 540 540 581 581 604 604 580 580 604 604 581 581 604 604 580 580 605 605 614 614 605 605 580 580 605 605 614 614 606 606 615 615 616 616 617 617 618 618 617 617 616 616 619 619 620 620 621 621 619 619 621 621 622 622 623 623 622 622 621 621 622 622 623 623 618 618 624 624 618 618 623 623 618 618 624 624 617 617 625 625 626 626 627 627 628 628 627 627 626 626 627 627 628 628 464 464 629 629 464 464 628 628 464 464 629 629 465 465 586 586 625 625 588 588 627 627 588 588 625 625 588 588 627 627 590 590 464 464 590 590 627 627 590 590 464 464 592 592 466 466 592 592 464 464 592 592 466 466 630 630 594 594 631 631 596 596 632 632 596 596 631 631 596 596 632 632 598 598 633 633 598 598 632 632 598 598 633 633 575 575 634 634 575 575 633 633 575 575 634 634 635 635 636 636 585 585 637 637 587 587 637 637 585 585 637 637 587 587 638 638 589 589 638 638 587 587 638 638 589 589 639 639 591 591 639 639 589 589 639 639 591 591 640 640 592 592 640 640 591 591 640 640 592 592 641 641 630 630 641 641 592 592 642 642 643 643 644 644 645 645 646 646 647 647 463 463 647 647 646 646 647 647 463 463 648 648 462 462 648 648 463 463 649 649 456 456 650 650 458 458 650 650 456 456 650 650 458 458 651 651 652 652 651 651 458 458 651 651 652 652 653 653 457 457 460 460 458 458 654 654 458 458 460 460 458 458 654 654 652 652 645 645 647 647 655 655 656 656 655 655 647 647 655 655 656 656 657 657 656 656 658 658 657 657 659 659 657 657 658 658 657 657 659 659 660 660 661 661 662 662 663 663 664 664 663 663 662 662 663 663 664 664 665 665 666 666 665 665 664 664 665 665 666 666 667 667 668 668 669 669 670 670 671 671 670 670 669 669 670 670 671 671 454 454 662 662 672 672 664 664 673 673 664 664 672 672 664 664 673 673 666 666 674 674 666 666 673 673 666 666 674 674 667 667 675 675 667 667 674 674 448 448 447 447 676 676 677 677 678 678 679 679 680 680 681 681 677 677 682 682 677 677 681 681 677 677 682 682 678 678 683 683 678 678 682 682 454 454 453 453 670 670 684 684 670 670 453 453 670 670 684 684 668 668 685 685 668 668 684 684 668 668 685 685 686 686 687 687 686 686 685 685 686 686 687 687 688 688 689 689 690 690 691 691 675 675 691 691 690 690 691 691 675 675 692 692 674 674 692 692 675 675 692 692 674 674 688 688 673 673 688 688 674 674 688 688 673 673 686 686 672 672 686 686 673 673 686 686 672 672 668 668 662 662 668 668 672 672 668 668 662 662 669 669 661 661 669 669 662 662 693 693 694 694 695 695 696 696 695 695 694 694 695 695 696 696 697 697 698 698 697 697 696 696 697 697 698 698 699 699 700 700 693 693 653 653 695 695 653 653 693 693 653 653 695 695 651 651 697 697 651 651 695 695 651 651 697 697 650 650 699 699 650 650 697 697 650 650 699 699 649 649 701 701 649 649 699 699 649 649 701 701 456 456 702 702 456 456 701 701 456 456 702 702 457 457 642 642 457 457 702 702 457 457 642 642 459 459 644 644 459 459 642 642 459 459 644 644 703 703 704 704 705 705 706 706 707 707 706 706 705 705 643 643 642 642 708 708 702 702 708 708 642 642 708 708 702 702 709 709 701 701 709 709 702 702 709 709 701 701 710 710 699 699 710 710 701 701 710 710 699 699 711 711 698 698 711 711 699 699 711 711 698 698 712 712 696 696 712 712 698 698 712 712 696 696 713 713 694 694 713 713 696 696 713 713 694 694 714 714 693 693 714 714 694 694 714 714 693 693 715 715 700 700 715 715 693 693 715 715 700 700 716 716 717 717 716 716 700 700 716 716 717 717 438 438 718 718 438 438 717 717 438 438 718 718 439 439 703 703 461 461 459 459 463 463 459 459 461 461 459 459 463 463 460 460 646 646 460 460 463 463 460 460 646 646 654 654 719 719 654 654 646 646 654 654 719 719 652 652 720 720 652 652 719 719 652 652 720 720 653 653 721 721 653 653 720 720 653 653 721 721 700 700 722 722 700 700 721 721 700 700 722 722 717 717 723 723 717 717 722 722 717 717 723 723 718 718 724 724 725 725 452 452 726 726 452 452 725 725 452 452 726 726 727 727 728 728 450 450 729 729 452 452 729 729 450 450 729 729 452 452 730 730 727 727 730 730 452 452 731 731 732 732 728 728 733 733 728 728 732 732 728 728 733 733 450 450 734 734 450 450 733 733 450 450 734 734 451 451 732 732 704 704 733 733 706 706 733 733 704 704 733 733 706 706 734 734 707 707 734 734 706 706 734 734 707 707 451 451 735 735 451 451 707 707 451 451 735 735 452 452 736 736 452 452 735 735 452 452 736 736 724 724 737 737 724 724 736 736 724 724 737 737 738 738 739 739 738 738 737 737 442 442 683 683 740 740 741 741 742 742 743 743 744 744 743 743 742 742 743 743 744 744 745 745 746 746 745 745 744 744 745 745 746 746 747 747 748 748 747 747 746 746 749 749 750 750 751 751 752 752 680 680 753 753 677 677 753 753 680 680 753 753 677 677 754 754 679 679 754 754 677 677 754 754 679 679 676 676 755 755 676 676 679 679 676 676 755 755 448 448 749 749 448 448 755 755 448 448 749 749 449 449 751 751 449 449 749 749 756 756 757 757 739 739 758 758 739 739 757 757 739 739 758 758 738 738 740 740 759 759 760 760 442 442 740 740 443 443 760 760 443 443 740 740 443 443 760 760 761 761 761 761 762 762 443 443 444 444 443 443 762 762 443 443 444 444 441 441 446 446 441 441 444 444 762 762 763 763 444 444 764 764 444 444 763 763 444 444 764 764 445 445 765 765 445 445 764 764 445 445 765 765 766 766 683 683 442 442 678 678 441 441 678 678 442 442 678 678 441 441 679 679 446 446 679 679 441 441 679 679 446 446 755 755 445 445 755 755 446 446 755 755 445 445 749 749 766 766 749 749 445 445 749 749 766 766 750 750 767 767 768 768 769 769 767 767 769 769 770 770 748 748 771 771 772 772 773 773 774 774 775 775 776 776 775 775 774 774 775 775 776 776 777 777 776 776 778 778 779 779 776 776 779 779 777 777 780 780 777 777 779 779 777 777 780 780 781 781 782 782 783 783 784 784 769 769 785 785 770 770 786 786 770 770 785 785 770 770 786 786 787 787 788 788 787 787 786 786 787 787 788 788 789 789 790 790 789 789 788 788 789 789 790 790 791 791 742 742 773 773 744 744 775 775 744 744 773 773 744 744 775 775 746 746 777 777 746 746 775 775 746 746 777 777 748 748 781 781 748 748 777 777 748 748 781 781 771 771 758 758 792 792 738 738 793 793 738 738 792 792 738 738 793 793 724 724 794 794 724 724 793 793 724 724 794 794 725 725 795 795 741 741 796 796 743 743 796 796 741 741 796 796 743 743 797 797 745 745 797 797 743 743 797 797 745 745 798 798 747 747 798 798 745 745 798 798 747 747 782 782 748 748 782 782 747 747 782 782 748 748 783 783 772 772 783 783 748 748 799 799 800 800 801 801 802 802 801 801 800 800 801 801 802 802 803 803 802 802 804 804 803 803 805 805 803 803 804 804 803 803 805 805 437 437 806 806 437 437 805 805 437 437 806 806 435 435 807 807 799 799 808 808 801 801 808 808 799 799 808 808 801 801 809 809 803 803 809 809 801 801 809 809 803 803 810 810 437 437 810 810 803 803 810 810 437 437 811 811 436 436 811 811 437 437 812 812 813 813 814 814 815 815 814 814 813 813 429 429 424 424 816 816 423 423 816 816 424 424 816 816 423 423 817 817 818 818 819 819 820 820 433 433 820 820 819 819 820 820 433 433 821 821 434 434 821 821 433 433 821 821 434 434 822 822 427 427 426 426 823 823 824 824 823 823 426 426 823 823 824 824 825 825 425 425 424 424 825 825 430 430 825 825 424 424 825 825 430 430 823 823 826 826 823 823 430 430 823 823 826 826 427 427 827 827 828 828 420 420 829 829 420 420 828 828 420 420 829 829 421 421 830 830 421 421 829 829 421 421 830 830 422 422 831 831 422 422 830 830 811 811 832 832 810 810 831 831 810 810 832 832 810 810 831 831 809 809 830 830 809 809 831 831 809 809 830 830 808 808 829 829 808 808 830 830 808 808 829 829 807 807 828 828 807 807 829 829 833 833 827 827 834 834 420 420 834 834 827 827 834 834 420 420 835 835 422 422 835 835 420 420 835 835 422 422 836 836 831 831 836 836 422 422 836 836 831 831 837 837 832 832 837 837 831 831 837 837 832 832 838 838 811 811 838 838 832 832 838 838 811 811 839 839 418 418 840 840 419 419 841 841 419 419 840 840 419 419 841 841 842 842 843 843 844 844 845 845 824 824 846 846 825 825 847 847 825 825 846 846 825 825 847 847 425 425 848 848 425 425 847 847 425 425 848 848 423 423 849 849 423 423 848 848 423 423 849 849 817 817 815 815 842 842 814 814 841 841 814 814 842 842 814 814 841 841 850 850 851 851 850 850 841 841 850 850 851 851 852 852 853 853 852 852 851 851 854 854 855 855 856 856 857 857 856 856 855 855 856 856 857 857 858 858 859 859 860 860 861 861 858 858 861 861 860 860 861 861 858 858 862 862 857 857 862 862 858 858 863 863 854 854 864 864 856 856 864 864 854 854 864 864 856 856 865 865 858 858 865 865 856 856 865 865 858 858 866 866 860 860 866 866 858 858 866 866 860 860 867 867 868 868 869 869 870 870 871 871 870 870 869 869 872 872 873 873 874 874 875 875 876 876 877 877 878 878 877 877 876 876 879 879 880 880 414 414 881 881 414 414 880 880 414 414 881 881 415 415 882 882 415 415 881 881 415 415 882 882 416 416 883 883 416 416 882 882 867 867 884 884 866 866 883 883 866 866 884 884 866 866 883 883 865 865 882 882 865 865 883 883 865 865 882 882 864 864 881 881 864 864 882 882 864 864 881 881 863 863 880 880 863 863 881 881 885 885 886 886 887 887 888 888 887 887 886 886 887 887 888 888 889 889 890 890 891 891 892 892 893 893 892 892 891 891 892 892 893 893 867 867 894 894 867 867 893 893 867 867 894 894 884 884 895 895 884 884 894 894 884 884 895 895 883 883 896 896 883 883 895 895 883 883 896 896 416 416 897 897 416 416 896 896 416 416 897 897 414 414 898 898 414 414 897 897 414 414 898 898 879 879 899 899 900 900 901 901 902 902 901 901 900 900 901 901 902 902 903 903 413 413 903 903 902 902 903 903 413 413 904 904 412 412 904 904 413 413 905 905 906 906 871 871 907 907 871 871 906 906 871 871 907 907 870 870 908 908 905 905 909 909 871 871 909 909 905 905 909 909 871 871 910 910 869 869 910 910 871 871 911 911 912 912 913 913 914 914 913 913 912 912 913 913 914 914 874 874 915 915 874 874 914 914 874 874 915 915 872 872 916 916 917 917 918 918 919 919 918 918 917 917 918 918 919 919 920 920 921 921 919 919 922 922 917 917 922 922 919 919 922 922 917 917 923 923 916 916 923 923 917 917 923 923 916 916 833 833 924 924 925 925 920 920 920 920 919 919 924 924 921 921 924 924 919 919 924 924 921 921 926 926 927 927 926 926 921 921 926 926 927 927 928 928 929 929 928 928 927 927 928 928 929 929 930 930 931 931 932 932 933 933 934 934 933 933 932 932 933 933 934 934 935 935 936 936 935 935 934 934 937 937 938 938 417 417 939 939 406 406 818 818 408 408 818 818 406 406 818 818 408 408 819 819 404 404 853 853 405 405 851 851 405 405 853 853 405 405 851 851 940 940 841 841 940 940 851 851 930 930 941 941 928 928 942 942 928 928 941 941 928 928 942 942 926 926 943 943 926 926 942 942 926 926 943 943 924 924 944 944 924 924 943 943 924 924 944 944 925 925 945 945 925 925 944 944 833 833 834 834 923 923 835 835 923 923 834 834 923 923 835 835 922 922 836 836 922 922 835 835 922 922 836 836 921 921 837 837 921 921 836 836 921 921 837 837 927 927 838 838 927 927 837 837 927 927 838 838 929 929 839 839 929 929 838 838 929 929 839 839 930 930 946 946 930 930 839 839 930 930 946 946 941 941 940 940 947 947 948 948 940 940 948 948 405 405 949 949 405 405 948 948 405 405 949 949 950 950 951 951 403 403 952 952 405 405 952 952 403 403 952 952 405 405 953 953 950 950 953 953 405 405 938 938 954 954 955 955 956 956 955 955 954 954 955 955 956 956 957 957 401 401 397 397 402 402 399 399 402 402 397 397 402 402 399 399 958 958 959 959 958 958 399 399 958 958 959 959 960 960 961 961 962 962 937 937 963 963 937 937 962 962 937 937 963 963 938 938 964 964 938 938 963 963 938 938 964 964 954 954 431 431 433 433 965 965 819 819 965 965 433 433 965 965 819 819 396 396 408 408 396 396 819 819 396 396 408 408 394 394 939 939 966 966 406 406 967 967 406 406 966 966 406 406 967 967 407 407 968 968 407 407 967 967 407 407 968 968 387 387 369 369 388 388 370 370 390 390 370 370 388 388 370 370 390 390 969 969 970 970 969 969 390 390 969 969 970 970 971 971 972 972 971 971 970 970 971 971 972 972 973 973 974 974 973 973 972 972 389 389 385 385 390 390 387 387 390 390 385 385 390 390 387 387 970 970 968 968 970 970 387 387 970 970 968 968 972 972 967 967 972 972 968 968 972 972 967 967 974 974 966 966 974 974 967 967 386 386 975 975 387 387 976 976 387 387 975 975 387 387 976 976 407 407 977 977 407 407 976 976 407 407 977 977 408 408 978 978 408 408 977 977 408 408 978 978 394 394 393 393 392 392 409 409 979 979 409 409 392 392 409 409 979 979 980 980 932 932 410 410 934 934 409 409 934 934 410 410 934 934 409 409 936 936 980 980 936 936 409 409 936 936 980 980 981 981 956 956 982 982 957 957 983 983 957 957 982 982 957 957 983 983 984 984 985 985 984 984 983 983 984 984 985 985 986 986 417 417 938 938 418 418 955 955 418 418 938 938 418 418 955 955 840 840 957 957 840 840 955 955 840 840 957 957 841 841 984 984 841 841 957 957 841 841 984 984 940 940 986 986 940 940 984 984 940 940 986 986 947 947 987 987 875 875 988 988 877 877 988 988 875 875 988 988 877 877 989 989 878 878 989 989 877 877 989 989 878 878 990 990 991 991 992 992 993 993 893 893 994 994 894 894 995 995 894 894 994 994 894 894 995 995 895 895 987 987 895 895 995 995 895 895 987 987 896 896 988 988 896 896 987 987 896 896 988 988 897 897 989 989 897 897 988 988 897 897 989 989 898 898 990 990 898 898 989 989 898 898 990 990 879 879 859 859 996 996 860 860 888 888 860 860 996 996 860 860 888 888 867 867 886 886 867 867 888 888 867 867 886 886 892 892 885 885 892 892 886 886 892 892 885 885 890 890 997 997 998 998 999 999 1000 1000 999 999 998 998 999 999 1000 1000 1001 1001 1002 1002 1001 1001 1000 1000 1003 1003 1004 1004 411 411 1005 1005 1006 1006 1007 1007 1008 1008 1007 1007 1006 1006 1007 1007 1008 1008 1009 1009 1010 1010 1009 1009 1008 1008 1009 1009 1010 1010 1011 1011 1012 1012 1011 1011 1010 1010 1011 1011 1012 1012 1013 1013 1014 1014 1013 1013 1012 1012 1013 1013 1014 1014 1015 1015 1016 1016 1015 1015 1014 1014 1017 1017 1018 1018 1019 1019 1018 1018 1020 1020 1021 1021 1022 1022 1021 1021 1020 1020 1021 1021 1022 1022 1023 1023 1024 1024 1023 1023 1022 1022 1023 1023 1024 1024 1025 1025 1026 1026 993 993 1027 1027 992 992 1027 1027 993 993 1027 1027 992 992 1028 1028 1029 1029 1028 1028 992 992 1029 1029 992 992 1030 1030 991 991 1030 1030 992 992 1030 1030 991 991 1031 1031 1032 1032 1031 1031 991 991 1031 1031 1032 1032 1033 1033 1034 1034 1033 1033 1032 1032 1033 1033 1034 1034 1035 1035 1036 1036 1035 1035 1034 1034 1035 1035 1036 1036 1037 1037 1038 1038 1039 1039 1040 1040 1040 1040 1041 1041 890 890 1042 1042 890 890 1041 1041 890 890 1042 1042 1043 1043 1037 1037 380 380 1035 1035 382 382 1035 1035 380 380 1035 1035 382 382 1033 1033 1044 1044 1033 1033 382 382 1033 1033 1044 1044 1031 1031 1045 1045 1031 1031 1044 1044 1031 1031 1045 1045 1030 1030 1046 1046 1030 1030 1045 1045 1030 1030 1046 1046 1029 1029 1047 1047 1029 1029 1046 1046 1004 1004 1048 1048 1049 1049 1050 1050 1049 1049 1048 1048 1049 1049 1050 1050 1051 1051 378 378 374 374 379 379 376 376 379 379 374 374 379 379 376 376 1052 1052 1053 1053 1052 1052 376 376 1052 1052 1053 1053 1054 1054 1055 1055 1056 1056 1003 1003 1057 1057 1003 1003 1056 1056 1003 1003 1057 1057 1004 1004 1058 1058 1004 1004 1057 1057 1004 1004 1058 1058 1048 1048 1018 1018 1017 1017 1020 1020 1059 1059 1020 1020 1017 1017 1020 1020 1059 1059 1022 1022 1060 1060 1061 1061 1062 1062 1063 1063 1061 1061 1064 1064 1060 1060 1064 1064 1061 1061 1064 1064 1060 1060 1065 1065 1063 1063 1066 1066 1061 1061 1067 1067 1061 1061 1066 1066 1061 1061 1067 1067 1062 1062 1068 1068 1062 1062 1067 1067 1062 1062 1068 1068 1069 1069 1016 1016 1065 1065 1019 1019 1060 1060 1019 1019 1065 1065 1019 1019 1060 1060 1017 1017 1062 1062 1017 1017 1060 1060 1017 1017 1062 1062 1059 1059 1069 1069 1059 1059 1062 1062 1059 1059 1069 1069 1070 1070 1070 1070 1071 1071 1059 1059 1072 1072 1059 1059 1071 1071 1059 1059 1072 1072 1022 1022 1073 1073 1022 1022 1072 1072 1022 1022 1073 1073 1024 1024 1074 1074 1024 1024 1073 1073 1024 1024 1074 1074 1075 1075 373 373 372 372 383 383 1076 1076 383 383 372 372 383 383 1076 1076 1077 1077 998 998 384 384 1000 1000 383 383 1000 1000 384 384 1000 1000 383 383 1002 1002 1077 1077 1002 1002 383 383 1002 1002 1077 1077 1078 1078 1050 1050 1079 1079 1051 1051 1080 1080 1051 1051 1079 1079 1051 1051 1080 1080 1081 1081 1082 1082 1081 1081 1080 1080 1081 1081 1082 1082 1083 1083 411 411 1004 1004 412 412 1049 1049 412 412 1004 1004 412 412 1049 1049 904 904 1051 1051 904 904 1049 1049 904 904 1051 1051 903 903 1081 1081 903 903 1051 1051 903 903 1081 1081 1038 1038 1083 1083 1038 1038 1081 1081 1038 1038 1083 1083 1039 1039 1047 1047 368 368 1029 1029 370 370 1029 1029 368 368 1029 1029 370 370 1028 1028 969 969 1028 1028 370 370 1028 1028 969 969 1027 1027 971 971 1027 1027 969 969 1027 1027 971 971 1026 1026 973 973 1026 1026 971 971 1084 1084 367 367 362 362 359 359 1085 1085 361 361 1086 1086 361 361 1085 1085 361 361 1086 1086 1087 1087 1088 1088 1087 1087 1086 1086 1087 1087 1088 1088 1089 1089 1090 1090 1091 1091 1092 1092 1093 1093 1092 1092 1091 1091 1094 1094 1095 1095 1096 1096 1097 1097 1096 1096 1095 1095 1096 1096 1097 1097 1093 1093 1098 1098 1093 1093 1097 1097 1093 1093 1098 1098 1092 1092 1099 1099 1100 1100 1101 1101 1102 1102 1101 1101 1100 1100 1101 1101 1102 1102 1103 1103 1104 1104 1103 1103 1102 1102 1103 1103 1104 1104 1105 1105 1088 1088 1106 1106 1089 1089 1107 1107 1089 1089 1106 1106 1089 1089 1107 1107 1094 1094 1108 1108 1094 1094 1107 1107 1094 1094 1108 1108 1095 1095 364 364 1109 1109 1110 1110 1111 1111 1110 1110 1109 1109 1110 1110 1111 1111 1112 1112 1113 1113 1112 1112 1111 1111 1112 1112 1113 1113 1114 1114 364 364 1115 1115 1109 1109 1116 1116 1109 1109 1115 1115 1109 1109 1116 1116 1111 1111 1117 1117 1111 1111 1116 1116 1111 1111 1117 1117 1113 1113 1118 1118 360 360 1119 1119 361 361 1119 1119 360 360 1119 1119 361 361 1120 1120 1087 1087 1120 1120 361 361 1120 1120 1087 1087 1121 1121 1089 1089 1121 1121 1087 1087 1121 1121 1089 1089 1122 1122 1094 1094 1122 1122 1089 1089 1122 1122 1094 1094 1123 1123 1096 1096 1123 1123 1094 1094 1123 1123 1096 1096 1124 1124 1093 1093 1124 1124 1096 1096 1124 1124 1093 1093 1125 1125 1091 1091 1125 1125 1093 1093 1125 1125 1091 1091 1126 1126 1127 1127 1128 1128 1129 1129 1130 1130 1129 1129 1128 1128 1129 1129 1130 1130 1105 1105 1131 1131 356 356 1132 1132 355 355 1132 1132 356 356 1132 1132 355 355 1133 1133 1134 1134 1135 1135 1136 1136 1137 1137 1136 1136 1135 1135 1136 1136 1137 1137 1138 1138 1139 1139 1138 1138 1137 1137 1138 1138 1139 1139 1140 1140 1141 1141 1140 1140 1139 1139 1140 1140 1141 1141 1142 1142 1143 1143 1142 1142 1141 1141 1135 1135 1144 1144 1137 1137 1145 1145 1137 1137 1144 1144 1137 1137 1145 1145 1139 1139 1146 1146 1139 1139 1145 1145 1139 1139 1146 1146 1141 1141 1147 1147 1141 1141 1146 1146 1141 1141 1147 1147 1143 1143 1127 1127 1143 1143 1147 1147 1143 1143 1127 1127 1148 1148 1129 1129 1148 1148 1127 1127 1148 1148 1129 1129 1149 1149 1105 1105 1149 1149 1129 1129 1149 1149 1105 1105 1150 1150 1104 1104 1150 1150 1105 1105 1151 1151 1152 1152 1153 1153 1154 1154 1153 1153 1152 1152 1128 1128 1155 1155 1130 1130 1156 1156 1130 1130 1155 1155 1130 1130 1156 1156 1105 1105 1157 1157 1105 1105 1156 1156 1105 1105 1157 1157 1103 1103 1126 1126 1103 1103 1157 1157 1103 1103 1126 1126 1101 1101 1091 1091 1101 1101 1126 1126 1101 1101 1091 1091 1099 1099 1090 1090 1099 1099 1091 1091 353 353 352 352 1158 1158 1159 1159 1158 1158 352 352 1158 1158 1159 1159 1160 1160 1161 1161 1160 1160 1159 1159 1160 1160 1161 1161 1162 1162 795 795 1162 1162 1161 1161 1162 1162 795 795 1163 1163 796 796 1163 1163 795 795 1163 1163 796 796 1164 1164 797 797 1164 1164 796 796 1164 1164 797 797 1165 1165 798 798 1165 1165 797 797 1165 1165 798 798 1166 1166 782 782 1166 1166 798 798 1166 1166 782 782 767 767 784 784 767 767 782 782 767 767 784 784 768 768 789 789 689 689 787 787 691 691 787 787 689 689 787 787 691 691 770 770 692 692 770 770 691 691 770 770 692 692 767 767 688 688 767 767 692 692 767 767 688 688 1166 1166 687 687 1166 1166 688 688 1166 1166 687 687 1165 1165 685 685 1165 1165 687 687 1165 1165 685 685 1164 1164 684 684 1164 1164 685 685 1164 1164 684 684 1163 1163 453 453 1163 1163 684 684 1163 1163 453 453 1162 1162 455 455 1162 1162 453 453 1162 1162 455 455 1160 1160 1167 1167 1160 1160 455 455 1160 1160 1167 1167 1158 1158 1168 1168 1158 1158 1167 1167 1158 1158 1168 1168 353 353 1169 1169 353 353 1168 1168 353 353 1169 1169 354 354 1118 1118 354 354 1169 1169 354 354 1118 1118 1170 1170 1119 1119 1170 1170 1118 1118 1170 1170 1119 1119 1171 1171 1120 1120 1171 1171 1119 1119 1171 1171 1120 1120 1172 1172 1121 1121 1172 1172 1120 1120 1172 1172 1121 1121 1173 1173 1122 1122 1173 1173 1121 1121 1173 1173 1122 1122 1174 1174 1123 1123 1174 1174 1122 1122 1174 1174 1123 1123 1175 1175 1124 1124 1175 1175 1123 1123 1175 1175 1124 1124 1176 1176 1125 1125 1176 1176 1124 1124 1176 1176 1125 1125 1177 1177 1126 1126 1177 1177 1125 1125 1177 1177 1126 1126 1178 1178 1157 1157 1178 1178 1126 1126 1178 1178 1157 1157 1179 1179 1156 1156 1179 1179 1157 1157 1179 1179 1156 1156 1180 1180 1155 1155 1180 1180 1156 1156 1181 1181 1182 1182 1153 1153 1183 1183 1153 1153 1182 1182 1153 1153 1183 1183 1151 1151 1184 1184 1185 1185 1186 1186 981 981 400 400 936 936 402 402 936 936 400 400 936 936 402 402 935 935 958 958 935 935 402 402 935 935 958 958 933 933 960 960 933 933 958 958 933 933 960 960 931 931 1187 1187 931 931 960 960 931 931 1187 1187 1188 1188 1189 1189 1188 1188 1187 1187 1188 1188 1189 1189 1190 1190 1191 1191 1190 1190 1189 1189 1190 1190 1191 1191 1192 1192 1193 1193 1192 1192 1191 1191 1192 1192 1193 1193 1194 1194 398 398 961 961 399 399 937 937 399 399 961 961 399 399 937 937 959 959 417 417 959 959 937 937 959 959 417 417 960 960 419 419 960 960 417 417 960 960 419 419 1187 1187 842 842 1187 1187 419 419 1187 1187 842 842 1189 1189 815 815 1189 1189 842 842 1189 1189 815 815 1191 1191 813 813 1191 1191 815 815 1191 1191 813 813 1193 1193 1182 1182 1193 1193 813 813 1193 1193 1182 1182 1194 1194 1181 1181 1194 1194 1182 1182 1195 1195 1196 1196 1197 1197 1198 1198 1197 1197 1196 1196 1197 1197 1198 1198 1186 1186 1199 1199 1186 1186 1198 1198 1186 1186 1199 1199 1184 1184 1200 1200 1184 1184 1199 1199 1184 1184 1200 1200 1201 1201 395 395 391 391 396 396 393 393 396 396 391 391 396 396 393 393 965 965 410 410 965 965 393 393 965 965 410 410 431 431 932 932 431 431 410 410 431 431 932 932 432 432 931 931 432 432 932 932 432 432 931 931 434 434 1188 1188 434 434 931 931 434 434 1188 1188 822 822 1190 1190 822 822 1188 1188 822 822 1190 1190 1202 1202 1192 1192 1202 1202 1190 1190 1202 1202 1192 1192 1203 1203 1194 1194 1203 1203 1192 1192 1203 1203 1194 1194 1204 1204 1181 1181 1204 1204 1194 1194 1204 1204 1181 1181 1205 1205 1153 1153 1205 1205 1181 1181 1205 1205 1153 1153 1206 1206 1154 1154 1206 1206 1153 1153 1207 1207 1195 1195 1208 1208 1197 1197 1208 1208 1195 1195 1208 1208 1197 1197 1134 1134 1186 1186 1134 1134 1197 1197 1134 1134 1186 1186 1135 1135 1185 1185 1135 1135 1186 1186 1135 1135 1185 1185 1144 1144 1209 1209 1210 1210 351 351 346 346 1211 1211 348 348 1212 1212 348 348 1211 1211 348 348 1212 1212 1213 1213 1214 1214 1213 1213 1212 1212 1213 1213 1214 1214 1215 1215 1216 1216 1217 1217 1218 1218 1219 1219 1220 1220 1221 1221 1222 1222 1221 1221 1220 1220 1221 1221 1222 1222 1217 1217 1223 1223 1217 1217 1222 1222 1217 1217 1223 1223 1218 1218 1218 1218 1224 1224 1216 1216 1225 1225 1216 1216 1224 1224 1216 1216 1225 1225 1226 1226 1227 1227 1226 1226 1225 1225 1226 1226 1227 1227 1228 1228 1214 1214 1229 1229 1215 1215 1230 1230 1215 1215 1229 1229 1215 1215 1230 1230 1219 1219 1231 1231 1219 1219 1230 1230 1219 1219 1231 1231 1220 1220 1210 1210 1209 1209 1232 1232 1233 1233 1232 1232 1209 1209 1232 1232 1233 1233 1234 1234 1235 1235 349 349 1236 1236 351 351 1236 1236 349 349 1236 1236 351 351 1237 1237 1210 1210 1237 1237 351 351 1237 1237 1210 1210 1238 1238 1232 1232 1238 1238 1210 1210 1238 1238 1232 1232 1239 1239 1234 1234 1239 1239 1232 1232 1239 1239 1234 1234 1240 1240 1241 1241 1242 1242 1243 1243 1244 1244 1243 1243 1242 1242 1243 1243 1244 1244 1245 1245 1246 1246 347 347 1247 1247 348 348 1247 1247 347 347 1247 1247 348 348 1248 1248 1213 1213 1248 1248 348 348 1248 1248 1213 1213 1249 1249 1215 1215 1249 1249 1213 1213 1249 1249 1215 1215 1250 1250 1219 1219 1250 1250 1215 1215 1250 1250 1219 1219 1251 1251 1221 1221 1251 1251 1219 1219 1251 1251 1221 1221 1252 1252 1217 1217 1252 1252 1221 1221 1252 1252 1217 1217 1253 1253 1216 1216 1253 1253 1217 1217 1253 1253 1216 1216 1245 1245 1226 1226 1245 1245 1216 1216 1245 1245 1226 1226 1243 1243 1228 1228 1243 1243 1226 1226 1243 1243 1228 1228 1241 1241 1241 1241 1254 1254 1242 1242 1255 1255 1242 1242 1254 1254 1242 1242 1255 1255 1256 1256 1257 1257 1256 1256 1255 1255 1256 1256 1257 1257 1258 1258 1259 1259 343 343 1260 1260 342 342 1260 1260 343 343 1260 1260 342 342 341 341 1259 1259 1261 1261 343 343 1258 1258 343 343 1261 1261 343 343 1258 1258 344 344 1257 1257 344 344 1258 1258 1262 1262 327 327 1263 1263 326 326 1263 1263 327 327 1263 1263 326 326 340 340 340 340 339 339 1263 1263 1264 1264 1263 1263 339 339 1263 1263 1264 1264 1262 1262 1131 1131 1235 1235 356 356 1236 1236 356 356 1235 1235 356 356 1236 1236 357 357 1237 1237 357 357 1236 1236 357 357 1237 1237 1265 1265 1238 1238 1265 1265 1237 1237 1265 1265 1238 1238 1266 1266 1239 1239 1266 1266 1238 1238 1266 1266 1239 1239 1267 1267 1240 1240 1267 1267 1239 1239 1142 1142 1133 1133 1140 1140 355 355 1140 1140 1133 1133 1140 1140 355 355 1138 1138 357 357 1138 1138 355 355 1138 1138 357 357 1136 1136 1265 1265 1136 1136 357 357 1136 1136 1265 1265 1134 1134 1266 1266 1134 1134 1265 1265 1134 1134 1266 1266 1208 1208 1267 1267 1208 1208 1266 1266 1208 1208 1267 1267 1207 1207 1240 1240 1207 1207 1267 1267 1233 1233 1268 1268 1234 1234 1269 1269 1234 1234 1268 1268 1234 1234 1269 1269 1240 1240 1270 1270 1240 1240 1269 1269 1240 1240 1270 1270 1207 1207 1271 1271 1207 1207 1270 1270 1207 1207 1271 1271 1195 1195 1272 1272 1195 1195 1271 1271 1195 1195 1272 1272 1196 1196 1273 1273 1196 1196 1272 1272 1196 1196 1273 1273 1198 1198 1274 1274 1198 1198 1273 1273 1198 1198 1274 1274 1199 1199 1275 1275 1199 1199 1274 1274 1199 1199 1275 1275 1200 1200 330 330 329 329 1276 1276 1277 1277 1276 1276 329 329 1276 1276 1277 1277 1278 1278 1279 1279 1278 1278 1277 1277 1278 1278 1279 1279 1280 1280 843 843 1280 1280 1279 1279 1280 1280 843 843 1281 1281 845 845 1281 1281 843 843 1281 1281 845 845 1282 1282 1244 1244 1283 1283 1245 1245 1284 1284 1245 1245 1283 1283 1245 1245 1284 1284 1253 1253 1285 1285 1253 1253 1284 1284 1253 1253 1285 1285 1252 1252 1286 1286 1252 1252 1285 1285 1252 1252 1286 1286 1251 1251 1287 1287 1251 1251 1286 1286 1251 1251 1287 1287 1250 1250 1288 1288 1250 1250 1287 1287 1250 1250 1288 1288 1249 1249 1289 1289 1249 1249 1288 1288 1249 1249 1289 1289 1248 1248 1290 1290 1248 1248 1289 1289 1248 1248 1290 1290 1247 1247 1291 1291 1247 1247 1290 1290 1247 1247 1291 1291 1246 1246 331 331 1246 1246 1291 1291 1246 1246 331 331 1292 1292 330 330 1292 1292 331 331 1292 1292 330 330 1293 1293 1276 1276 1293 1293 330 330 1293 1293 1276 1276 1294 1294 1278 1278 1294 1294 1276 1276 1294 1294 1278 1278 428 428 1280 1280 428 428 1278 1278 428 428 1280 1280 426 426 1281 1281 426 426 1280 1280 426 426 1281 1281 824 824 1282 1282 824 824 1281 1281 824 824 1282 1282 846 846 1283 1283 889 889 1284 1284 888 888 1284 1284 889 889 1284 1284 888 888 1285 1285 996 996 1285 1285 888 888 1285 1285 996 996 1286 1286 859 859 1286 1286 996 996 1286 1286 859 859 1287 1287 861 861 1287 1287 859 859 1287 1287 861 861 1288 1288 862 862 1288 1288 861 861 1288 1288 862 862 1289 1289 857 857 1289 1289 862 862 1289 1289 857 857 1290 1290 855 855 1290 1290 857 857 1290 1290 855 855 1291 1291 854 854 1291 1291 855 855 1291 1291 854 854 331 331 863 863 331 331 854 854 331 331 863 863 329 329 880 880 329 329 863 863 329 329 880 880 1277 1277 879 879 1277 1277 880 880 1277 1277 879 879 1279 1279 990 990 1279 1279 879 879 1279 1279 990 990 843 843 878 878 843 843 990 990 843 843 878 878 844 844 876 876 844 844 878 878 335 335 1295 1295 1296 1296 1297 1297 1296 1296 1295 1295 1296 1296 1297 1297 1298 1298 1299 1299 1298 1298 1297 1297 1298 1298 1299 1299 1300 1300 1301 1301 1300 1300 1299 1299 1300 1300 1301 1301 1302 1302 1303 1303 1302 1302 1301 1301 1302 1302 1303 1303 1304 1304 1305 1305 1304 1304 1303 1303 1304 1304 1305 1305 1306 1306 1307 1307 1308 1308 1309 1309 337 337 1310 1310 1311 1311 899 899 1311 1311 1310 1310 1311 1311 899 899 1312 1312 901 901 1312 1312 899 899 1078 1078 377 377 1002 1002 379 379 1002 1002 377 377 1002 1002 379 379 1001 1001 1052 1052 1001 1001 379 379 1001 1001 1052 1052 999 999 1054 1054 999 999 1052 1052 999 999 1054 1054 997 997 1313 1313 997 997 1054 1054 997 997 1313 1313 1314 1314 1315 1315 1314 1314 1313 1313 1314 1314 1315 1315 1316 1316 1317 1317 1316 1316 1315 1315 1316 1316 1317 1317 1318 1318 1319 1319 1318 1318 1317 1317 1318 1318 1319 1319 1320 1320 337 337 336 336 1310 1310 1321 1321 1310 1310 336 336 1310 1310 1321 1321 899 899 375 375 1055 1055 376 376 1003 1003 376 376 1055 1055 376 376 1003 1003 1053 1053 411 411 1053 1053 1003 1003 1053 1053 411 411 1054 1054 413 413 1054 1054 411 411 1054 1054 413 413 1313 1313 902 902 1313 1313 413 413 1313 1313 902 902 1315 1315 900 900 1315 1315 902 902 1315 1315 900 900 1317 1317 899 899 1317 1317 900 900 1317 1317 899 899 1319 1319 1321 1321 1319 1319 899 899 1319 1319 1321 1321 1320 1320 1322 1322 1320 1320 1321 1321 1323 1323 1308 1308 1324 1324 1307 1307 1324 1324 1308 1308 1324 1324 1307 1307 1325 1325 1326 1326 1325 1325 1307 1307 1325 1325 1326 1326 868 868 1327 1327 868 868 1326 1326 868 868 1327 1327 869 869 1328 1328 869 869 1327 1327 869 869 1328 1328 910 910 872 872 1329 1329 873 873 1330 1330 873 873 1329 1329 873 873 1330 1330 1331 1331 1332 1332 1333 1333 1334 1334 1015 1015 1335 1335 1013 1013 1336 1336 1013 1013 1335 1335 1013 1013 1336 1336 1011 1011 1337 1337 1011 1011 1336 1336 1011 1011 1337 1337 1009 1009 1338 1338 1009 1009 1337 1337 1009 1009 1338 1338 1007 1007 1332 1332 1007 1007 1338 1338 1007 1007 1332 1332 1005 1005 1334 1334 1005 1005 1332 1332 1335 1335 911 911 1336 1336 913 913 1336 1336 911 911 1336 1336 913 913 1337 1337 874 874 1337 1337 913 913 1337 1337 874 874 1338 1338 873 873 1338 1338 874 874 1338 1338 873 873 1332 1332 1331 1331 1332 1332 873 873 1332 1332 1331 1331 1333 1333 1016 1016 1019 1019 1015 1015 1018 1018 1015 1015 1019 1019 1015 1015 1018 1018 1335 1335 1021 1021 1335 1335 1018 1018 1335 1335 1021 1021 911 911 1023 1023 911 911 1021 1021 911 911 1023 1023 912 912 1025 1025 912 912 1023 1023 912 912 1025 1025 914 914 1339 1339 914 914 1025 1025 914 914 1339 1339 915 915 1340 1340 915 915 1339 1339 915 915 1340 1340 872 872 1341 1341 872 872 1340 1340 872 872 1341 1341 1329 1329 1342 1342 1329 1329 1341 1341 1329 1329 1342 1342 1330 1330 1343 1343 1330 1330 1342 1342 1330 1330 1343 1343 1331 1331 1344 1344 1331 1331 1343 1343 1331 1331 1344 1344 1333 1333 1345 1345 1333 1333 1344 1344 1333 1333 1345 1345 1334 1334 1346 1346 371 371 908 908 373 373 908 908 371 371 908 908 373 373 905 905 384 384 905 905 373 373 905 905 384 384 906 906 998 998 906 906 384 384 906 906 998 998 907 907 997 997 907 907 998 998 907 907 997 997 870 870 1314 1314 870 870 997 997 870 870 1314 1314 868 868 1316 1316 868 868 1314 1314 868 868 1316 1316 1325 1325 1318 1318 1325 1325 1316 1316 1325 1325 1318 1318 1324 1324 1320 1320 1324 1324 1318 1318 1324 1324 1320 1320 1323 1323 1322 1322 1323 1323 1320 1320 338 338 332 332 336 336 334 334 336 336 332 332 336 336 334 334 1321 1321 335 335 1321 1321 334 334 1321 1321 335 335 1322 1322 1296 1296 1322 1322 335 335 1322 1322 1296 1296 1323 1323 1298 1298 1323 1323 1296 1296 1323 1323 1298 1298 1308 1308 1300 1300 1308 1308 1298 1298 1308 1308 1300 1300 1309 1309 1302 1302 1309 1309 1300 1300 1309 1309 1302 1302 1347 1347 1304 1304 1347 1347 1302 1302 1347 1347 1304 1304 1348 1348 1306 1306 1348 1348 1304 1304 1348 1348 1306 1306 1349 1349 1040 1040 890 890 1038 1038 885 885 1038 1038 890 890 1038 1038 885 885 903 903 887 887 903 903 885 885 903 903 887 887 901 901 889 889 901 901 887 887 901 901 889 889 1312 1312 1283 1283 1312 1312 889 889 1312 1312 1283 1283 1311 1311 1244 1244 1311 1311 1283 1283 1311 1311 1244 1244 337 337 1242 1242 337 337 1244 1244 337 337 1242 1242 338 338 1256 1256 338 338 1242 1242 338 338 1256 1256 332 332 1258 1258 332 332 1256 1256 332 332 1258 1258 333 333 1261 1261 333 333 1258 1258 333 333 1261 1261 335 335 1259 1259 335 335 1261 1261 335 335 1259 1259 1295 1295 1260 1260 1295 1295 1259 1259 1295 1295 1260 1260 1297 1297 341 341 1297 1297 1260 1260 1297 1297 341 341 1299 1299 340 340 1299 1299 341 341 1299 1299 340 340 1301 1301 326 326 1301 1301 340 340 1301 1301 326 326 1303 1303 328 328 1303 1303 326 326 1303 1303 328 328 1305 1305 350 350 1350 1350 351 351 345 345 351 351 1350 1350 351 351 345 345 1209 1209 347 347 1209 1209 345 345 1209 1209 347 347 1233 1233 1246 1246 1233 1233 347 347 1233 1233 1246 1246 1268 1268 1292 1292 1268 1268 1246 1246 1268 1268 1292 1292 1269 1269 1293 1293 1269 1269 1292 1292 1269 1269 1293 1293 1270 1270 1294 1294 1270 1270 1293 1293 1270 1270 1294 1294 1271 1271 428 428 1271 1271 1294 1294 1271 1271 428 428 1272 1272 427 427 1272 1272 428 428 1272 1272 427 427 1273 1273 826 826 1273 1273 427 427 1273 1273 826 826 1274 1274 430 430 1274 1274 826 826 1274 1274 430 430 1275 1275 429 429 1275 1275 430 430 1275 1275 429 429 1200 1200 816 816 1200 1200 429 429 1200 1200 816 816 1201 1201 817 817 1201 1201 816 816 1351 1351 1352 1352 1353 1353 1354 1354 1353 1353 1352 1352 1353 1353 1354 1354 1355 1355 1356 1356 1355 1355 1354 1354 1355 1355 1356 1356 1357 1357 1358 1358 1359 1359 1351 1351 1360 1360 1351 1351 1359 1359 1351 1351 1360 1360 1352 1352 1361 1361 1352 1352 1360 1360 1352 1352 1361 1361 1354 1354 1362 1362 1354 1354 1361 1361 1354 1354 1362 1362 1356 1356 1363 1363 1364 1364 1365 1365 325 325 1365 1365 1364 1364 1366 1366 1367 1367 1368 1368 1369 1369 1368 1368 1367 1367 1368 1368 1369 1369 1370 1370 1371 1371 1372 1372 1373 1373 1369 1369 1374 1374 1370 1370 1375 1375 1370 1370 1374 1374 1370 1370 1375 1375 1372 1372 1376 1376 1372 1372 1375 1375 1372 1372 1376 1376 1373 1373 324 324 1377 1377 325 325 1378 1378 325 325 1377 1377 325 325 1378 1378 1365 1365 1379 1379 1365 1365 1378 1378 1380 1380 1381 1381 1382 1382 1383 1383 1384 1384 1385 1385 1386 1386 1385 1385 1384 1384 1382 1382 1387 1387 1380 1380 1388 1388 1380 1380 1387 1387 1380 1380 1388 1388 1386 1386 1389 1389 1386 1386 1388 1388 1386 1386 1389 1389 1385 1385 1390 1390 1391 1391 1392 1392 1393 1393 1392 1392 1391 1391 1383 1383 1394 1394 1384 1384 1395 1395 1384 1384 1394 1394 1384 1384 1395 1395 1396 1396 1397 1397 1396 1396 1395 1395 1396 1396 1397 1397 1398 1398 1373 1373 1399 1399 1371 1371 1400 1400 1371 1371 1399 1399 1371 1371 1400 1400 1381 1381 1401 1401 1381 1381 1400 1400 1381 1381 1401 1401 1382 1382 1402 1402 1403 1403 1404 1404 1405 1405 1404 1404 1403 1403 1404 1404 1405 1405 319 319 1406 1406 317 317 1407 1407 316 316 1407 1407 317 317 1407 1407 316 316 1408 1408 1409 1409 1363 1363 1410 1410 1365 1365 1410 1410 1363 1363 1410 1410 1365 1365 1368 1368 1379 1379 1368 1368 1365 1365 1368 1368 1379 1379 1366 1366 1356 1356 323 323 1357 1357 325 325 1357 1357 323 323 1357 1357 325 325 1411 1411 1364 1364 1411 1411 325 325 1411 1411 1364 1364 1412 1412 1363 1363 1412 1412 1364 1364 1412 1412 1363 1363 1413 1413 1409 1409 1413 1413 1363 1363 1413 1413 1409 1409 1414 1414 319 319 1405 1405 320 320 1415 1415 320 320 1405 1405 320 320 1415 1415 322 322 1416 1416 1417 1417 1418 1418 1419 1419 1418 1418 1417 1417 1418 1418 1419 1419 1420 1420 1421 1421 1416 1416 1422 1422 1418 1418 1422 1422 1416 1416 1422 1422 1418 1418 1423 1423 1420 1420 1423 1423 1418 1418 1423 1423 1420 1420 1424 1424 1424 1424 1425 1425 1423 1423 1426 1426 1423 1423 1425 1425 1423 1423 1426 1426 1422 1422 1427 1427 1422 1422 1426 1426 1422 1422 1427 1427 1421 1421 1428 1428 1421 1421 1427 1427 1403 1403 1424 1424 1405 1405 1420 1420 1405 1405 1424 1424 1405 1405 1420 1420 1415 1415 1419 1419 1415 1415 1420 1420 1415 1415 1419 1419 322 322 1417 1417 322 322 1419 1419 322 322 1417 1417 1429 1429 1416 1416 1429 1429 1417 1417 1429 1429 1416 1416 1430 1430 1421 1421 1430 1430 1416 1416 1430 1430 1421 1421 1431 1431 1428 1428 1431 1431 1421 1421 1431 1431 1428 1428 1432 1432 1433 1433 1393 1393 1434 1434 1391 1391 1434 1434 1393 1393 1434 1434 1391 1391 1435 1435 1436 1436 1435 1435 1391 1391 1435 1435 1436 1436 1437 1437 1438 1438 1439 1439 312 312 311 311 1440 1440 312 312 1441 1441 312 312 1440 1440 312 312 1441 1441 1438 1438 308 308 1442 1442 309 309 1443 1443 309 309 1442 1442 309 309 1443 1443 1444 1444 1445 1445 1446 1446 1447 1447 1443 1443 1448 1448 1444 1444 1449 1449 1444 1444 1448 1448 1444 1444 1449 1449 1446 1446 1450 1450 1446 1446 1449 1449 1446 1446 1450 1450 1447 1447 1451 1451 1452 1452 1453 1453 1453 1453 1454 1454 1451 1451 1455 1455 1451 1451 1454 1454 1451 1451 1455 1455 1456 1456 1457 1457 1458 1458 1459 1459 1460 1460 1459 1459 1458 1458 1459 1459 1460 1460 1461 1461 1462 1462 1461 1461 1460 1460 1461 1461 1462 1462 1463 1463 1455 1455 1464 1464 1456 1456 1465 1465 1456 1456 1464 1464 1456 1456 1465 1465 1466 1466 1467 1467 1466 1466 1465 1465 1466 1466 1467 1467 1468 1468 1447 1447 1469 1469 1445 1445 1470 1470 1445 1445 1469 1469 1445 1445 1470 1470 1452 1452 1471 1471 1452 1452 1470 1470 1452 1452 1471 1471 1453 1453 1472 1472 1473 1473 1474 1474 1475 1475 1474 1474 1473 1473 1474 1474 1475 1475 1463 1463 366 366 365 365 1476 1476 1477 1477 1476 1476 365 365 1476 1476 1477 1477 1478 1478 1479 1479 1478 1478 1477 1477 1478 1478 1479 1479 1480 1480 1481 1481 1480 1480 1479 1479 1480 1480 1481 1481 1482 1482 1481 1481 1483 1483 1482 1482 1472 1472 1482 1482 1483 1483 1482 1482 1472 1472 1484 1484 1474 1474 1484 1484 1472 1472 1484 1484 1474 1474 1485 1485 1463 1463 1485 1485 1474 1474 1485 1485 1463 1463 1486 1486 1462 1462 1486 1486 1463 1463 1439 1439 1438 1438 1487 1487 1488 1488 1487 1487 1438 1438 1487 1487 1488 1488 1489 1489 314 314 310 310 315 315 312 312 315 315 310 310 315 315 312 312 1490 1490 1439 1439 1490 1490 312 312 1490 1490 1439 1439 1491 1491 1487 1487 1491 1491 1439 1439 1491 1491 1487 1487 1492 1492 1489 1489 1492 1492 1487 1487 1492 1492 1489 1489 1493 1493 1494 1494 309 309 1495 1495 1444 1444 1495 1495 309 309 1495 1495 1444 1444 1496 1496 1446 1446 1496 1496 1444 1444 1496 1496 1446 1446 1497 1497 1445 1445 1497 1497 1446 1446 1497 1497 1445 1445 1498 1498 1452 1452 1498 1498 1445 1445 1498 1498 1452 1452 1499 1499 1451 1451 1499 1499 1452 1452 1499 1499 1451 1451 1500 1500 1456 1456 1500 1500 1451 1451 1500 1500 1456 1456 1501 1501 1466 1466 1501 1501 1456 1456 1501 1501 1466 1466 1502 1502 1503 1503 1504 1504 299 299 1505 1505 305 305 1506 1506 304 304 1506 1506 305 305 1506 1506 304 304 1507 1507 1508 1508 1505 1505 1509 1509 1506 1506 1509 1509 1505 1505 1509 1509 1506 1506 1510 1510 1507 1507 1510 1510 1506 1506 1510 1510 1507 1507 1511 1511 1504 1504 1512 1512 299 299 1513 1513 299 299 1512 1512 299 299 1513 1513 300 300 1473 1473 1514 1514 1475 1475 1515 1515 1475 1475 1514 1514 1475 1475 1515 1515 1463 1463 1516 1516 1463 1463 1515 1515 1463 1463 1516 1516 1461 1461 1502 1502 1461 1461 1516 1516 1461 1461 1502 1502 1459 1459 1466 1466 1459 1459 1502 1502 1459 1459 1466 1466 1457 1457 1468 1468 1457 1457 1466 1466 367 367 1084 1084 365 365 306 306 365 365 1084 1084 365 365 306 306 1477 1477 305 305 1477 1477 306 306 1477 1477 305 305 1479 1479 1505 1505 1479 1479 305 305 1479 1479 1505 1505 1481 1481 1508 1508 1481 1481 1505 1505 1481 1481 1508 1508 1483 1483 1517 1517 1518 1518 1519 1519 1520 1520 1519 1519 1518 1518 1519 1519 1520 1520 1521 1521 1522 1522 1521 1521 1520 1520 1521 1521 1522 1522 1523 1523 1518 1518 1414 1414 1520 1520 1409 1409 1520 1520 1414 1414 1520 1520 1409 1409 1522 1522 1410 1410 1522 1522 1409 1409 1522 1522 1410 1410 1523 1523 1368 1368 1523 1523 1410 1410 1523 1523 1368 1368 1524 1524 1370 1370 1524 1524 1368 1368 1524 1524 1370 1370 1525 1525 1372 1372 1525 1525 1370 1370 1525 1525 1372 1372 1526 1526 1371 1371 1526 1526 1372 1372 1526 1526 1371 1371 1527 1527 1381 1381 1527 1527 1371 1371 1527 1527 1381 1381 1528 1528 1380 1380 1528 1528 1381 1381 1528 1528 1380 1380 1529 1529 1386 1386 1529 1529 1380 1380 1529 1529 1386 1386 1530 1530 1384 1384 1530 1530 1386 1386 1530 1530 1384 1384 1433 1433 1396 1396 1433 1433 1384 1384 1433 1433 1396 1396 1393 1393 1398 1398 1393 1393 1396 1396 1393 1393 1398 1398 1392 1392 1531 1531 1532 1532 1533 1533 1534 1534 1533 1533 1532 1532 1533 1533 1534 1534 1535 1535 1536 1536 1535 1535 1534 1534 1535 1535 1536 1536 1537 1537 344 344 1358 1358 342 342 1351 1351 342 342 1358 1358 342 342 1351 1351 341 341 1353 1353 341 341 1351 1351 341 341 1353 1353 339 339 1355 1355 339 339 1353 1353 339 339 1355 1355 1264 1264 1357 1357 1264 1264 1355 1355 1264 1264 1357 1357 1262 1262 1411 1411 1262 1262 1357 1357 1262 1262 1411 1411 327 327 1412 1412 327 327 1411 1411 327 327 1412 1412 328 328 1413 1413 328 328 1412 1412 328 328 1413 1413 1305 1305 1414 1414 1305 1305 1413 1413 1305 1305 1414 1414 1306 1306 1518 1518 1306 1306 1414 1414 1306 1306 1518 1518 1349 1349 1517 1517 1349 1349 1518 1518 1349 1349 1517 1517 1538 1538 1539 1539 1538 1538 1517 1517 302 302 301 301 1540 1540 1541 1541 1540 1540 301 301 1540 1540 1541 1541 1542 1542 1437 1437 1543 1543 1435 1435 1544 1544 1435 1435 1543 1543 1435 1435 1544 1544 1434 1434 1545 1545 1434 1434 1544 1544 1434 1434 1545 1545 1433 1433 1546 1546 1433 1433 1545 1545 1433 1433 1546 1546 1530 1530 1547 1547 1530 1530 1546 1546 1530 1530 1547 1547 1529 1529 1548 1548 1529 1529 1547 1547 1529 1529 1548 1548 1528 1528 1549 1549 1528 1528 1548 1548 1528 1528 1549 1549 1527 1527 1550 1550 1527 1527 1549 1549 1527 1527 1550 1550 1526 1526 1551 1551 1526 1526 1550 1550 1526 1526 1551 1551 1525 1525 1552 1552 1525 1525 1551 1551 1525 1525 1552 1552 1524 1524 1553 1553 1524 1524 1552 1552 1524 1524 1553 1553 1523 1523 303 303 1523 1523 1553 1553 1523 1523 303 303 1521 1521 302 302 1521 1521 303 303 1521 1521 302 302 1519 1519 1540 1540 1519 1519 302 302 1519 1519 1540 1540 1517 1517 1542 1542 1517 1517 1540 1540 1517 1517 1542 1542 1539 1539 518 518 1554 1554 1555 1555 1556 1556 1555 1555 1554 1554 1555 1555 1556 1556 1557 1557 1558 1558 1557 1557 1556 1556 1557 1557 1558 1558 1559 1559 518 518 520 520 1554 1554 1560 1560 1554 1554 520 520 1554 1554 1560 1560 1556 1556 1561 1561 1556 1556 1560 1560 1556 1556 1561 1561 1558 1558 1536 1536 1562 1562 1537 1537 1563 1563 1537 1537 1562 1562 1537 1537 1563 1563 1564 1564 601 601 1564 1564 1563 1563 1564 1564 601 601 1565 1565 602 602 1565 1565 601 601 1565 1565 602 602 1566 1566 603 603 1566 1566 602 602 1566 1566 603 603 1567 1567 537 537 1567 1567 603 603 1567 1567 537 537 597 597 467 467 597 597 537 537 597 597 467 467 595 595 469 469 595 595 467 467 595 595 469 469 593 593 607 607 593 593 469 469 565 565 514 514 566 566 512 512 566 566 514 514 566 566 512 512 568 568 500 500 568 568 512 512 568 568 500 500 600 600 499 499 600 600 500 500 600 600 499 499 599 599 515 515 599 599 499 499 599 599 515 515 597 597 517 517 597 597 515 515 597 597 517 517 1567 1567 519 519 1567 1567 517 517 1567 1567 519 519 1566 1566 518 518 1566 1566 519 519 1566 1566 518 518 1565 1565 1555 1555 1565 1565 518 518 1565 1565 1555 1555 1564 1564 1557 1557 1564 1564 1555 1555 1564 1564 1557 1557 1537 1537 1559 1559 1537 1537 1557 1557 1537 1537 1559 1559 1535 1535 1437 1437 1560 1560 1543 1543 520 520 1543 1543 1560 1560 1543 1543 520 520 1544 1544 521 521 1544 1544 520 520 1544 1544 521 521 1545 1545 516 516 1545 1545 521 521 1545 1545 516 516 1546 1546 501 501 1546 1546 516 516 1546 1546 501 501 1547 1547 502 502 1547 1547 501 501 1547 1547 502 502 1548 1548 482 482 1548 1548 502 502 1548 1548 482 482 1549 1549 481 481 1549 1549 482 482 1549 1549 481 481 1550 1550 485 485 1550 1550 481 481 1550 1550 485 485 1551 1551 484 484 1551 1551 485 485 1551 1551 484 484 1552 1552 495 495 1552 1552 484 484 1552 1552 495 495 1553 1553 496 496 1553 1553 495 495 1553 1553 496 496 303 303 497 497 303 303 496 496 303 303 497 497 301 301 498 498 301 301 497 497 301 301 498 498 1541 1541 1390 1390 1402 1402 1391 1391 1404 1404 1391 1391 1402 1402 1391 1391 1404 1404 1436 1436 319 319 1436 1436 1404 1404 1436 1436 319 319 1437 1437 321 321 1437 1437 319 319 1437 1437 321 321 1560 1560 322 322 1560 1560 321 321 1560 1560 322 322 1561 1561 1429 1429 1561 1561 322 322 1561 1561 1429 1429 1558 1558 1430 1430 1558 1558 1429 1429 1558 1558 1430 1430 1559 1559 1431 1431 1559 1559 1430 1430 1559 1559 1431 1431 1535 1535 1432 1432 1535 1535 1431 1431 1535 1535 1432 1432 1533 1533 1568 1568 1533 1533 1432 1432 1533 1533 1568 1568 1531 1531 1569 1569 1531 1531 1568 1568 1406 1406 313 313 317 317 315 315 317 317 313 313 317 317 315 315 318 318 1490 1490 318 318 315 315 318 318 1490 1490 1570 1570 1491 1491 1570 1570 1490 1490 1570 1570 1491 1491 1571 1571 1492 1492 1571 1571 1491 1491 1571 1571 1492 1492 1572 1572 1493 1493 1572 1572 1492 1492 1425 1425 1408 1408 1426 1426 316 316 1426 1426 1408 1408 1426 1426 316 316 1427 1427 318 318 1427 1427 316 316 1427 1427 318 318 1428 1428 1570 1570 1428 1428 318 318 1428 1428 1570 1570 1432 1432 1571 1571 1432 1432 1570 1570 1432 1432 1571 1571 1568 1568 1572 1572 1568 1568 1571 1571 1568 1568 1572 1572 1569 1569 1493 1493 1569 1569 1572 1572 1488 1488 1573 1573 1489 1489 1574 1574 1489 1489 1573 1573 1489 1489 1574 1574 1493 1493 1575 1575 1493 1493 1574 1574 1493 1493 1575 1575 1569 1569 1576 1576 1569 1569 1575 1575 1569 1569 1576 1576 1531 1531 1577 1577 1531 1531 1576 1576 1531 1531 1577 1577 1532 1532 1578 1578 1532 1532 1577 1577 1532 1532 1578 1578 1534 1534 1579 1579 1534 1534 1578 1578 1534 1534 1579 1579 1536 1536 1580 1580 1536 1536 1579 1579 1536 1536 1580 1580 1562 1562 298 298 1581 1581 299 299 1582 1582 299 299 1581 1581 299 299 1582 1582 1503 1503 293 293 292 292 1583 1583 1584 1584 1583 1583 292 292 1583 1583 1584 1584 1585 1585 1586 1586 1585 1585 1584 1584 1585 1585 1586 1586 1587 1587 636 636 1587 1587 1586 1586 1587 1587 636 636 1588 1588 637 637 1588 1588 636 636 1588 1588 637 637 1589 1589 638 638 1589 1589 637 637 1589 1589 638 638 1590 1590 639 639 1590 1590 638 638 1590 1590 639 639 1591 1591 640 640 1591 1591 639 639 1591 1591 640 640 619 619 641 641 619 619 640 640 619 619 641 641 620 620 1514 1514 1592 1592 1515 1515 1593 1593 1515 1515 1592 1592 1515 1515 1593 1593 1516 1516 1594 1594 1516 1516 1593 1593 1516 1516 1594 1594 1502 1502 1595 1595 1502 1502 1594 1594 1502 1502 1595 1595 1501 1501 1596 1596 1501 1501 1595 1595 1501 1501 1596 1596 1500 1500 1597 1597 1500 1500 1596 1596 1500 1500 1597 1597 1499 1499 1598 1598 1499 1499 1597 1597 1499 1499 1598 1598 1498 1498 1599 1599 1498 1498 1598 1598 1498 1498 1599 1599 1497 1497 1600 1600 1497 1497 1599 1599 1497 1497 1600 1600 1496 1496 1601 1601 1496 1496 1600 1600 1496 1496 1601 1601 1495 1495 1602 1602 1495 1495 1601 1601 1495 1495 1602 1602 1494 1494 294 294 1494 1494 1602 1602 1494 1494 294 294 1603 1603 293 293 1603 1603 294 294 1603 1603 293 293 1604 1604 1583 1583 1604 1604 293 293 1604 1604 1583 1583 1605 1605 1585 1585 1605 1605 1583 1583 1605 1605 1585 1585 477 477 1587 1587 477 477 1585 1585 477 477 1587 1587 475 475 1588 1588 475 475 1587 1587 475 475 1588 1588 545 545 1589 1589 545 545 1588 1588 545 545 1589 1589 546 546 1590 1590 546 546 1589 1589 546 546 1590 1590 548 548 1591 1591 548 548 1590 1590 548 548 1591 1591 549 549 619 619 549 549 1591 1591 549 549 619 619 553 553 622 622 553 553 619 619 553 553 622 622 552 552 618 618 552 552 622 622 552 552 618 618 550 550 616 616 550 550 618 618 1606 1606 1607 1607 1608 1608 1609 1609 1608 1608 1607 1607 1608 1608 1609 1609 1610 1610 1611 1611 1610 1610 1609 1609 1610 1610 1611 1611 1511 1511 300 300 1611 1611 298 298 1609 1609 298 298 1611 1611 298 298 1609 1609 1581 1581 1607 1607 1581 1581 1609 1609 1581 1581 1607 1607 659 659 1606 1606 659 659 1607 1607 659 659 1606 1606 660 660 751 751 756 756 449 449 739 739 449 449 756 756 449 449 739 739 447 447 737 737 447 447 739 739 447 447 737 737 676 676 1612 1612 676 676 737 737 676 676 1612 1612 754 754 1613 1613 754 754 1612 1612 754 754 1613 1613 753 753 1614 1614 753 753 1613 1613 753 753 1614 1614 752 752 1615 1615 752 752 1614 1614 752 752 1615 1615 1616 1616 297 297 1616 1616 1615 1615 1616 1616 297 297 1617 1617 296 296 1617 1617 297 297 1617 1617 296 296 1618 1618 1117 1117 1619 1619 1113 1113 1620 1620 1113 1113 1619 1619 1113 1113 1620 1620 1114 1114 1621 1621 1114 1114 1620 1620 1114 1114 1621 1621 295 295 1622 1622 295 295 1621 1621 295 295 1622 1622 296 296 1623 1623 296 296 1622 1622 296 296 1623 1623 1618 1618 1624 1624 1625 1625 1626 1626 1627 1627 1626 1626 1625 1625 1626 1626 1627 1627 1628 1628 1629 1629 1628 1628 1627 1627 1628 1628 1629 1629 1630 1630 1631 1631 1630 1630 1629 1629 1630 1630 1631 1631 1632 1632 1633 1633 1632 1632 1631 1631 1632 1632 1633 1633 1634 1634 1635 1635 1634 1634 1633 1633 1511 1511 1611 1611 1510 1510 300 300 1510 1510 1611 1611 1510 1510 300 300 1509 1509 1513 1513 1509 1509 300 300 1509 1509 1513 1513 1508 1508 1512 1512 1508 1508 1513 1513 1508 1508 1512 1512 1483 1483 1504 1504 1483 1483 1512 1512 1483 1483 1504 1504 1472 1472 1503 1503 1472 1472 1504 1504 1472 1472 1503 1503 1473 1473 1582 1582 1473 1473 1503 1503 1473 1473 1582 1582 1514 1514 1581 1581 1514 1514 1582 1582 1514 1514 1581 1581 1592 1592 659 659 1592 1592 1581 1581 1592 1592 659 659 1593 1593 658 658 1593 1593 659 659 1593 1593 658 658 1594 1594 656 656 1594 1594 658 658 1594 1594 656 656 1595 1595 647 647 1595 1595 656 656 1595 1595 647 647 1596 1596 648 648 1596 1596 647 647 1596 1596 648 648 1597 1597 462 462 1597 1597 648 648 1597 1597 462 462 1598 1598 461 461 1598 1598 462 462 1598 1598 461 461 1599 1599 703 703 1599 1599 461 461 1599 1599 703 703 1600 1600 644 644 1600 1600 703 703 1600 1600 644 644 1601 1601 643 643 1601 1601 644 644 1601 1601 643 643 1602 1602 708 708 1602 1602 643 643 1602 1602 708 708 294 294 709 709 294 294 708 708 294 294 709 709 292 292 710 710 292 292 709 709 292 292 710 710 1584 1584 711 711 1584 1584 710 710 1584 1584 711 711 1586 1586 712 712 1586 1586 711 711 1586 1586 712 712 636 636 713 713 636 636 712 712 636 636 713 713 585 585 714 714 585 585 713 713 585 585 714 714 586 586 715 715 586 586 714 714 586 586 715 715 625 625 716 716 625 625 715 715 625 625 716 716 626 626 438 438 626 626 716 716 626 626 438 438 628 628 440 440 628 628 438 438 628 628 440 440 629 629 1115 1115 1624 1624 1116 1116 1626 1626 1116 1116 1624 1624 1116 1116 1626 1626 1117 1117 1628 1628 1117 1117 1626 1626 1117 1117 1628 1628 1619 1619 1630 1630 1619 1619 1628 1628 1619 1619 1630 1630 1620 1620 1632 1632 1620 1620 1630 1630 1620 1620 1632 1632 1621 1621 1634 1634 1621 1621 1632 1632 1621 1621 1634 1634 1622 1622 1635 1635 1622 1622 1634 1634 1622 1622 1635 1635 1623 1623 1441 1441 307 307 1438 1438 309 309 1438 1438 307 307 1438 1438 309 309 1488 1488 1494 1494 1488 1488 309 309 1488 1488 1494 1494 1573 1573 1603 1603 1573 1573 1494 1494 1573 1573 1603 1603 1574 1574 1604 1604 1574 1574 1603 1603 1574 1574 1604 1604 1575 1575 1605 1605 1575 1575 1604 1604 1575 1575 1605 1605 1576 1576 477 477 1576 1576 1605 1605 1576 1576 477 477 1577 1577 476 476 1577 1577 477 477 1577 1577 476 476 1578 1578 532 532 1578 1578 476 476 1578 1578 532 532 1579 1579 530 530 1579 1579 532 532 1579 1579 530 530 1580 1580 522 522 1580 1580 530 530 1580 1580 522 522 1562 1562 524 524 1562 1562 522 522 1562 1562 524 524 1563 1563 526 526 1563 1563 524 524 1563 1563 526 526 601 601 528 528 601 601 526 526 601 601 528 528 541 541 536 536 541 541 528 528 541 541 536 536 542 542 551 551 542 542 536 536 542 542 551 551 543 543 550 550 543 543 551 551 543 543 550 550 544 544 616 616 544 544 550 550 544 544 616 616 579 579 615 615 579 579 616 616 579 579 615 615 608 608 362 362 364 364 1084 1084 1110 1110 1084 1084 364 364 1084 1084 1110 1110 306 306 1112 1112 306 306 1110 1110 306 306 1112 1112 304 304 1114 1114 304 304 1112 1112 304 304 1114 1114 1507 1507 295 295 1507 1507 1114 1114 1507 1507 295 295 1511 1511 297 297 1511 1511 295 295 1511 1511 297 297 1610 1610 1615 1615 1610 1610 297 297 1610 1610 1615 1615 1608 1608 1614 1614 1608 1608 1615 1615 1608 1608 1614 1614 1606 1606 1613 1613 1606 1606 1614 1614 1606 1606 1613 1613 660 660 1612 1612 660 660 1613 1613 660 660 1612 1612 657 657 737 737 657 657 1612 1612 657 657 737 737 655 655 736 736 655 655 737 737 655 655 736 736 645 645 735 735 645 645 736 736 645 645 735 735 646 646 707 707 646 646 735 735 646 646 707 707 719 719 705 705 719 719 707 707 719 719 705 705 720 720 704 704 720 720 705 705 720 720 704 704 721 721 732 732 721 721 704 704 721 721 732 732 722 722 731 731 722 722 732 732 722 722 731 731 723 723 470 470 577 577 471 471 1636 1636 471 471 577 577 471 471 1636 1636 569 569 1637 1637 569 569 1636 1636 569 569 1637 1637 570 570 1638 1638 570 570 1637 1637 570 570 1638 1638 1639 1639 1006 1006 488 488 1008 1008 487 487 1008 1008 488 488 1008 1008 487 487 1010 1010 504 504 1010 1010 487 487 1010 1010 504 504 1012 1012 506 506 1012 1012 504 504 1012 1012 506 506 1014 1014 559 559 1014 1014 506 506 1014 1014 559 559 1016 1016 560 560 1016 1016 559 559 1016 1016 560 560 1065 1065 570 570 1065 1065 560 560 1065 1065 570 570 1064 1064 1639 1639 1064 1064 570 570 1064 1064 1639 1639 1063 1063 812 812 814 814 1640 1640 850 850 1640 1640 814 814 1640 1640 850 850 436 436 852 852 436 436 850 850 436 436 852 852 811 811 853 853 811 811 852 852 811 811 853 853 839 839 404 404 839 839 853 853 839 839 404 404 946 946 403 403 946 946 404 404 946 946 403 403 941 941 951 951 941 941 403 403 941 941 951 951 942 942 1641 1641 942 942 951 951 942 942 1641 1641 943 943 1642 1642 943 943 1641 1641 943 943 1642 1642 944 944 1643 1643 944 944 1642 1642 944 944 1643 1643 945 945 1644 1644 945 945 1643 1643 945 945 1644 1644 1645 1645 1043 1043 381 381 890 890 380 380 890 890 381 381 890 890 380 380 891 891 1037 1037 891 891 380 380 891 891 1037 1037 893 893 1036 1036 893 893 1037 1037 893 893 1036 1036 994 994 1034 1034 994 994 1036 1036 994 994 1034 1034 995 995 1032 1032 995 995 1034 1034 995 995 1032 1032 987 987 991 991 987 987 1032 1032 987 987 991 991 875 875 993 993 875 875 991 991 875 875 993 993 876 876 1026 1026 876 876 993 993 876 876 1026 1026 844 844 973 973 844 844 1026 1026 844 844 973 973 845 845 974 974 845 845 973 973 845 845 974 974 1282 1282 966 966 1282 1282 974 974 1282 1282 966 966 846 846 939 939 846 846 966 966 846 846 939 939 847 847 818 818 847 847 939 939 847 847 818 818 848 848 820 820 848 848 818 818 848 848 820 820 849 849 821 821 849 849 820 820 849 849 821 821 817 817 822 822 817 817 821 821 817 817 822 822 1201 1201 1202 1202 1201 1201 822 822 1201 1201 1202 1202 1184 1184 1203 1203 1184 1184 1202 1202 1184 1184 1203 1203 1185 1185 1204 1204 1185 1185 1203 1203 1185 1185 1204 1204 1144 1144 1205 1205 1144 1144 1204 1204 1144 1144 1205 1205 1145 1145 1206 1206 1145 1145 1205 1205 1145 1145 1206 1206 1146 1146 1154 1154 1146 1146 1206 1206 1146 1146 1154 1154 1147 1147 1152 1152 1147 1147 1154 1154 1147 1147 1152 1152 1127 1127 1151 1151 1127 1127 1152 1152 1127 1127 1151 1151 1128 1128 1183 1183 1128 1128 1151 1151 1128 1128 1183 1183 1155 1155 1182 1182 1155 1155 1183 1183 1155 1155 1182 1182 1180 1180 813 813 1180 1180 1182 1182 1180 1180 813 813 1179 1179 812 812 1179 1179 813 813 1179 1179 812 812 1178 1178 1640 1640 1178 1178 812 812 1178 1178 1640 1640 1177 1177 436 436 1177 1177 1640 1640 1177 1177 436 436 1176 1176 435 435 1176 1176 436 436 1176 1176 435 435 1175 1175 806 806 1175 1175 435 435 1175 1175 806 806 1174 1174 805 805 1174 1174 806 806 1174 1174 805 805 1173 1173 804 804 1173 1173 805 805 1173 1173 804 804 1172 1172 802 802 1172 1172 804 804 1172 1172 802 802 1171 1171 800 800 1171 1171 802 802 1171 1171 800 800 1170 1170 799 799 1170 1170 800 800 1170 1170 799 799 354 354 807 807 354 354 799 799 354 354 807 807 352 352 828 828 352 352 807 807 352 352 828 828 1159 1159 827 827 1159 1159 828 828 1159 1159 827 827 1161 1161 833 833 1161 1161 827 827 1161 1161 833 833 795 795 916 916 795 795 833 833 795 795 916 916 741 741 918 918 741 741 916 916 741 741 918 918 742 742 920 920 742 742 918 918 742 742 920 920 773 773 925 925 773 773 920 920 773 773 925 925 774 774 945 945 774 774 925 925 774 774 945 945 776 776 1645 1645 776 776 945 945 776 776 1645 1645 778 778 635 635 1646 1646 575 575 1647 1647 575 575 1646 1646 575 575 1647 1647 573 573 576 576 573 573 1647 1647 573 573 576 576 571 571 470 470 571 571 576 576 571 571 470 470 565 565 472 472 565 565 470 470 565 565 472 472 514 514 473 473 514 514 472 472 514 514 473 473 513 513 562 562 513 513 473 473 513 513 562 562 480 480 563 563 480 480 562 562 480 480 563 563 478 478 564 564 478 478 563 563 478 478 564 564 494 494 554 554 494 494 564 564 494 494 554 554 498 498 491 491 498 498 554 554 498 498 491 491 1541 1541 489 489 1541 1541 491 491 1541 1541 489 489 1542 1542 488 488 1542 1542 489 489 1542 1542 488 488 1539 1539 1006 1006 1539 1539 488 488 1539 1539 1006 1006 1538 1538 1005 1005 1538 1538 1006 1006 1538 1538 1005 1005 1349 1349 1334 1334 1349 1349 1005 1005 1349 1349 1334 1334 1348 1348 1345 1345 1348 1348 1334 1334 1348 1348 1345 1345 1347 1347 1344 1344 1347 1347 1345 1345 1347 1347 1344 1344 1309 1309 1343 1343 1309 1309 1344 1344 1309 1309 1343 1343 1307 1307 1342 1342 1307 1307 1343 1343 1307 1307 1342 1342 1326 1326 1341 1341 1326 1326 1342 1342 1326 1326 1341 1341 1327 1327 1340 1340 1327 1327 1341 1341 1327 1327 1340 1340 1328 1328 1339 1339 1328 1328 1340 1340 1328 1328 1339 1339 910 910 1025 1025 910 910 1339 1339 910 910 1025 1025 909 909 1024 1024 909 909 1025 1025 909 909 1024 1024 908 908 1075 1075 908 908 1024 1024 908 908 1075 1075 1346 1346 363 363 1648 1648 364 364 358 358 364 364 1648 1648 364 364 358 358 1115 1115 360 360 1115 1115 358 358 1115 1115 360 360 1624 1624 1118 1118 1624 1624 360 360 1624 1624 1118 1118 1625 1625 1169 1169 1625 1625 1118 1118 1625 1625 1169 1169 1627 1627 1168 1168 1627 1627 1169 1169 1627 1627 1168 1168 1629 1629 1167 1167 1629 1629 1168 1168 1629 1629 1167 1167 1631 1631 455 455 1631 1631 1167 1167 1631 1631 455 455 1633 1633 454 454 1633 1633 455 455 1633 1633 454 454 1635 1635 671 671 1635 1635 454 454 1635 1635 671 671 1623 1623 669 669 1623 1623 671 671 1623 1623 669 669 1618 1618 661 661 1618 1618 669 669 1618 1618 661 661 1617 1617 663 663 1617 1617 661 661 1617 1617 663 663 1616 1616 665 665 1616 1616 663 663 1616 1616 665 665 752 752 667 667 752 752 665 665 752 752 667 667 680 680 675 675 680 680 667 667 680 680 675 675 681 681 690 690 681 681 675 675 681 681 690 690 682 682 689 689 682 682 690 690 682 682 689 689 683 683 789 789 683 683 689 689 683 683 789 789 740 740 791 791 740 740 789 789 740 740 791 791 759 759</p>
        </triangles>
      </mesh>
    </geometry>
  </library_geometries>
  <library_materials>
    <material id="ecb013de23e641d68e825702f6ad3c2e" name="defaultmaterial">
      <instance_effect url="#628ff8fd38474c2d839fc0108c95063a"/>
    </material>
  </library_materials>
  <library_visual_scenes>
    <visual_scene id="scene">
      <node id="node0" name="node0">
        <instance_geometry url="#565dcbd940454627bc1d79fa7587f0c5">
          <bind_material>
            <technique_common>
              <instance_material symbol="material0" target="#ecb013de23e641d68e825702f6ad3c2e"/>
            </technique_common>
          </bind_material>
        </instance_geometry>
      </node>
    </visual_scene>
  </library_visual_scenes>
  <scene>
    <instance_visual_scene url="#scene"/>
  </scene>
</COLLADA>
