<COLLADA xmlns="http://www.collada.org/2005/11/COLLADASchema" version="1.4.1">
  <asset>
    <created>2026-09-27T19:05:54.408021</created>
    <modified>2026-09-27T19:05:54.408021</modified>
    <up_axis>Y_UP</up_axis>
  </asset>
  <library_effects>
    <effect id="94a55441b0404f948e179ce80e7c6414" name="94a55441b0404f948e179ce80e7c6414">
      <profile_COMMON>
        <technique sid="common">
          <phong>
            <emission>
              <color>0.0 0.0 0.0 1.0</color>
            </emission>
            <ambient>
              <color>0.0 0.0 0.0 1.0</color>
            </ambient>
            <diffuse>
              <color>0.8941176470588236 0.8941176470588236 0.8941176470588236 1.0</color>
            </diffuse>
            <specular>
              <color>0.0 0.0 0.0 1.0</color>
            </specular>
            <shininess>
              <float>0.0</float>
            </shininess>
            <reflective>
              <color>0.0 0.0 0.0 1.0</color>
            </reflective>
            <reflectivity>
              <float>0.0</float>
            </reflectivity>
            <transparent>
              <color>0.0 0.0 0.0 1.0</color>
            </transparent>
            <transparency>
              <float>1.0</float>
            </transparency>
          </phong>
        </technique>
        <extra>
          <technique profile="GOOGLEEARTH">
            <double_sided>0</double_sided>
          </technique>
        </extra>
      </profile_COMMON>
    </effect>
  </library_effects>
  <library_geometries>
    <geometry id="74eb9caca8e64aedb62fe8ad4014c738" name="170f4fd37f2649658ce3d45207b8254b">
      <mesh>
        <source id="verts-array">
          <float_array count="4431" id="verts-array-array">0.0001930782 0.00753733 0.004253169 -0.0001930782 -0.007455408 0.004569421 0.0001930782 0.007533273 0.003816268 -0.0001930782 -0.007463535 0.003694189 0.0001930782 0.007524924 0.002917096 0.0001930782 0.007538974 0.004430191 9.33142e-05 0.003693011 0.007466032 6.99265e-05 0.002784871 0.007474464 -2.119515e-05 -0.0008926417 -0.007492035 2.848007e-05 0.001036238 -0.007509945 0.0001930782 0.007489547 -0.0008928915 0.0001112895 0.004251713 -0.007539802 0.0001930782 0.007463535 -0.003694189 0.0001000416 0.003814957 -0.007535747 0.0001930782 0.007471971 -0.002785748 7.689251e-05 0.002916083 -0.007527401 0.0001930782 0.007480666 -0.001849258 -0.0001829833 -0.007049664 0.006047787 -0.000187185 -0.00721591 0.005715777 -0.0001158469 -0.004428677 0.007541446 -0.0001884704 -0.007267007 0.005588546 -0.0001903358 -0.007341538 0.005363228 -0.0001918593 -0.007403104 0.005104488 -0.0001923618 -0.007423757 0.004981785 -0.0001930782 -0.007471971 0.002785748 -0.0001930782 -0.007480666 0.001849258 0.0001930782 0.007507463 0.001036627 -0.0001930782 -0.007489547 0.0008928915 -0.0001930782 -0.007507463 -0.001036627 -0.0001930782 -0.007524924 -0.002917096 0.0001652886 0.00648131 0.006745041 0.0001615468 0.006337068 0.006859916 0.000142127 0.005586738 0.00726945 0.0001363089 0.005361496 0.007344005 0.0001296335 0.005102842 0.007405589 0.0001158469 0.004567953 0.007457908 0.0001264699 0.00498018 0.007426249 4.581669e-05 0.001848691 0.007483157 2.119515e-05 0.0008926417 0.007492035 -2.848007e-05 -0.001036238 0.007509945 -7.689251e-05 -0.002916083 0.007527401 -0.0001417552 -0.005436303 0.007377034 -0.0001536223 -0.005899051 0.007171242 -0.0001584585 -0.006087902 0.007058701 -9.33142e-05 -0.003693011 -0.007466032 -6.99265e-05 -0.002784871 -0.007474464 -0.0001930782 -0.00753733 -0.004253169 0.000154001 0.006045827 0.007052038 0.0001454144 0.005713927 0.007218337 -0.0001000416 -0.003814957 0.007535747 -0.0001112895 -0.004251713 0.007539802 -0.0001279674 -0.004899648 0.007509417 -0.0001723156 -0.006630194 0.006608807 -0.000122199 -0.004675415 0.007533916 -0.0001751845 -0.006742766 0.006483417 -0.0001781072 -0.006857603 0.006339127 -0.000140451 -0.005385498 0.007394263 -0.0001652886 -0.006354941 0.006864232 -0.0001930782 -0.007533273 -0.003816268 -4.581669e-05 -0.001848691 -0.007483157 0.0001928254 0.007531449 0.004677012 0.0001921412 0.007506959 0.004901319 0.0001890607 0.007391846 0.005387328 0.000188605 0.007374623 0.005438151 0.0001831968 0.007168902 0.005901051 0.0001802545 0.007056399 0.006089963 0.0001751845 0.006861997 0.00635709 0.0001685434 0.006606658 0.006632433 0.0001584585 0.006087902 -0.007058701 0.0001652886 0.006354941 -0.006864232 0.0001723156 0.006630194 -0.006608807 0.0001751845 0.006742766 -0.006483417 0.0001781072 0.006857603 -0.006339127 0.0001890607 0.007290533 -0.005523661 0.0001903358 0.007341538 -0.005363228 0.0001921412 0.00741465 -0.005039873 0.0001930782 0.007455408 -0.004569421 0.0001923618 0.007423757 -0.004981785 0.0001158469 0.004428677 -0.007541446 0.000122199 0.004675415 -0.007533916 0.0001296335 0.004964446 -0.007499068 0.0001831968 0.007058088 -0.006033155 0.000187185 0.00721591 -0.005715777 0.000142127 0.005450786 -0.007371939 0.000154001 0.005913833 -0.007163089 -0.0001802545 -0.007056399 -0.006089963 -0.0001751845 -0.006861997 -0.00635709 -0.0001685434 -0.006606658 -0.006632433 -0.0001652886 -0.00648131 -0.006745041 -0.0001615468 -0.006337068 -0.006859916 -0.000140451 -0.005521876 -0.007292983 -0.0001158469 -0.004567953 -0.007457908 -0.0001363089 -0.005361496 -0.007344005 -0.0001279674 -0.005038248 -0.007417139 -0.0001930782 -0.007538974 -0.004430191 -0.0001928254 -0.007531449 -0.004677012 -0.0001918593 -0.007496614 -0.004966137 -0.0001536223 -0.006031199 -0.007060464 -0.0001454144 -0.005713927 -0.007218337 -0.0001884704 -0.007369529 -0.005452638 -0.0001829833 -0.007160752 -0.005915837 -0.02682372 0.007185942 -0.0007857019 -0.02715839 -0.005811457 -0.0009091964 -0.02682372 0.007193775 5.790378e-05 -0.02715839 -0.005803672 -7.081155e-05 -0.02682372 0.00720156 0.0008962886 -0.02715839 -0.005795838 0.0007727941 -0.02682372 0.007208975 0.001694837 -0.02692669 0.003133762 -0.006529379 -0.0269457 0.002395739 -0.006522526 -0.02682372 0.00717136 -0.002356148 -0.02715839 -0.005781256 0.00234324 -0.02701585 -0.0002073516 0.006502206 -0.02699426 0.0006307554 0.006494423 -0.02715839 -0.005779301 0.002553771 -0.02705541 -0.001743659 0.006516471 -0.0270364 -0.001005636 0.006509618 -0.02692219 0.003308692 -0.006527243 -0.02682372 0.007169405 -0.002566679 -0.02691723 0.0035012 -0.00651611 -0.02697254 0.001474081 0.006486593 -0.02693211 0.003044007 0.006472015 -0.02682372 0.00721583 0.002433105 -0.02692669 0.003254468 0.006470061 -0.02696626 0.001597455 -0.006515113 -0.02698784 0.000759348 -0.006507331 -0.02700956 -8.3978e-05 -0.0064995 -0.02715839 -0.005818871 -0.001707745 -0.02704999 -0.001653904 -0.006484923 -0.02705541 -0.001864365 -0.006482969 -0.02685262 0.006021223 -0.005335017 -0.02685777 0.005819494 -0.005526333 -0.02712654 -0.004616066 -0.00534981 -0.02712948 -0.004729149 -0.005235195 -0.02713211 -0.004830192 -0.005124512 -0.02715763 -0.005745393 0.003040237 -0.02715714 -0.00572522 0.003175746 -0.02715359 -0.005581668 0.003759648 -0.02712948 -0.00463112 0.00532211 -0.02712433 -0.004429391 0.005513425 -0.02711795 -0.004179683 0.005716925 -0.0271114 -0.003923594 0.005893755 -0.0271114 -0.004032361 -0.00581988 -0.02712054 -0.004384936 -0.005557935 -0.02712433 -0.004531008 -0.005430223 -0.02715144 -0.005496329 0.003994766 -0.02714777 -0.005350646 0.004318267 -0.02714435 -0.005215426 0.004564662 -0.0271044 -0.00365034 0.006052315 -0.02709697 -0.003360536 0.00619101 -0.02708937 -0.003064332 0.006305014 -0.02682447 0.007135496 -0.003053145 -0.02682496 0.007115323 -0.003188654 -0.02682852 0.006971771 -0.003772556 -0.02713722 -0.005026461 -0.004882839 -0.02713969 -0.005120931 -0.004751267 -0.02714185 -0.00520395 -0.00462553 -0.02713969 -0.005031821 0.00484554 -0.02713518 -0.004854559 0.005075184 -0.02691416 0.003740773 0.006436144 -0.02691067 0.003876237 0.006415965 -0.0268956 0.004459945 0.006272369 -0.02685515 0.006021882 0.005321516 -0.02685018 0.006213133 0.005119721 -0.02684488 0.006416564 0.004869932 -0.02684027 0.006593334 0.004613759 -0.02683066 0.006886432 -0.004007674 -0.02683433 0.006740749 -0.004331175 -0.02683776 0.00660553 -0.00457757 -0.02686415 0.005569786 -0.005729833 -0.02687071 0.005313698 -0.005906663 -0.0268777 0.005040444 -0.006065222 -0.02708468 -0.002999489 -0.006307651 -0.02709697 -0.003474919 -0.006127539 -0.02710731 -0.003874586 -0.005918919 -0.02714598 -0.005361736 -0.004353324 -0.02714777 -0.005429911 -0.004218165 -0.02714958 -0.005498866 -0.004066948 -0.02708129 -0.002749581 0.006397826 -0.027073 -0.002427115 0.006464475 -0.02706487 -0.002111096 0.006503202 -0.02688953 0.004694984 0.006187003 -0.02688117 0.005018377 0.006041274 -0.02687479 0.00526469 0.005906012 -0.02683612 0.006751839 0.004340416 -0.02683248 0.006890487 0.004050516 -0.02682948 0.007004452 0.003754215 -0.02684242 0.006421924 -0.004858447 -0.02684693 0.006244662 -0.005088091 -0.02688513 0.004750639 -0.006203917 -0.02689273 0.004454436 -0.006317922 -0.0269091 0.003817218 -0.006477382 -0.02690082 0.004139684 -0.006410734 -0.02706487 -0.002231492 -0.006462879 -0.02708129 -0.00286791 -0.006345665 -0.02715263 -0.005614348 -0.003767123 -0.02715359 -0.00565052 -0.003655352 -0.02715839 -0.005825727 -0.002446013 -0.02715508 -0.005706568 -0.003454503 -0.027158 -0.005814066 -0.002793326 -0.02715714 -0.005783204 -0.003068885 -0.02686752 0.005545473 0.005722347 -0.02686156 0.00577504 0.005545027 -0.02682701 0.00709723 0.00343936 -0.02682522 0.007163855 0.003116787 -0.02682415 0.007202568 0.002800664 -0.02537652 -0.002100643 0.00639478 -0.02705541 -0.001743659 0.006516471 -0.02706487 -0.002111096 0.006503202 -0.01196359 -0.005758248 -0.004635784 -0.01027528 -0.005751914 -0.005004719 -0.01028054 -0.005953788 -0.004750873 -0.008598169 -0.006094578 0.003885516 -0.01027919 -0.005819107 0.004105478 -0.01028482 -0.006044289 0.003425399 -0.008610827 -0.006607261 0.001608288 -0.006927277 -0.006785509 0.001272099 -0.006924296 -0.006662076 0.002098898 -0.01168787 0.004935473 -0.006067138 -0.009991435 0.005261248 -0.00601694 -0.009997921 0.005007486 -0.006218883 -0.005233063 -0.006519202 0.004213613 -0.003553068 -0.006833986 0.004040468 -0.00355087 -0.00674144 0.004812802 -0.0001454144 -0.005713927 -0.007218337 -0.0001536223 -0.006031199 -0.007060464 -0.003529398 -0.006010712 -0.006287551 -0.003536152 -0.006270881 -0.006064036 -0.001784787 -0.003823049 -0.007195013 -0.001806006 -0.004646564 -0.007144664 -0.003496164 -0.004725174 -0.006831421 -0.003341159 0.001289489 -0.007337669 -0.003364345 0.0003895148 -0.007289701 -0.006757171 -0.0002572069 -0.007069447 -0.006778888 -0.00109957 -0.006963201 -0.003216278 0.006148062 -0.006360639 -0.003210586 0.006371505 -0.006100383 0.0001831968 0.007058088 -0.006033155 0.0001921412 0.00741465 -0.005039873 0.0001903358 0.007341538 -0.005363228 -0.001505667 0.007032421 -0.005435681 -0.004890203 0.006713469 -0.004582783 -0.004891879 0.0066451 -0.004936913 -0.006586864 0.006374997 -0.00505941 -0.0116536 0.006285358 -0.004018903 -0.01165696 0.006151797 -0.004331077 -0.01334983 0.005963198 -0.004551835 -0.01335384 0.005804818 -0.004826996 -0.01165358 0.006366418 0.004630137 -0.00996801 0.006273202 0.004999878 -0.009962751 0.006475076 0.004746033 -0.003185299 0.00742132 0.001202244 -0.003186318 0.007373362 0.0003019718 -0.006565715 0.007239251 -0.0004326826 -0.006568249 0.007133035 -0.001275326 -0.006563675 0.007326341 0.0004162593 -0.006562181 0.00739223 0.001262277 -0.003184551 0.007458572 0.002089687 -0.002347751 0.007121696 -0.003955106 -0.003194695 0.007007749 -0.004042082 -0.003192648 0.007094782 -0.003227275 -0.001498846 0.00732815 -0.002112753 -0.001497999 0.00736956 -0.001195198 0.0001930782 0.007489547 -0.0008928915 0.0001454144 0.005713927 0.007218337 0.000154001 0.006045827 0.007052038 -0.003218364 0.006184475 0.006285938 -0.003211611 0.006444644 0.006062422 0.0001296335 0.005102842 0.007405589 0.0001363089 0.005361496 0.007344005 -0.001548693 0.00547696 0.006990927 -0.008394881 0.001827017 0.00682472 -0.006716638 0.001447096 0.006959974 -0.006695324 0.002273621 0.006836504 -0.0119293 -0.004327303 0.006061491 -0.01025185 -0.00473996 0.0060121 -0.01024537 -0.004486197 0.006214043 -0.001589094 0.00390993 0.007194206 -0.001567876 0.004733445 0.007143858 -0.003251599 0.004898937 0.006829807 -0.000187185 -0.00721591 0.005715777 -0.0001829833 -0.007049664 0.006047787 -0.003537176 -0.006197742 0.006098769 -0.003531485 -0.005974299 0.006359026 -0.0001918593 -0.007403104 0.005104488 -0.0001903358 -0.007341538 0.005363228 -0.001868215 -0.00694554 0.005434874 -0.001871974 -0.007098424 0.004691112 -0.0001930782 -0.007455408 0.004569421 -0.0001923618 -0.007423757 0.004981785 -0.02513518 0.007193869 -0.001916568 -0.02682372 0.00717136 -0.002356148 -0.02682372 0.007185942 -0.0007857019 -0.02182066 0.004765502 -0.005816479 -0.0201273 0.004973363 -0.00561859 -0.02013356 0.0047288 -0.005781576 -0.02008005 0.006832123 -0.003054508 -0.02007718 0.006946415 -0.002727706 -0.01838799 0.006993905 -0.00233471 -0.01671029 0.006646056 0.003520903 -0.01670714 0.006765668 0.003206138 -0.01839323 0.006838318 0.002821157 -0.0201099 0.005746704 0.004910223 -0.02011564 0.005526052 0.005126101 -0.01675539 0.004913154 0.005518939 -0.016945 -0.002441083 0.006438633 -0.01693603 -0.002092097 0.006537317 -0.0186124 -0.001638287 0.006530173 -0.01506794 0.004890004 0.005552365 -0.01506099 0.005158383 0.005381826 -0.0167422 0.005422104 0.005149307 -0.01504275 0.005861381 0.004828585 -0.0133597 0.005669557 0.005121179 -0.01335394 0.005891891 0.004945507 -0.01337977 0.004894661 0.005614335 -0.01337265 0.00516973 0.005455904 -0.01508296 0.004309625 0.005870418 -0.01509097 0.003999847 0.006017101 -0.01341184 0.003654602 0.006180983 -0.01524138 -0.001834285 0.006736892 -0.01691726 -0.001361666 0.006701132 -0.01355619 -0.001944345 0.006859059 -0.01354668 -0.001574521 0.006928038 -0.01522229 -0.001091795 0.006871914 -0.02546823 -0.005747116 -0.002759257 -0.02715839 -0.005825727 -0.002446013 -0.027158 -0.005814066 -0.002793326 -0.02538489 -0.002426392 0.006356773 -0.02370544 -0.002761928 0.006208742 -0.02369762 -0.002457628 0.00627309 -0.02041185 -0.00600241 0.002382055 -0.02040939 -0.005903838 0.002718025 -0.02377878 -0.005635096 0.003502393 -0.02547304 -0.005890647 0.001904467 -0.02715839 -0.005781256 0.00234324 -0.02715839 -0.005795838 0.0007727941 -0.01530817 -0.004439614 0.005468568 -0.01362871 -0.004775149 0.005320537 -0.01362424 -0.004599534 0.005542946 -0.01703457 -0.006006142 -0.002880517 -0.0170372 -0.006104791 -0.002531416 -0.01872406 -0.00605461 -0.002121314 -0.01535545 -0.006347336 -0.002229661 -0.01704159 -0.006268548 -0.001800744 -0.01367163 -0.0065125 -0.0022959 -0.0136735 -0.006581454 -0.001925954 -0.01535911 -0.006482308 -0.001486925 -0.02030317 -0.001864856 -0.006530716 -0.02031185 -0.002200714 -0.006432113 -0.02370598 -0.002898746 -0.006251004 -0.01532218 -0.005079448 -0.004835845 -0.01363135 -0.004974505 -0.005127632 -0.01363712 -0.00519684 -0.00495196 -0.01679382 0.003309898 -0.006446701 -0.01680278 0.002960912 -0.006545384 -0.01850029 0.002593983 -0.006539047 -0.01845838 0.004226256 -0.006043452 -0.01846569 0.003941293 -0.006160241 -0.02016169 0.003632186 -0.006232704 -0.01677718 0.003958137 -0.00621772 -0.01678526 0.003643477 -0.006337373 -0.01848209 0.003302467 -0.006366998 -0.01847362 0.003632362 -0.006267917 -0.01676969 0.00425041 -0.006087788 -0.01343487 0.002639397 -0.006865513 -0.01344437 0.002269573 -0.006934492 -0.01514264 0.001873728 -0.006879174 -0.01341649 0.003354658 -0.006676306 -0.01342555 0.003001965 -0.006779106 -0.01512355 0.002616218 -0.006744152 -0.01510527 0.00332784 -0.006551732 -0.01509663 0.003664668 -0.006435944 -0.01508842 0.003984477 -0.006307748 -0.01340776 0.003694768 -0.006558069 -0.01339943 0.004019439 -0.006425188 -0.01339159 0.004325486 -0.006278123 -0.01338431 0.004609688 -0.006117325 -0.01686042 0.0007195919 -0.006878298 -0.01684091 0.001477893 -0.006823856 -0.0134639 0.001510756 -0.00700942 -0.01345405 0.001893485 -0.006983652 -0.01676286 0.004516941 -0.005946936 -0.01675678 0.00475438 -0.005794395 -0.02017005 0.003306577 -0.006318104 -0.02017892 0.002961467 -0.006396623 -0.01682155 0.002230481 -0.006709199 -0.01851955 0.001844734 -0.006674256 -0.02021756 0.001458992 -0.006639303 -0.0201978 0.002227055 -0.0065327 -0.02189531 0.001860127 -0.006526363 -0.01687995 -3.855754e-05 -0.006856558 -0.01348395 0.0007321454 -0.006992399 -0.01689909 -0.0007811495 -0.006765059 -0.01354282 -0.001550647 -0.006628948 -0.01522064 -0.00115365 -0.006703777 -0.01352357 -0.0008046286 -0.006794332 -0.0135039 -4.170588e-05 -0.006917521 -0.01361128 -0.004199609 -0.005620789 -0.01530395 -0.004376449 -0.005389087 -0.01360377 -0.003909386 -0.00577286 -0.01529699 -0.004108071 -0.005559626 -0.0135959 -0.003605214 -0.00591824 -0.01528966 -0.003824776 -0.005722623 -0.01528197 -0.003527692 -0.005877678 -0.01700257 -0.004782653 -0.004960397 -0.0136184 -0.004474679 -0.005462358 -0.01531657 -0.004863424 -0.005026839 -0.0136251 -0.004733376 -0.005297869 -0.01699661 -0.004553289 -0.005157375 -0.01699022 -0.004306756 -0.005346382 -0.01698342 -0.004044339 -0.005527006 -0.01697624 -0.003767155 -0.005698797 -0.01861478 -0.001851692 -0.006522668 -0.01695271 -0.002857818 -0.00615651 -0.01864835 -0.003150858 -0.006022054 -0.01863206 -0.002520728 -0.006298576 -0.01527396 -0.003217914 -0.006024361 -0.01696871 -0.003476278 -0.005861285 -0.01865607 -0.00344904 -0.005865758 -0.02035128 -0.003725267 -0.005717507 -0.01700805 -0.004993473 -0.00475582 -0.01869465 -0.004936641 -0.004709406 -0.01868928 -0.004730139 -0.004925663 -0.02038195 -0.004906979 -0.004693961 -0.02037667 -0.004704126 -0.004919904 -0.02035821 -0.003993005 -0.005535133 -0.01866346 -0.003734642 -0.005698209 -0.02036478 -0.00424609 -0.005341045 -0.02037094 -0.004483475 -0.005135782 -0.02359282 0.001493204 -0.006520016 -0.02191556 0.001073249 -0.00660435 -0.02361356 0.0006875073 -0.006569397 -0.02023744 0.0006862048 -0.006713221 -0.02523171 0.003403865 -0.006406881 -0.0252497 0.002704846 -0.006450073 -0.0269457 0.002395739 -0.006522526 -0.02696626 0.001597455 -0.006515113 -0.02531156 0.0003017641 -0.006534454 -0.02363397 -0.0001054783 -0.006602585 -0.02535173 -0.001258314 -0.006550489 -0.02365347 -0.0008627339 -0.006616045 -0.02367194 -0.001579968 -0.006584884 -0.02700956 -8.3978e-05 -0.0064995 -0.02698784 0.000759348 -0.006507331 -0.02529033 0.001126276 -0.006513678 -0.02526942 0.001938458 -0.006485488 -0.02357259 0.002279458 -0.006455863 -0.02355369 0.003013963 -0.00637761 -0.02187576 0.002620467 -0.006426238 -0.02369787 -0.002584868 -0.006365314 -0.02368949 -0.002260043 -0.006460114 -0.02029429 -0.001520596 -0.006612586 -0.02368084 -0.001924884 -0.006533839 -0.02027595 -0.0008092656 -0.006720726 -0.02025694 -7.157105e-05 -0.006747176 -0.02034399 -0.003443898 -0.005887607 -0.02374169 -0.004277729 -0.005421005 -0.0237213 -0.003490819 -0.005968205 -0.02032847 -0.002844095 -0.006188449 -0.02372846 -0.003767409 -0.005801379 -0.02033638 -0.003149883 -0.006044824 -0.02373527 -0.004029977 -0.005618714 -0.01870759 -0.005432672 -0.00401223 -0.02039775 -0.005511283 -0.003698987 -0.02039468 -0.005394286 -0.003960474 -0.02208551 -0.005499228 -0.003668687 -0.02208246 -0.005383607 -0.003942763 -0.02377394 -0.005513655 -0.003671744 -0.02377091 -0.005398593 -0.003956464 -0.02546299 -0.005552581 -0.003705484 -0.01357921 -0.00295955 -0.006187437 -0.01525708 -0.002564779 -0.006290957 -0.01693565 -0.002197371 -0.006408704 -0.02032029 -0.002527408 -0.006317785 -0.0237138 -0.003200997 -0.006118352 -0.02710731 -0.003874586 -0.005918919 -0.02713211 -0.004830192 -0.005124512 -0.02712948 -0.004729149 -0.005235195 -0.0271114 -0.004032361 -0.00581988 -0.02712054 -0.004384936 -0.005557935 -0.02712433 -0.004531008 -0.005430223 -0.02712654 -0.004616066 -0.00534981 -0.02713722 -0.005026461 -0.004882839 -0.02374772 -0.004509733 -0.005208981 -0.02713969 -0.005120931 -0.004751267 -0.02375332 -0.004725025 -0.004983283 -0.02376313 -0.005101496 -0.004493426 -0.02714958 -0.005498866 -0.004066948 -0.02714777 -0.005429911 -0.004218165 -0.02375846 -0.0049226 -0.004744548 -0.02714598 -0.005361736 -0.004353324 -0.02714185 -0.00520395 -0.00462553 -0.02208791 -0.005589894 -0.003385743 -0.02377807 -0.005668505 -0.0030725 -0.02377634 -0.005604181 -0.0033769 -0.02546717 -0.005709123 -0.003085113 -0.02546541 -0.005643704 -0.003400714 -0.02715714 -0.005783204 -0.003068885 -0.02715508 -0.005706568 -0.003454503 -0.02715359 -0.00565052 -0.003655352 -0.02709697 -0.003474919 -0.006127539 -0.02708468 -0.002999489 -0.006307651 -0.02708129 -0.00286791 -0.006345665 -0.02706487 -0.002231492 -0.006462879 -0.01701743 -0.005354061 -0.004325474 -0.01870384 -0.005289343 -0.004252271 -0.02039099 -0.005253559 -0.004213782 -0.02207882 -0.005244606 -0.004207445 -0.02376729 -0.005260659 -0.004230537 -0.02715263 -0.005614348 -0.003767123 -0.01535033 -0.006154983 -0.002941517 -0.01366346 -0.006205165 -0.003351619 -0.01366659 -0.006323361 -0.003011397 -0.0170463 -0.006437581 -0.0002893551 -0.01704472 -0.006383162 -0.001047907 -0.01367561 -0.006656352 -0.001166886 -0.01367485 -0.006630596 -0.001549741 -0.01703168 -0.005896853 -0.003214206 -0.01871946 -0.005882622 -0.002830031 -0.02040725 -0.005868391 -0.002445867 -0.02041093 -0.006004418 -0.001711212 -0.02209503 -0.00585415 -0.002061703 -0.01872772 -0.006189769 -0.001371817 -0.01704592 -0.006415843 0.0004690458 -0.01367535 -0.006639333 -0.000388017 -0.01704374 -0.00632437 0.001211884 -0.01367361 -0.006564475 0.0003860913 -0.01367062 -0.006441322 0.001149268 -0.01535532 -0.006306951 0.001541457 -0.01364122 -0.005268146 0.004545381 -0.01532224 -0.004992676 0.004765333 -0.01364507 -0.005420169 0.00425506 -0.01532657 -0.00516316 0.004496864 -0.01364874 -0.005565503 0.003950786 -0.0153307 -0.005326105 0.004213475 -0.01533462 -0.005481111 0.003916291 -0.01699824 -0.004520281 0.005214726 -0.01363721 -0.005109766 0.004820542 -0.01531303 -0.004630546 0.005252471 -0.01363304 -0.00494533 0.005079327 -0.01700326 -0.004717195 0.004985284 -0.01700807 -0.004906141 0.004738668 -0.01701265 -0.005086708 0.004476163 -0.01701701 -0.005258443 0.004198886 -0.0187247 -0.006038209 0.002325835 -0.01702858 -0.00571601 0.003289245 -0.01871212 -0.005537752 0.003625435 -0.01871909 -0.005814187 0.002995094 -0.01533832 -0.005627747 0.003606409 -0.01702112 -0.005420879 0.003907912 -0.01870817 -0.005381507 0.003923717 -0.02039136 -0.005189459 0.004243087 -0.01699303 -0.004315771 0.005425616 -0.01867876 -0.004225528 0.005411818 -0.01868428 -0.004441715 0.005205246 -0.0203653 -0.004166244 0.005425198 -0.02037106 -0.004392114 0.005222276 -0.02038673 -0.005007144 0.004510916 -0.01870393 -0.005214011 0.004209414 -0.0203818 -0.004813118 0.004764086 -0.02037657 -0.004607922 0.00500155 -0.02209175 -0.005733113 -0.002764537 -0.02040287 -0.00570453 -0.003116807 -0.02040514 -0.0057899 -0.002791091 -0.01871399 -0.005675937 -0.003469068 -0.01871683 -0.005783576 -0.003160035 -0.01702511 -0.005647354 -0.003821339 -0.01702852 -0.005777241 -0.00352897 -0.02378063 -0.005761696 -0.002412276 -0.01534389 -0.005911084 -0.00359837 -0.01534727 -0.006039236 -0.003278457 -0.01366932 -0.006426124 -0.002658588 -0.02378466 -0.005904045 -0.0008910139 -0.02209999 -0.006032193 -0.0005139728 -0.02378612 -0.005953405 -8.505088e-05 -0.02041594 -0.00618487 -0.0001698524 -0.01365997 -0.00607233 -0.003676396 -0.01365611 -0.005925315 -0.003982545 -0.0136519 -0.005764572 -0.004266839 -0.01533623 -0.005618772 -0.004173609 -0.01702142 -0.005506551 -0.004087957 -0.01871091 -0.005559188 -0.003754124 -0.02040041 -0.005611826 -0.003420291 -0.0220899 -0.005664463 -0.003086468 -0.0237794 -0.0057171 -0.002752635 -0.02546951 -0.005790289 -0.002060006 -0.02715839 -0.005818871 -0.001707745 -0.02041385 -0.006110981 -0.0009428957 -0.02209779 -0.005954237 -0.001301111 -0.02378282 -0.005839919 -0.001677528 -0.0254706 -0.005825688 -0.001293364 -0.02715839 -0.005811457 -0.0009091964 -0.02715839 -0.005779301 0.002553771 -0.02378706 -0.005968873 0.002183176 -0.02378769 -0.006000028 0.001465704 -0.02715839 -0.005803672 -7.081155e-05 -0.02547152 -0.005853863 -0.0004809132 -0.02547225 -0.005874627 0.0003438722 -0.02378716 -0.005986577 0.0007081973 -0.020417 -0.006218809 0.0005881744 -0.02041649 -0.006192363 0.001326114 -0.02378583 -0.005917843 0.002528207 -0.02041388 -0.006084255 0.002037681 -0.02378401 -0.00584414 0.002863477 -0.02378165 -0.005749369 0.003188411 -0.02375774 -0.004805363 0.004881839 -0.02039567 -0.005359504 0.003961624 -0.02376277 -0.005003008 0.004634003 -0.02039965 -0.00551667 0.003667511 -0.02376741 -0.005185615 0.004371347 -0.02040328 -0.00566025 0.003361621 -0.02377164 -0.005352386 0.004094664 -0.02034653 -0.003432998 0.005912671 -0.02202599 -0.003097463 0.006060701 -0.02203301 -0.003371448 0.00594504 -0.01365551 -0.005834615 0.003304907 -0.01534503 -0.005894259 0.002953056 -0.01703491 -0.005968124 0.002628578 -0.02040653 -0.005789545 0.003044828 -0.02377544 -0.005502486 0.003804745 -0.02714435 -0.005215426 0.004564662 -0.02714777 -0.005350646 0.004318267 -0.02715144 -0.005496329 0.003994766 -0.02712433 -0.004429391 0.005513425 -0.02712948 -0.00463112 0.00532211 -0.02713518 -0.004854559 0.005075184 -0.02713969 -0.005031821 0.00484554 -0.02373406 -0.003878086 0.005705884 -0.02709697 -0.003360536 0.00619101 -0.02374048 -0.004129126 0.005526927 -0.0271044 -0.00365034 0.006052315 -0.02374658 -0.004367783 0.005329285 -0.0271114 -0.003923594 0.005893755 -0.02375234 -0.004593408 0.005113921 -0.02711795 -0.004179683 0.005716925 -0.02371301 -0.003056674 0.006118185 -0.025393 -0.002741889 0.00629133 -0.027073 -0.002427115 0.006464475 -0.02708129 -0.002749581 0.006397826 -0.02540083 -0.003046558 0.006200175 -0.02372031 -0.003341301 0.006003083 -0.02201872 -0.002814612 0.006151399 -0.02033983 -0.003171596 0.006029708 -0.01866093 -0.003528581 0.005908018 -0.02715359 -0.005581668 0.003759648 -0.02715714 -0.00572522 0.003175746 -0.02715763 -0.005745393 0.003040237 -0.01698204 -0.003885565 0.005786327 -0.01866708 -0.003768543 0.00576464 -0.02035302 -0.003686223 0.005771896 -0.02203979 -0.003636043 0.005805991 -0.02372733 -0.003615283 0.005865101 -0.02708937 -0.003064332 0.006305014 -0.01525966 -0.002545907 0.006544471 -0.01358329 -0.002999716 0.006551615 -0.01357456 -0.002659606 0.006669852 -0.01353701 -0.001198433 0.006977198 -0.01352716 -0.0008157041 0.007002966 -0.01689791 -0.0006090782 0.006815789 -0.01348716 0.0007367576 0.006911067 -0.01346748 0.00149968 0.006787878 -0.01683972 0.001649964 0.006756991 -0.01514429 0.001935583 0.006696517 -0.01173271 0.003309357 0.006344866 -0.01342961 0.002966791 0.00641895 -0.01510786 0.003346712 0.006283696 -0.0151257 0.002655947 0.00651156 -0.01680317 0.003066186 0.006400636 -0.01682111 0.002371486 0.006605155 -0.01849792 0.002807388 0.006513794 -0.01338728 0.004604437 0.005766406 -0.01339515 0.004300265 0.005911787 -0.01676257 0.004635969 0.00569073 -0.01504836 0.005645357 0.005019579 -0.01673077 0.005862287 0.004747753 -0.01673625 0.005651468 0.004952329 -0.01336595 0.005428428 0.005291415 -0.0135071 -3.709374e-05 0.006985946 -0.01685887 0.0009073722 0.00684849 -0.01687839 0.0001492228 0.006870231 -0.01695356 -0.002774662 0.006329306 -0.01863061 -0.002346771 0.006358124 -0.02030765 -0.00191889 0.006386942 -0.02028878 -0.001184478 0.006523019 -0.0219847 -0.001491008 0.006415751 -0.01859314 -0.0008890374 0.006665382 -0.02017473 0.003243291 0.006422433 -0.0201834 0.002907434 0.006521035 -0.02019229 0.002563174 0.006602905 -0.0167861 0.003726633 0.006148443 -0.01846434 0.004106554 0.00601318 -0.01848064 0.003476424 0.006289702 -0.01844923 0.004690338 0.005689335 -0.0167701 0.004345092 0.005853218 -0.01845663 0.004404736 0.005856884 -0.0201502 0.00419246 0.006035143 -0.0201581 0.003886672 0.006178768 -0.02016629 0.003569985 0.006308104 -0.01672138 0.006222876 0.004317406 -0.0184051 0.006388368 0.004003356 -0.01840885 0.006245039 0.004243397 -0.01841804 0.005892337 0.004700532 -0.01842341 0.005685835 0.004916789 -0.01674859 0.00517557 0.005338315 -0.01507527 0.00460671 0.005715363 -0.0201218 0.005288667 0.005331364 -0.02012836 0.005035583 0.005525452 -0.0201353 0.004767844 0.005707826 -0.02014259 0.004486475 0.005877926 -0.01333109 0.006767381 0.003669943 -0.01332759 0.006900216 0.003345165 -0.0150146 0.006936916 0.002934257 -0.01332446 0.007018412 0.003004943 -0.01500948 0.007129269 0.0022224 -0.01331756 0.007276506 0.0019195 -0.01500583 0.007264241 0.001479665 -0.01331942 0.007207552 0.002289446 -0.01332173 0.007121176 0.002652134 -0.01333494 0.006620367 0.003976091 -0.01501766 0.006821169 0.003271196 -0.01670162 0.006973606 0.002523348 -0.01669723 0.007137362 0.001792676 -0.0166941 0.007251977 0.00103984 -0.01333554 0.006529666 -0.003311361 -0.01503032 0.006263044 -0.003923552 -0.01502661 0.00640968 -0.00361367 -0.0167218 0.006127258 -0.004206953 -0.02176871 0.006862572 0.002754049 -0.02008617 0.006654403 0.00341061 -0.02008371 0.006747108 0.003107127 -0.01840178 0.006514885 0.00374525 -0.01502871 0.006400705 0.004166349 -0.01333915 0.006459624 0.004260386 -0.01502104 0.006693017 0.00359111 -0.01670424 0.006874957 0.002872449 -0.01838864 0.007010306 0.00211244 -0.01838498 0.007145465 0.001362943 -0.02007009 0.00723494 -0.001335795 -0.01669251 0.007306395 0.0002812877 -0.01669289 0.007284658 -0.0004771131 -0.01331545 0.007351404 0.001160432 -0.0133157 0.007334385 0.0003815632 -0.02344728 0.007185213 -0.00219447 -0.02344665 0.007216368 -0.001476998 -0.02006958 0.007261387 -0.0005978553 -0.02007064 0.007227447 0.0001601715 -0.02007272 0.007153559 0.0009332149 -0.02007565 0.007046996 0.001701531 -0.02007933 0.006910969 0.002436186 -0.01839586 0.006739272 0.003151161 -0.01671371 0.006516169 0.003813271 -0.01332043 0.007136373 -0.001155722 -0.01500962 0.007088884 -0.001548718 -0.01669507 0.007193184 -0.001219952 -0.01669881 0.007041394 -0.001941714 -0.0200727 0.007126832 -0.002047361 -0.02007472 0.007044987 -0.002391736 -0.02010478 0.005855696 -0.004773766 -0.01840877 0.006169708 -0.004218288 -0.01671769 0.006289694 -0.003915979 -0.02349386 0.005345467 -0.005538222 -0.02011001 0.005650499 -0.005011231 -0.01672616 0.005955522 -0.004484231 -0.02200277 -0.00219361 0.006294669 -0.02032489 -0.002589609 0.006223023 -0.02031652 -0.002263999 0.006308423 -0.01864701 -0.002985597 0.006151367 -0.01863908 -0.002676666 0.006259043 -0.01696913 -0.003381595 0.00607972 -0.01696163 -0.003089323 0.006209652 -0.02368065 -0.001797622 0.006366315 -0.01527651 -0.003202543 0.006300487 -0.01526831 -0.002882735 0.006428684 -0.0135655 -0.002306913 0.006772652 -0.02364152 -0.0002768631 0.006508721 -0.0219449 5.620966e-05 0.006593862 -0.02362078 0.0005288332 0.006558102 -0.02024914 0.0003563728 0.00670354 -0.02347121 0.006317837 0.004482132 -0.02347588 0.006138941 0.004733254 -0.02348102 0.005941365 0.004971988 -0.02348662 0.005726074 0.005197687 -0.02349265 0.00549407 0.00540971 -0.02349907 0.005246318 0.005607419 -0.02350588 0.00498375 0.005790085 -0.02351304 0.004707159 0.00595691 -0.02352054 0.004417337 0.006107058 -0.02352836 0.004115087 0.00623971 -0.02353647 0.003801209 0.006354019 -0.02358087 0.002079074 0.00660475 -0.02022963 0.001114149 0.006737495 -0.0235624 0.002796308 0.006573589 -0.02021063 0.001851843 0.006711045 -0.0235535 0.003141225 0.006522545 -0.02354485 0.003476383 0.00644882 -0.01359162 -0.003324387 0.006418734 -0.01359946 -0.003630435 0.006271669 -0.01360674 -0.003914636 0.006110871 -0.01529125 -0.003777594 0.006008074 -0.01697596 -0.003648127 0.005938869 -0.01865432 -0.00327056 0.006034578 -0.02033268 -0.002892993 0.006130286 -0.02201104 -0.002515435 0.006225994 -0.0236894 -0.002137868 0.006321703 -0.02535852 -0.001401624 0.006437972 -0.0270364 -0.001005636 0.006509618 -0.02026902 -0.0004164149 0.006629622 -0.02196515 -0.0007306677 0.006515875 -0.02366175 -0.001063117 0.006444569 -0.0253388 -0.0006352359 0.006473387 -0.02701585 -0.0002073516 0.006502206 -0.02360037 0.001321819 0.006591291 -0.02529666 0.001001458 0.006522353 -0.02531789 0.0001769457 0.006501577 -0.02692669 0.003254468 0.006470061 -0.02693211 0.003044007 0.006472015 -0.02525649 0.002561536 0.006538388 -0.02697254 0.001474081 0.006486593 -0.02699426 0.0006307554 0.006494423 -0.02682948 0.007004452 0.003754215 -0.02683248 0.006890487 0.004050516 -0.02683612 0.006751839 0.004340416 -0.02684027 0.006593334 0.004613759 -0.02684488 0.006416564 0.004869932 -0.02685018 0.006213133 0.005119721 -0.02685515 0.006021882 0.005321516 -0.02686156 0.00577504 0.005545027 -0.02686752 0.005545473 0.005722347 -0.02687479 0.00526469 0.005906012 -0.02688117 0.005018377 0.006041274 -0.02688953 0.004694984 0.006187003 -0.0268956 0.004459945 0.006272369 -0.02691067 0.003876237 0.006415965 -0.02691416 0.003740773 0.006436144 -0.02345494 0.00693344 0.002741341 -0.02345627 0.006884845 0.003061206 -0.02177255 0.006719353 0.003375256 -0.023458 0.006820521 0.003365606 -0.02177495 0.006628687 0.0036582 -0.0234604 0.006729996 0.003660449 -0.02177799 0.006513066 0.003932275 -0.02346343 0.006614934 0.00394517 -0.02178164 0.006374065 0.004196957 -0.02176543 0.006983609 0.002051215 -0.02008143 0.006832478 0.00278141 -0.01839871 0.006631633 0.003460194 -0.0167174 0.006375366 0.00407989 -0.02345371 0.006978036 0.002400982 -0.02177056 0.006793922 0.003075981 -0.02008883 0.006553861 0.003689306 -0.0200919 0.006436863 0.003950794 -0.02009559 0.006296137 0.004204101 -0.02009984 0.006133206 0.004448745 -0.02176047 0.007161652 0.0005034853 -0.02176267 0.007083696 0.001290623 -0.0133162 0.007325648 0.001543287 -0.02685777 0.005819494 -0.005526333 -0.02685262 0.006021223 -0.005335017 -0.02347157 0.006219348 -0.004645297 -0.02346693 0.006401955 -0.004382642 -0.02008693 0.006559248 -0.003677192 -0.0200833 0.006702828 -0.003371302 -0.0183936 0.006769883 -0.003003968 -0.0234627 0.006568727 -0.004105958 -0.0234589 0.006718826 -0.003816039 -0.02354494 0.003354209 -0.006332997 -0.02353672 0.003673968 -0.006284384 -0.02184174 0.003944071 -0.006161887 -0.02183808 0.004086581 -0.006119758 -0.02014337 0.004345871 -0.00598393 -0.02014005 0.004475576 -0.005922351 -0.01844562 0.004724239 -0.005773514 -0.01843967 0.004956693 -0.005607635 -0.01843394 0.005181225 -0.005420692 -0.02350701 0.004831624 -0.005876395 -0.02350028 0.005094427 -0.005717179 -0.02181414 0.005020223 -0.005655637 -0.02011551 0.005434691 -0.005231957 -0.01503836 0.005945093 -0.004504125 -0.01673555 0.00558601 -0.004993352 -0.01673075 0.005774956 -0.004746735 -0.01842842 0.005397411 -0.00521412 -0.02012128 0.005208822 -0.005434879 -0.02687071 0.005313698 -0.005906663 -0.02686415 0.005569786 -0.005729833 -0.023482 0.005809749 -0.005125215 -0.0234766 0.006021703 -0.004893133 -0.02009521 0.006232036 -0.004252768 -0.0200909 0.006402082 -0.003971305 -0.01840057 0.006493448 -0.003634309 -0.02345556 0.006851436 -0.003513688 -0.02345269 0.00696571 -0.003199705 -0.02345033 0.00706048 -0.002874771 -0.02344851 0.007134183 -0.002539501 -0.02010463 0.005949556 0.00468428 -0.02178584 0.006213278 0.004451761 -0.02346705 0.006476999 0.004219242 -0.02514523 0.006855802 0.003693383 -0.02514281 0.006946925 0.003388613 -0.02514105 0.007012345 0.003073012 -0.02513999 0.007050338 0.002747156 -0.02513872 0.00709351 0.002047905 -0.02513762 0.00712891 0.001281263 -0.02345152 0.007056259 0.001666234 -0.0251367 0.007157085 0.0004688122 -0.02344968 0.007120385 0.0008797196 -0.02513597 0.007177849 -0.0003559732 -0.02344822 0.007169745 7.375658e-05 -0.02344718 0.007202918 -0.0007194916 -0.02682496 0.007115323 -0.003188654 -0.02682447 0.007135496 -0.003053145 -0.02682372 0.007169405 -0.002566679 -0.02682372 0.007193775 5.790378e-05 -0.02682372 0.00720156 0.0008962886 -0.02682372 0.007208975 0.001694837 -0.0268777 0.005040444 -0.006065222 -0.02348776 0.005584123 -0.005340579 -0.02009985 0.006049721 -0.004520597 -0.01840452 0.006337203 -0.003932591 -0.01671024 0.006584825 -0.003297313 -0.02692669 0.003133762 -0.006529379 -0.02522748 0.003567992 -0.006391415 -0.02353278 0.003827281 -0.006255586 -0.0235289 0.003978268 -0.006220037 -0.02183447 0.004226922 -0.006071189 -0.02352133 0.004273014 -0.006129479 -0.02182745 0.004500907 -0.005955528 -0.02351403 0.004557641 -0.006014377 -0.02689273 0.004454436 -0.006317922 -0.02520739 0.00434978 -0.006212276 -0.02690082 0.004139684 -0.006410734 -0.02521522 0.004045111 -0.006303431 -0.0269091 0.003817218 -0.006477382 -0.02522333 0.003729614 -0.006368874 -0.02691723 0.0035012 -0.00651611 -0.02692219 0.003308692 -0.006527243 -0.02688513 0.004750639 -0.006203917 -0.02682852 0.006971771 -0.003772556 -0.02683066 0.006886432 -0.004007674 -0.02683433 0.006740749 -0.004331175 -0.02683776 0.00660553 -0.00457757 -0.02684242 0.006421924 -0.004858447 -0.02684693 0.006244662 -0.005088091 -0.02682372 0.00721583 0.002433105 -0.02682415 0.007202568 0.002800664 -0.02682522 0.007163855 0.003116787 -0.02682701 0.00709723 0.00343936 -0.02184942 0.003644894 -0.006236482 -0.02014675 0.004214174 -0.006039389 -0.01844867 0.004605171 -0.005848101 -0.01675119 0.004972893 -0.005624666 -0.01674579 0.005184586 -0.005433683 -0.01674057 0.005389096 -0.005222793 -0.001870721 -0.00704619 0.005077493 -0.003483517 -0.004102322 0.007353497 -0.003492986 -0.00447086 0.007264785 -0.000140451 -0.005385498 0.007394263 -0.0001279674 -0.004899648 0.007509417 -0.000122199 -0.004675415 0.007533916 -0.003473438 -0.003710483 0.007401181 -0.0001158469 -0.004428677 0.007541446 -0.003462751 -0.003295441 0.007405598 -0.0001112895 -0.004251713 0.007539802 -0.003451807 -0.002870492 0.007398292 -0.0001781072 -0.006857603 0.006339127 -0.0001751845 -0.006742766 0.006483417 -0.003525059 -0.005722575 0.006594509 -0.0001723156 -0.006630194 0.006608807 -0.003517956 -0.005444786 0.006804369 -0.0001652886 -0.006354941 0.006864232 -0.003510219 -0.005142655 0.006987191 -0.0001584585 -0.006087902 0.007058701 -0.003501885 -0.004817577 0.007141279 -0.0001536223 -0.005899051 0.007171242 -0.0001417552 -0.005436303 0.007377034 -0.003546094 -0.006549552 0.00550653 -0.003549081 -0.006668633 0.005173202 -0.005227441 -0.006291066 0.00526891 -0.005229766 -0.006384455 0.004934493 -0.006908661 -0.006027471 0.005056183 -0.006913058 -0.006204428 0.004386758 -0.003542075 -0.006390596 0.005814548 -0.005223974 -0.006153553 0.005578177 -0.0069058 -0.005913499 0.005364619 -0.006891272 -0.00534197 0.006156406 -0.006884862 -0.005090995 0.006378925 -0.006877802 -0.004814955 0.006580211 -0.006870157 -0.004516396 0.006759526 -0.00686198 -0.004197407 0.006915681 -0.006853318 -0.003859833 0.007047203 -0.006844217 -0.003505417 0.007152536 -0.00683468 -0.003134363 0.007228064 -0.006824677 -0.00274556 0.007268446 -0.001705949 -0.0006259943 0.007399011 -0.003406604 -0.001115726 0.007336056 -0.001753175 -0.002459474 0.007450358 -0.003429458 -0.002002874 0.007373315 0.0001158469 0.004567953 0.007457908 9.33142e-05 0.003693011 0.007466032 6.99265e-05 0.002784871 0.007474464 -0.003383417 -0.0002157519 0.007288087 -0.00336015 0.0006872547 0.00723049 -0.006636319 0.004560719 0.006378718 -0.006654924 0.003839766 0.0065444 -0.004953911 0.004343789 0.006650544 -0.004973711 0.003576045 0.006776918 -0.003271503 0.00412686 0.00692238 -0.003292499 0.003312323 0.007009437 -0.001611286 0.003048602 0.007241946 -0.001634305 0.002155136 0.007286734 4.581669e-05 0.001848691 0.007483157 2.119515e-05 0.0008926417 0.007492035 -0.006674668 0.003074478 0.006697472 -0.004994547 0.002768034 0.006893896 -0.003314425 0.00246159 0.00709031 -0.001657935 0.001237885 0.007328152 -2.848007e-05 -0.001036238 0.007509945 -7.689251e-05 -0.002916083 0.007527401 -0.0001000416 -0.003814957 0.007535747 -0.003337065 0.00158313 0.007164269 -0.005016194 0.001928375 0.007000387 -0.00676023 -0.0002439274 0.007153333 -0.006782024 -0.001089664 0.007219239 -0.006803571 -0.001926027 0.007260846 -0.01193549 -0.00456958 0.005864772 -0.01361337 -0.004173582 0.005936428 -0.01361924 -0.004403251 0.005747452 -0.0152976 -0.004025684 0.005843161 -0.01530314 -0.004242549 0.005664637 -0.01698762 -0.004104078 0.005616599 -0.01867302 -0.004000997 0.005598761 -0.02035928 -0.003930786 0.005608909 -0.02204631 -0.003890764 0.005645149 -0.01194088 -0.004780818 0.005651744 -0.01025761 -0.004965568 0.005793125 -0.008574409 -0.005152616 0.005962709 -0.01023824 -0.004207691 0.006398835 -0.01023055 -0.003907336 0.006565913 -0.01022236 -0.003587996 0.006714684 -0.01021374 -0.00325216 0.006844162 -0.01020475 -0.002902089 0.006953136 -0.01019545 -0.002539964 0.007040287 -0.01018584 -0.002166393 0.007102631 -0.01017592 -0.001780627 0.007135701 -0.01015534 -0.0009815617 0.007123391 -0.01013459 -0.0001764519 0.007065153 -0.01011385 0.000627877 0.006970611 -0.01009329 0.001425212 0.006844362 -0.006738355 0.0006047327 0.00706622 -0.01003491 0.003687367 0.006304624 -0.008354789 0.003380923 0.006501048 -0.008336137 0.004103487 0.006311881 -0.008374454 0.002618866 0.006672631 -0.01005358 0.002964111 0.006508749 -0.01007312 0.002206948 0.006689467 -0.01175137 0.002586869 0.006554203 -0.01177076 0.001835461 0.006733428 -0.01344823 0.002245699 0.006622494 -0.009993603 0.005285899 0.005706366 -0.01000114 0.004994569 0.005835067 -0.008318727 0.004777649 0.006106892 -0.01000906 0.004687992 0.005959479 -0.01001735 0.004367219 0.006079372 -0.01170663 0.004318871 0.005980457 -0.01171503 0.003993821 0.00610821 -0.00998649 0.005560907 0.005573607 -0.008310553 0.005094075 0.00599896 -0.003225727 0.005900349 0.006478854 -0.003233694 0.005592435 0.00663786 -0.003187935 0.007350094 0.00455849 0.0001890607 0.007391846 0.005387328 -0.003185563 0.007438774 0.004189831 0.0001921412 0.007506959 0.004901319 -0.003184242 0.00748644 0.003797862 0.0001928254 0.007531449 0.004677012 0.0001930782 0.007538974 0.004430191 0.0001615468 0.006337068 0.006859916 0.0001652886 0.00648131 0.006745041 -0.003205489 0.006680047 0.005810616 0.0001685434 0.006606658 0.006632433 -0.00320002 0.006889836 0.005532736 0.0001751845 0.006861997 0.00635709 -0.003195242 0.007072596 0.005230506 0.0001802545 0.007056399 0.006089963 -0.003191197 0.007226631 0.004905322 0.0001831968 0.007168902 0.005901051 0.000188605 0.007374623 0.005438151 -0.004918696 0.005707899 0.006284783 -0.004911298 0.005993565 0.006109103 -0.006603698 0.005823363 0.005931705 0.0001264699 0.00498018 0.007426249 -0.001557917 0.005119698 0.007091609 -0.003242304 0.005259217 0.006756979 -0.00492669 0.005398736 0.006422339 -0.006611077 0.005538254 0.006087699 -0.008295464 0.005677773 0.005753069 0.0001930782 0.00753733 0.004253169 -0.003184116 0.007483546 0.002957592 -0.003184029 0.007490852 0.003382683 -0.00656131 0.007433829 0.002098917 -0.00656131 0.007441431 0.002918722 -0.006590558 0.006329776 0.005515985 -0.006584769 0.00655222 0.005264929 -0.006579522 0.006753437 0.004988799 -0.006574834 0.006932691 0.004690142 -0.006570738 0.007088792 0.004371048 -0.006567272 0.007220268 0.004033363 -0.006564476 0.007325565 0.00367883 -0.006562443 0.007401065 0.003307653 0.0001930782 0.007533273 0.003816268 0.0001930782 0.007524924 0.002917096 -0.001495737 0.007491748 0.002503386 0.0001930782 0.007507463 0.001036627 -0.00149662 0.007440408 0.0006692991 -0.001499785 0.007283371 -0.003006516 -0.000653865 0.007349589 -0.003781154 -0.001500808 0.007235642 -0.00386813 -0.0006544146 0.007320357 -0.00463067 -0.001501907 0.007185305 -0.004691918 -0.003189076 0.007249574 -0.001497507 -0.00319077 0.007175633 -0.002376259 -0.003187585 0.007315779 -0.0006013344 -0.003196893 0.006915203 -0.004814416 -0.003195776 0.006962123 -0.004433945 -0.0023494 0.007050254 -0.004753167 -0.004935321 0.00506443 0.006515757 -0.006619044 0.005229922 0.006201707 -0.008302767 0.005395414 0.005887657 -0.006596868 0.006086781 0.005739361 -0.008288699 0.005938837 0.005578638 -0.00997985 0.005817291 0.00541843 -0.01167021 0.005726399 0.005259557 -0.01167665 0.005477723 0.005413772 -0.01168354 0.005211498 0.005563241 -0.01169086 0.004928861 0.005707691 -0.01169856 0.00463094 0.005846853 -0.0116587 0.006169766 0.004872493 -0.0133437 0.00628524 0.004519416 -0.01334862 0.006096329 0.00474916 -0.01503301 0.006235847 0.00441452 -0.01503766 0.006057384 0.004631456 -0.0167258 0.006053205 0.004535991 -0.01841318 0.006079217 0.004475927 -0.009938504 0.007384102 0.001240242 -0.009938378 0.007396413 0.002039572 -0.009939322 0.007363356 0.002425465 -0.009941016 0.007301035 0.00279916 -0.009943346 0.007213915 0.003161405 -0.009946235 0.007104979 0.003511591 -0.009949648 0.006975547 0.003847537 -0.009953554 0.006826827 0.004166982 -0.009957927 0.006659805 0.004467436 -0.008282439 0.006179986 0.00536962 -0.009973701 0.006054302 0.005225561 -0.01166424 0.00595681 0.0050838 -0.004880153 0.007129588 -0.001799816 -0.00657123 0.007009602 -0.002102125 -0.004882693 0.007023127 -0.002639754 -0.006574617 0.006870611 -0.002903249 -0.004885511 0.006906183 -0.003448033 -0.006578375 0.006717584 -0.003668791 -0.004888581 0.006779846 -0.004216033 -0.006582468 0.006551954 -0.004389985 -0.00658463 0.006464815 -0.00473162 -0.008279057 0.006216162 -0.004880468 -0.00828185 0.006104894 -0.005181908 -0.009976836 0.005834791 -0.005304405 -0.009958465 0.006565578 -0.00343024 -0.008266541 0.006718094 -0.003166744 -0.008271238 0.006528985 -0.00388955 -0.009942052 0.007231362 -0.0003697317 -0.009939811 0.007325878 0.0004348644 -0.01331744 0.007259526 -0.0003925451 -0.0167039 0.006836939 -0.002636645 -0.01501991 0.006676192 -0.002960317 -0.01501421 0.006903984 -0.002269322 -0.01332958 0.006767558 -0.00262332 -0.01332451 0.00697104 -0.001901989 -0.01163924 0.006858925 -0.002286324 -0.01163481 0.007038095 -0.001534665 -0.009948912 0.006950302 -0.001949328 -0.009945112 0.00710515 -0.001167332 -0.00825858 0.007041669 -0.001612322 -0.008262306 0.006889625 -0.002404434 -0.009953383 0.006769639 -0.002706743 -0.01164446 0.006649653 -0.003009052 -0.01165039 0.006413071 -0.003693745 -0.01334231 0.006260555 -0.00395724 -0.01503424 0.006108039 -0.004220736 -0.009964101 0.006340396 -0.004110318 -0.009967111 0.00622054 -0.004431199 -0.01166048 0.006012679 -0.004629098 -0.01166413 0.005868275 -0.004911829 -0.01335801 0.005640382 -0.005085781 -0.00997024 0.006096168 -0.004737878 -0.01166791 0.005718854 -0.005178143 -0.01251507 0.005594526 -0.005252572 -0.01336234 0.0054702 -0.005326991 -0.01336455 0.00538305 -0.005440617 -0.01505926 0.00512376 -0.005576445 -0.01506179 0.005024483 -0.005671897 -0.01506733 0.004807617 -0.005850421 -0.01507368 0.004559527 -0.006015335 -0.0150519 0.005412479 -0.005259732 -0.01505676 0.005221547 -0.005475828 -0.01675396 0.004864461 -0.005712273 -0.01845176 0.004484277 -0.005916892 -0.0201539 0.00393557 -0.006139967 -0.02185769 0.003323069 -0.006305157 -0.01504269 0.005774609 -0.004772593 -0.01334598 0.006115221 -0.004261514 -0.008276354 0.006324061 -0.004563936 -0.009973484 0.005967508 -0.005029306 -0.01167182 0.005564688 -0.005426902 0.000142127 0.005586738 0.00726945 -0.00150316 0.007133072 -0.0050783 0.0001923618 0.007423757 -0.004981785 0.0001930782 0.007455408 -0.004569421 0.0001930782 0.007463535 -0.003694189 0.0001930782 0.007471971 -0.002785748 0.0001930782 0.007480666 -0.001849258 -0.004897671 0.006414198 -0.005580597 -0.003201669 0.006723314 -0.005508144 -0.003205688 0.006564359 -0.005816161 0.0001890607 0.007290533 -0.005523661 0.000187185 0.00721591 -0.005715777 0.0001000416 0.003814957 -0.007535747 -0.003295956 0.003044255 -0.007399905 0.0001112895 0.004251713 -0.007539802 -0.003285012 0.003469204 -0.007407211 0.0001781072 0.006857603 -0.006339127 0.0001751845 0.006742766 -0.006483417 -0.003222704 0.005896338 -0.006596122 0.0001723156 0.006630194 -0.006608807 -0.003229807 0.005618549 -0.006805982 0.0001652886 0.006354941 -0.006864232 -0.003237544 0.005316418 -0.006988805 0.0001584585 0.006087902 -0.007058701 -0.003245878 0.00499134 -0.007142893 0.000154001 0.005913833 -0.007163089 -0.003254777 0.004644623 -0.007266399 0.000142127 0.005450786 -0.007371939 -0.003264246 0.004276085 -0.007355111 0.0001296335 0.004964446 -0.007499068 -0.003274325 0.003884245 -0.007402795 0.000122199 0.004675415 -0.007533916 0.0001158469 0.004428677 -0.007541446 7.689251e-05 0.002916083 -0.007527401 2.848007e-05 0.001036238 -0.007509945 -0.001620706 0.002546355 -0.007451164 -0.001667933 0.0007128758 -0.007399818 -0.0001158469 -0.004567953 -0.007457908 -9.33142e-05 -0.003693011 -0.007466032 -6.99265e-05 -0.002784871 -0.007474464 -0.006593673 0.006105081 -0.00565305 -0.004902125 0.006238574 -0.005866358 -0.003198682 0.006842396 -0.005174815 -0.004894204 0.006551711 -0.00527133 -0.006589726 0.006261025 -0.005367845 -0.008285247 0.005970349 -0.005464361 -0.003387613 -0.0005134918 -0.007232104 -0.005127098 -0.00250739 -0.006896316 -0.00510545 -0.001667731 -0.007002807 -0.003433337 -0.002287827 -0.007091923 -0.003410698 -0.001409367 -0.007165883 -0.001715947 -0.001151003 -0.007328959 -0.005147933 -0.0033154 -0.006779339 -0.003455264 -0.00313856 -0.00701105 -0.001739577 -0.002068254 -0.00728754 -2.119515e-05 -0.0008926417 -0.007492035 -4.581669e-05 -0.001848691 -0.007483157 -0.001762595 -0.002961721 -0.007242752 -0.00347626 -0.003953097 -0.006923994 -0.005167733 -0.004083145 -0.006652964 -0.006800202 -0.001926095 -0.006839731 -0.006820858 -0.002726953 -0.006700699 -0.006840602 -0.00349224 -0.006547627 -0.006859207 -0.004213193 -0.006381945 -0.006670848 0.003093086 -0.007271673 -0.006691954 0.002273553 -0.007264073 -0.006713502 0.00143719 -0.007222466 -0.003318305 0.002176637 -0.007374928 -0.006735296 0.0005914532 -0.00715656 -0.003522036 -0.005726586 -0.006480468 -0.003514069 -0.005418672 -0.006639473 -0.001825189 -0.005390079 -0.006991734 -0.0001918593 -0.007496614 -0.004966137 -0.0001928254 -0.007531449 -0.004677012 -0.003563521 -0.007312677 -0.003799475 -0.0001930782 -0.007538974 -0.004430191 -0.003563733 -0.007317089 -0.003384296 -0.0001930782 -0.00753733 -0.004253169 -0.003563647 -0.007309783 -0.002959206 -0.0001615468 -0.006337068 -0.006859916 -0.0001652886 -0.00648131 -0.006745041 -0.003542274 -0.006506284 -0.005812229 -0.0001685434 -0.006606658 -0.006632433 -0.003547742 -0.006716073 -0.005534349 -0.0001751845 -0.006861997 -0.00635709 -0.003552521 -0.006898833 -0.005232119 -0.0001802545 -0.007056399 -0.006089963 -0.003556565 -0.007052868 -0.004906935 -0.0001829833 -0.007160752 -0.005915837 -0.003559828 -0.007176331 -0.004560104 -0.0001884704 -0.007369529 -0.005452638 -0.003562199 -0.007265011 -0.004191445 -0.001877261 -0.007353526 -0.0006701059 -0.003562464 -0.007247557 -0.001203858 -0.001878145 -0.007404867 -0.002504193 -0.003563211 -0.007284809 -0.0020913 -0.0001930782 -0.007463535 0.003694189 -0.001873073 -0.007148761 0.003867323 -0.0001930782 -0.007471971 0.002785748 -0.001874096 -0.00719649 0.003005709 -0.0001930782 -0.007480666 0.001849258 -0.001875036 -0.007241268 0.002111947 -0.0001930782 -0.007489547 0.0008928915 -0.001875883 -0.007282679 0.001194392 -0.0001930782 -0.007507463 -0.001036627 -0.0001930782 -0.007524924 -0.002917096 -0.0001930782 -0.007533273 -0.003816268 -0.005202948 -0.005447254 -0.006287203 -0.005210347 -0.00573292 -0.006111523 -0.006891828 -0.005475837 -0.005934932 -0.0001279674 -0.005038248 -0.007417139 -0.0001363089 -0.005361496 -0.007344005 -0.001815965 -0.005032817 -0.007092416 -0.003505459 -0.005085454 -0.006758593 -0.005194954 -0.005138091 -0.006424759 -0.006884449 -0.005190728 -0.006090926 -0.008573944 -0.005243366 -0.005757103 -0.006904968 -0.00598225 -0.005519212 -0.006910756 -0.006204694 -0.005268156 -0.006916004 -0.006405911 -0.004992026 -0.006920691 -0.006585165 -0.004693369 -0.006924788 -0.006741267 -0.004374275 -0.006928254 -0.006872742 -0.00403659 -0.00693105 -0.006978039 -0.003682057 -0.006933083 -0.00705354 -0.00331088 -0.006934216 -0.007093905 -0.002921949 -0.003561445 -0.007199599 -0.0003035853 -0.003560178 -0.007142016 0.000599721 -0.003555115 -0.006921019 0.003225661 -0.005236133 -0.006645539 0.003445613 -0.006917151 -0.006370058 0.003665564 -0.003556993 -0.00700187 0.002374645 -0.005238951 -0.006762483 0.002637334 -0.006920908 -0.006523085 0.002900022 -0.008602866 -0.006283687 0.003162711 -0.003558687 -0.007075811 0.001495894 -0.005241492 -0.006868943 0.001797396 -0.00693185 -0.006978815 -0.0004194863 -0.006933345 -0.007044704 -0.001265504 -0.006934216 -0.007086303 -0.002102144 -0.01167629 0.005388988 -0.005657391 -0.009980769 0.005679664 -0.005560876 -0.009985677 0.005486857 -0.005797966 -0.008289675 0.005795974 -0.005725513 -0.008294998 0.005587024 -0.005966743 -0.006598562 0.005912799 -0.005916556 -0.006604254 0.005689496 -0.006159633 -0.006610663 0.005438521 -0.006382152 -0.006617724 0.005162481 -0.006583438 -0.006625369 0.004863922 -0.006762753 -0.006633546 0.004544933 -0.006918908 -0.006642208 0.004207359 -0.00705043 -0.006651309 0.003852943 -0.007155763 -0.006660846 0.003481888 -0.007231291 -0.01024969 -0.00476461 -0.005711206 -0.01024215 -0.00447328 -0.005839907 -0.00855068 -0.004343242 -0.006110926 -0.01023423 -0.004166704 -0.005964319 -0.00853327 -0.00366908 -0.006315915 -0.01022594 -0.00384593 -0.006084213 -0.01020838 -0.003166078 -0.006309465 -0.01251926 0.005429636 -0.005488151 -0.01336681 0.005294585 -0.0055494 -0.01168168 0.00517775 -0.005870419 -0.01337768 0.004868634 -0.005942882 -0.01337181 0.005098302 -0.005753906 -0.01012943 -0.0001065882 -0.006975451 -0.0101087 0.0006977406 -0.007069993 -0.01008795 0.001502851 -0.007128231 -0.01006737 0.002301916 -0.007140541 -0.01005745 0.002687682 -0.007107472 -0.01004784 0.003061253 -0.007045128 -0.01003854 0.003423378 -0.006957976 -0.01002955 0.003773449 -0.006849002 -0.01002093 0.004109285 -0.006719525 -0.01001274 0.004428625 -0.006570753 -0.01000505 0.00472898 -0.006403675 -0.01184641 -0.001227291 -0.006739075 -0.0118658 -0.001978699 -0.00655985 -0.01017016 -0.00168566 -0.006694307 -0.0101897 -0.002442823 -0.006513589 -0.008494953 -0.002184459 -0.006676665 -0.008514618 -0.002946515 -0.006505082 -0.01015 -0.0009039237 -0.006849202 -0.008474526 -0.00139261 -0.006828754 -0.01191054 -0.003710701 -0.005986104 -0.01190214 -0.003385651 -0.006113858 -0.01188446 -0.002701186 -0.006350513 -0.01356144 -0.002271739 -0.006425404 -0.01523923 -0.001874014 -0.006518821 -0.01691771 -0.001502671 -0.006613223 -0.008558854 -0.004659668 -0.006002993 -0.0102568 -0.005039618 -0.005578447 -0.005186323 -0.004803785 -0.006518177 -0.006876482 -0.004882396 -0.006204934 -0.00856664 -0.004961007 -0.005891691 -0.006898657 -0.005739255 -0.005742588 -0.008580708 -0.00550443 -0.005582672 -0.01026344 -0.005296003 -0.00542327 -0.01194696 -0.005118229 -0.005265204 -0.01194052 -0.004869553 -0.005419419 -0.01193363 -0.004603328 -0.005568888 -0.01192631 -0.004320691 -0.005713338 -0.01191861 -0.00402277 -0.005852501 -0.01029818 -0.006583862 0.001162492 -0.006929811 -0.006891725 0.0004294557 -0.01195847 -0.005561596 -0.00487814 -0.01364735 -0.005590189 -0.00452587 -0.01364243 -0.005401277 -0.004755614 -0.01533192 -0.005453914 -0.004421781 -0.01532728 -0.005275451 -0.004638717 -0.01701301 -0.005184391 -0.004544058 -0.01869952 -0.005123521 -0.004484801 -0.02038674 -0.005090628 -0.004458425 -0.02207462 -0.005083819 -0.004462249 -0.01030124 -0.006710074 0.0003648912 -0.01030348 -0.006804589 -0.0004397049 -0.01030478 -0.006862813 -0.001245082 -0.01030491 -0.006875124 -0.002044412 -0.01030397 -0.006842068 -0.002430306 -0.01030227 -0.006779747 -0.002804 -0.01029994 -0.006692626 -0.003166245 -0.01029705 -0.00658369 -0.003516432 -0.01029364 -0.006454258 -0.003852378 -0.01028973 -0.006305538 -0.004171822 -0.01028536 -0.006138517 -0.004472276 -0.008586968 -0.005745579 -0.005373654 -0.01026959 -0.005533013 -0.005230401 -0.01195293 -0.00534864 -0.005089447 -0.01366654 -0.006275988 0.001895535 -0.01198236 -0.006429925 0.001529018 -0.01197793 -0.006250755 0.002280677 -0.01029438 -0.006429013 0.001944488 -0.01028991 -0.00624835 0.002701903 -0.008607101 -0.006455218 0.002400401 -0.01704001 -0.00617258 0.001933646 -0.01535073 -0.006122051 0.002262061 -0.01366148 -0.006072507 0.002616866 -0.01197271 -0.006041482 0.003003405 -0.01196678 -0.005804901 0.003688098 -0.01196357 -0.005677188 0.004013256 -0.01196021 -0.005543627 0.004325429 -0.008587557 -0.005670487 0.005177874 -0.00859035 -0.005781754 0.004876434 -0.008593053 -0.005889653 0.004559902 -0.01027618 -0.005699252 0.004426359 -0.01195669 -0.005404509 0.004623451 -0.005219519 -0.00597793 0.005863938 -0.006896964 -0.005565273 0.005913329 -0.006901853 -0.005757555 0.005649823 -0.008579732 -0.005361567 0.005721479 -0.00858416 -0.005535942 0.005460327 -0.01026252 -0.005158375 0.005556035 -0.01026645 -0.005313502 0.005299565 -0.01194535 -0.004956518 0.005421255 -0.0102698 -0.005446219 0.005024465 -0.01194926 -0.005110684 0.005172496 -0.01027305 -0.005574879 0.004733037 -0.01195304 -0.005260105 0.004906182 -0.000140451 -0.005521876 -0.007292983 -0.02705541 -0.001864365 -0.006482969 -0.02704999 -0.001653904 -0.006484923 -0.0001884704 -0.007267007 0.005588546</float_array>
          <technique_common>
            <accessor count="1477" source="#verts-array-array" stride="3">
              <param type="float" name="X"/>
              <param type="float" name="Y"/>
              <param type="float" name="Z"/>
            </accessor>
          </technique_common>
        </source>
        <source id="normals-array">
          <float_array count="4431" id="normals-array-array">0.9996686 -0.02574266 0.0002390327 0.9996686 -0.02574266 0.0002390327 0.9996686 -0.02574266 0.0002390327 0.9996686 -0.02574266 0.0002390327 0.9996686 -0.02574266 0.0002390327 0.9996686 -0.02574266 0.0002390327 0.9996686 -0.02574266 0.0002390327 0.9996686 -0.02574266 0.0002390327 0.9996686 -0.02574266 0.0002390327 0.9996686 -0.02574266 0.0002390327 0.9996686 -0.02574266 0.0002390327 0.9996686 -0.02574266 0.0002390327 0.9996686 -0.02574266 0.0002390327 0.9996686 -0.02574266 0.0002390327 0.9996686 -0.02574266 0.0002390327 0.9996686 -0.02574266 0.0002390327 0.9996686 -0.02574266 0.0002390327 0.9996686 -0.02574266 0.0002390327 0.9996686 -0.02574266 0.0002390327 0.9996686 -0.02574266 0.0002390327 0.9996686 -0.02574266 0.0002390327 0.9996686 -0.02574266 0.0002390327 0.9996686 -0.02574266 0.0002390327 0.9996686 -0.02574266 0.0002390327 0.9996686 -0.02574266 0.0002390327 0.9996686 -0.02574266 0.0002390327 0.9996686 -0.02574266 0.0002390327 0.9996686 -0.02574266 0.0002390327 0.9996686 -0.02574266 0.0002390327 0.9996686 -0.02574266 0.0002390327 0.9996686 -0.02574266 0.0002390327 0.9996686 -0.02574266 0.0002390327 0.9996686 -0.02574266 0.0002390327 0.9996686 -0.02574266 0.0002390327 0.9996686 -0.02574266 0.0002390327 0.9996686 -0.02574266 0.0002390327 0.9996686 -0.02574266 0.0002390327 0.9996686 -0.02574266 0.0002390327 0.9996686 -0.02574266 0.0002390327 0.9996686 -0.02574266 0.0002390327 0.9996686 -0.02574266 0.0002390327 0.9996686 -0.02574266 0.0002390327 0.9996686 -0.02574266 0.0002390327 0.9996686 -0.02574266 0.0002390327 0.9996686 -0.02574266 0.0002390327 0.9996686 -0.02574266 0.0002390327 0.9996686 -0.02574266 0.0002390327 0.9996686 -0.02574266 0.0002390327 0.9996686 -0.02574266 0.0002390327 0.9996686 -0.02574266 0.0002390327 0.9996686 -0.02574266 0.0002390327 0.9996686 -0.02574266 0.0002390327 0.9996686 -0.02574266 0.0002390327 0.9996686 -0.02574266 0.0002390327 0.9996686 -0.02574266 0.0002390327 0.9996686 -0.02574266 0.0002390327 0.9996686 -0.02574266 0.0002390327 0.9996686 -0.02574266 0.0002390327 0.9996686 -0.02574266 0.0002390327 0.9996686 -0.02574266 0.0002390327 0.9996686 -0.02574266 0.0002390327 0.9996686 -0.02574266 0.0002390327 0.9996686 -0.02574266 0.0002390327 0.9996686 -0.02574266 0.0002390327 0.9996686 -0.02574266 0.0002390327 0.9996686 -0.02574266 0.0002390327 0.9996686 -0.02574266 0.0002390327 0.9996686 -0.02574266 0.0002390327 0.9996686 -0.02574266 0.0002390327 0.9996686 -0.02574266 0.0002390327 0.9996686 -0.02574266 0.0002390327 0.9996686 -0.02574266 0.0002390327 0.9996686 -0.02574266 0.0002390327 0.9996686 -0.02574266 0.0002390327 0.9996686 -0.02574266 0.0002390327 0.9996686 -0.02574266 0.0002390327 0.9996686 -0.02574266 0.0002390327 0.9996686 -0.02574266 0.0002390327 0.9996686 -0.02574266 0.0002390327 0.9996686 -0.02574266 0.0002390327 0.9996686 -0.02574266 0.0002390327 0.9996686 -0.02574266 0.0002390327 0.9996686 -0.02574266 0.0002390327 0.9996686 -0.02574266 0.0002390327 0.9996686 -0.02574266 0.0002390327 0.9996686 -0.02574266 0.0002390327 0.9996686 -0.02574266 0.0002390327 0.9996686 -0.02574266 0.0002390327 0.9996686 -0.02574266 0.0002390327 0.9996686 -0.02574266 0.0002390327 0.9996686 -0.02574266 0.0002390327 0.9996686 -0.02574266 0.0002390327 0.9996686 -0.02574266 0.0002390327 0.9996686 -0.02574266 0.0002390327 0.9996686 -0.02574266 0.0002390327 0.9996686 -0.02574266 0.0002390327 0.9996686 -0.02574266 0.0002390327 0.9996686 -0.02574266 0.0002390327 0.9996686 -0.02574266 0.0002390327 0.9996686 -0.02574266 0.0002390327 0.9996686 -0.02574266 0.0002390327 -0.9996686 0.02574266 -0.0002390327 -0.9996686 0.02574266 -0.0002390327 -0.9996686 0.02574266 -0.0002390327 -0.9996686 0.02574266 -0.0002390327 -0.9996686 0.02574266 -0.0002390327 -0.9996686 0.02574266 -0.0002390327 -0.9996686 0.02574266 -0.0002390327 -0.9996686 0.02574266 -0.0002390327 -0.9996686 0.02574266 -0.0002390327 -0.9996686 0.02574266 -0.0002390327 -0.9996686 0.02574266 -0.0002390327 -0.9996686 0.02574266 -0.0002390327 -0.9996686 0.02574266 -0.0002390327 -0.9996686 0.02574266 -0.0002390327 -0.9996686 0.02574266 -0.0002390327 -0.9996686 0.02574266 -0.0002390327 -0.9996686 0.02574266 -0.0002390327 -0.9996686 0.02574266 -0.0002390327 -0.9996686 0.02574266 -0.0002390327 -0.9996686 0.02574266 -0.0002390327 -0.9996686 0.02574266 -0.0002390327 -0.9996686 0.02574266 -0.0002390327 -0.9996686 0.02574266 -0.0002390327 -0.9996686 0.02574266 -0.0002390327 -0.9996686 0.02574266 -0.0002390327 -0.9996686 0.02574266 -0.0002390327 -0.9996686 0.02574266 -0.0002390327 -0.9996686 0.02574266 -0.0002390327 -0.9996686 0.02574266 -0.0002390327 -0.9996686 0.02574266 -0.0002390327 -0.9996686 0.02574266 -0.0002390327 -0.9996686 0.02574266 -0.0002390327 -0.9996686 0.02574266 -0.0002390327 -0.9996686 0.02574266 -0.0002390327 -0.9996686 0.02574266 -0.0002390327 -0.9996686 0.02574266 -0.0002390327 -0.9996686 0.02574266 -0.0002390327 -0.9996686 0.02574266 -0.0002390327 -0.9996686 0.02574266 -0.0002390327 -0.9996686 0.02574266 -0.0002390327 -0.9996686 0.02574266 -0.0002390327 -0.9996686 0.02574266 -0.0002390327 -0.9996686 0.02574266 -0.0002390327 -0.9996686 0.02574266 -0.0002390327 -0.9996686 0.02574266 -0.0002390327 -0.9996686 0.02574266 -0.0002390327 -0.9996686 0.02574266 -0.0002390327 -0.9996686 0.02574266 -0.0002390327 -0.9996686 0.02574266 -0.0002390327 -0.9996686 0.02574266 -0.0002390327 -0.9996686 0.02574266 -0.0002390327 -0.9996686 0.02574266 -0.0002390327 -0.9996686 0.02574266 -0.0002390327 -0.9996686 0.02574266 -0.0002390327 -0.9996686 0.02574266 -0.0002390327 -0.9996686 0.02574266 -0.0002390327 -0.9996686 0.02574266 -0.0002390327 -0.9996686 0.02574266 -0.0002390327 -0.9996686 0.02574266 -0.0002390327 -0.9996686 0.02574266 -0.0002390327 -0.9996686 0.02574266 -0.0002390327 -0.9996686 0.02574266 -0.0002390327 -0.9996686 0.02574266 -0.0002390327 -0.9996686 0.02574266 -0.0002390327 -0.9996686 0.02574266 -0.0002390327 -0.9996686 0.02574266 -0.0002390327 -0.9996686 0.02574266 -0.0002390327 -0.9996686 0.02574266 -0.0002390327 -0.9996686 0.02574266 -0.0002390327 -0.9996686 0.02574266 -0.0002390327 -0.9996686 0.02574266 -0.0002390327 -0.9996686 0.02574266 -0.0002390327 -0.9996686 0.02574266 -0.0002390327 -0.9996686 0.02574266 -0.0002390327 -0.9996686 0.02574266 -0.0002390327 -0.9996686 0.02574266 -0.0002390327 -0.9996686 0.02574266 -0.0002390327 -0.9996686 0.02574266 -0.0002390327 -0.9996686 0.02574266 -0.0002390327 -0.9996686 0.02574266 -0.0002390327 -0.9996686 0.02574266 -0.0002390327 -0.9996686 0.02574266 -0.0002390327 -0.9996686 0.02574266 -0.0002390327 -0.9996686 0.02574266 -0.0002390327 -0.9996686 0.02574266 -0.0002390327 -0.9996686 0.02574266 -0.0002390327 -0.9996686 0.02574266 -0.0002390327 -0.9996686 0.02574266 -0.0002390327 -0.9996686 0.02574266 -0.0002390327 -0.9996686 0.02574266 -0.0002390327 -0.9996686 0.02574266 -0.0002390327 -0.9996686 0.02574266 -0.0002390327 -0.9996686 0.02574266 -0.0002390327 -0.9996686 0.02574266 -0.0002390327 -0.9996686 0.02574266 -0.0002390327 -0.9996686 0.02574266 -0.0002390327 -0.9996686 0.02574266 -0.0002390327 -0.9996686 0.02574266 -0.0002390327 -0.9996686 0.02574266 -0.0002390327 -0.9996686 0.02574266 -0.0002390327 -0.9996686 0.02574266 -0.0002390327 -0.9996686 0.02574266 -0.0002390327 -0.9996686 0.02574266 -0.0002390327 -0.9996686 0.02574266 -0.0002390327 -0.9996686 0.02574266 -0.0002390327 0.04890548 -0.08570278 0.9951197 0.06963985 -0.01251475 0.9974937 0.06387389 -0.08077965 0.9946833 -0.1284391 -0.7972861 -0.5897781 -0.1360379 -0.744316 -0.6538252 -0.1354979 -0.8014161 -0.5825569 -0.1238638 -0.9542927 0.2719986 -0.1082495 -0.9357208 0.335721 -0.09243119 -0.9515056 0.293417 -0.07039046 -0.9796252 0.1880945 -0.07571994 -0.9881676 0.1333841 -0.09299474 -0.9829689 0.1585059 -0.09260444 0.5923325 -0.8003541 -0.09994058 0.6565876 -0.7475993 -0.09973539 0.5852908 -0.8046661 -0.164816 -0.9713921 0.170977 -0.1627908 -0.980291 0.1119315 -0.1881136 -0.9699158 0.1545206 -0.1968468 -0.3950749 -0.8973111 -0.2034911 -0.482667 -0.8518356 -0.1793364 -0.5965856 -0.7822557 -0.1831759 -0.6768673 -0.7129496 -0.1544634 -0.05386027 -0.9865293 -0.1763019 -0.08583411 -0.9805866 -0.166738 -0.1503171 -0.9744759 -0.04714405 -0.04497063 -0.9978753 -0.0562072 -0.0590945 -0.9966687 -0.04105769 -0.1106617 -0.9930097 -0.05340571 -0.1320651 -0.9898013 -0.1472912 0.7169393 -0.6813981 -0.1437719 0.7861782 -0.6010437 -0.1690949 0.8564267 -0.4877911 -0.1613754 0.9690539 -0.1867953 -0.1628202 0.9531153 -0.2550701 -0.1565099 0.9311806 -0.3292527 -0.1273 0.9750466 -0.1818757 -0.1384042 0.9652058 -0.2218602 -0.1299474 0.9458702 -0.2973939 -0.04277673 0.9253544 -0.376682 -0.05121003 0.9109311 -0.4093679 -0.03228502 0.8773037 -0.4788485 -0.04021021 0.8537105 -0.5191931 -0.08751582 0.8028472 0.5897265 -0.09786145 0.7503392 0.6537692 -0.09434918 0.807335 0.5825019 -0.02049526 0.9987228 -0.04618039 -0.02921633 0.9977384 -0.06053497 -0.01283082 0.9936601 -0.1116911 -0.02469657 0.9907534 -0.1334081 -0.007660316 0.9958796 -0.09036083 -0.004597816 0.9979252 -0.06421905 -0.01224959 0.9992552 -0.03659336 -0.1288709 0.9871316 -0.09467546 -0.1183938 0.9861888 -0.1158217 -0.09452875 0.9908599 -0.09623437 -0.08278865 0.9954262 -0.04767374 -0.0616894 0.9969893 -0.04697527 -0.06425149 0.9976747 -0.02273778 -0.1767705 0.4105252 0.8945508 -0.1782709 0.4949776 0.8504215 -0.149034 0.6049006 0.7822302 -0.1485905 0.6854921 0.7127563 -0.1808188 0.202374 0.9624704 -0.1796427 0.2705603 0.9457936 -0.1728232 0.3342589 0.9265005 -0.04048117 0.1892101 0.9811018 -0.0470108 0.1346509 0.9897773 -0.06375398 0.1602164 0.9850209 -0.1233505 -0.5867714 0.8003024 -0.1339588 -0.6505644 0.7475433 -0.1301116 -0.579372 0.8046111 -0.1519581 0.06175099 0.9864561 -0.1723595 0.0946894 0.9804724 -0.1592462 0.1587116 0.9743979 -0.2101304 -0.889481 0.4057939 -0.2126978 -0.8452718 0.4901788 -0.1845961 -0.7777753 0.6008243 -0.1844743 -0.7082818 0.6814001 -0.2105018 -0.9574133 0.1976078 -0.2106722 -0.9407267 0.2658016 -0.2050196 -0.9215715 0.3296558 -0.1997104 -0.9756964 0.09017931 -0.2049971 -0.9779224 0.04054705 -0.2055629 -0.9711092 0.1212055 -0.005092758 0.9998109 -0.01876776 -0.006589294 0.9999118 -0.01153277 0.004093783 0.9999916 0.0002174843 0.03979172 0.4988555 -0.8657712 0.02278393 0.5848168 -0.8108454 0.01749936 0.520324 -0.8537896 0.04594633 0.9344977 -0.3529916 0.04320508 0.9507271 -0.3070036 0.03576609 0.9578395 -0.2850688 -0.03621717 0.9232508 0.3824869 -0.03538714 0.9423273 0.3328167 -0.02066399 0.963757 0.2659803 0.02967391 0.7196142 0.6937397 0.0370955 0.6761389 0.7358397 0.001525099 0.5471944 0.8370042 -0.06673298 -0.2878194 0.9553569 -0.07315827 -0.2476212 0.9660909 -0.05704955 -0.2053882 0.9770164 -0.02109399 0.5180515 0.8550893 -0.03253564 0.5544747 0.8315643 -0.005798757 0.6284019 0.7778672 -0.0483158 0.6858552 0.7261324 -0.0622949 0.5985691 0.7986453 -0.07217879 0.6542579 0.7528192 -0.04283756 0.4800972 0.8761687 -0.04911578 0.5206151 0.8523776 -0.01321326 0.4437385 0.8960589 -0.002528116 0.4082707 0.9128574 -0.02032232 0.3571782 0.9338152 -0.07998885 -0.2169594 0.9728979 -0.07082789 -0.1816696 0.9808056 -0.08368247 -0.2039465 0.9753989 -0.07651587 -0.1549691 0.9849517 -0.06940229 -0.1347322 0.9884486 0.02562907 -0.9960959 -0.08447518 0.04468339 -0.9989551 -0.009598616 0.0413428 -0.996476 -0.07298224 0.05483063 -0.1608396 0.9854564 0.03501511 -0.2512359 0.9672923 0.03821403 -0.1767255 0.9835181 -0.01307524 -0.9666552 0.2557476 -0.005931164 -0.951687 0.3070126 0.01193818 -0.9281964 0.3718991 -0.05655349 -0.9982234 0.01875302 -0.05804978 -0.9982473 0.01151731 -0.04737936 -0.9988769 -0.0002278344 -0.08461666 -0.7242099 0.6843684 -0.09816876 -0.7964007 0.5967486 -0.1083238 -0.7503006 0.6521618 -0.08357831 -0.9535355 -0.289456 -0.09131718 -0.9640756 -0.2494383 -0.07659469 -0.9753802 -0.206801 -0.09911321 -0.9706859 -0.2189643 -0.09107659 -0.9788012 -0.1834484 -0.1032062 -0.9730833 -0.2060518 -0.09756003 -0.9827833 -0.1569047 -0.09106597 -0.9864469 -0.1364899 0.005517998 -0.2559717 -0.9666685 0.01096113 -0.3073922 -0.9515198 0.02805292 -0.3734103 -0.927242 -0.0832045 -0.6824684 -0.7261638 -0.09263796 -0.5945794 -0.7986824 -0.1053968 -0.6496851 -0.7528617 -0.05137439 0.2908608 -0.9553851 -0.05985497 0.2510464 -0.9661227 -0.04593604 0.2080402 -0.977041 -0.01808748 0.4106179 -0.9116281 -0.02441329 0.3549819 -0.9345544 -0.005969493 0.2755565 -0.9612663 -0.04979391 0.3839103 -0.9220268 -0.05074129 0.334248 -0.9411183 -0.03831078 0.2670659 -0.9629165 -0.0309507 0.3092441 -0.9504789 -0.04395993 0.4353659 -0.8991796 -0.07260863 0.2079712 -0.9754363 -0.06796774 0.1586897 -0.9849863 -0.06190348 0.1381135 -0.98848 -0.07678656 0.3037284 -0.9496593 -0.07673303 0.2582483 -0.9630264 -0.06825135 0.2207767 -0.9729334 -0.06955851 0.2979866 -0.9520324 -0.06685567 0.3496229 -0.9345021 -0.05974078 0.3969084 -0.915912 -0.07803389 0.3560288 -0.9312112 -0.07876793 0.4068074 -0.9101117 -0.07740883 0.4633935 -0.8827652 -0.07379035 0.5218701 -0.8498274 -0.04404604 0.02236501 -0.9987791 -0.05746399 0.1105822 -0.9922044 -0.0458224 0.02516121 -0.9986327 -0.05986467 0.09817832 -0.9933666 -0.04533371 0.5048316 -0.8620266 -0.03840866 0.5712374 -0.8198857 -0.01258467 0.2359507 -0.9716835 -0.02736922 0.2082493 -0.9776928 -0.06091505 0.1850621 -0.9808371 -0.05314534 0.1623393 -0.9853028 -0.04614006 0.1165222 -0.9921158 -0.03708351 0.1598572 -0.9864433 -0.02736999 0.1144586 -0.9930509 -0.02352385 -0.07557277 -0.9968628 -0.02728512 -0.05900647 -0.9978846 -0.01080314 -0.1614804 -0.9868168 -0.01747397 -0.2430576 -0.9698545 -0.00898144 -0.2248442 -0.9743533 -0.01345728 -0.185558 -0.9825412 -0.015919 -0.1267012 -0.9918132 -0.06707181 -0.4772669 -0.876195 -0.06063294 -0.5520755 -0.8315866 -0.06037257 -0.4458175 -0.8930856 -0.04732058 -0.5162898 -0.8551056 -0.0504453 -0.4109691 -0.9102525 -0.04160087 -0.481517 -0.8754489 -0.03560596 -0.4424813 -0.8960706 -0.04557688 -0.6709067 -0.7401398 -0.07543847 -0.5174077 -0.8524074 -0.07103871 -0.635564 -0.768773 -0.0871969 -0.5509693 -0.8299575 -0.03776207 -0.6272802 -0.7778776 -0.03317181 -0.5871293 -0.8088132 -0.02624005 -0.546558 -0.8370101 -0.01592522 -0.5090265 -0.8606035 0.003915636 -0.2852667 -0.9584402 -0.007018395 -0.3942931 -0.9189579 0.005854663 -0.4371275 -0.8993805 0.005909312 -0.3598207 -0.9330028 -0.02310148 -0.4076107 -0.9128635 -0.01081446 -0.461551 -0.8870478 -0.0009542235 -0.4835719 -0.8753041 0.01415522 -0.5407422 -0.8410692 -0.0561883 -0.7180185 -0.6937524 -0.03109873 -0.7456019 -0.6656656 -0.02183402 -0.6988381 -0.7149466 -0.01271617 -0.7648319 -0.6441044 -0.007071162 -0.7201963 -0.6937343 0.01103125 -0.5863094 -0.8100121 -0.007579395 -0.5269929 -0.8498359 0.007063241 -0.6318338 -0.7750717 0.002598308 -0.6771611 -0.7358302 -0.02574095 0.07238336 -0.9970447 -0.03823731 0.09503457 -0.9947393 -0.03597422 0.05429824 -0.9978765 -0.04629678 0.06833038 -0.996588 0.05236293 0.07605347 -0.9957279 0.03180062 0.05163291 -0.9981597 0.05259141 -0.002697158 -0.9986125 0.02587735 -0.003335108 -0.9996596 -0.0264032 0.02292207 -0.9993885 -0.03768415 0.02797142 -0.9988981 -0.03106727 -0.01796659 -0.9993558 -0.03492354 -0.01107748 -0.9993286 -0.01878377 -0.09568574 -0.9952343 -0.02139816 0.0007737612 -0.9997707 0.003433887 -0.003933403 -0.9999864 -0.009640719 0.03080897 -0.9994788 0.01006369 0.04080778 -0.9991163 -0.009804299 0.09448234 -0.9954783 0.01322934 0.1205259 -0.992622 -0.009982976 0.15125 -0.9884451 0.01808243 -0.3104723 -0.9504104 0.008628992 -0.249476 -0.9683425 -0.0007914368 -0.1918009 -0.9814335 -0.004126787 -0.1794314 -0.9837618 -0.01847134 -0.09246181 -0.9955449 -0.03920605 0.006079492 -0.9992127 0.01451682 -0.4964218 -0.86796 0.04136287 -0.6505368 -0.7583475 0.03777409 -0.4896647 -0.8710922 0.0155194 -0.4033689 -0.9149058 0.03961246 -0.5438698 -0.8382341 0.01438101 -0.4473369 -0.8942499 0.04241142 -0.5978478 -0.8004869 -0.04507992 -0.8806648 -0.4715902 -0.02379329 -0.9291685 -0.3688899 -0.02191224 -0.8939509 -0.4476289 -0.001830604 -0.937747 -0.3473142 0.0009285185 -0.9041362 -0.4272434 0.01881301 -0.9423075 -0.3342194 0.0168667 -0.9097724 -0.4147645 0.04049838 -0.9438523 -0.3278761 -0.03823245 -0.3556703 -0.9338292 -0.01569023 -0.3447847 -0.9385506 -0.001628114 -0.3191195 -0.9477131 0.01291949 -0.3534465 -0.9353655 0.03322424 -0.4311853 -0.9016515 0.05131759 -0.501071 -0.8638833 0.06703763 -0.7589819 -0.6476515 0.06340088 -0.7235806 -0.6873219 0.05775151 -0.5661609 -0.8222692 0.06270963 -0.6294126 -0.7745368 0.06255143 -0.6714605 -0.7383957 0.06469536 -0.7004502 -0.7107629 0.06829904 -0.7930161 -0.60536 0.039163 -0.698752 -0.7142912 0.06260242 -0.821216 -0.567173 0.0377971 -0.7482539 -0.6623349 0.02694444 -0.8348479 -0.5498208 0.0599159 -0.9217655 -0.3830906 0.05789975 -0.8991475 -0.4337988 0.03399786 -0.7920307 -0.6095338 0.06508059 -0.8772521 -0.4755979 0.06512329 -0.8505639 -0.5218237 -0.003602617 -0.9633331 -0.268284 0.01769547 -0.9842895 -0.1756729 0.01684776 -0.9680369 -0.2502413 0.03332034 -0.9866216 -0.1595859 0.03486646 -0.9690722 -0.2443019 0.04249078 -0.9873312 -0.1528779 0.04509968 -0.9714429 -0.2329477 0.0469134 -0.9567545 -0.2870888 0.04050071 -0.4139805 -0.9093843 0.02992775 -0.320791 -0.9466771 0.01365969 -0.2381459 -0.9711333 -0.0113545 -0.1266106 -0.9918875 -0.07214868 -0.8154875 -0.5742601 -0.04274122 -0.8359188 -0.5471865 -0.01796077 -0.8536111 -0.5206011 0.004552853 -0.8661819 -0.4997081 0.01751436 -0.8749052 -0.4839774 0.05296107 -0.9396616 -0.3379812 -0.1018449 -0.9497068 -0.2961157 -0.1112535 -0.9286341 -0.3539229 -0.1091529 -0.9471431 -0.3016713 -0.07053693 -0.9972831 -0.02123445 -0.08602427 -0.9903036 -0.1090807 -0.0723796 -0.9970887 -0.02398444 -0.08813732 -0.9914113 -0.09661968 -0.08368111 -0.9392612 -0.3328452 -0.07011237 -0.9614194 -0.266002 -0.05806245 -0.9765139 -0.2074836 -0.06676389 -0.9850412 -0.1588595 -0.03951389 -0.9877519 -0.1509463 -0.08284872 -0.9834822 -0.1609312 -0.04748162 -0.9959653 0.07614807 -0.05168931 -0.9968782 0.05968309 -0.03231811 -0.9863101 0.1617033 -0.03844709 -0.9911489 0.1270659 -0.03424554 -0.9819829 0.1858408 -0.02855833 -0.9739401 0.2250001 -0.07762435 -0.8744734 0.4788222 -0.0681235 -0.8300969 0.5534423 -0.07217021 -0.8915115 0.4472121 -0.05634338 -0.85393 0.5173286 -0.063584 -0.9089074 0.4121219 -0.05204255 -0.8743919 0.4824213 -0.04758261 -0.8951365 0.4432454 -0.04767187 -0.7391507 0.6718509 -0.08434403 -0.8505031 0.5191633 -0.07476183 -0.7670896 0.6371689 -0.09465573 -0.8277777 0.5530139 -0.04195499 -0.7770499 0.6280392 -0.03919518 -0.8080677 0.5877843 -0.03403498 -0.8364082 0.5470494 -0.02529685 -0.8602367 0.5092671 -0.01371588 -0.9584074 0.285074 -0.02083721 -0.9187267 0.3943438 -0.006371964 -0.8995186 0.4368359 -0.009161857 -0.9330797 0.3595529 -0.03641176 -0.9122255 0.4080673 -0.02208693 -0.8867733 0.4616766 -0.01136669 -0.8753043 0.4834389 0.006079782 -0.8415113 0.5402053 -0.05586992 -0.6925346 0.7192179 -0.029364 -0.6651272 0.7461525 -0.02257807 -0.7146013 0.6991676 -0.009943152 -0.6440635 0.7649074 -0.00672934 -0.6937937 0.7201423 0.004926537 -0.8104137 0.5858373 -0.01621874 -0.8497014 0.5270147 0.003029612 -0.7754122 0.6314481 0.0007428154 -0.7360981 0.6768745 -0.02514719 -0.9806436 -0.1941797 -0.03796612 -0.9606042 -0.2753147 -0.04383781 -0.9708723 -0.2355531 -0.05772863 -0.9333695 -0.3542438 -0.06350937 -0.9491492 -0.3083542 -0.07839262 -0.8974458 -0.4341032 -0.08350448 -0.9201679 -0.3825155 -0.01564216 -0.9925507 -0.1208241 -0.09361728 -0.9137881 -0.3952558 -0.1000049 -0.9322185 -0.3478041 -0.1082872 -0.9605372 -0.2562074 -0.05347413 -0.9959915 -0.07170338 -0.06647981 -0.9933474 -0.09402853 -0.06326115 -0.9965693 -0.05336316 -0.07390114 -0.9950038 -0.06712747 -0.1127335 -0.907489 -0.4046663 -0.1121074 -0.8801495 -0.4612686 -0.1091265 -0.8472781 -0.5198185 -0.09572596 -0.8517301 -0.5151625 -0.08057123 -0.8602236 -0.5035113 -0.0522298 -0.9105785 -0.4100231 -0.03253374 -0.9481337 -0.3162027 -0.01382806 -0.9741424 -0.2255113 0.008221567 -0.9904534 -0.1376023 0.00452936 -0.9986145 -0.0524272 0.02667976 -0.9996431 0.001354948 -0.07485699 -0.9905052 -0.1153076 -0.05607104 -0.9919289 -0.1137234 -0.03807076 -0.9948249 -0.09420162 -0.01694203 -0.9990134 -0.04105123 -2.753093e-05 -0.9999964 0.002673998 -0.05154095 -0.9978066 0.04153948 -0.04098431 -0.9946321 0.09501154 -0.06058214 -0.9980915 0.0119645 -0.02244936 -0.9997406 0.003844489 -0.03638787 -0.9988706 -0.03055314 -0.05293582 -0.9983502 -0.02224129 -0.06432529 -0.9975636 -0.02700129 -0.06529622 -0.997853 -0.005077672 -0.04196763 -0.9947903 0.09290276 -0.02290687 -0.9832296 0.1809275 -0.02140015 -0.9812088 0.1917587 -0.009872214 -0.9687118 0.247992 0.002687232 -0.9502473 0.3114848 0.03624905 -0.7602732 0.6485913 0.004612519 -0.8683731 0.4958901 0.0338195 -0.8017779 0.5966644 0.002542326 -0.894618 0.4468246 0.03066068 -0.8388591 0.5434845 0.002022317 -0.9152674 0.4028418 0.02589659 -0.8725469 0.4878435 -0.01073648 -0.447501 0.894219 0.01305477 -0.3477708 0.9374887 0.01287847 -0.4277224 0.9038184 -0.05340164 -0.9327566 0.3565297 -0.03127457 -0.9380548 0.3450727 -0.01811416 -0.9475623 0.3190572 -0.002380224 -0.9356195 0.353002 0.0198934 -0.9021612 0.4309402 0.04694276 -0.8554025 0.5158322 0.03624089 -0.8928239 0.4489456 0.02386008 -0.9249717 0.3792863 0.07212908 -0.6593269 0.7483886 0.0686004 -0.7136067 0.6971797 0.06317002 -0.7651289 0.6407709 0.05589371 -0.8126841 0.5800176 0.03101611 -0.5521312 0.8331801 0.07748442 -0.396639 0.9146987 0.03669898 -0.6096083 0.7918528 0.07732867 -0.4674917 0.8806088 0.03724988 -0.6645228 0.746339 0.07650335 -0.5352632 0.8412137 0.03707547 -0.7147327 0.6984143 0.07470159 -0.5995905 0.796813 0.0341412 -0.3352197 0.9415212 0.05357954 -0.2460593 0.9677727 0.06294041 -0.1638487 0.9844756 0.06248474 -0.2444479 0.9676471 0.0559483 -0.3294295 0.9425211 0.02927401 -0.4156655 0.9090463 0.01398959 -0.2687383 0.9631116 -0.009672641 -0.3687631 0.9294731 -0.03485009 -0.4708438 0.881528 0.005932925 -0.9544865 0.2981951 -0.01775836 -0.9798755 0.1988181 -0.03665031 -0.9927217 0.1147188 -0.06623013 -0.5727327 0.8170623 -0.03561786 -0.5464456 0.8367369 -0.009712028 -0.5205245 0.8537915 0.01365 -0.5002316 0.865784 0.02723403 -0.4848487 0.8741739 0.06830514 -0.3273848 0.942419 -0.08525814 -0.2939999 0.9519953 -0.09669967 -0.3515292 0.9311694 -0.092771 -0.2993621 0.9496188 -0.06531312 -0.09495485 0.9933367 -0.04753392 -0.02275717 0.9986104 -0.06355347 -0.1074658 0.9921754 -0.009850803 0.1273648 0.991807 -0.004358656 0.1860168 0.9825369 -0.002949313 0.1618345 0.9868135 0.002137153 0.2250205 0.9743517 -0.0314846 0.3026693 0.9525755 -0.0100181 0.2990597 0.9541818 0.00162749 0.3451469 0.9385473 0.004194568 0.2803895 0.9598772 0.01434565 0.318792 0.9477161 0.009822998 0.2434062 0.9698747 0.01813458 0.2846989 0.9584454 -0.03777392 0.4483449 0.8930622 -0.0296616 0.4130319 0.9102334 0.009883301 0.5091821 0.8606021 -0.03860059 0.6383873 0.7687468 -0.01949022 0.7199673 0.6937343 -0.01133979 0.6723724 0.7401262 -0.05912054 0.5547372 0.8299225 -0.02468889 0.06034486 0.9978722 -0.02007948 0.07669561 0.9968523 -0.04561607 -0.0200561 0.9987577 -0.06832696 -0.3311818 0.9410898 -0.05246559 -0.2647283 0.9628948 -0.03851841 -0.2065526 0.977677 -0.04573335 -0.1577246 0.9864235 -0.0182267 -0.1505236 0.9884384 -0.0619011 -0.1593768 0.9852752 0.02631279 0.3064323 0.9515287 0.01822312 0.2553603 0.9666742 0.008612237 0.1915995 0.9814354 0.01284531 0.3941431 0.9189593 0.02791527 0.4362579 0.8993886 0.02397493 0.3590511 0.9330099 0.01914791 0.526695 0.8498386 0.01253117 0.4615068 0.8870482 0.02351733 0.4829909 0.8753095 0.03695823 0.4460149 0.8942622 0.03582228 0.4020468 0.9149181 0.03064662 0.3523247 0.9353759 -0.03035577 0.8181272 0.5742356 8.072995e-05 0.8818236 0.4715795 7.72001e-05 0.8370174 0.5471763 0.006999187 0.7462225 0.6656598 0.01382122 0.6990444 0.7149447 -0.003295862 0.5880684 0.8088045 -0.01718128 0.4830307 0.8754348 0.03920285 0.6306424 0.7750828 0.04080584 0.5849746 0.8100245 0.04156556 0.5393074 0.8410826 0.03963273 0.4950274 0.867973 -0.06607059 0.9120935 0.4046235 -0.06348003 0.9331337 0.3538811 -0.05297171 0.9536936 0.2960787 -0.06040463 0.9515094 0.3016308 -0.04912698 0.9745033 0.2189289 -0.04692357 0.9865039 0.1568702 -0.0402398 0.9898282 0.1364585 -0.05308494 0.977108 0.2060144 -0.05882897 0.9648406 0.2561675 -0.06687954 0.8847587 0.4612258 -0.05205891 0.9361343 0.3477678 -0.04169606 0.9675008 0.2494065 -0.04066636 0.9821937 0.1834169 -0.03499319 0.9934199 0.1090518 -0.005153125 0.9342645 -0.3565437 -0.001236606 0.8963937 -0.4432571 0.01078216 0.9128855 -0.4080734 0.01925493 0.8603923 -0.5092685 0.02526535 0.9806406 0.1941797 0.01615704 0.9485554 0.3161988 0.01139324 0.9612885 0.2753083 -0.005490647 0.9120648 0.4100093 -0.05200822 0.8555344 0.5151271 -0.06562232 0.8517781 0.5197767 -0.04665101 0.9174002 0.3952222 -0.03452906 0.9565769 0.2894277 -0.02639089 0.9780322 0.2067764 -0.03219771 0.9864448 0.1609037 0.009332508 0.9956307 -0.09291057 -0.01912517 0.999592 0.02121301 0.003878296 0.9970882 -0.0761585 -0.02097671 0.9994928 0.02396212 -0.0002846985 0.9982166 -0.05969552 0.0103074 0.9954221 -0.09501887 -0.009126097 0.9998866 -0.01198116 -0.01385435 0.9998912 0.005058746 -0.02262417 0.9974894 0.06710439 -0.02383331 0.9930466 0.1152841 -0.01605297 0.9871739 0.1588397 -0.007825187 0.9782105 0.2074678 -0.0147215 0.9511638 0.3083355 -0.03230621 0.9002964 0.4340768 0.01642961 0.9824417 -0.1858451 0.02171404 0.9741164 -0.2250017 0.01856566 0.9866642 -0.1617066 0.02880973 0.9694535 -0.2435775 0.02922095 0.9810074 -0.1917568 0.03681636 0.9660438 -0.2557419 0.04323648 0.7742208 -0.6314371 0.02778726 0.8494035 -0.527012 0.02380365 0.8867291 -0.4616762 0.06840424 0.6069018 -0.7918277 0.03895099 0.7350759 -0.676865 0.009320033 0.8370446 -0.5470553 -0.005174029 -0.1941108 0.980966 -0.02060339 -0.2748722 0.96126 -0.02517633 -0.2349783 0.9716745 -0.04309785 -0.3532434 0.9345382 -0.04728017 -0.3072295 0.9504602 -0.0667389 -0.4325153 0.8991532 -0.06992774 -0.3808273 0.9219982 0.00653417 -0.1210348 0.9926268 -0.0805275 -0.3932964 0.9158784 -0.08520813 -0.345707 0.9344657 -0.09038315 -0.2539449 0.9629864 -0.02990877 -0.07095031 0.9970314 -0.04355329 -0.09292837 0.9947198 -0.03919806 -0.05236246 0.9978585 -0.05022853 -0.06584474 0.9965649 0.06671955 0.8317274 0.5511607 0.07279029 0.7902283 0.6084741 0.07355835 0.7446792 0.6633567 0.073419 0.6967419 0.7135547 0.0724597 0.6469271 0.7591014 0.06974079 0.5950533 0.8006546 0.06614775 0.5419487 0.8378043 0.06080005 0.486428 0.8716026 0.05407741 0.4296801 0.9013604 0.04525725 0.3708484 0.92759 0.03500497 0.3106801 0.9498697 -0.0347847 0.01287255 0.9993119 -0.03994451 -0.004041271 0.9991937 -0.01313036 0.09538483 0.9953539 -0.01416379 0.0933022 0.9955371 0.006876629 0.1808098 0.983494 0.02127495 0.2475227 0.9686485 -0.1000361 -0.402203 0.910069 -0.1015782 -0.4587843 0.8827224 -0.1009584 -0.5173701 0.8497856 -0.08733233 -0.5130667 0.8538944 -0.07166839 -0.5018187 0.8619986 -0.03963296 -0.4091315 0.9116143 -0.01655488 -0.3158792 0.948655 0.005157804 -0.2257216 0.9741782 0.02989269 -0.1384257 0.9899216 0.02862398 -0.05318891 0.9981741 0.05218327 -9.150634e-07 0.9986375 -0.05255024 -0.1139808 0.9920922 -0.03369928 -0.112886 0.9930363 -0.01512989 -0.09384025 0.9954723 0.00747256 -0.04125936 0.9991205 0.02553696 0.002011128 0.9996719 -0.03955122 -0.02598251 0.9988797 -0.02802557 -0.02152046 0.9993755 -0.01169128 -0.03025965 0.9994737 -0.02498836 0.04220291 0.9987965 -0.03226166 0.01235964 0.999403 -0.03057898 0.01955406 0.9993411 -0.02188742 0.0003408938 0.9997604 0.00315388 0.00376376 0.9999879 0.1010921 0.9401098 0.3255363 0.1113108 0.9121145 0.3945339 0.1120758 0.8779932 0.4653675 0.1119553 0.838588 0.533138 0.1106412 0.7942064 0.5974903 0.1083352 0.7458256 0.6572729 0.1048623 0.6946897 0.711625 0.09928345 0.6384068 0.763269 0.09164591 0.5778315 0.8109943 0.08212237 0.513872 0.8539271 0.07064383 0.4472611 0.8916092 0.05728098 0.3779256 0.9240623 0.0380113 0.2973078 0.9540247 0.01240103 0.1985629 0.9800097 -0.008335915 0.1149741 0.9933335 0.05912181 0.9887193 0.1376184 0.06824772 0.9820764 0.1756935 0.04585501 0.9622451 0.2682941 0.066529 0.9658899 0.2502612 0.04627004 0.9366027 0.3473248 0.06712727 0.9400944 0.33424 0.04725741 0.9028953 0.4272549 0.06347052 0.9077037 0.4147838 0.04888887 0.8648057 0.4997209 0.01130421 0.9884784 0.1509395 0.006076816 0.9718447 0.2355441 -0.009782509 0.935108 0.3542277 -0.03643086 0.8632365 0.5034833 0.03540567 0.9920417 0.1208289 0.0362199 0.9735658 0.2255167 0.02388463 0.9291662 0.3688899 0.02391296 0.8938994 0.4476294 0.02574811 0.8534106 0.5206029 0.02825885 0.8103883 0.5852113 -0.01531078 0.9954536 0.09400897 -0.004998225 0.9935016 0.1137088 -0.03704047 0.9946348 0.09658974 0.1063255 0.6547315 -0.7483459 0.1055707 0.7091216 -0.697138 0.07532593 0.7989673 -0.5966383 0.07405438 0.8361625 -0.5434594 0.04879692 0.8932959 -0.4468123 0.04931937 0.9139453 -0.4028295 0.0390461 0.9323102 -0.3595457 0.07100386 0.8700516 -0.4878204 0.06650563 0.8999363 -0.4309195 0.03745069 0.1366916 -0.9899055 0.04631773 0.1674697 -0.9847886 0.02669416 0.2608757 -0.9650033 0.02971222 0.3045185 -0.9520429 0.01066795 0.4083308 -0.9127717 0.01455722 0.4533265 -0.8912256 -0.005025321 0.5524468 -0.833533 -0.001093794 0.6108926 -0.7917127 0.00526445 0.6657478 -0.7461583 0.05257002 0.4827936 -0.8741549 0.05979041 0.5497929 -0.8331584 0.04743051 0.5657189 -0.823233 0.02933209 0.6932117 -0.7201369 -0.01207118 0.8556918 -0.517345 -0.001605837 0.7781717 -0.6280496 0.002727508 0.8090068 -0.587793 0.01456527 0.7148076 -0.6991695 0.0235844 0.6437123 -0.7649041 0.104353 0.5306059 -0.8411705 0.1058432 0.5949412 -0.7967698 0.07414614 0.7118686 -0.6983877 0.07564089 0.7573919 -0.6485646 0.049641 0.8400764 -0.540192 0.04953703 0.8669786 -0.4958771 0.0401419 0.898649 -0.4368279 0.05987273 0.9263472 -0.371882 0.0517401 0.9488458 -0.3114718 0.04011729 0.9679329 -0.2479847 0.02781507 0.9831032 -0.1809264 0.02635742 0.7644806 0.6441077 0.05370106 0.8221308 0.5667602 0.06228969 0.8728502 0.4839964 0.08879827 0.9405315 0.3278955 0.08496163 0.9658913 0.2446128 0.08449865 0.983593 0.1593889 0.07691288 0.9934568 0.08442769 0.05589524 0.9970585 0.05244165 0.03447828 0.9985618 0.04105542 0.01313657 0.995467 0.09419565 0.01505587 0.9994199 0.03054804 -0.00217558 0.9974246 0.07169007 -0.00149295 0.9997518 0.02222828 -0.01191113 0.9985051 0.05334518 -0.01291008 0.9995525 0.02698282 0.03279267 0.9794884 -0.1988145 0.01454674 0.9932909 -0.1147241 -9.742009e-05 0.9991363 -0.04155183 0.02903713 0.9995709 -0.003842914 0.05144185 0.9986724 -0.002661704 0.07809492 0.996945 -0.001329895 0.101708 0.4628813 -0.880566 0.07175901 0.6617157 -0.7463129 0.04691056 0.8090788 -0.5858249 0.03392979 0.8747233 -0.4834335 0.02666412 0.9185767 -0.3943424 0.07522534 0.0006619515 -0.9971663 0.06201267 0.1142148 -0.9915187 0.04690531 0.2055709 -0.9775175 0.04983203 0.2560576 -0.9653762 0.03301513 0.3532112 -0.9349609 0.05179908 0.3330066 -0.9415006 0.03530746 0.4264816 -0.9038069 0.05106322 0.4135967 -0.9090271 0.08551491 0.3234237 -0.9423822 0.07327974 0.3261017 -0.9424902 0.07544567 0.2408961 -0.9676141 0.06663527 0.2429636 -0.967744 0.07176048 0.16038 -0.9844433 0.06474006 0.1648327 -0.9841945 0.07501271 0.08419726 -0.9936216 0.07807777 0.03261521 -0.9964136 0.09823317 0.3921141 -0.9146566 0.05519332 0.9529124 -0.2981805 0.07161639 0.922513 -0.3792635 0.08235949 0.8897698 -0.4489172 0.09115313 0.8518464 -0.5157992 0.09792424 0.8087231 -0.5799808 0.1027724 0.7608557 -0.6407312 0.09582926 0.9953399 0.01073466 0.09173452 0.9926349 0.07912441 0.0926543 0.9823999 0.1621902 0.09381658 0.9655355 0.2427749 0.01723403 0.225145 -0.9741728 0.008015076 0.3625906 -0.931914 -0.009715343 0.5129681 -0.8583527 -0.02500484 0.646114 -0.7628312 -0.01980861 0.6944834 -0.719236 -0.009244802 0.7406164 -0.6718645 -0.2029442 -0.958393 0.20074 -0.08797408 -0.1752816 0.9805799 -0.1121279 -0.2819279 0.9528609 -0.1125738 -0.2781661 0.9539134 -0.08660312 -0.175129 0.9807292 -0.06077336 -0.07414217 0.9953942 -0.05853637 -0.06426481 0.9962146 -0.04342053 -0.01254584 0.9989781 -0.03905345 0.00466055 0.9992263 -0.03739348 0.01052828 0.9992452 -0.036319 0.0236668 0.99906 -0.2053983 -0.7927047 0.5739606 -0.1981814 -0.7458395 0.635962 -0.1752064 -0.6304979 0.7561582 -0.1961231 -0.6977175 0.6890036 -0.1634396 -0.5508615 0.818437 -0.1867314 -0.6244602 0.7584068 -0.1496821 -0.4653602 0.8723733 -0.1743609 -0.5415876 0.8223631 -0.1311189 -0.3756622 0.9174343 -0.1586955 -0.4570661 0.8751607 -0.1356622 -0.3637615 0.9215603 -0.1916475 -0.8984937 0.3949433 -0.1973783 -0.9441386 0.2639015 -0.1886946 -0.923499 0.333982 -0.1846032 -0.9565399 0.2257279 -0.1774884 -0.9378884 0.2980992 -0.1581312 -0.9580158 0.2391657 -0.1861589 -0.8432828 0.5042013 -0.1852278 -0.868433 0.4599074 -0.1778806 -0.894831 0.4094337 -0.1597222 -0.6882071 0.7077145 -0.1576055 -0.6168689 0.7711247 -0.1503969 -0.5437851 0.8256383 -0.1415492 -0.4702914 0.8710854 -0.1306161 -0.3956563 0.909063 -0.1173401 -0.3195113 0.9402892 -0.1008215 -0.2389579 0.9657816 -0.07964041 -0.1493131 0.9855775 -0.05330868 -0.04608617 0.997514 -0.06129168 0.03397254 0.9975416 -0.04524389 0.04734973 0.9978532 -0.04233408 0.02753232 0.9987241 -0.03726201 0.03755595 0.9985996 -0.1788755 0.04520973 0.9828324 -0.1649856 0.02033637 0.9860863 -0.1413516 0.01917266 0.9897738 -0.05356752 0.06192133 0.9966425 -0.06658132 0.06538985 0.995636 -0.1273878 0.2425573 0.9617371 -0.1018673 0.2110576 0.9721511 -0.1354988 0.1745564 0.9752795 -0.1119975 0.1543269 0.9816515 -0.1347821 0.1154723 0.9841239 -0.11213 0.1031311 0.9883273 -0.1286702 0.05592041 0.9901095 -0.1073723 0.05042859 0.9929391 -0.1194354 0.01801564 0.9926785 -0.08954177 0.02502962 0.9956685 -0.08137237 0.1845794 0.9794432 -0.09101188 0.1358929 0.9865343 -0.09177337 0.09169605 0.991549 -0.08634543 0.04919346 0.99505 -0.05647509 0.01625016 0.9982718 -0.0401826 0.01187652 0.9991218 -0.0380871 0.01025912 0.9992218 -0.07539324 0.08339521 0.9936605 -0.07308968 0.1349215 0.9881569 -0.03121684 0.09118669 0.9953444 -0.02887621 0.06497669 0.9974689 -0.03331871 0.03122223 0.998957 -0.1248964 -0.6640173 0.7372123 -0.1053457 -0.592486 0.798663 -0.1095224 -0.6738219 0.7307317 -0.08688734 -0.5914437 0.8016513 -0.08817989 -0.6672835 0.7395654 -0.06060349 -0.640089 0.7659068 -0.03291228 -0.6100169 0.7917046 -0.007733273 -0.5852043 0.810849 0.01785765 -0.5674001 0.8232486 -0.1303434 -0.7462718 0.6527549 -0.1429242 -0.7280736 0.6704339 -0.1564496 -0.7075972 0.6890789 -0.1298305 -0.5132482 0.8483633 -0.1248746 -0.4485977 0.8849669 -0.1188187 -0.3860941 0.9147751 -0.1111502 -0.3242943 0.9394035 -0.1015125 -0.262176 0.9596661 -0.08900529 -0.1966698 0.9764215 -0.07225906 -0.1232013 0.9897475 -0.04913326 -0.03380609 0.99822 -0.02897811 0.0450968 0.9985622 -0.02049178 0.09557402 0.9952114 -0.01695333 0.1356322 0.9906142 -0.02110371 0.1733823 0.9846285 -0.03578227 0.1126404 0.9929913 -0.06048777 0.2950881 0.9535535 -0.07062588 0.2371442 0.9689038 -0.09238493 0.2744915 0.9571413 -0.05392001 0.2047006 0.9773384 -0.0431784 0.2522187 0.9667064 -0.03109621 0.2134122 0.9764672 -0.02092621 0.2551015 0.9666878 -0.01411246 0.2217799 0.9749946 -0.00540456 0.2436468 0.969849 -0.1091037 0.4194234 0.9012105 -0.1004815 0.3926783 0.9141702 -0.1111019 0.3125409 0.9433846 -0.09122104 0.3613538 0.9279559 -0.07559893 0.3377992 0.9381772 -0.05717597 0.3782633 0.9239306 -0.04214139 0.3527299 0.9347758 -0.1176667 0.4709487 0.8742779 -0.1287899 0.332414 0.9342987 -0.1514359 0.5083074 0.8477563 -0.1583521 0.3991923 0.9030892 -0.08010894 0.9552648 0.284696 -0.08062313 0.9563309 0.2809467 -0.05796992 0.9824177 0.1774683 -0.05659987 0.9825314 0.1772808 -0.03097588 0.9973561 0.06573686 -0.03298088 0.9965875 0.07566806 -0.01711683 0.9997603 0.0136492 -0.1701396 0.5785764 0.7976853 -0.1625115 0.6404004 0.7506513 -0.1393694 0.7600358 0.6347612 -0.1603034 0.6934026 0.7024925 -0.1280227 0.8220407 0.5548506 -0.1509824 0.7625869 0.6290195 -0.1150528 0.8756581 0.4690263 -0.1390712 0.8262553 0.5458584 -0.09761806 0.9202813 0.378884 -0.1241993 0.8786842 0.4609648 -0.1023545 0.9245317 0.3671031 -0.1510152 0.4639876 0.8728745 -0.1482697 0.5708547 0.8075525 -0.1381384 0.5334914 0.8344487 -0.177519 0.1258602 0.976036 -0.1731599 0.2053082 0.9632571 -0.16632 0.2683133 0.9488654 -0.1563474 0.3381583 0.928011 -0.1443112 0.4133226 0.8990766 -0.1299942 0.4926487 0.8604643 -0.01167512 0.999886 -0.009571131 -0.01094113 0.9996817 -0.02273278 -0.01318488 0.9999064 -0.00366297 -0.008138131 0.9995058 -0.03036227 -0.02618136 0.9985313 0.04743081 -0.1236829 0.711168 0.6920568 -0.1217388 0.7745491 0.6206878 -0.1149819 0.8289055 0.547444 -0.106833 0.8741562 0.4737485 -0.09682332 0.9118864 0.3988588 -0.08468611 0.9428078 0.3224001 -0.06956985 0.9679159 0.2414515 -0.05017399 0.9872143 0.1512958 -0.01236202 0.9998805 -0.009284362 -0.01449997 0.999836 -0.0108478 -0.0170595 0.9995047 -0.02644363 -0.03091525 0.9994124 -0.01480449 -0.03619946 0.9988193 -0.03239827 -0.1059116 0.9933325 -0.04553382 -0.1324047 0.9903473 -0.04100375 -0.1261172 0.9903316 -0.05777399 -0.1496507 0.9870357 -0.0580106 -0.1492784 0.9839852 -0.09741157 -0.05165254 0.9953385 -0.08144522 -0.06828831 0.9936587 -0.08932561 -0.04233609 0.9970726 -0.06367045 -0.1477792 0.9766848 -0.155718 -0.1374349 0.9837477 -0.1155513 -0.1456139 0.98295 -0.1122757 -0.154229 0.2298125 0.9609368 -0.1457141 0.301987 0.94211 -0.1365333 0.3856264 0.9124971 -0.1286562 0.632874 0.7634907 -0.1233924 0.6039563 0.7874079 -0.113287 0.5742586 0.8107978 -0.09897419 0.5616109 0.8214605 -0.09120116 0.5081714 0.8564136 -0.08107301 0.4726156 0.8775316 -0.0712846 0.4397212 0.895301 -0.06439545 0.411144 0.9092931 -0.0887305 0.7397673 0.6669866 -0.06941985 0.8007369 0.59498 -0.07328509 0.7328831 0.676396 -0.05092265 0.8032455 0.5934674 -0.05189389 0.7411639 0.6693154 -0.02434471 0.7667982 0.6414265 0.003231728 0.7918879 0.6106579 -0.004164402 0.9990077 -0.04434303 -0.02230344 0.9991367 0.03504823 -0.04335491 0.9912085 0.1250041 -0.05856318 0.9782733 0.1988759 -0.06982734 0.961805 0.2646797 -0.07840142 0.9417584 0.3270236 -0.08512908 0.9172965 0.3889989 -0.09036196 0.8876143 0.4516366 -0.09461726 0.8511089 0.5163925 -0.1204023 0.6924408 0.7113572 -0.1068482 0.6734372 0.7314819 -0.09427113 0.6554254 0.7493534 -0.05080717 0.9898111 -0.1330135 -0.04220404 0.9864504 -0.1585383 -0.06878441 0.9886552 -0.1335275 -0.0605768 0.9813484 -0.182444 -0.09035296 0.9843314 -0.1514203 -0.0819227 0.9746086 -0.2083909 -0.1110299 0.9782907 -0.174985 -0.1023347 0.9653038 -0.240242 -0.1188446 0.9600625 -0.2532902 -0.1085939 0.9370867 -0.331777 -0.1195241 0.9173122 -0.3798055 -0.1068805 0.8773511 -0.4677945 -0.04319612 0.9549982 -0.2934494 -0.0514514 0.9705683 -0.2352657 -0.07445382 0.9593996 -0.272046 0.005337704 0.99081 -0.1351557 0.00294233 0.995471 -0.09502026 0.01267729 0.9918125 -0.1270721 0.0308317 0.9472348 -0.3190542 0.01721183 0.9384169 -0.3450761 0.02198239 0.95963 -0.2804052 0.007155166 0.9543181 -0.2987069 0.01358546 0.9698234 -0.2434296 -0.002300071 0.9670741 -0.2544847 0.005574525 0.975179 -0.2213478 -0.01114637 0.9770867 -0.2125496 7.210835e-05 0.9849591 -0.1727877 -0.01978767 0.9819474 -0.1881161 -0.03371031 0.9785446 -0.2032588 -0.02446353 0.9676687 -0.2510354 -0.01443087 0.9532722 -0.3017678 -0.02681936 0.9357885 -0.3515404 -0.0165229 0.9109702 -0.412141 -0.006739597 0.8759057 -0.4824354 -0.0597857 0.9400479 -0.3357612 -0.07626354 0.9302514 -0.3589097 -0.05918673 0.8971416 -0.4377601 -0.06715765 0.8810753 -0.4681839 -0.05673957 0.8329732 -0.5503965 -0.08667462 0.9167317 -0.3899879 -0.07370003 0.8593243 -0.5060929 -0.07555461 0.8175789 -0.5708382 -0.06285147 0.8018236 -0.5942462 -0.0731577 0.7842859 -0.6160711 -0.05120185 0.7049092 -0.7074471 -0.05566161 0.6679987 -0.7420778 -0.05594848 0.5951219 -0.8016855 -0.06040185 0.516871 -0.8539297 -0.03487747 0.7699129 -0.6371952 -0.04454098 0.7302102 -0.6817692 -0.03066 0.6134943 -0.7891038 -0.01209123 0.4667384 -0.8843128 0.0001781795 0.316301 -0.9486589 0.005292183 0.1941078 -0.9809659 -0.02504508 0.8324961 -0.5534645 -0.02597628 0.8940389 -0.4472356 -0.09448587 0.9461589 -0.3096057 -0.09630977 0.904018 -0.4165044 -0.08729068 0.8227747 -0.5616246 -0.1743152 0.3429458 0.9230398 -0.1522951 0.9675882 -0.2014429 -0.1556494 0.9809669 -0.1160916 -0.1474595 0.9879465 -0.04708995 -0.1230392 0.9922687 -0.0162555 -0.1095297 0.9939407 -0.009229208 -0.09402416 0.9954575 -0.01496368 -0.1400658 0.8768097 -0.4599852 -0.1449609 0.9071618 -0.3950238 -0.1422689 0.8517402 -0.5042798 -0.1588575 0.9315656 -0.3270318 -0.1635703 0.901776 -0.400056 -0.0380871 -0.008297542 -0.99924 -0.03701149 -0.02177845 -0.9990775 -0.03740824 -0.008602051 -0.999263 -0.03876402 -0.002656658 -0.9992449 -0.1642359 0.8030584 -0.5728209 -0.1592277 0.7550432 -0.6360474 -0.1421621 0.6386705 -0.7562341 -0.1596236 0.7068784 -0.6890887 -0.13448 0.5585332 -0.8185082 -0.1539816 0.633234 -0.7584882 -0.1251155 0.4724366 -0.872439 -0.1461711 0.5507357 -0.8217811 -0.1109125 0.3817963 -0.9175675 -0.135537 0.4679042 -0.8733243 -0.09630181 0.2871484 -0.9530329 -0.1115911 0.3445916 -0.9320966 -0.07786185 0.1797168 -0.9806321 -0.08137311 0.1971329 -0.9769939 -0.05455456 0.06728385 -0.9962413 -0.05788209 0.08361791 -0.9948154 -0.04223984 0.0147517 -0.9989986 -0.04026311 -0.00980495 -0.999141 -0.05675952 -0.01333423 -0.9982988 -0.04321771 -0.02532926 -0.9987445 -0.06248222 -0.03078522 -0.9975712 -0.1802579 -0.04053059 -0.982784 -0.1653424 -0.01183003 -0.9861653 -0.141678 -0.01188431 -0.9898415 -0.1299679 0.8381085 -0.5297948 -0.1417439 0.8115092 -0.5668875 -0.1483974 0.9530428 -0.2639842 -0.140754 0.9319827 -0.3340608 -0.1313938 0.9027952 -0.4095076 -0.120112 0.8638766 -0.4891731 -0.06938275 -0.06188861 -0.9956685 -0.09741394 -0.1310407 -0.9865794 -0.07946473 -0.130993 -0.9881934 -0.09589729 -0.08686331 -0.9915939 -0.07911064 -0.07941655 -0.9936974 -0.08828734 -0.04469645 -0.9950917 -0.1193228 -0.1483702 -0.9817069 -0.1168171 -0.09723548 -0.988382 -0.1093509 -0.04484771 -0.992991 -0.09023548 -0.02040015 -0.9957115 -0.1197299 -0.01185685 -0.9927357 -0.1309046 -0.04923605 -0.9901716 -0.1400763 -0.1083944 -0.9841897 -0.1438372 -0.1673632 -0.9753463 -0.07144479 -0.1567349 -0.9850532 -0.09029641 -0.1801587 -0.9794843 -0.1121305 -0.2055469 -0.9722022 -0.1392433 -0.2356912 -0.9618009 -0.05038933 0.04875652 -0.9975388 -0.03440409 -0.02947829 -0.9989732 -0.03170548 -0.06341664 -0.9974834 -0.03866832 -0.03560065 -0.9986177 -0.035393 -0.08947141 -0.9953603 -0.1769918 -0.49985 -0.8478348 -0.1782563 -0.3905242 -0.9031697 -0.1905763 -0.3257478 -0.9260502 -0.111729 -0.9744199 -0.1949935 -0.08582248 -0.9929208 -0.08211456 -0.08211777 -0.9944434 -0.06587068 -0.06854353 -0.9975545 -0.01366968 -0.06463258 -0.9979025 0.003644363 -0.0631266 -0.9979598 0.009553245 -0.06238936 -0.9977934 0.02271524 -0.1994839 -0.5678297 -0.7986086 -0.1948976 -0.6311967 -0.7507367 -0.177999 -0.7518631 -0.6348371 -0.1954434 -0.6842417 -0.7025776 -0.1698969 -0.8143689 -0.5549219 -0.1897307 -0.7538132 -0.629101 -0.1597448 -0.8685818 -0.469092 -0.1814665 -0.8173422 -0.5468287 -0.1444128 -0.9141239 -0.3788434 -0.1700669 -0.8691991 -0.4642953 -0.1283202 -0.9500197 -0.284599 -0.1445199 -0.9286552 -0.3416336 -0.1078706 -0.9781597 -0.1776727 -0.08757444 -0.995632 0.03236868 -0.07189268 -0.9963437 0.0461583 -0.06849229 -0.9973017 0.02642318 -0.06368075 -0.9972999 0.0365752 -0.1905533 -0.9815457 0.01604296 -0.1786195 -0.9822201 0.05778209 -0.1669988 -0.9858354 0.0154937 -0.1552888 -0.98647 0.05255853 -0.1451411 -0.9892987 0.01490649 -0.1339345 -0.9898453 0.04762192 -0.1155258 -0.9930452 0.02269479 -0.1129434 -0.9924923 0.04693351 -0.08231935 -0.9964964 0.01477741 -0.06594574 -0.9977645 0.01082856 -0.06381217 -0.9979189 0.009266148 -0.1742785 -0.4556109 -0.8729523 -0.1770681 -0.5624768 -0.8076303 -0.1650143 -0.5256849 -0.8345212 -0.1826096 -0.1478748 -0.9720014 -0.188382 -0.2538886 -0.9487111 -0.184241 -0.1949616 -0.963351 -0.1794557 -0.2594092 -0.9489481 -0.1731011 -0.3296746 -0.9280898 -0.1649632 -0.4053584 -0.8991505 -0.1547665 -0.4853158 -0.8605324 -0.1597908 -0.7038682 -0.6921245 -0.1611455 -0.7672645 -0.6207555 -0.1572302 -0.8218957 -0.547509 -0.1514563 -0.8675049 -0.4738103 -0.1434376 -0.9056994 -0.3989163 -0.1329444 -0.9372035 -0.3224521 -0.1191792 -0.9630554 -0.2414967 -0.1008454 -0.9833254 -0.1513319 -0.07751665 -0.995861 -0.0474556 -0.08055839 -0.9949116 0.06050872 -0.09362798 -0.9935713 0.06363794 -0.1399404 -0.9850787 0.1001831 -0.1409674 -0.9783746 0.151365 -0.1320751 -0.9690979 0.2083398 -0.1193824 -0.988826 0.08928073 -0.1196414 -0.983803 0.1334824 -0.111092 -0.9769277 0.1824029 -0.1014491 -0.9666309 0.2352292 -0.1028513 -0.9913598 0.08140828 -0.1017472 -0.9858827 0.132977 -0.05894953 -0.9941643 0.09034491 -0.05598388 -0.9963652 0.06420456 -0.05958467 -0.9977619 0.03034607 -0.09145072 0.7519838 -0.6528071 -0.1067869 0.8138471 -0.5711826 -0.1049417 0.7344564 -0.6704931 -0.1182505 0.7907472 -0.6006128 -0.1194941 0.7147031 -0.6891448 -0.1248694 0.766994 -0.6293869 -0.1237515 0.6955069 -0.7077823 -0.1252789 0.6241535 -0.7711923 -0.1218153 0.5507949 -0.8257034 -0.1167402 0.4769427 -0.8711472 -0.1096448 0.4018433 -0.9091205 -0.1002905 0.3251156 -0.9403413 -0.08792755 0.2438184 -0.9658268 -0.07137895 0.1532021 -0.9856136 -0.1301154 -0.4132632 -0.9012677 -0.1201218 -0.3869975 -0.914223 -0.1265897 -0.3064201 -0.9434414 -0.1092549 -0.3561913 -0.9280039 -0.1059326 -0.2693846 -0.9571887 -0.0924363 -0.3334721 -0.9382174 -0.07513955 -0.2915955 -0.9535859 -0.08267642 0.8043106 -0.5884294 -0.07687157 0.749926 -0.6570402 -0.09020275 0.6695563 -0.7372637 -0.07433017 0.5971129 -0.798706 -0.07434759 0.6785568 -0.7307757 -0.02343819 -0.1345921 -0.9906239 -0.02490802 -0.09440492 -0.9952222 -0.03078354 -0.04355787 -0.9985765 -0.04685113 0.0362778 -0.9982429 -0.06534932 0.1267448 -0.9897804 -0.07829842 0.2009781 -0.9764616 -0.08742556 0.2670414 -0.9597112 -0.09386308 0.3295736 -0.9394525 -0.0983524 0.3916866 -0.914827 -0.1011976 0.4544193 -0.885021 -0.1028369 0.5192397 -0.848419 -0.02504242 -0.2207716 -0.975004 -0.03356611 -0.2536982 -0.9667008 -0.04157228 -0.2115409 -0.9764846 -0.05564042 -0.249674 -0.9667301 -0.06391705 -0.2016662 -0.9773665 -0.08227461 -0.2332068 -0.9689404 -0.02952886 -0.1720785 -0.9846406 -0.04969695 -0.1868879 -0.9811234 -0.07612718 -0.3748305 -0.9239625 -0.05979319 -0.350105 -0.9348001 -0.04656548 -0.3006594 -0.9525941 -0.02494089 -0.2981594 -0.9541902 -0.009783415 -0.2802456 -0.9598785 -0.002254201 -0.2436011 -0.9698729 -0.1452814 -0.3253563 -0.9343643 -0.1413319 -0.4642792 -0.8743399 -0.1653934 -0.2215818 -0.9610133 -0.1606135 -0.2940987 -0.9421832 -0.1557638 -0.3780994 -0.912567 -0.1606937 -0.6254229 -0.7635599 -0.1539371 -0.5968147 -0.7874742 -0.1423055 -0.5676768 -0.8108589 -0.1273555 -0.5557826 -0.8215146 -0.1168257 -0.5028144 -0.8564633 -0.1048709 -0.4678274 -0.877576 -0.09339392 -0.4354805 -0.8953403 -0.0850364 -0.4072959 -0.9093288 -0.05070468 -0.9836552 0.1727756 -0.06400914 -0.9916814 0.1116728 -0.1263687 -0.7342283 -0.6670381 -0.110256 -0.7961101 -0.595023 -0.1105849 -0.7281483 -0.67644 -0.09191317 -0.7995673 -0.5935015 -0.08965165 -0.7375189 -0.6693492 -0.06347166 -0.7645368 -0.6414475 -0.0372378 -0.7910122 -0.610666 -0.0132082 -0.8107759 -0.5852077 0.0115871 -0.8238121 -0.5667446 -0.04572922 -0.9897699 0.135146 -0.04834213 -0.9943019 0.0950094 -0.05559725 -0.9974688 0.04432874 -0.07368095 -0.996665 -0.03507118 -0.09425347 -0.9876649 -0.125037 -0.1087405 -0.9739651 -0.1989159 -0.1191107 -0.9569396 -0.2647249 -0.1266119 -0.936479 -0.3270726 -0.132042 -0.9117041 -0.3890508 -0.1357103 -0.8817927 -0.4516906 -0.1380501 -0.8451175 -0.5164481 -0.1555414 -0.6853349 -0.7114231 -0.1410176 -0.6670544 -0.7315412 -0.1275217 -0.649714 -0.7494064 -0.03646399 -0.9692343 0.2434241 -0.0447294 -0.9741707 0.2213384 -0.05219225 -0.9656708 0.2544717 -0.06152212 -0.9752154 0.2125322 -0.07435529 -0.965124 0.2510118 -0.08412675 -0.9755101 0.2032307 -0.02124093 -0.9696484 0.2435793 -0.02757123 -0.9594861 0.2804039 -0.04211415 -0.9534179 0.2986985 -0.06361921 -0.9512623 0.3017492 -0.07511521 -0.9331635 0.351516 -0.09052642 -0.9219217 0.3766501 -0.09822182 -0.9070831 0.4093321 -0.1697308 -0.9084638 0.3819489 -0.1611665 -0.930491 0.3289556 -0.1432057 -0.9400381 0.3095489 -0.1242124 -0.9250889 0.3588618 -0.1054918 -0.8929009 0.4377207 -0.1835939 -0.8031314 0.5668097 -0.1644805 -0.7595429 0.6293177 -0.1731848 -0.8303019 0.5297223 -0.1590791 -0.7836056 0.6005465 -0.1646487 -0.8565437 0.489105 -0.1488056 -0.8072653 0.5711214 -0.1521181 -0.8706815 0.4677326 -0.1344457 -0.8182978 0.5588498 -0.1429094 -0.8978578 0.4164472 -0.1261812 -0.8534731 0.5056303 -0.1339287 -0.9110509 0.3899351 -0.1156749 -0.874866 0.4703497 -0.1909993 -0.3221781 -0.9272112 -0.02733273 -0.03285039 -0.9990865 -0.03237741 -0.0106951 -0.9994185 -0.206648 -0.9180681 0.3383011</float_array>
          <technique_common>
            <accessor count="1477" source="#normals-array-array" stride="3">
              <param type="float" name="X"/>
              <param type="float" name="Y"/>
              <param type="float" name="Z"/>
            </accessor>
          </technique_common>
        </source>
        <vertices id="verts-array-vertices">
          <input semantic="POSITION" source="#verts-array"/>
        </vertices>
        <triangles count="2538" material="material0">
          <input offset="0" semantic="VERTEX" source="#verts-array-vertices"/>
          <input offset="1" semantic="NORMAL" source="#normals-array"/>
          <p>0 0 1 1 2 2 3 3 2 2 1 1 2 2 3 3 4 4 5 5 6 6 0 0 7 7 0 0 6 6 8 8 9 9 10 10 11 11 12 12 13 13 14 14 13 13 12 12 9 9 15 15 10 10 13 13 10 10 15 15 10 10 13 13 16 16 14 14 16 16 13 13 17 17 18 18 19 19 20 20 19 19 18 18 19 19 20 20 21 21 21 21 22 22 19 19 23 23 19 19 22 22 19 19 23 23 1 1 3 3 24 24 4 4 25 25 4 4 24 24 4 4 25 25 26 26 27 27 26 26 25 25 26 26 27 27 10 10 28 28 10 10 27 27 10 10 28 28 8 8 29 29 8 8 28 28 6 6 30 30 31 31 32 32 33 33 6 6 34 34 6 6 33 33 6 6 34 34 35 35 36 36 35 35 34 34 7 7 37 37 0 0 38 38 0 0 37 37 0 0 38 38 1 1 39 39 1 1 38 38 1 1 39 39 40 40 41 41 42 42 43 43 44 44 45 45 46 46 31 31 47 47 6 6 48 48 6 6 47 47 6 6 48 48 32 32 40 40 49 49 1 1 50 50 1 1 49 49 1 1 50 50 19 19 51 51 52 52 53 53 54 54 53 53 52 52 53 53 54 54 19 19 55 55 19 19 54 54 19 19 55 55 17 17 51 51 56 56 52 52 41 41 52 52 56 56 52 52 41 41 57 57 43 43 57 57 41 41 29 29 58 58 8 8 46 46 8 8 58 58 8 8 46 46 59 59 45 45 59 59 46 46 5 5 60 60 6 6 61 61 6 6 60 60 6 6 61 61 62 62 62 62 63 63 6 6 64 64 6 6 63 63 6 6 64 64 65 65 65 65 66 66 6 6 67 67 6 6 66 66 6 6 67 67 30 30 12 12 68 68 69 69 69 69 70 70 12 12 71 71 12 12 70 70 12 12 71 71 72 72 73 73 74 74 12 12 75 75 12 12 74 74 12 12 75 75 76 76 77 77 76 76 75 75 11 11 78 78 12 12 79 79 12 12 78 78 12 12 79 79 80 80 72 72 81 81 12 12 82 82 12 12 81 81 12 12 82 82 73 73 80 80 83 83 12 12 84 84 12 12 83 83 12 12 84 84 68 68 44 44 85 85 86 86 86 86 87 87 44 44 88 88 44 44 87 87 44 44 88 88 89 89 44 44 90 90 91 91 92 92 91 91 90 90 91 91 92 92 93 93 46 46 94 94 44 44 95 95 44 44 94 94 44 44 95 95 96 96 89 89 97 97 44 44 98 98 44 44 97 97 44 44 98 98 90 90 96 96 99 99 44 44 100 100 44 44 99 99 44 44 100 100 85 85 101 101 102 102 103 103 104 104 103 103 102 102 103 103 104 104 105 105 106 106 105 105 104 104 105 105 106 106 107 107 108 108 109 109 110 110 101 101 110 110 109 109 106 106 111 111 107 107 112 112 107 107 111 111 107 107 112 112 113 113 114 114 115 115 111 111 116 116 111 111 115 115 111 111 116 116 112 112 108 108 110 110 117 117 118 118 117 117 110 110 117 117 118 118 119 119 113 113 120 120 107 107 121 121 107 107 120 120 107 107 121 121 122 122 123 123 122 122 121 121 109 109 124 124 101 101 125 125 101 101 124 124 101 101 125 125 102 102 126 126 102 102 125 125 102 102 126 126 127 127 128 128 127 127 126 126 127 127 128 128 129 129 130 130 131 131 119 119 132 132 133 133 127 127 134 134 127 127 133 133 114 114 135 135 115 115 136 136 115 115 135 135 115 115 136 136 137 137 138 138 139 139 115 115 140 140 115 115 139 139 115 115 140 140 141 141 142 142 143 143 127 127 144 144 127 127 143 143 127 127 144 144 132 132 137 137 145 145 115 115 146 146 115 115 145 145 115 115 146 146 147 147 141 141 148 148 115 115 149 149 115 115 148 148 115 115 149 149 150 150 118 118 151 151 119 119 152 152 119 119 151 151 119 119 152 152 153 153 134 134 154 154 127 127 155 155 127 127 154 154 127 127 155 155 156 156 147 147 157 157 115 115 158 158 115 115 157 157 115 115 158 158 138 138 123 123 159 159 122 122 160 160 122 122 159 159 122 122 160 160 161 161 162 162 163 163 122 122 164 164 122 122 163 163 122 122 164 164 165 165 153 153 166 166 119 119 167 167 119 119 166 166 119 119 167 167 168 168 131 131 169 169 119 119 170 170 119 119 169 169 119 119 170 170 171 171 172 172 173 173 127 127 174 174 127 127 173 173 127 127 174 174 142 142 156 156 175 175 127 127 176 176 127 127 175 175 127 127 176 176 177 177 150 150 178 178 115 115 179 179 115 115 178 178 115 115 179 179 180 180 161 161 181 181 122 122 182 182 122 122 181 181 122 122 182 182 183 183 165 165 184 184 122 122 185 185 122 122 184 184 122 122 185 185 186 186 168 168 187 187 119 119 188 188 119 119 187 187 119 119 188 188 130 130 171 171 189 189 119 119 190 190 119 119 189 189 119 119 190 190 191 191 192 192 191 191 190 190 129 129 193 193 127 127 194 194 127 127 193 193 127 127 194 194 172 172 177 177 195 195 127 127 196 196 127 127 195 195 127 127 196 196 197 197 198 198 197 197 196 196 197 197 198 198 199 199 200 200 199 199 198 198 183 183 201 201 122 122 202 202 122 122 201 201 122 122 202 202 162 162 186 186 203 203 122 122 204 204 122 122 203 203 122 122 204 204 205 205 206 206 207 207 208 208 209 209 210 210 211 211 212 212 213 213 214 214 215 215 216 216 217 217 218 218 219 219 220 220 221 221 222 222 223 223 224 224 225 225 226 226 226 226 225 225 227 227 228 228 229 229 230 230 231 231 232 232 233 233 233 233 232 232 234 234 235 235 236 236 237 237 238 238 239 239 240 240 241 241 242 242 243 243 244 244 245 245 246 246 246 246 245 245 247 247 248 248 249 249 250 250 251 251 252 252 253 253 253 253 252 252 254 254 255 255 256 256 257 257 258 258 259 259 260 260 261 261 262 262 263 263 264 264 265 265 266 266 266 266 265 265 267 267 268 268 269 269 270 270 271 271 272 272 273 273 274 274 275 275 276 276 277 277 278 278 279 279 280 280 281 281 282 282 282 282 281 281 283 283 284 284 285 285 286 286 287 287 288 288 289 289 290 290 291 291 292 292 293 293 294 294 295 295 296 296 297 297 298 298 299 299 300 300 301 301 302 302 303 303 304 304 305 305 306 306 307 307 308 308 309 309 310 310 311 311 312 312 313 313 309 309 314 314 315 315 316 316 317 317 318 318 319 319 320 320 306 306 321 321 322 322 323 323 324 324 325 325 326 326 327 327 328 328 329 329 330 330 331 331 332 332 333 333 334 334 335 335 336 336 337 337 338 338 339 339 340 340 341 341 342 342 343 343 340 340 344 344 345 345 346 346 347 347 348 348 349 349 350 350 351 351 352 352 353 353 354 354 355 355 356 356 357 357 358 358 359 359 360 360 361 361 362 362 357 357 363 363 364 364 365 365 366 366 367 367 368 368 369 369 370 370 354 354 371 371 353 353 371 371 354 354 371 371 353 353 372 372 373 373 370 370 374 374 371 371 374 374 370 370 374 374 371 371 375 375 372 372 375 375 371 371 375 375 372 372 376 376 377 377 378 378 379 379 366 366 379 379 378 378 379 379 366 366 380 380 365 365 380 380 366 366 363 363 357 357 381 381 356 356 381 381 357 357 381 381 356 356 382 382 358 358 357 357 383 383 362 362 383 383 357 357 383 383 362 362 384 384 368 368 364 364 369 369 366 366 369 369 364 364 369 369 366 366 385 385 378 378 385 385 366 366 385 385 378 378 386 386 387 387 386 386 378 378 373 373 367 367 370 370 369 369 370 370 367 367 370 370 369 369 354 354 385 385 354 354 369 369 354 354 385 385 355 355 386 386 355 355 385 385 355 355 386 386 388 388 387 387 388 388 386 386 388 388 387 387 389 389 377 377 379 379 390 390 391 391 390 390 379 379 390 390 391 391 392 392 393 393 394 394 395 395 392 392 395 395 394 394 395 395 392 392 396 396 391 391 396 396 392 392 397 397 398 398 399 399 400 400 399 399 398 398 399 399 400 400 401 401 402 402 401 401 400 400 401 401 402 402 403 403 404 404 405 405 406 406 407 407 406 406 405 405 406 406 407 407 351 351 398 398 408 408 400 400 409 409 400 400 408 408 400 400 409 409 402 402 410 410 402 402 409 409 402 402 410 410 403 403 411 411 403 403 410 410 348 348 347 347 412 412 413 413 414 414 415 415 416 416 417 417 413 413 418 418 413 413 417 417 413 413 418 418 414 414 419 419 414 414 418 418 351 351 350 350 406 406 420 420 406 406 350 350 406 406 420 420 404 404 421 421 404 404 420 420 404 404 421 421 422 422 423 423 422 422 421 421 422 422 423 423 424 424 425 425 426 426 427 427 411 411 427 427 426 426 427 427 411 411 428 428 410 410 428 428 411 411 428 428 410 410 424 424 409 409 424 424 410 410 424 424 409 409 422 422 408 408 422 422 409 409 422 422 408 408 404 404 398 398 404 404 408 408 404 404 398 398 405 405 397 397 405 405 398 398 429 429 430 430 431 431 432 432 431 431 430 430 433 433 434 434 435 435 435 435 434 434 436 436 437 437 438 438 439 439 440 440 439 439 438 438 439 439 440 440 441 441 442 442 443 443 444 444 445 445 444 444 443 443 444 444 445 445 446 446 447 447 446 446 445 445 446 446 447 447 448 448 449 449 450 450 451 451 452 452 451 451 450 450 451 451 452 452 453 453 441 441 453 453 452 452 453 453 441 441 454 454 440 440 454 454 441 441 454 454 440 440 432 432 438 438 432 432 440 440 432 432 438 438 431 431 437 437 431 431 438 438 431 431 437 437 429 429 455 455 419 419 456 456 457 457 458 458 459 459 460 460 459 459 458 458 459 459 460 460 461 461 462 462 463 463 464 464 465 465 464 464 463 463 464 464 465 465 466 466 467 467 466 466 465 465 466 466 467 467 468 468 469 469 468 468 467 467 470 470 416 416 471 471 413 413 471 471 416 416 471 471 413 413 472 472 415 415 472 472 413 413 472 472 415 415 412 412 473 473 412 412 415 415 412 412 473 473 348 348 474 474 348 348 473 473 348 348 474 474 349 349 475 475 349 349 474 474 476 476 477 477 456 456 461 461 456 456 477 477 456 456 461 461 455 455 460 460 455 455 461 461 478 478 457 457 479 479 459 459 479 479 457 457 479 479 459 459 480 480 461 461 480 480 459 459 480 480 461 461 481 481 477 477 481 481 461 461 419 419 455 455 414 414 460 460 414 414 455 455 414 414 460 460 415 415 458 458 415 415 460 460 415 415 458 458 473 473 457 457 473 473 458 458 473 473 457 457 474 474 478 478 474 474 457 457 474 474 478 478 475 475 482 482 483 483 484 484 485 485 484 484 483 483 486 486 487 487 488 488 486 486 488 488 489 489 490 490 489 489 488 488 489 489 490 490 485 485 491 491 485 485 490 490 485 485 491 491 484 484 492 492 493 493 494 494 495 495 494 494 493 493 494 494 495 495 496 496 497 497 496 496 495 495 496 496 497 497 498 498 463 463 492 492 465 465 494 494 465 465 492 492 465 465 494 494 467 467 496 496 467 467 494 494 467 467 496 496 469 469 498 498 469 469 496 496 469 469 498 498 499 499 449 449 500 500 450 450 501 501 450 450 500 500 450 450 501 501 452 452 502 502 452 452 501 501 452 452 502 502 441 441 503 503 441 441 502 502 504 504 462 462 505 505 464 464 505 505 462 462 505 505 464 464 506 506 466 466 506 506 464 464 506 506 466 466 507 507 468 468 507 507 466 466 507 507 468 468 508 508 469 469 508 508 468 468 508 508 469 469 509 509 499 499 509 509 469 469 510 510 511 511 512 512 513 513 514 514 515 515 346 346 515 515 514 514 515 515 346 346 516 516 345 345 516 516 346 346 517 517 339 339 518 518 341 341 518 518 339 339 518 518 341 341 519 519 520 520 519 519 341 341 519 519 520 520 521 521 340 340 343 343 341 341 522 522 341 341 343 343 341 341 522 522 520 520 513 513 515 515 523 523 524 524 523 523 515 515 523 523 524 524 525 525 524 524 526 526 525 525 527 527 525 525 526 526 525 525 527 527 528 528 529 529 530 530 531 531 532 532 531 531 530 530 531 531 532 532 533 533 534 534 533 533 532 532 533 533 534 534 535 535 536 536 537 537 538 538 539 539 538 538 537 537 538 538 539 539 337 337 530 530 540 540 532 532 541 541 532 532 540 540 532 532 541 541 534 534 542 542 534 534 541 541 534 534 542 542 535 535 543 543 535 535 542 542 331 331 330 330 544 544 545 545 546 546 547 547 548 548 549 549 545 545 550 550 545 545 549 549 545 545 550 550 546 546 551 551 546 546 550 550 337 337 336 336 538 538 552 552 538 538 336 336 538 538 552 552 536 536 553 553 536 536 552 552 536 536 553 553 554 554 555 555 554 554 553 553 554 554 555 555 556 556 557 557 558 558 559 559 543 543 559 559 558 558 559 559 543 543 560 560 542 542 560 560 543 543 560 560 542 542 556 556 541 541 556 556 542 542 556 556 541 541 554 554 540 540 554 554 541 541 554 554 540 540 536 536 530 530 536 536 540 540 536 536 530 530 537 537 529 529 537 537 530 530 561 561 562 562 563 563 564 564 563 563 562 562 563 563 564 564 565 565 566 566 565 565 564 564 565 565 566 566 567 567 568 568 561 561 521 521 563 563 521 521 561 561 521 521 563 563 519 519 565 565 519 519 563 563 519 519 565 565 518 518 567 567 518 518 565 565 518 518 567 567 517 517 569 569 517 517 567 567 517 517 569 569 339 339 570 570 339 339 569 569 339 339 570 570 340 340 510 510 340 340 570 570 340 340 510 510 342 342 512 512 342 342 510 510 342 342 512 512 571 571 572 572 573 573 574 574 575 575 574 574 573 573 511 511 510 510 576 576 570 570 576 576 510 510 576 576 570 570 577 577 569 569 577 577 570 570 577 577 569 569 578 578 567 567 578 578 569 569 578 578 567 567 579 579 566 566 579 579 567 567 579 579 566 566 580 580 564 564 580 580 566 566 580 580 564 564 581 581 562 562 581 581 564 564 581 581 562 562 582 582 561 561 582 582 562 562 582 582 561 561 583 583 568 568 583 583 561 561 583 583 568 568 584 584 585 585 584 584 568 568 584 584 585 585 324 324 586 586 324 324 585 585 324 324 586 586 325 325 571 571 344 344 342 342 346 346 342 342 344 344 342 342 346 346 343 343 514 514 343 343 346 346 343 343 514 514 522 522 587 587 522 522 514 514 522 522 587 587 520 520 588 588 520 520 587 587 520 520 588 588 521 521 589 589 521 521 588 588 521 521 589 589 568 568 590 590 568 568 589 589 568 568 590 590 585 585 591 591 585 585 590 590 585 585 591 591 586 586 592 592 334 334 593 593 333 333 593 593 334 334 593 593 333 333 594 594 595 595 596 596 335 335 597 597 335 335 596 596 335 335 597 597 333 333 598 598 333 333 597 597 333 333 598 598 594 594 596 596 572 572 597 597 574 574 597 597 572 572 597 597 574 574 598 598 575 575 598 598 574 574 598 598 575 575 594 594 599 599 594 594 575 575 594 594 599 599 593 593 600 600 593 593 599 599 593 593 600 600 601 601 602 602 601 601 600 600 601 601 602 602 603 603 604 604 603 603 602 602 551 551 605 605 606 606 607 607 606 606 605 605 606 606 607 607 608 608 609 609 608 608 607 607 608 608 609 609 610 610 611 611 610 610 609 609 612 612 613 613 614 614 615 615 548 548 616 616 545 545 616 616 548 548 616 616 545 545 617 617 547 547 617 617 545 545 617 617 547 547 544 544 618 618 544 544 547 547 544 544 618 618 331 331 619 619 331 331 618 618 331 331 619 619 332 332 620 620 332 332 619 619 621 621 622 622 604 604 605 605 623 623 607 607 624 624 607 607 623 623 607 607 624 624 609 609 625 625 609 609 624 624 609 609 625 625 611 611 626 626 611 611 625 625 551 551 606 606 546 546 608 608 546 546 606 606 546 546 608 608 547 547 610 610 547 547 608 608 547 547 610 610 618 618 611 611 618 618 610 610 618 618 611 611 619 619 626 626 619 619 611 611 619 619 626 626 620 620 627 627 628 628 629 629 630 630 629 629 628 628 629 629 630 630 631 631 632 632 631 631 630 630 631 631 632 632 633 633 634 634 633 633 632 632 614 614 613 613 635 635 328 328 635 635 613 613 635 635 328 328 636 636 327 327 636 636 328 328 636 636 327 327 637 637 637 637 638 638 636 636 639 639 636 636 638 638 636 636 639 639 635 635 640 640 635 635 639 639 635 635 640 640 614 614 329 329 328 328 641 641 613 613 641 641 328 328 641 641 613 613 642 642 612 612 642 642 613 613 642 642 612 612 643 643 604 604 622 622 603 603 644 644 603 603 622 622 603 603 644 644 601 601 645 645 601 601 644 644 601 601 645 645 593 593 646 646 593 593 645 645 593 593 646 646 592 592 647 647 643 643 648 648 612 612 648 648 643 643 648 648 612 612 649 649 614 614 649 649 612 612 649 649 614 614 650 650 640 640 650 650 614 614 650 650 640 640 651 651 639 639 651 651 640 640 651 651 639 639 652 652 638 638 652 652 639 639 653 653 654 654 655 655 322 322 656 656 323 323 657 657 323 323 656 656 323 323 657 657 658 658 659 659 660 660 661 661 662 662 661 661 660 660 663 663 318 318 664 664 665 665 664 664 318 318 664 664 665 665 666 666 667 667 666 666 665 665 666 666 667 667 668 668 669 669 668 668 667 667 314 314 309 309 670 670 308 308 670 670 309 309 670 670 308 308 671 671 304 304 672 672 316 316 312 312 311 311 673 673 674 674 673 673 311 311 673 673 674 674 675 675 310 310 309 309 675 675 315 315 675 675 309 309 675 675 315 315 673 673 676 676 673 673 315 315 673 673 676 676 312 312 659 659 661 661 677 677 678 678 677 677 661 661 677 677 678 678 657 657 679 679 657 657 678 678 657 657 679 679 658 658 680 680 305 305 681 681 307 307 681 681 305 305 681 681 307 307 682 682 683 683 682 682 307 307 682 682 683 683 684 684 306 306 320 320 307 307 685 685 307 307 320 320 307 307 685 685 683 683 686 686 687 687 669 669 688 688 669 669 687 687 669 669 688 688 668 668 689 689 690 690 691 691 672 672 692 692 693 693 694 694 693 693 692 692 316 316 672 672 317 317 693 693 317 317 672 672 317 317 693 693 689 689 694 694 689 689 693 693 689 689 694 694 690 690 690 690 695 695 691 691 696 696 691 691 695 695 691 691 696 696 697 697 318 318 317 317 665 665 689 689 665 665 317 317 665 665 689 689 667 667 691 691 667 667 689 689 667 667 691 691 669 669 697 697 669 669 691 691 669 669 697 697 686 686 698 698 699 699 700 700 674 674 701 701 675 675 702 702 675 675 701 701 675 675 702 702 310 310 703 703 310 310 702 702 310 310 703 703 308 308 704 704 308 308 703 703 308 308 704 704 671 671 304 304 303 303 672 672 705 705 672 672 303 303 672 672 705 705 692 692 706 706 692 692 705 705 692 692 706 706 694 694 707 707 694 694 706 706 694 694 707 707 690 690 708 708 690 690 707 707 690 690 708 708 695 695 709 709 710 710 711 711 712 712 711 711 710 710 711 711 712 712 713 713 714 714 715 715 716 716 713 713 716 716 715 715 716 716 713 713 717 717 712 712 717 717 713 713 718 718 709 709 719 719 711 711 719 719 709 709 719 719 711 711 720 720 713 713 720 720 711 711 720 720 713 713 721 721 715 715 721 721 713 713 721 721 715 715 722 722 723 723 724 724 725 725 726 726 725 725 724 724 727 727 728 728 729 729 730 730 729 729 728 728 731 731 732 732 299 299 733 733 299 299 732 732 299 299 733 733 300 300 734 734 300 300 733 733 300 300 734 734 301 301 735 735 301 301 734 734 722 722 736 736 721 721 735 735 721 721 736 736 721 721 735 735 720 720 734 734 720 720 735 735 720 720 734 734 719 719 733 733 719 719 734 734 719 719 733 733 718 718 732 732 718 718 733 733 737 737 738 738 739 739 740 740 739 739 738 738 739 739 740 740 741 741 742 742 743 743 744 744 745 745 744 744 743 743 744 744 745 745 722 722 746 746 722 722 745 745 722 722 746 746 736 736 747 747 736 736 746 746 736 736 747 747 735 735 748 748 735 735 747 747 735 735 748 748 301 301 749 749 301 301 748 748 301 301 749 749 299 299 750 750 299 299 749 749 299 299 750 750 731 731 751 751 752 752 753 753 754 754 753 753 752 752 753 753 754 754 755 755 298 298 755 755 754 754 755 755 298 298 756 756 297 297 756 756 298 298 757 757 758 758 726 726 759 759 726 726 758 758 726 726 759 759 725 725 760 760 757 757 761 761 726 726 761 761 757 757 761 761 726 726 762 762 724 724 762 762 726 726 763 763 764 764 765 765 766 766 765 765 764 764 765 765 766 766 767 767 768 768 767 767 766 766 767 767 768 768 769 769 770 770 763 763 684 684 765 765 684 684 763 763 684 684 765 765 682 682 767 767 682 682 765 765 682 682 767 767 681 681 769 769 681 681 767 767 681 681 769 769 680 680 771 771 680 680 769 769 680 680 771 771 305 305 772 772 305 305 771 771 305 305 772 772 306 306 653 653 306 306 772 772 306 306 653 653 319 319 655 655 319 319 653 653 319 319 655 655 773 773 774 774 775 775 776 776 777 777 776 776 775 775 302 302 778 778 303 303 779 779 303 303 778 778 303 303 779 779 705 705 780 780 705 705 779 779 705 705 780 780 706 706 781 781 706 706 780 780 706 706 781 781 707 707 782 782 707 707 781 781 707 707 782 782 708 708 783 783 708 708 782 782 708 708 783 783 695 695 784 784 695 695 783 783 695 695 784 784 696 696 785 785 696 696 784 784 696 696 785 785 697 697 786 786 697 697 785 785 697 697 786 786 686 686 787 787 686 686 786 786 686 686 787 787 687 687 788 788 687 687 787 787 687 687 788 788 688 688 789 789 790 790 791 791 792 792 791 791 790 790 791 791 792 792 793 793 688 688 793 793 792 792 793 793 688 688 794 794 788 788 794 794 688 688 654 654 653 653 795 795 772 772 795 795 653 653 795 795 772 772 796 796 771 771 796 796 772 772 796 796 771 771 797 797 769 769 797 797 771 771 797 797 769 769 798 798 768 768 798 798 769 769 798 798 768 768 799 799 766 766 799 799 768 768 799 799 766 766 800 800 764 764 800 800 766 766 800 800 764 764 801 801 763 763 801 801 764 764 801 801 763 763 802 802 770 770 802 802 763 763 802 802 770 770 803 803 804 804 803 803 770 770 803 803 804 804 206 206 805 805 206 206 804 804 206 206 805 805 207 207 773 773 321 321 319 319 323 323 319 319 321 321 319 319 323 323 320 320 658 658 320 320 323 323 320 320 658 658 685 685 806 806 685 685 658 658 685 685 806 806 683 683 807 807 683 683 806 806 683 683 807 807 684 684 808 808 684 684 807 807 684 684 808 808 770 770 809 809 770 770 808 808 770 770 809 809 804 804 810 810 804 804 809 809 804 804 810 810 805 805 777 777 811 811 776 776 812 812 776 776 811 811 776 776 812 812 774 774 813 813 774 774 812 812 791 791 814 814 815 815 789 789 791 791 816 816 815 815 816 816 791 791 816 816 815 815 817 817 818 818 813 813 817 817 812 812 817 817 813 813 817 817 812 812 816 816 811 811 816 816 812 812 816 816 811 811 789 789 777 777 789 789 811 811 789 789 777 777 790 790 819 819 820 820 778 778 778 778 820 820 779 779 821 821 779 779 820 820 779 779 821 821 780 780 822 822 780 780 821 821 780 780 822 822 781 781 823 823 781 781 822 822 781 781 823 823 782 782 824 824 782 782 823 823 782 782 824 824 783 783 825 825 783 783 824 824 783 783 825 825 784 784 826 826 784 784 825 825 784 784 826 826 785 785 827 827 785 785 826 826 785 785 827 827 786 786 828 828 786 786 827 827 786 786 828 828 787 787 829 829 787 787 828 828 787 787 829 829 788 788 830 830 788 788 829 829 788 788 830 830 794 794 831 831 794 794 830 830 794 794 831 831 793 793 832 832 793 793 831 831 793 793 832 832 791 791 833 833 791 791 832 832 791 791 833 833 814 814 834 834 835 835 836 836 837 837 836 836 835 835 836 836 837 837 838 838 839 839 838 838 837 837 838 838 839 839 840 840 841 841 840 840 839 839 840 840 841 841 842 842 843 843 727 727 844 844 729 729 844 844 727 727 844 844 729 729 845 845 730 730 845 845 729 729 845 845 730 730 846 846 847 847 834 834 848 848 836 836 848 848 834 834 848 848 836 836 849 849 838 838 849 849 836 836 849 849 838 838 850 850 840 840 850 850 838 838 850 850 840 840 851 851 842 842 851 851 840 840 851 851 842 842 852 852 745 745 853 853 746 746 854 854 746 746 853 853 746 746 854 854 747 747 843 843 747 747 854 854 747 747 843 843 748 748 844 844 748 748 843 843 748 748 844 844 749 749 845 845 749 749 844 844 749 749 845 845 750 750 846 846 750 750 845 845 750 750 846 846 731 731 714 714 855 855 715 715 740 740 715 715 855 855 715 715 740 740 722 722 738 738 722 722 740 740 722 722 738 738 744 744 737 737 744 744 738 738 744 744 737 737 742 742 856 856 857 857 858 858 859 859 858 858 857 857 858 858 859 859 860 860 861 861 860 860 859 859 860 860 861 861 862 862 863 863 864 864 296 296 865 865 866 866 867 867 868 868 867 867 866 866 867 867 868 868 869 869 870 870 869 869 868 868 869 869 870 870 871 871 295 295 871 871 870 870 871 871 295 295 872 872 294 294 872 872 295 295 872 872 294 294 873 873 874 874 875 875 876 876 877 877 876 876 875 875 878 878 879 879 880 880 881 881 880 880 879 879 880 880 881 881 877 877 882 882 877 877 881 881 877 877 882 882 876 876 883 883 884 884 885 885 886 886 885 885 884 884 885 885 886 886 887 887 888 888 887 887 886 886 887 887 888 888 889 889 296 296 864 864 297 297 890 890 297 297 864 864 297 297 890 890 756 756 891 891 756 756 890 890 756 756 891 891 755 755 892 892 755 755 891 891 755 755 892 892 893 893 894 894 852 852 895 895 842 842 895 895 852 852 895 895 842 842 896 896 841 841 896 896 842 842 896 896 841 841 897 897 839 839 897 897 841 841 897 897 839 839 898 898 837 837 898 898 839 839 898 898 837 837 899 899 835 835 899 899 837 837 899 899 835 835 900 900 834 834 900 900 835 835 900 900 834 834 901 901 847 847 901 901 834 834 901 901 847 847 902 902 903 903 902 902 847 847 902 902 903 903 904 904 905 905 904 904 903 903 904 904 905 905 906 906 907 907 906 906 905 905 906 906 907 907 908 908 909 909 910 910 742 742 911 911 742 742 910 910 908 908 290 290 906 906 292 292 906 906 290 290 906 906 292 292 904 904 912 912 904 904 292 292 904 904 912 912 902 902 913 913 902 902 912 912 902 902 913 913 901 901 914 914 901 901 913 913 901 901 914 914 900 900 915 915 883 883 916 916 885 885 916 916 883 883 916 916 885 885 917 917 887 887 917 917 885 885 917 917 887 887 918 918 889 889 918 918 887 887 918 918 889 889 919 919 435 435 920 920 433 433 921 921 433 433 920 920 433 433 921 921 922 922 923 923 922 922 921 921 922 922 923 923 924 924 925 925 924 924 923 923 924 924 925 925 926 926 927 927 926 926 925 925 926 926 927 927 293 293 928 928 929 929 930 930 931 931 930 930 929 929 930 930 931 931 932 932 933 933 932 932 931 931 932 932 933 933 934 934 935 935 934 934 933 933 936 936 875 875 928 928 874 874 928 928 875 875 928 928 874 874 929 929 909 909 893 893 937 937 892 892 937 937 893 893 937 937 892 892 938 938 891 891 938 938 892 892 938 938 891 891 939 939 890 890 939 939 891 891 939 939 890 890 940 940 864 864 940 940 890 890 940 940 864 864 941 941 863 863 941 941 864 864 941 941 863 863 942 942 293 293 295 295 926 926 870 870 926 926 295 295 926 926 870 870 924 924 868 868 924 924 870 870 924 924 868 868 922 922 866 866 922 922 868 868 922 922 866 866 433 433 865 865 433 433 866 866 433 433 865 865 434 434 914 914 943 943 900 900 944 944 900 900 943 943 900 900 944 944 899 899 945 945 899 899 944 944 899 899 945 945 898 898 946 946 898 898 945 945 898 898 946 946 897 897 819 819 897 897 946 946 897 897 819 819 896 896 778 778 896 896 819 819 896 896 778 778 895 895 302 302 895 895 778 778 895 895 302 302 894 894 443 443 436 436 445 445 434 434 445 445 436 436 445 445 434 434 447 447 865 865 447 447 434 434 447 447 865 865 947 947 867 867 947 947 865 865 947 947 867 867 948 948 869 869 948 948 867 867 948 948 869 869 949 949 871 871 949 949 869 869 949 949 871 871 950 950 872 872 950 950 871 871 950 950 872 872 951 951 873 873 951 951 872 872 951 951 873 873 952 952 953 953 289 289 284 284 954 954 955 955 956 956 957 957 958 958 959 959 960 960 959 959 958 958 959 959 960 960 961 961 962 962 961 961 960 960 961 961 962 962 963 963 281 281 964 964 283 283 965 965 283 283 964 964 283 283 965 965 966 966 967 967 966 966 965 965 966 966 967 967 968 968 969 969 968 968 967 967 968 968 969 969 970 970 971 971 970 970 969 969 970 970 971 971 972 972 973 973 972 972 971 971 972 972 973 973 955 955 974 974 955 955 973 973 955 955 974 974 956 956 286 286 975 975 976 976 977 977 976 976 975 975 976 976 977 977 978 978 979 979 978 978 977 977 978 978 979 979 980 980 286 286 981 981 975 975 982 982 975 975 981 981 975 975 982 982 977 977 983 983 977 977 982 982 977 977 983 983 979 979 984 984 282 282 985 985 283 283 985 985 282 282 985 985 283 283 986 986 966 966 986 986 283 283 986 986 966 966 987 987 968 968 987 987 966 966 987 987 968 968 988 988 970 970 988 988 968 968 988 988 970 970 989 989 972 972 989 989 970 970 989 989 972 972 990 990 955 955 990 990 972 972 990 990 955 955 991 991 954 954 991 991 955 955 991 991 954 954 992 992 993 993 994 994 995 995 996 996 995 995 994 994 995 995 996 996 963 963 997 997 278 278 998 998 277 277 998 998 278 278 998 998 277 277 999 999 1000 1000 1001 1001 272 272 1002 1002 1003 1003 1004 1004 1005 1005 1004 1004 1003 1003 1004 1004 1005 1005 1006 1006 1007 1007 1006 1006 1005 1005 1006 1006 1007 1007 1008 1008 1009 1009 1008 1008 1007 1007 1008 1008 1009 1009 1010 1010 1011 1011 1010 1010 1009 1009 1003 1003 1012 1012 1005 1005 1013 1013 1005 1005 1012 1012 1005 1005 1013 1013 1007 1007 1014 1014 1007 1007 1013 1013 1007 1007 1014 1014 1009 1009 1015 1015 1009 1009 1014 1014 1009 1009 1015 1015 1011 1011 993 993 1011 1011 1015 1015 1011 1011 993 993 1016 1016 995 995 1016 1016 993 993 1016 1016 995 995 1017 1017 963 963 1017 1017 995 995 1017 1017 963 963 1018 1018 962 962 1018 1018 963 963 1001 1001 1019 1019 272 272 1020 1020 272 272 1019 1019 272 272 1020 1020 273 273 994 994 1021 1021 996 996 1022 1022 996 996 1021 1021 996 996 1022 1022 963 963 1023 1023 963 963 1022 1022 963 963 1023 1023 961 961 992 992 961 961 1023 1023 961 961 992 992 959 959 954 954 959 959 992 992 959 959 954 954 957 957 956 956 957 957 954 954 275 275 274 274 1024 1024 1025 1025 1024 1024 274 274 1024 1024 1025 1025 1026 1026 1027 1027 1026 1026 1025 1025 1026 1026 1027 1027 1028 1028 647 647 1028 1028 1027 1027 1028 1028 647 647 1029 1029 648 648 1029 1029 647 647 1029 1029 648 648 1030 1030 649 649 1030 1030 648 648 1030 1030 649 649 1031 1031 650 650 1031 1031 649 649 1031 1031 650 650 1032 1032 651 651 1032 1032 650 650 1032 1032 651 651 627 627 652 652 627 627 651 651 627 627 652 652 628 628 633 633 557 557 631 631 559 559 631 631 557 557 631 631 559 559 629 629 560 560 629 629 559 559 629 629 560 560 627 627 556 556 627 627 560 560 627 627 556 556 1032 1032 555 555 1032 1032 556 556 1032 1032 555 555 1031 1031 553 553 1031 1031 555 555 1031 1031 553 553 1030 1030 552 552 1030 1030 553 553 1030 1030 552 552 1029 1029 336 336 1029 1029 552 552 1029 1029 336 336 1028 1028 338 338 1028 1028 336 336 1028 1028 338 338 1026 1026 1033 1033 1026 1026 338 338 1026 1026 1033 1033 1024 1024 1034 1034 1024 1024 1033 1033 1024 1024 1034 1034 275 275 1035 1035 275 275 1034 1034 275 275 1035 1035 276 276 984 984 276 276 1035 1035 276 276 984 984 1036 1036 985 985 1036 1036 984 984 1036 1036 985 985 1037 1037 986 986 1037 1037 985 985 1037 1037 986 986 1038 1038 987 987 1038 1038 986 986 1038 1038 987 987 1039 1039 988 988 1039 1039 987 987 1039 1039 988 988 1040 1040 989 989 1040 1040 988 988 1040 1040 989 989 1041 1041 990 990 1041 1041 989 989 1041 1041 990 990 1042 1042 991 991 1042 1042 990 990 1042 1042 991 991 1043 1043 992 992 1043 1043 991 991 1043 1043 992 992 1044 1044 1023 1023 1044 1044 992 992 1044 1044 1023 1023 1045 1045 1022 1022 1045 1045 1023 1023 1045 1045 1022 1022 1046 1046 1021 1021 1046 1046 1022 1022 271 271 1047 1047 272 272 1048 1048 272 272 1047 1047 272 272 1048 1048 1000 1000 1049 1049 1050 1050 1051 1051 1052 1052 1053 1053 1054 1054 1055 1055 1054 1054 1053 1053 1054 1054 1055 1055 1056 1056 1057 1057 1056 1056 1055 1055 273 273 1052 1052 271 271 1054 1054 271 271 1052 1052 271 271 1054 1054 1047 1047 1056 1056 1047 1047 1054 1054 1047 1047 1056 1056 660 660 1057 1057 660 660 1056 1056 660 660 1057 1057 662 662 1058 1058 1059 1059 1060 1060 1061 1061 1060 1060 1059 1059 1060 1060 1061 1061 1051 1051 1062 1062 1051 1051 1061 1061 1051 1051 1062 1062 1049 1049 1063 1063 1049 1049 1062 1062 1049 1049 1063 1063 1064 1064 1053 1053 663 663 1055 1055 664 664 1055 1055 663 663 1055 1055 664 664 1057 1057 666 666 1057 1057 664 664 1057 1057 666 666 662 662 668 668 662 662 666 666 662 662 668 668 661 661 688 688 661 661 668 668 661 661 688 688 678 678 792 792 678 678 688 688 678 678 792 792 679 679 790 790 679 679 792 792 679 679 790 790 658 658 777 777 658 658 790 790 658 658 777 777 806 806 775 775 806 806 777 777 806 806 775 775 807 807 774 774 807 807 775 775 807 807 774 774 808 808 813 813 808 808 774 774 808 808 813 813 809 809 818 818 809 809 813 813 809 809 818 818 810 810 1065 1065 1058 1058 1066 1066 1060 1060 1066 1066 1058 1058 1066 1066 1060 1060 1002 1002 1051 1051 1002 1002 1060 1060 1002 1002 1051 1051 1003 1003 1050 1050 1003 1003 1051 1051 1003 1003 1050 1050 1012 1012 1067 1067 1068 1068 270 270 1069 1069 1070 1070 1071 1071 1072 1072 1071 1071 1070 1070 1071 1071 1072 1072 1073 1073 1074 1074 1073 1073 1072 1072 1073 1073 1074 1074 1075 1075 265 265 1076 1076 267 267 1077 1077 267 267 1076 1076 267 267 1077 1077 1078 1078 1079 1079 1078 1078 1077 1077 1078 1078 1079 1079 1080 1080 1081 1081 1080 1080 1079 1079 1080 1080 1081 1081 1082 1082 1083 1083 1082 1082 1081 1081 1082 1082 1083 1083 1084 1084 1085 1085 1084 1084 1083 1083 1084 1084 1085 1085 1069 1069 1086 1086 1069 1069 1085 1085 1069 1069 1086 1086 1070 1070 1068 1068 1067 1067 1087 1087 1088 1088 1087 1087 1067 1067 1087 1087 1088 1088 1089 1089 1090 1090 268 268 1091 1091 270 270 1091 1091 268 268 1091 1091 270 270 1092 1092 1068 1068 1092 1092 270 270 1092 1092 1068 1068 1093 1093 1087 1087 1093 1093 1068 1068 1093 1093 1087 1087 1094 1094 1089 1089 1094 1094 1087 1087 1094 1094 1089 1089 1095 1095 1096 1096 1097 1097 1098 1098 1099 1099 1098 1098 1097 1097 1098 1098 1099 1099 1100 1100 1101 1101 266 266 1102 1102 267 267 1102 1102 266 266 1102 1102 267 267 1103 1103 1078 1078 1103 1103 267 267 1103 1103 1078 1078 1104 1104 1080 1080 1104 1104 1078 1078 1104 1104 1080 1080 1105 1105 1082 1082 1105 1105 1080 1080 1105 1105 1082 1082 1106 1106 1084 1084 1106 1106 1082 1082 1106 1106 1084 1084 1107 1107 1069 1069 1107 1107 1084 1084 1107 1107 1069 1069 1108 1108 1071 1071 1108 1108 1069 1069 1108 1108 1071 1071 1100 1100 1073 1073 1100 1100 1071 1071 1100 1100 1073 1073 1098 1098 1075 1075 1098 1098 1073 1073 1098 1098 1075 1075 1096 1096 1096 1096 1109 1109 1097 1097 1110 1110 1097 1097 1109 1109 1097 1097 1110 1110 1111 1111 1112 1112 1111 1111 1110 1110 1111 1111 1112 1112 1113 1113 1114 1114 1115 1115 1116 1116 1117 1117 1116 1116 1115 1115 1116 1116 1117 1117 1118 1118 1119 1119 262 262 1120 1120 261 261 1120 1120 262 262 1120 1120 261 261 260 260 1119 1119 1121 1121 262 262 1113 1113 262 262 1121 1121 262 262 1113 1113 263 263 1112 1112 263 263 1113 1113 1122 1122 242 242 1123 1123 241 241 1123 1123 242 242 1123 1123 241 241 259 259 259 259 258 258 1123 1123 1124 1124 1123 1123 258 258 1123 1123 1124 1124 1122 1122 997 997 1090 1090 278 278 1091 1091 278 278 1090 1090 278 278 1091 1091 279 279 1092 1092 279 279 1091 1091 279 279 1092 1092 1125 1125 1093 1093 1125 1125 1092 1092 1125 1125 1093 1093 1126 1126 1094 1094 1126 1126 1093 1093 1126 1126 1094 1094 1127 1127 1095 1095 1127 1127 1094 1094 1010 1010 999 999 1008 1008 277 277 1008 1008 999 999 1008 1008 277 277 1006 1006 279 279 1006 1006 277 277 1006 1006 279 279 1004 1004 1125 1125 1004 1004 279 279 1004 1004 1125 1125 1002 1002 1126 1126 1002 1002 1125 1125 1002 1002 1126 1126 1066 1066 1127 1127 1066 1066 1126 1126 1066 1066 1127 1127 1065 1065 1095 1095 1065 1065 1127 1127 1088 1088 1128 1128 1089 1089 1129 1129 1089 1089 1128 1128 1089 1089 1129 1129 1095 1095 1130 1130 1095 1095 1129 1129 1095 1095 1130 1130 1065 1065 1131 1131 1065 1065 1130 1130 1065 1065 1131 1131 1058 1058 1132 1132 1058 1058 1131 1131 1058 1058 1132 1132 1059 1059 1133 1133 1059 1059 1132 1132 1059 1059 1133 1133 1061 1061 1134 1134 1061 1061 1133 1133 1061 1061 1134 1134 1062 1062 1135 1135 1062 1062 1134 1134 1062 1062 1135 1135 1063 1063 249 249 248 248 1136 1136 1137 1137 1136 1136 248 248 1136 1136 1137 1137 1138 1138 1139 1139 1138 1138 1137 1137 1138 1138 1139 1139 1140 1140 698 698 1140 1140 1139 1139 1140 1140 698 698 1141 1141 700 700 1141 1141 698 698 1141 1141 700 700 1142 1142 1099 1099 1143 1143 1100 1100 1144 1144 1100 1100 1143 1143 1100 1100 1144 1144 1108 1108 1145 1145 1108 1108 1144 1144 1108 1108 1145 1145 1107 1107 1146 1146 1107 1107 1145 1145 1107 1107 1146 1146 1106 1106 1147 1147 1106 1106 1146 1146 1106 1106 1147 1147 1105 1105 1148 1148 1105 1105 1147 1147 1105 1105 1148 1148 1104 1104 1149 1149 1104 1104 1148 1148 1104 1104 1149 1149 1103 1103 1150 1150 1103 1103 1149 1149 1103 1103 1150 1150 1102 1102 1151 1151 1102 1102 1150 1150 1102 1102 1151 1151 1101 1101 250 250 1101 1101 1151 1151 1101 1101 250 250 1152 1152 249 249 1152 1152 250 250 1152 1152 249 249 1153 1153 1136 1136 1153 1153 249 249 1153 1153 1136 1136 1154 1154 1138 1138 1154 1154 1136 1136 1154 1154 1138 1138 313 313 1140 1140 313 313 1138 1138 313 313 1140 1140 311 311 1141 1141 311 311 1140 1140 311 311 1141 1141 674 674 1142 1142 674 674 1141 1141 674 674 1142 1142 701 701 1143 1143 741 741 1144 1144 740 740 1144 1144 741 741 1144 1144 740 740 1145 1145 855 855 1145 1145 740 740 1145 1145 855 855 1146 1146 714 714 1146 1146 855 855 1146 1146 714 714 1147 1147 716 716 1147 1147 714 714 1147 1147 716 716 1148 1148 717 717 1148 1148 716 716 1148 1148 717 717 1149 1149 712 712 1149 1149 717 717 1149 1149 712 712 1150 1150 710 710 1150 1150 712 712 1150 1150 710 710 1151 1151 709 709 1151 1151 710 710 1151 1151 709 709 250 250 718 718 250 250 709 709 250 250 718 718 248 248 732 732 248 248 718 718 248 248 732 732 1137 1137 731 731 1137 1137 732 732 1137 1137 731 731 1139 1139 846 846 1139 1139 731 731 1139 1139 846 846 698 698 730 730 698 698 846 846 698 698 730 730 699 699 728 728 699 699 730 730 254 254 1155 1155 1156 1156 1157 1157 1156 1156 1155 1155 1156 1156 1157 1157 1158 1158 1159 1159 1158 1158 1157 1157 1158 1158 1159 1159 1160 1160 1161 1161 1160 1160 1159 1159 1160 1160 1161 1161 1162 1162 1163 1163 1162 1162 1161 1161 1162 1162 1163 1163 1164 1164 1165 1165 1164 1164 1163 1163 1164 1164 1165 1165 1166 1166 1167 1167 1168 1168 1169 1169 256 256 1170 1170 1171 1171 751 751 1171 1171 1170 1170 1171 1171 751 751 1172 1172 753 753 1172 1172 751 751 884 884 856 856 886 886 858 858 886 886 856 856 886 886 858 858 888 888 860 860 888 888 858 858 888 888 860 860 889 889 862 862 889 889 860 860 889 889 862 862 919 919 1173 1173 919 919 862 862 919 919 1173 1173 1174 1174 1175 1175 1174 1174 1173 1173 1174 1174 1175 1175 1176 1176 1177 1177 1176 1176 1175 1175 1176 1176 1177 1177 1178 1178 1179 1179 1178 1178 1177 1177 1178 1178 1179 1179 1180 1180 256 256 255 255 1170 1170 1181 1181 1170 1170 255 255 1170 1170 1181 1181 751 751 857 857 942 942 859 859 863 863 859 859 942 942 859 859 863 863 861 861 296 296 861 861 863 863 861 861 296 296 862 862 298 298 862 862 296 296 862 862 298 298 1173 1173 754 754 1173 1173 298 298 1173 1173 754 754 1175 1175 752 752 1175 1175 754 754 1175 1175 752 752 1177 1177 751 751 1177 1177 752 752 1177 1177 751 751 1179 1179 1181 1181 1179 1179 751 751 1179 1179 1181 1181 1180 1180 1182 1182 1180 1180 1181 1181 1183 1183 1168 1168 1184 1184 1167 1167 1184 1184 1168 1168 1184 1184 1167 1167 1185 1185 1186 1186 1185 1185 1167 1167 1185 1185 1186 1186 723 723 1187 1187 723 723 1186 1186 723 723 1187 1187 724 724 1188 1188 724 724 1187 1187 724 724 1188 1188 762 762 1189 1189 1190 1190 1191 1191 1192 1192 1191 1191 1190 1190 1191 1191 1192 1192 1193 1193 1190 1190 1194 1194 1192 1192 1195 1195 1192 1192 1194 1194 1192 1192 1195 1195 1193 1193 1196 1196 1193 1193 1195 1195 1193 1193 1196 1196 1197 1197 1198 1198 1197 1197 1196 1196 1197 1197 1198 1198 1199 1199 1200 1200 1199 1199 1198 1198 1199 1199 1200 1200 382 382 1201 1201 382 382 1200 1200 382 382 1201 1201 381 381 1202 1202 381 381 1201 1201 381 381 1202 1202 363 363 359 359 363 363 1202 1202 363 363 359 359 362 362 361 361 362 362 359 359 362 362 361 361 384 384 244 244 1189 1189 245 245 1191 1191 245 245 1189 1189 245 245 1191 1191 247 247 1193 1193 247 247 1191 1191 247 247 1193 1193 1203 1203 1197 1197 1203 1203 1193 1193 1203 1203 1197 1197 1204 1204 1199 1199 1204 1204 1197 1197 1204 1204 1199 1199 1205 1205 382 382 1205 1205 1199 1199 1205 1205 382 382 1206 1206 356 356 1206 1206 382 382 1206 1206 356 356 1207 1207 358 358 1207 1207 356 356 1207 1207 358 358 1208 1208 383 383 1208 1208 358 358 1208 1208 383 383 448 448 384 384 448 448 383 383 448 448 447 447 1208 1208 947 947 1208 1208 447 447 1208 1208 947 947 1207 1207 948 948 1207 1207 947 947 1207 1207 948 948 1206 1206 949 949 1206 1206 948 948 1206 1206 949 949 1205 1205 950 950 1205 1205 949 949 1205 1205 950 950 1204 1204 951 951 1204 1204 950 950 1204 1204 951 951 1203 1203 952 952 1203 1203 951 951 1203 1203 952 952 247 247 1209 1209 247 247 952 952 247 247 1209 1209 246 246 1210 1210 246 246 1209 1209 246 246 1210 1210 244 244 1182 1182 1183 1183 1180 1180 1184 1184 1180 1180 1183 1183 1180 1180 1184 1184 1178 1178 1185 1185 1178 1178 1184 1184 1178 1178 1185 1185 1176 1176 723 723 1176 1176 1185 1185 1176 1176 723 723 1174 1174 725 725 1174 1174 723 723 1174 1174 725 725 919 919 759 759 919 919 725 725 919 919 759 759 918 918 758 758 918 918 759 759 918 918 758 758 917 917 757 757 917 917 758 758 917 917 757 757 916 916 760 760 916 916 757 757 916 916 760 760 915 915 257 257 251 251 255 255 253 253 255 255 251 251 255 255 253 253 1181 1181 254 254 1181 1181 253 253 1181 1181 254 254 1182 1182 1156 1156 1182 1182 254 254 1182 1182 1156 1156 1183 1183 1158 1158 1183 1183 1156 1156 1183 1183 1158 1158 1168 1168 1160 1160 1168 1168 1158 1158 1168 1168 1160 1160 1169 1169 1162 1162 1169 1169 1160 1160 1169 1169 1162 1162 1211 1211 1164 1164 1211 1211 1162 1162 1211 1211 1164 1164 1212 1212 1166 1166 1212 1212 1164 1164 1212 1212 1166 1166 1213 1213 909 909 742 742 893 893 737 737 893 893 742 742 893 893 737 737 755 755 739 739 755 755 737 737 755 755 739 739 753 753 741 741 753 753 739 739 753 753 741 741 1172 1172 1143 1143 1172 1172 741 741 1172 1172 1143 1143 1171 1171 1099 1099 1171 1171 1143 1143 1171 1171 1099 1099 256 256 1097 1097 256 256 1099 1099 256 256 1097 1097 257 257 1111 1111 257 257 1097 1097 257 257 1111 1111 251 251 1113 1113 251 251 1111 1111 251 251 1113 1113 252 252 1121 1121 252 252 1113 1113 252 252 1121 1121 254 254 1119 1119 254 254 1121 1121 254 254 1119 1119 1155 1155 1120 1120 1155 1155 1119 1119 1155 1155 1120 1120 1157 1157 260 260 1157 1157 1120 1120 1157 1157 260 260 1159 1159 259 259 1159 1159 260 260 1159 1159 259 259 1161 1161 241 241 1161 1161 259 259 1161 1161 241 241 1163 1163 243 243 1163 1163 241 241 1163 1163 243 243 1165 1165 269 269 1214 1214 270 270 264 264 270 270 1214 1214 270 270 264 264 1067 1067 266 266 1067 1067 264 264 1067 1067 266 266 1088 1088 1101 1101 1088 1088 266 266 1088 1088 1101 1101 1128 1128 1152 1152 1128 1128 1101 1101 1128 1128 1152 1152 1129 1129 1153 1153 1129 1129 1152 1152 1129 1129 1153 1153 1130 1130 1154 1154 1130 1130 1153 1153 1130 1130 1154 1154 1131 1131 313 313 1131 1131 1154 1154 1131 1131 313 313 1132 1132 312 312 1132 1132 313 313 1132 1132 312 312 1133 1133 676 676 1133 1133 312 312 1133 1133 676 676 1134 1134 315 315 1134 1134 676 676 1134 1134 315 315 1135 1135 314 314 1135 1135 315 315 1135 1135 314 314 1063 1063 670 670 1063 1063 314 314 1063 1063 670 670 1064 1064 671 671 1064 1064 670 670 1215 1215 1118 1118 1216 1216 1117 1117 1216 1216 1118 1118 1216 1216 1117 1117 1217 1217 1115 1115 1217 1217 1117 1117 1217 1217 1115 1115 1218 1218 1114 1114 1218 1218 1115 1115 1218 1218 1114 1114 1219 1219 1220 1220 1219 1219 1114 1114 1221 1221 1222 1222 1223 1223 240 240 1223 1223 1222 1222 239 239 1224 1224 240 240 1225 1225 240 240 1224 1224 240 240 1225 1225 1223 1223 1226 1226 1227 1227 1228 1228 1229 1229 1228 1228 1227 1227 237 237 1230 1230 235 235 1231 1231 235 235 1230 1230 235 235 1231 1231 1232 1232 1233 1233 1232 1232 1231 1231 1232 1232 1233 1233 1234 1234 1235 1235 1234 1234 1233 1233 1234 1234 1235 1235 1236 1236 1237 1237 1236 1236 1235 1235 1236 1236 1237 1237 1238 1238 1239 1239 1238 1238 1237 1237 1238 1238 1239 1239 1240 1240 1241 1241 1240 1240 1239 1239 1240 1240 1241 1241 1242 1242 1243 1243 1242 1242 1241 1241 1242 1242 1243 1243 1244 1244 1245 1245 1244 1244 1243 1243 1244 1244 1245 1245 1246 1246 1247 1247 1248 1248 1249 1249 1250 1250 1249 1249 1248 1248 1249 1249 1250 1250 231 231 1251 1251 229 229 1252 1252 228 228 1252 1252 229 229 1252 1252 228 228 1253 1253 1254 1254 1221 1221 1255 1255 1223 1223 1255 1255 1221 1221 1255 1255 1223 1223 236 236 1225 1225 236 236 1223 1223 236 236 1225 1225 237 237 1216 1216 238 238 1215 1215 240 240 1215 1215 238 238 1215 1215 240 240 1256 1256 1222 1222 1256 1256 240 240 1256 1256 1222 1222 1257 1257 1221 1221 1257 1257 1222 1222 1257 1257 1221 1221 1258 1258 1254 1254 1258 1258 1221 1221 1258 1258 1254 1254 1259 1259 231 231 1250 1250 232 232 1260 1260 232 232 1250 1250 232 232 1260 1260 234 234 1261 1261 1262 1262 1263 1263 1264 1264 1263 1263 1262 1262 1263 1263 1264 1264 1265 1265 1266 1266 1261 1261 1267 1267 1263 1263 1267 1267 1261 1261 1267 1267 1263 1263 1268 1268 1265 1265 1268 1268 1263 1263 1268 1268 1265 1265 1269 1269 1269 1269 1270 1270 1268 1268 1271 1271 1268 1268 1270 1270 1268 1268 1271 1271 1267 1267 1272 1272 1267 1267 1271 1271 1267 1267 1272 1272 1266 1266 1273 1273 1266 1266 1272 1272 1248 1248 1269 1269 1250 1250 1265 1265 1250 1250 1269 1269 1250 1250 1265 1265 1260 1260 1264 1264 1260 1260 1265 1265 1260 1260 1264 1264 234 234 1262 1262 234 234 1264 1264 234 234 1262 1262 1274 1274 1261 1261 1274 1274 1262 1262 1274 1274 1261 1261 1275 1275 1266 1266 1275 1275 1261 1261 1275 1275 1266 1266 1276 1276 1273 1273 1276 1276 1266 1266 1276 1276 1273 1273 1277 1277 1278 1278 1229 1229 1279 1279 1227 1227 1279 1279 1229 1229 1279 1279 1227 1227 1280 1280 1281 1281 1280 1280 1227 1227 1280 1280 1281 1281 1282 1282 1283 1283 1284 1284 1285 1285 1286 1286 1287 1287 1288 1288 1289 1289 1288 1288 1287 1287 1288 1288 1289 1289 1290 1290 1291 1291 1290 1290 1289 1289 1290 1290 1291 1291 1292 1292 225 225 1293 1293 227 227 1294 1294 227 227 1293 1293 227 227 1294 1294 1295 1295 1296 1296 1295 1295 1294 1294 1295 1295 1296 1296 1297 1297 1298 1298 1297 1297 1296 1296 1297 1297 1298 1298 1299 1299 1300 1300 1299 1299 1298 1298 1299 1299 1300 1300 1301 1301 1302 1302 1301 1301 1300 1300 1301 1301 1302 1302 1303 1303 1304 1304 1303 1303 1302 1302 1303 1303 1304 1304 1305 1305 1306 1306 1307 1307 1308 1308 1309 1309 1308 1308 1307 1307 1308 1308 1309 1309 1292 1292 288 288 287 287 1310 1310 1311 1311 1310 1310 287 287 1310 1310 1311 1311 1312 1312 1313 1313 1312 1312 1311 1311 1312 1312 1313 1313 1314 1314 1315 1315 1314 1314 1313 1313 1314 1314 1315 1315 1316 1316 1315 1315 1317 1317 1316 1316 1306 1306 1316 1316 1317 1317 1316 1316 1306 1306 1318 1318 1308 1308 1318 1318 1306 1306 1318 1318 1308 1308 1319 1319 1292 1292 1319 1319 1308 1308 1319 1319 1292 1292 1320 1320 1291 1291 1320 1320 1292 1292 1284 1284 1283 1283 1321 1321 1322 1322 1321 1321 1283 1283 1321 1321 1322 1322 1323 1323 1324 1324 1325 1325 1326 1326 1285 1285 1326 1326 1325 1325 1326 1326 1285 1285 1327 1327 1284 1284 1327 1327 1285 1285 1327 1327 1284 1284 1328 1328 1321 1321 1328 1328 1284 1284 1328 1328 1321 1321 1329 1329 1323 1323 1329 1329 1321 1321 1329 1329 1323 1323 1330 1330 1331 1331 226 226 1332 1332 227 227 1332 1332 226 226 1332 1332 227 227 1333 1333 1295 1295 1333 1333 227 227 1333 1333 1295 1295 1334 1334 1297 1297 1334 1334 1295 1295 1334 1334 1297 1297 1335 1335 1299 1299 1335 1335 1297 1297 1335 1335 1299 1299 1336 1336 1301 1301 1336 1336 1299 1299 1336 1336 1301 1301 1337 1337 1303 1303 1337 1337 1301 1301 1337 1337 1303 1303 1338 1338 1305 1305 1338 1338 1303 1303 1338 1338 1305 1305 1339 1339 1340 1340 1341 1341 216 216 1342 1342 222 222 1343 1343 221 221 1343 1343 222 222 1343 1343 221 221 1344 1344 1345 1345 1342 1342 1346 1346 1343 1343 1346 1346 1342 1342 1346 1346 1343 1343 1347 1347 1344 1344 1347 1347 1343 1343 1347 1347 1344 1344 1348 1348 1341 1341 1349 1349 216 216 1350 1350 216 216 1349 1349 216 216 1350 1350 217 217 1307 1307 1351 1351 1309 1309 1352 1352 1309 1309 1351 1351 1309 1309 1352 1352 1292 1292 1353 1353 1292 1292 1352 1352 1292 1292 1353 1353 1290 1290 1339 1339 1290 1290 1353 1353 1290 1290 1339 1339 1288 1288 1305 1305 1288 1288 1339 1339 1288 1288 1305 1305 1286 1286 1304 1304 1286 1286 1305 1305 289 289 953 953 287 287 223 223 287 287 953 953 287 287 223 223 1311 1311 222 222 1311 1311 223 223 1311 1311 222 222 1313 1313 1342 1342 1313 1313 222 222 1313 1313 1342 1342 1315 1315 1345 1345 1315 1315 1342 1342 1315 1315 1345 1345 1317 1317 1354 1354 1355 1355 1356 1356 1357 1357 1356 1356 1355 1355 1356 1356 1357 1357 1358 1358 1359 1359 1358 1358 1357 1357 1358 1358 1359 1359 1360 1360 1355 1355 1259 1259 1357 1357 1254 1254 1357 1357 1259 1259 1357 1357 1254 1254 1359 1359 1255 1255 1359 1359 1254 1254 1359 1359 1255 1255 1360 1360 236 236 1360 1360 1255 1255 1360 1360 236 236 1361 1361 235 235 1361 1361 236 236 1361 1361 235 235 1362 1362 1232 1232 1362 1362 235 235 1362 1362 1232 1232 1363 1363 1234 1234 1363 1363 1232 1232 1363 1363 1234 1234 1364 1364 1236 1236 1364 1364 1234 1234 1364 1364 1236 1236 1365 1365 1238 1238 1365 1365 1236 1236 1365 1365 1238 1238 1366 1366 1240 1240 1366 1366 1238 1238 1366 1366 1240 1240 1367 1367 1242 1242 1367 1367 1240 1240 1367 1367 1242 1242 1278 1278 1244 1244 1278 1278 1242 1242 1278 1278 1244 1244 1229 1229 1246 1246 1229 1229 1244 1244 1229 1229 1246 1246 1228 1228 1368 1368 1369 1369 1370 1370 1371 1371 1370 1370 1369 1369 1370 1370 1371 1371 1372 1372 1373 1373 1372 1372 1371 1371 1372 1372 1373 1373 1374 1374 263 263 1220 1220 261 261 1114 1114 261 261 1220 1220 261 261 1114 1114 260 260 1116 1116 260 260 1114 1114 260 260 1116 1116 258 258 1118 1118 258 258 1116 1116 258 258 1118 1118 1124 1124 1215 1215 1124 1124 1118 1118 1124 1124 1215 1215 1122 1122 1256 1256 1122 1122 1215 1215 1122 1122 1256 1256 242 242 1257 1257 242 242 1256 1256 242 242 1257 1257 243 243 1258 1258 243 243 1257 1257 243 243 1258 1258 1165 1165 1259 1259 1165 1165 1258 1258 1165 1165 1259 1259 1166 1166 1355 1355 1166 1166 1259 1259 1166 1166 1355 1355 1213 1213 1354 1354 1213 1213 1355 1355 1213 1213 1354 1354 1375 1375 1376 1376 1375 1375 1354 1354 219 219 218 218 1377 1377 1378 1378 1377 1377 218 218 1377 1377 1378 1378 1379 1379 1282 1282 1380 1380 1280 1280 1381 1381 1280 1280 1380 1380 1280 1280 1381 1381 1279 1279 1382 1382 1279 1279 1381 1381 1279 1279 1382 1382 1278 1278 1383 1383 1278 1278 1382 1382 1278 1278 1383 1383 1367 1367 1384 1384 1367 1367 1383 1383 1367 1367 1384 1384 1366 1366 1385 1385 1366 1366 1384 1384 1366 1366 1385 1385 1365 1365 1386 1386 1365 1365 1385 1385 1365 1365 1386 1386 1364 1364 1387 1387 1364 1364 1386 1386 1364 1364 1387 1387 1363 1363 1388 1388 1363 1363 1387 1387 1363 1363 1388 1388 1362 1362 1389 1389 1362 1362 1388 1388 1362 1362 1389 1389 1361 1361 1390 1390 1361 1361 1389 1389 1361 1361 1390 1390 1360 1360 220 220 1360 1360 1390 1390 1360 1360 220 220 1358 1358 219 219 1358 1358 220 220 1358 1358 219 219 1356 1356 1377 1377 1356 1356 219 219 1356 1356 1377 1377 1354 1354 1379 1379 1354 1354 1377 1377 1354 1354 1379 1379 1376 1376 393 393 1391 1391 1392 1392 1393 1393 1392 1392 1391 1391 1392 1392 1393 1393 1394 1394 1395 1395 1394 1394 1393 1393 1394 1394 1395 1395 1396 1396 393 393 395 395 1391 1391 1397 1397 1391 1391 395 395 1391 1391 1397 1397 1393 1393 1398 1398 1393 1393 1397 1397 1393 1393 1398 1398 1395 1395 1373 1373 1399 1399 1374 1374 1400 1400 1374 1374 1399 1399 1374 1374 1400 1400 1401 1401 470 470 1401 1401 1400 1400 1401 1401 470 470 1402 1402 471 471 1402 1402 470 470 1402 1402 471 471 1403 1403 472 472 1403 1403 471 471 1403 1403 472 472 1404 1404 412 412 1404 1404 472 472 1404 1404 412 412 451 451 347 347 451 451 412 412 451 451 347 347 449 449 349 349 449 449 347 347 449 449 349 349 500 500 475 475 500 500 349 349 429 429 389 389 430 430 387 387 430 430 389 389 430 430 387 387 432 432 378 378 432 432 387 387 432 432 378 378 454 454 377 377 454 454 378 378 454 454 377 377 453 453 390 390 453 453 377 377 453 453 390 390 451 451 392 392 451 451 390 390 451 451 392 392 1404 1404 394 394 1404 1404 392 392 1404 1404 394 394 1403 1403 393 393 1403 1403 394 394 1403 1403 393 393 1402 1402 1392 1392 1402 1402 393 393 1402 1402 1392 1392 1401 1401 1394 1394 1401 1401 1392 1392 1401 1401 1394 1394 1374 1374 1396 1396 1374 1374 1394 1394 1374 1374 1396 1396 1372 1372 1282 1282 1397 1397 1380 1380 395 395 1380 1380 1397 1397 1380 1380 395 395 1381 1381 396 396 1381 1381 395 395 1381 1381 396 396 1382 1382 391 391 1382 1382 396 396 1382 1382 391 391 1383 1383 379 379 1383 1383 391 391 1383 1383 379 379 1384 1384 380 380 1384 1384 379 379 1384 1384 380 380 1385 1385 365 365 1385 1385 380 380 1385 1385 365 365 1386 1386 364 364 1386 1386 365 365 1386 1386 364 364 1387 1387 368 368 1387 1387 364 364 1387 1387 368 368 1388 1388 367 367 1388 1388 368 368 1388 1388 367 367 1389 1389 373 373 1389 1389 367 367 1389 1389 373 373 1390 1390 374 374 1390 1390 373 373 1390 1390 374 374 220 220 375 375 220 220 374 374 220 220 375 375 218 218 376 376 218 218 375 375 218 218 376 376 1378 1378 1226 1226 1247 1247 1227 1227 1249 1249 1227 1227 1247 1247 1227 1227 1249 1249 1281 1281 231 231 1281 1281 1249 1249 1281 1281 231 231 1282 1282 233 233 1282 1282 231 231 1282 1282 233 233 1397 1397 234 234 1397 1397 233 233 1397 1397 234 234 1398 1398 1274 1274 1398 1398 234 234 1398 1398 1274 1274 1395 1395 1275 1275 1395 1395 1274 1274 1395 1395 1275 1275 1396 1396 1276 1276 1396 1396 1275 1275 1396 1396 1276 1276 1372 1372 1277 1277 1372 1372 1276 1276 1372 1372 1277 1277 1370 1370 1405 1405 1370 1370 1277 1277 1370 1370 1405 1405 1368 1368 1406 1406 1368 1368 1405 1405 1251 1251 1324 1324 229 229 1326 1326 229 229 1324 1324 229 229 1326 1326 230 230 1327 1327 230 230 1326 1326 230 230 1327 1327 1407 1407 1328 1328 1407 1407 1327 1327 1407 1407 1328 1328 1408 1408 1329 1329 1408 1408 1328 1328 1408 1408 1329 1329 1409 1409 1330 1330 1409 1409 1329 1329 1270 1270 1253 1253 1271 1271 228 228 1271 1271 1253 1253 1271 1271 228 228 1272 1272 230 230 1272 1272 228 228 1272 1272 230 230 1273 1273 1407 1407 1273 1273 230 230 1273 1273 1407 1407 1277 1277 1408 1408 1277 1277 1407 1407 1277 1277 1408 1408 1405 1405 1409 1409 1405 1405 1408 1408 1405 1405 1409 1409 1406 1406 1330 1330 1406 1406 1409 1409 1322 1322 1410 1410 1323 1323 1411 1411 1323 1323 1410 1410 1323 1323 1411 1411 1330 1330 1412 1412 1330 1330 1411 1411 1330 1330 1412 1412 1406 1406 1413 1413 1406 1406 1412 1412 1406 1406 1413 1413 1368 1368 1414 1414 1368 1368 1413 1413 1368 1368 1414 1414 1369 1369 1415 1415 1369 1369 1414 1414 1369 1369 1415 1415 1371 1371 1416 1416 1371 1371 1415 1415 1371 1371 1416 1416 1373 1373 1417 1417 1373 1373 1416 1416 1373 1373 1417 1417 1399 1399 215 215 1418 1418 216 216 1419 1419 216 216 1418 1418 216 216 1419 1419 1340 1340 210 210 209 209 1420 1420 1421 1421 1420 1420 209 209 1420 1420 1421 1421 1422 1422 1423 1423 1422 1422 1421 1421 1422 1422 1423 1423 1424 1424 504 504 1424 1424 1423 1423 1424 1424 504 504 1425 1425 505 505 1425 1425 504 504 1425 1425 505 505 1426 1426 506 506 1426 1426 505 505 1426 1426 506 506 1427 1427 507 507 1427 1427 506 506 1427 1427 507 507 1428 1428 508 508 1428 1428 507 507 1428 1428 508 508 486 486 509 509 486 486 508 508 486 486 509 509 487 487 1351 1351 1429 1429 1352 1352 1430 1430 1352 1352 1429 1429 1352 1352 1430 1430 1353 1353 1431 1431 1353 1353 1430 1430 1353 1353 1431 1431 1339 1339 1432 1432 1339 1339 1431 1431 1339 1339 1432 1432 1338 1338 1433 1433 1338 1338 1432 1432 1338 1338 1433 1433 1337 1337 1434 1434 1337 1337 1433 1433 1337 1337 1434 1434 1336 1336 1435 1435 1336 1336 1434 1434 1336 1336 1435 1435 1335 1335 1436 1436 1335 1335 1435 1435 1335 1335 1436 1436 1334 1334 1437 1437 1334 1334 1436 1436 1334 1334 1437 1437 1333 1333 1438 1438 1333 1333 1437 1437 1333 1333 1438 1438 1332 1332 1439 1439 1332 1332 1438 1438 1332 1332 1439 1439 1331 1331 211 211 1331 1331 1439 1439 1331 1331 211 211 1440 1440 210 210 1440 1440 211 211 1440 1440 210 210 1441 1441 1420 1420 1441 1441 210 210 1441 1441 1420 1420 1442 1442 1422 1422 1442 1442 1420 1420 1442 1442 1422 1422 352 352 1424 1424 352 352 1422 1422 352 352 1424 1424 350 350 1425 1425 350 350 1424 1424 350 350 1425 1425 420 420 1426 1426 420 420 1425 1425 420 420 1426 1426 421 421 1427 1427 421 421 1426 1426 421 421 1427 1427 423 423 1428 1428 423 423 1427 1427 423 423 1428 1428 424 424 486 486 424 424 1428 1428 424 424 486 486 428 428 489 489 428 428 486 486 428 428 489 489 427 427 485 485 427 427 489 489 427 427 485 485 425 425 483 483 425 425 485 485 1443 1443 1444 1444 1445 1445 1446 1446 1445 1445 1444 1444 1445 1445 1446 1446 1447 1447 1448 1448 1447 1447 1446 1446 1447 1447 1448 1448 1348 1348 217 217 1448 1448 215 215 1446 1446 215 215 1448 1448 215 215 1446 1446 1418 1418 1444 1444 1418 1418 1446 1446 1418 1418 1444 1444 527 527 1443 1443 527 527 1444 1444 527 527 1443 1443 528 528 620 620 621 621 332 332 604 604 332 332 621 621 332 332 604 604 330 330 602 602 330 330 604 604 330 330 602 602 544 544 1449 1449 544 544 602 602 544 544 1449 1449 617 617 1450 1450 617 617 1449 1449 617 617 1450 1450 616 616 1451 1451 616 616 1450 1450 616 616 1451 1451 615 615 1452 1452 615 615 1451 1451 615 615 1452 1452 1453 1453 214 214 1453 1453 1452 1452 1453 1453 214 214 1454 1454 213 213 1454 1454 214 214 1454 1454 213 213 1455 1455 983 983 1456 1456 979 979 1457 1457 979 979 1456 1456 979 979 1457 1457 980 980 1458 1458 980 980 1457 1457 980 980 1458 1458 212 212 1459 1459 212 212 1458 1458 212 212 1459 1459 213 213 1460 1460 213 213 1459 1459 213 213 1460 1460 1455 1455 1461 1461 1462 1462 1463 1463 1464 1464 1463 1463 1462 1462 1463 1463 1464 1464 1465 1465 1466 1466 1465 1465 1464 1464 1465 1465 1466 1466 1467 1467 1468 1468 1467 1467 1466 1466 1467 1467 1468 1468 1469 1469 1470 1470 1469 1469 1468 1468 1469 1469 1470 1470 1471 1471 1472 1472 1471 1471 1470 1470 1348 1348 1448 1448 1347 1347 217 217 1347 1347 1448 1448 1347 1347 217 217 1346 1346 1350 1350 1346 1346 217 217 1346 1346 1350 1350 1345 1345 1349 1349 1345 1345 1350 1350 1345 1345 1349 1349 1317 1317 1341 1341 1317 1317 1349 1349 1317 1317 1341 1341 1306 1306 1340 1340 1306 1306 1341 1341 1306 1306 1340 1340 1307 1307 1419 1419 1307 1307 1340 1340 1307 1307 1419 1419 1351 1351 1418 1418 1351 1351 1419 1419 1351 1351 1418 1418 1429 1429 527 527 1429 1429 1418 1418 1429 1429 527 527 1430 1430 526 526 1430 1430 527 527 1430 1430 526 526 1431 1431 524 524 1431 1431 526 526 1431 1431 524 524 1432 1432 515 515 1432 1432 524 524 1432 1432 515 515 1433 1433 516 516 1433 1433 515 515 1433 1433 516 516 1434 1434 345 345 1434 1434 516 516 1434 1434 345 345 1435 1435 344 344 1435 1435 345 345 1435 1435 344 344 1436 1436 571 571 1436 1436 344 344 1436 1436 571 571 1437 1437 512 512 1437 1437 571 571 1437 1437 512 512 1438 1438 511 511 1438 1438 512 512 1438 1438 511 511 1439 1439 576 576 1439 1439 511 511 1439 1439 576 576 211 211 577 577 211 211 576 576 211 211 577 577 209 209 578 578 209 209 577 577 209 209 578 578 1421 1421 579 579 1421 1421 578 578 1421 1421 579 579 1423 1423 580 580 1423 1423 579 579 1423 1423 580 580 504 504 581 581 504 504 580 580 504 504 581 581 462 462 582 582 462 462 581 581 462 462 582 582 463 463 583 583 463 463 582 582 463 463 583 583 492 492 584 584 492 492 583 583 492 492 584 584 493 493 324 324 493 493 584 584 493 493 324 324 495 495 326 326 495 495 324 324 495 495 326 326 497 497 981 981 1461 1461 982 982 1463 1463 982 982 1461 1461 982 982 1463 1463 983 983 1465 1465 983 983 1463 1463 983 983 1465 1465 1456 1456 1467 1467 1456 1456 1465 1465 1456 1456 1467 1467 1457 1457 1469 1469 1457 1457 1467 1467 1457 1457 1469 1469 1458 1458 1471 1471 1458 1458 1469 1469 1458 1458 1471 1471 1459 1459 1472 1472 1459 1459 1471 1471 1459 1459 1472 1472 1460 1460 1325 1325 1473 1473 1285 1285 224 224 1285 1285 1473 1473 1285 1285 224 224 1283 1283 226 226 1283 1283 224 224 1283 1283 226 226 1322 1322 1331 1331 1322 1322 226 226 1322 1322 1331 1331 1410 1410 1440 1440 1410 1410 1331 1331 1410 1410 1440 1440 1411 1411 1441 1441 1411 1411 1440 1440 1411 1411 1441 1441 1412 1412 1442 1442 1412 1412 1441 1441 1412 1412 1442 1442 1413 1413 352 352 1413 1413 1442 1442 1413 1413 352 352 1414 1414 351 351 1414 1414 352 352 1414 1414 351 351 1415 1415 407 407 1415 1415 351 351 1415 1415 407 407 1416 1416 405 405 1416 1416 407 407 1416 1416 405 405 1417 1417 397 397 1417 1417 405 405 1417 1417 397 397 1399 1399 399 399 1399 1399 397 397 1399 1399 399 399 1400 1400 401 401 1400 1400 399 399 1400 1400 401 401 470 470 403 403 470 470 401 401 470 470 403 403 416 416 411 411 416 416 403 403 416 416 411 411 417 417 426 426 417 417 411 411 417 417 426 426 418 418 425 425 418 418 426 426 418 418 425 425 419 419 483 483 419 419 425 425 419 419 483 483 456 456 482 482 456 456 483 483 456 456 482 482 476 476 284 284 286 286 953 953 976 976 953 953 286 286 953 953 976 976 223 223 978 978 223 223 976 976 223 223 978 978 221 221 980 980 221 221 978 978 221 221 980 980 1344 1344 212 212 1344 1344 980 980 1344 1344 212 212 1348 1348 214 214 1348 1348 212 212 1348 1348 214 214 1447 1447 1452 1452 1447 1447 214 214 1447 1447 1452 1452 1445 1445 1451 1451 1445 1445 1452 1452 1445 1445 1451 1451 1443 1443 1450 1450 1443 1443 1451 1451 1443 1443 1450 1450 528 528 1449 1449 528 528 1450 1450 528 528 1449 1449 525 525 602 602 525 525 1449 1449 525 525 602 602 523 523 600 600 523 523 602 602 523 523 600 600 513 513 599 599 513 513 600 600 513 513 599 599 514 514 575 575 514 514 599 599 514 514 575 575 587 587 573 573 587 587 575 575 587 587 573 573 588 588 572 572 588 588 573 573 588 588 572 572 589 589 596 596 589 589 572 572 589 589 596 596 590 590 595 595 590 590 596 596 590 590 595 595 591 591 920 920 935 935 921 921 933 933 921 921 935 935 921 921 933 933 923 923 931 931 923 923 933 933 923 923 931 931 925 925 929 929 925 925 931 931 925 925 929 929 927 927 874 874 927 927 929 929 927 927 874 874 293 293 876 876 293 293 874 874 293 293 876 876 294 294 882 882 294 294 876 876 294 294 882 882 873 873 881 881 873 873 882 882 873 873 881 881 952 952 879 879 952 952 881 881 952 952 879 879 1209 1209 878 878 1209 1209 879 879 1209 1209 878 878 1210 1210 911 911 291 291 742 742 290 290 742 742 291 291 742 742 290 290 743 743 908 908 743 743 290 290 743 743 908 908 745 745 907 907 745 745 908 908 745 745 907 907 853 853 905 905 853 853 907 907 853 853 905 905 854 854 903 903 854 854 905 905 854 854 903 903 843 843 847 847 843 843 903 903 843 843 847 847 727 727 848 848 727 727 847 847 727 727 848 848 728 728 849 849 728 728 848 848 728 728 849 849 699 699 850 850 699 699 849 849 699 699 850 850 700 700 851 851 700 700 850 850 700 700 851 851 1142 1142 852 852 1142 1142 851 851 1142 1142 852 852 701 701 894 894 701 701 852 852 701 701 894 894 702 702 302 302 702 702 894 894 702 702 302 302 703 703 304 304 703 703 302 302 703 703 304 304 704 704 316 316 704 704 304 304 704 704 316 316 671 671 318 318 671 671 316 316 671 671 318 318 1064 1064 663 663 1064 1064 318 318 1064 1064 663 663 1049 1049 1053 1053 1049 1049 663 663 1049 1049 1053 1053 1050 1050 1052 1052 1050 1050 1053 1053 1050 1050 1052 1052 1012 1012 273 273 1012 1012 1052 1052 1012 1012 273 273 1013 1013 1020 1020 1013 1013 273 273 1013 1013 1020 1020 1014 1014 1019 1019 1014 1014 1020 1020 1014 1014 1019 1019 1015 1015 1001 1001 1015 1015 1019 1019 1015 1015 1001 1001 993 993 1000 1000 993 993 1001 1001 993 993 1000 1000 994 994 1048 1048 994 994 1000 1000 994 994 1048 1048 1021 1021 1047 1047 1021 1021 1048 1048 1021 1021 1047 1047 1046 1046 660 660 1046 1046 1047 1047 1046 1046 660 660 1045 1045 659 659 1045 1045 660 660 1045 1045 659 659 1044 1044 677 677 1044 1044 659 659 1044 1044 677 677 1043 1043 657 657 1043 1043 677 677 1043 1043 657 657 1042 1042 656 656 1042 1042 657 657 1042 1042 656 656 1041 1041 322 322 1041 1041 656 656 1041 1041 322 322 1040 1040 321 321 1040 1040 322 322 1040 1040 321 321 1039 1039 773 773 1039 1039 321 321 1039 1039 773 773 1038 1038 655 655 1038 1038 773 773 1038 1038 655 655 1037 1037 654 654 1037 1037 655 655 1037 1037 654 654 1036 1036 795 795 1036 1036 654 654 1036 1036 795 795 276 276 796 796 276 276 795 795 276 276 796 796 274 274 797 797 274 274 796 796 274 274 797 797 1025 1025 798 798 1025 1025 797 797 1025 1025 798 798 1027 1027 799 799 1027 1027 798 798 1027 1027 799 799 647 647 800 800 647 647 799 799 647 647 800 800 643 643 801 801 643 643 800 800 643 643 801 801 642 642 802 802 642 642 801 801 642 642 802 802 641 641 803 803 641 641 802 802 641 641 803 803 329 329 206 206 329 329 803 803 329 329 206 206 327 327 208 208 327 327 206 206 327 327 208 208 637 637 503 503 1474 1474 441 441 1475 1475 441 441 1474 1474 441 441 1475 1475 439 439 442 442 439 439 1475 1475 439 439 442 442 437 437 444 444 437 437 442 442 437 437 444 444 429 429 446 446 429 429 444 444 429 429 446 446 389 389 448 448 389 389 446 446 389 389 448 448 388 388 384 384 388 388 448 448 388 388 384 384 355 355 361 361 355 355 384 384 355 355 361 361 353 353 360 360 353 353 361 361 353 353 360 360 372 372 359 359 372 372 360 360 372 372 359 359 376 376 1202 1202 376 376 359 359 376 376 1202 1202 1378 1378 1201 1201 1378 1378 1202 1202 1378 1378 1201 1201 1379 1379 1200 1200 1379 1379 1201 1201 1379 1379 1200 1200 1376 1376 1198 1198 1376 1376 1200 1200 1376 1376 1198 1198 1375 1375 1196 1196 1375 1375 1198 1198 1375 1375 1196 1196 1213 1213 1195 1195 1213 1213 1196 1196 1213 1213 1195 1195 1212 1212 1194 1194 1212 1212 1195 1195 1212 1212 1194 1194 1211 1211 1190 1190 1211 1211 1194 1194 1211 1211 1190 1190 1169 1169 1189 1189 1169 1169 1190 1190 1169 1169 1189 1189 1167 1167 244 244 1167 1167 1189 1189 1167 1167 244 244 1186 1186 1210 1210 1186 1186 244 244 1186 1186 1210 1210 1187 1187 878 878 1187 1187 1210 1210 1187 1187 878 878 1188 1188 880 880 1188 1188 878 878 1188 1188 880 880 762 762 877 877 762 762 880 880 762 762 877 877 761 761 875 875 761 761 877 877 761 761 875 875 760 760 936 936 760 760 875 875 760 760 936 936 915 915 285 285 1476 1476 286 286 280 280 286 286 1476 1476 286 286 280 280 981 981 282 282 981 981 280 280 981 981 282 282 1461 1461 984 984 1461 1461 282 282 1461 1461 984 984 1462 1462 1035 1035 1462 1462 984 984 1462 1462 1035 1035 1464 1464 1034 1034 1464 1464 1035 1035 1464 1464 1034 1034 1466 1466 1033 1033 1466 1466 1034 1034 1466 1466 1033 1033 1468 1468 338 338 1468 1468 1033 1033 1468 1468 338 338 1470 1470 337 337 1470 1470 338 338 1470 1470 337 337 1472 1472 539 539 1472 1472 337 337 1472 1472 539 539 1460 1460 537 537 1460 1460 539 539 1460 1460 537 537 1455 1455 529 529 1455 1455 537 537 1455 1455 529 529 1454 1454 531 531 1454 1454 529 529 1454 1454 531 531 1453 1453 533 533 1453 1453 531 531 1453 1453 533 533 615 615 535 535 615 615 533 533 615 615 535 535 548 548 543 543 548 548 535 535 548 548 543 543 549 549 558 558 549 549 543 543 549 549 558 558 550 550 557 557 550 550 558 558 550 550 557 557 551 551 633 633 551 551 557 557 551 551 633 633 605 605 634 634 605 605 633 633 605 605 634 634 623 623</p>
        </triangles>
      </mesh>
    </geometry>
  </library_geometries>
  <library_materials>
    <material id="b7a85b5b067b43ba92491c0989fc8521" name="defaultmaterial">
      <instance_effect url="#94a55441b0404f948e179ce80e7c6414"/>
    </material>
  </library_materials>
  <library_visual_scenes>
    <visual_scene id="scene">
      <node id="node0" name="node0">
        <instance_geometry url="#74eb9caca8e64aedb62fe8ad4014c738">
          <bind_material>
            <technique_common>
              <instance_material symbol="material0" target="#b7a85b5b067b43ba92491c0989fc8521"/>
            </technique_common>
          </bind_material>
        </instance_geometry>
      </node>
    </visual_scene>
  </library_visual_scenes>
  <scene>
    <instance_visual_scene url="#scene"/>
  </scene>
</COLLADA>
