<COLLADA xmlns="http://www.collada.org/2005/11/COLLADASchema" version="1.4.1">
  <asset>
    <created>2026-09-27T18:30:24.975242</created>
    <modified>2026-09-27T18:30:24.975242</modified>
    <up_axis>Y_UP</up_axis>
  </asset>
  <library_effects>
    <effect id="5ab1af305b4e42fb9babecf1be958301" name="5ab1af305b4e42fb9babecf1be958301">
      <profile_COMMON>
        <technique sid="common">
          <phong>
            <emission>
              <color>0.0 0.0 0.0 1.0</color>
            </emission>
            <ambient>
              <color>0.0 0.0 0.0 1.0</color>
            </ambient>
            <diffuse>
              <color>0.8941176470588236 0.8941176470588236 0.8941176470588236 1.0</color>
            </diffuse>
            <specular>
              <color>0.0 0.0 0.0 1.0</color>
            </specular>
            <shininess>
              <float>0.0</float>
            </shininess>
            <reflective>
              <color>0.0 0.0 0.0 1.0</color>
            </reflective>
            <reflectivity>
              <float>0.0</float>
            </reflectivity>
            <transparent>
              <color>0.0 0.0 0.0 1.0</color>
            </transparent>
            <transparency>
              <float>1.0</float>
            </transparency>
          </phong>
        </technique>
        <extra>
          <technique profile="GOOGLEEARTH">
            <double_sided>0</double_sided>
          </technique>
        </extra>
      </profile_COMMON>
    </effect>
  </library_effects>
  <library_geometries>
    <geometry id="c3d9f2dcc4f3417a9b3370e4d0483b15" name="b724c5d1c243494b9053ac0822c4bc21">
      <mesh>
        <source id="verts-array">
          <float_array count="6738" id="verts-array-array">0.002768387 0.0002778081 0.029871 0.002756587 0.0005332011 0.02986862 3.8682e-07 0.0002789957 0.02999889 -0.002720613 -0.0002307979 0.02987572 -0.002662013 -0.0004796722 0.02987803 -0.01518971 -0.00408449 0.02554581 -0.01738851 -0.004724613 0.02398569 -0.01685781 -0.006307885 0.02400039 -0.004686413 0.00262846 -0.02951459 -0.002353113 0.001180207 -0.02988406 -0.002477513 0.0009568567 -0.02988199 0.004687187 -0.00317519 -0.0294607 0.002353787 -0.001734047 -0.029857 0.002478187 -0.001510697 -0.02985907 3.868201e-07 -0.0002781086 -0.02999852 -0.002208613 0.001391128 -0.02988602 0.002209287 -0.001944968 -0.02985504 -0.002662013 -0.0010344 -0.0298635 -0.002720613 -0.0007855262 -0.02986581 0.004399387 -0.003595232 -0.0294568 0.006551977 -0.005214821 -0.02880733 0.002045987 -0.00214166 -0.02985321 -0.004398713 0.003048502 -0.02951849 -0.006551313 0.004679872 -0.02889921 -0.002045313 0.00158782 -0.02988784 -0.002720613 0.000231686 -0.02987525 -0.005418313 0.0007395115 -0.02949705 -0.005301713 0.00123513 -0.02950165 0.004074087 -0.003986945 -0.02945316 0.006067527 -0.005798206 -0.02880192 0.008009177 -0.007559993 -0.02790492 0.001865187 -0.002322442 -0.02985154 -0.004073413 0.003440215 -0.02952213 -0.006066813 0.005263257 -0.02890463 -0.008008513 0.007041397 -0.0280405 -0.001864513 0.001768602 -0.02988952 -0.007896113 0.001979169 -0.02887413 -0.007655113 0.002698148 -0.02888081 0.003714087 -0.004346969 -0.02944982 0.005531317 -0.006334393 -0.02879694 0.007301357 -0.008267773 -0.02789835 0.009009107 -0.01013062 -0.0267618 0.001668487 -0.002485775 -0.02985002 -0.003713413 0.00380024 -0.02952547 -0.005530613 0.005799444 -0.02890961 -0.007300613 0.007749177 -0.02804707 -0.009008413 0.009632808 -0.02694532 -0.001667813 0.001931935 -0.02989104 -0.01010511 0.003655403 -0.02800906 -0.009700713 0.004571074 -0.02801756 0.003322387 -0.004672235 -0.0294468 0.004947887 -0.006818822 -0.02879244 0.006531247 -0.008907235 -0.02789241 0.008058867 -0.01091965 -0.02675448 0.009517737 -0.01283894 -0.0253882 0.001457587 -0.002630259 -0.02984868 0.0104239 -0.00322492 -0.02794517 0.01286203 -0.003908208 -0.02681958 0.01246951 -0.005079278 -0.02680871 -0.003321713 0.004125506 -0.02952849 -0.004947213 0.006283873 -0.02891411 -0.006530513 0.008388639 -0.02805301 -0.008058213 0.01042183 -0.02695264 -0.009517013 0.01236617 -0.02562224 -0.001456813 0.002076418 -0.02989238 -0.01196991 0.005711317 -0.0269089 -0.01136891 0.00679032 -0.02691892 0.002902287 -0.004959973 -0.02944413 0.004322287 -0.007247363 -0.02878846 0.005705427 -0.009472921 -0.02788716 0.007039877 -0.01161762 -0.026748 0.008314277 -0.01366321 -0.02538054 0.009517737 -0.01559228 -0.02379656 0.001234187 -0.002754673 -0.02984752 0.01472685 -0.00594122 -0.02545225 0.01413763 -0.007275613 -0.02543985 -0.002901613 0.004413243 -0.02953116 -0.004321613 0.006712415 -0.02891808 -0.005704713 0.008954325 -0.02805826 -0.007039213 0.0111198 -0.02695912 -0.008313613 0.01319044 -0.02562989 -0.009517013 0.01514859 -0.02408201 -0.001233513 0.002200833 -0.02989354 -0.01342711 0.008077175 -0.02558241 -0.01260271 0.009280594 -0.02559359 0.002457487 -0.005207722 -0.02944183 0.003659787 -0.007616348 -0.02878504 0.004830887 -0.00995999 -0.02788264 0.005960827 -0.01221869 -0.02674241 0.007039877 -0.01437308 -0.02537395 0.008058867 -0.01640485 -0.02378902 0.009009107 -0.01829663 -0.02200108 0.001000287 -0.002857939 -0.02984656 0.01618404 -0.008280018 -0.02386446 0.01537146 -0.009738825 -0.02385092 -0.002456813 0.004660992 -0.02953346 -0.003659113 0.007081399 -0.02892151 -0.004830213 0.009441394 -0.02806279 -0.005960113 0.01172088 -0.0269647 -0.007039213 0.0139003 -0.02563648 -0.008058213 0.01596116 -0.02408955 -0.009008413 0.01788581 -0.02233705 -0.0009996132 0.002304099 -0.0298945 -0.01442701 0.01067278 -0.02404045 -0.01336021 0.01195743 -0.02405238 0.001991687 -0.005413383 -0.02943992 0.002966087 -0.007922634 -0.02878219 0.003915187 -0.01036426 -0.02787888 0.004830887 -0.01271757 -0.02673778 0.005705427 -0.01496225 -0.02536848 0.006531247 -0.01707932 -0.02378276 0.007301357 -0.0190507 -0.02199407 0.008009177 -0.02085952 -0.02001779 0.0007578868 -0.002939185 -0.02984581 0.01718398 -0.01084465 -0.02207027 0.01612897 -0.01238468 -0.02205597 -0.001991013 0.004866654 -0.02953537 -0.002965413 0.007387686 -0.02892435 -0.003914513 0.009845666 -0.02806654 -0.004830213 0.01221976 -0.02696934 -0.005704713 0.01448948 -0.02564195 -0.006530513 0.01663563 -0.02409581 -0.007300613 0.01863988 -0.02234405 -0.008008513 0.02048509 -0.0204017 -0.0007572132 0.002385345 -0.02989525 -0.01493571 0.01341 -0.02229549 -0.01361561 0.01472995 -0.02230774 0.001508887 -0.005575186 -0.02943842 0.002247087 -0.008163614 -0.02877995 0.002966087 -0.01068235 -0.02787593 0.003659787 -0.01311005 -0.02673414 0.004322287 -0.01542583 -0.02536418 0.004947887 -0.01761 -0.02377783 0.005531317 -0.01964387 -0.02198857 0.006067527 -0.0215102 -0.02001175 0.006551977 -0.02319303 -0.01786423 0.0005089868 -0.002997723 -0.02984527 0.01769261 -0.01354724 -0.02008569 0.01638438 -0.01512257 -0.02007106 -0.001508213 0.005028457 -0.02953688 -0.002246413 0.007628665 -0.02892659 -0.002965413 0.01016375 -0.02806949 -0.003659113 0.01261224 -0.02697298 -0.004321613 0.01495306 -0.02564626 -0.004947213 0.0171663 -0.02410074 -0.005530613 0.01923305 -0.02234956 -0.006066813 0.02113577 -0.02040774 -0.006551313 0.02285819 -0.01829184 -0.0005083132 0.002443883 -0.02989579 -0.01493571 0.01619608 -0.02036187 -0.01336021 0.01750432 -0.02037402 0.001013287 -0.005691761 -0.02943733 0.001508887 -0.008337227 -0.02877834 0.001991687 -0.01091154 -0.0278738 0.002457487 -0.01339284 -0.02673151 0.002902287 -0.01575982 -0.02536108 0.003322387 -0.01799228 -0.02377428 0.003714087 -0.02007125 -0.0219846 0.004074087 -0.02197908 -0.0200074 0.004399387 -0.02369931 -0.01785953 0.004687187 -0.02521731 -0.01555924 0.0002557868 -0.003033041 -0.02984494 0.01769261 -0.01629533 -0.01792828 0.01612897 -0.01785896 -0.01791376 -0.001012613 0.005145032 -0.02953796 -0.001508213 0.007802278 -0.0289282 -0.001991013 0.01039294 -0.02807162 -0.002456813 0.01289503 -0.02697561 -0.002901613 0.01528704 -0.02564936 -0.003321713 0.01754859 -0.02410429 -0.003713413 0.01966044 -0.02235353 -0.004073413 0.02160465 -0.02041209 -0.004398713 0.02336446 -0.01829654 -0.004686413 0.02492492 -0.01602483 -0.0002550132 0.002479201 -0.02989612 -0.01442701 0.01893666 -0.01825543 -0.01260271 0.0201863 -0.01826703 0.0005089868 -0.005762098 -0.02943668 0.0007578868 -0.008441992 -0.02877737 0.001000287 -0.01104983 -0.02787252 0.001234187 -0.01356343 -0.02672993 0.001457587 -0.01596131 -0.0253592 0.001668487 -0.01822297 -0.02377214 0.001865187 -0.02032924 -0.0219822 0.002045987 -0.02226196 -0.02000477 0.002209287 -0.02400479 -0.0178567 0.002353787 -0.0255428 -0.01555622 0.002478187 -0.02686286 -0.01312305 3.868212e-07 -0.003044851 -0.02984483 0.01718398 -0.01899488 -0.01561702 0.01537146 -0.02049992 -0.01560304 -0.0005083132 0.005215369 -0.02953861 -0.0007572132 0.007907043 -0.02892918 -0.0009996132 0.01053124 -0.02807291 -0.001233513 0.01306562 -0.02697719 -0.001456813 0.01548854 -0.02565123 -0.001667813 0.01777928 -0.02410643 -0.001864513 0.01991842 -0.02235592 -0.002045313 0.02188753 -0.02041472 -0.002208613 0.02366995 -0.01829938 -0.002353113 0.02525041 -0.01602786 -0.002477513 0.02661543 -0.01361963 3.868189e-07 0.002491011 -0.02989623 -0.01342711 0.02153897 -0.01599339 -0.01136891 0.02268532 -0.01600404 3.868223e-07 -0.005785617 -0.02943646 3.868234e-07 -0.00847701 -0.02877704 3.868245e-07 -0.01109613 -0.02787209 3.868256e-07 -0.01362053 -0.0267294 3.868265e-07 -0.01602871 -0.02535858 3.868275e-07 -0.01830007 -0.02377142 3.868284e-07 -0.02041544 -0.0219814 3.868292e-07 -0.02235656 -0.02000389 3.868299e-07 -0.02410689 -0.01785575 3.868305e-07 -0.0256516 -0.01555521 3.868311e-07 -0.02697746 -0.01312199 3.868315e-07 -0.02807317 -0.01057681 -0.0002550132 -0.003033041 -0.02984494 0.01618404 -0.02155349 -0.01317235 0.01413763 -0.02295523 -0.01315934 3.868178e-07 0.005238888 -0.02953883 3.868167e-07 0.007942062 -0.0289295 3.868156e-07 0.01057753 -0.02807334 3.868146e-07 0.01312272 -0.02697772 3.868136e-07 0.01555593 -0.02565186 3.868126e-07 0.01785637 -0.02410715 3.868118e-07 0.02000462 -0.02235672 3.86811e-07 0.02198213 -0.0204156 3.868102e-07 0.02377205 -0.01830033 3.868096e-07 0.02535921 -0.01602887 3.86809e-07 0.02673003 -0.01362069 3.868086e-07 0.02787281 -0.01109629 0.0002557868 0.002479201 -0.02989612 -0.01196991 0.02391475 -0.01359455 -0.009700713 0.0249166 -0.01360385 -0.0005083132 -0.005762098 -0.02943668 -0.0007572132 -0.008441992 -0.02877737 -0.0009996132 -0.01104983 -0.02787252 -0.001233513 -0.01356343 -0.02672993 -0.001456813 -0.01596131 -0.0253592 -0.001667813 -0.01822297 -0.02377214 -0.001864513 -0.02032924 -0.0219822 -0.002045313 -0.02226196 -0.02000477 -0.002208613 -0.02400479 -0.0178567 -0.002353113 -0.0255428 -0.01555622 -0.002477513 -0.02686286 -0.01312305 -0.002580813 -0.02795378 -0.01057792 -0.002662013 -0.02880625 -0.007942487 -0.0005083132 -0.002997723 -0.02984527 0.01472685 -0.02388326 -0.01061571 0.01246951 -0.0251405 -0.01060404 0.0005089868 0.005215369 -0.02953861 0.0007578868 0.007907043 -0.02892918 0.001000287 0.01053124 -0.02807291 0.001234187 0.01306562 -0.02697719 0.001457587 0.01548854 -0.02565123 0.001668487 0.01777928 -0.02410643 0.001865187 0.01991842 -0.02235592 0.002045987 0.02188753 -0.02041472 0.002209287 0.02366995 -0.01829938 0.002353787 0.02525041 -0.01602786 0.002478187 0.02661543 -0.01361963 0.002581487 0.02775342 -0.01109518 0.002662687 0.02865468 -0.008476039 0.0005089868 0.002443883 -0.02989579 -0.01010511 0.02598379 -0.01107875 -0.007655113 0.02680496 -0.01108638 -0.001012613 -0.005691761 -0.02943733 -0.001508213 -0.008337227 -0.02877834 -0.001991013 -0.01091154 -0.0278738 -0.002456813 -0.01339284 -0.02673151 -0.002901613 -0.01575982 -0.02536108 -0.003321713 -0.01799228 -0.02377428 -0.003713413 -0.02007125 -0.0219846 -0.004073413 -0.02197908 -0.0200074 -0.004398713 -0.02369931 -0.01785953 -0.004686413 -0.02521731 -0.01555924 -0.004934213 -0.02652018 -0.01312624 -0.005139913 -0.0275969 -0.01058123 -0.005301713 -0.02843806 -0.007945906 -0.005418313 -0.02903659 -0.005242832 -0.0007572132 -0.002939185 -0.02984581 0.01286203 -0.02590437 -0.007969432 0.0104239 -0.02698093 -0.007959436 0.001013287 0.005145032 -0.02953796 0.001508887 0.007802278 -0.0289282 0.001991687 0.01039294 -0.02807162 0.002457487 0.01289503 -0.02697561 0.002902287 0.01528704 -0.02564936 0.003322387 0.01754859 -0.02410429 0.003714087 0.01966044 -0.02235353 0.004074087 0.02160465 -0.02041209 0.004399387 0.02336446 -0.01829654 0.004687187 0.02492492 -0.01602483 0.004934887 0.02627274 -0.01361644 0.005140587 0.02739653 -0.01109187 0.005302397 0.02828649 -0.00847262 0.005418977 0.02893511 -0.005781127 0.0007578868 0.002385345 -0.02989525 -0.007896113 0.02767632 -0.008466954 -0.005301713 0.02828649 -0.00847262 -0.001508213 -0.005575186 -0.02943842 -0.002246413 -0.008163614 -0.02877995 -0.002965413 -0.01068235 -0.02787593 -0.003659113 -0.01311005 -0.02673414 -0.004321613 -0.01542583 -0.02536418 -0.004947213 -0.01761 -0.02377783 -0.005530613 -0.01964387 -0.02198857 -0.006066813 -0.0215102 -0.02001175 -0.006551313 -0.02319303 -0.01786423 -0.006979813 -0.02467794 -0.01556425 -0.007348813 -0.0259523 -0.01313151 -0.007655113 -0.02700532 -0.01058672 -0.007896113 -0.02782789 -0.007951572 -0.008069713 -0.02841302 -0.005248622 -0.008174513 -0.02875572 -0.002500922 -0.0009996132 -0.002857939 -0.02984656 0.01065308 -0.02754745 -0.005256659 0.008070447 -0.02841302 -0.005248622 0.001508887 0.005028457 -0.02953688 0.002247087 0.007628665 -0.02892659 0.002966087 0.01016375 -0.02806949 0.003659787 0.01261224 -0.02697298 0.004322287 0.01495306 -0.02564626 0.004947887 0.0171663 -0.02410074 0.005531317 0.01923305 -0.02234956 0.006067527 0.02113577 -0.02040774 0.006551977 0.02285819 -0.01829184 0.006980537 0.02438555 -0.01601982 0.007349537 0.02570487 -0.01361117 0.007655847 0.02680496 -0.01108638 0.007896827 0.02767632 -0.008466954 0.008070447 0.02831154 -0.005775336 0.008175217 0.0287052 -0.003034474 0.001000287 0.002304099 -0.0298945 -0.005418313 0.02893511 -0.005781127 -0.002720613 0.02931139 -0.005784621 -0.001991013 -0.005413383 -0.02943992 -0.002965413 -0.007922634 -0.02878219 -0.003914513 -0.01036426 -0.02787888 -0.004830213 -0.01271757 -0.02673778 -0.005704713 -0.01496225 -0.02536848 -0.006530513 -0.01707932 -0.02378276 -0.007300613 -0.0190507 -0.02199407 -0.008008513 -0.02085952 -0.02001779 -0.008648013 -0.02249036 -0.01787076 -0.009213713 -0.02392927 -0.0155712 -0.009700713 -0.02516404 -0.01313883 -0.01010511 -0.02618416 -0.01059435 -0.01042321 -0.02698093 -0.007959436 -0.01065241 -0.02754745 -0.005256659 -0.01079071 -0.02787886 -0.002509064 -0.01083691 -0.02797255 0.0002599755 -0.001233513 -0.002754673 -0.02984752 0.008175217 -0.02875572 -0.002500922 0.005489317 -0.02938739 -0.002495056 0.001991687 0.004866654 -0.02953537 0.002966087 0.007387686 -0.02892435 0.003915187 0.009845666 -0.02806654 0.004830887 0.01221976 -0.02696934 0.005705427 0.01448948 -0.02564195 0.006531247 0.01663563 -0.02409581 0.007301357 0.01863988 -0.02234405 0.008009177 0.02048509 -0.0204017 0.008648657 0.02215552 -0.01828532 0.009214367 0.02363688 -0.01601287 0.009701457 0.0249166 -0.01360385 0.01010579 0.02598379 -0.01107875 0.0104239 0.02682936 -0.00845909 0.01065308 0.02744598 -0.005767299 0.01079137 0.02782834 -0.003026331 0.0108376 0.02797344 -0.0002595094 0.001234187 0.002200833 -0.02989354 -0.002755913 0.02971806 -0.003043878 3.868078e-07 0.02984545 -0.003045061 -0.002456813 -0.005207722 -0.02944183 -0.003659113 -0.007616348 -0.02878504 -0.004830213 -0.00995999 -0.02788264 -0.005960113 -0.01221869 -0.02674241 -0.007039213 -0.01437308 -0.02537395 -0.008058213 -0.01640485 -0.02378902 -0.009008413 -0.01829663 -0.02200108 -0.009881813 -0.02003236 -0.02002547 -0.01067081 -0.0215972 -0.01787905 -0.01136891 -0.02297771 -0.01558003 -0.01196991 -0.02416218 -0.01314813 -0.01246881 -0.0251405 -0.01060404 -0.01286131 -0.02590437 -0.007969432 -0.01314411 -0.0264472 -0.005266876 -0.01331471 -0.0267644 -0.002519412 -0.01337181 -0.0268533 0.0002495827 -0.01331471 -0.026713 0.003016449 -0.001456813 -0.002630259 -0.02984868 0.005512837 -0.02948748 0.0002740424 0.002768387 -0.02987027 0.0002775967 0.002457487 0.004660992 -0.02953346 0.003659787 0.007081399 -0.02892151 0.004830887 0.009441394 -0.02806279 0.005960827 0.01172088 -0.0269647 0.007039877 0.0139003 -0.02563648 0.008058867 0.01596116 -0.02408955 0.009009107 0.01788581 -0.02233705 0.009882487 0.01965793 -0.02039402 0.01067156 0.02126235 -0.01827702 0.01136958 0.02268532 -0.01600404 0.01197061 0.02391475 -0.01359455 0.01246951 0.02494014 -0.01106906 0.01286203 0.0257528 -0.008449094 0.01314482 0.02634572 -0.005757083 0.01331546 0.02671389 -0.003015983 0.0133725 0.02685419 -0.0002491166 0.01331546 0.02676529 0.002519878 0.001457587 0.002076418 -0.02989238 3.868077e-07 0.02999915 -0.0002783191 0.002768387 0.02987116 -0.0002771306 -0.002901613 -0.004959973 -0.02944413 -0.004321613 -0.007247364 -0.02878846 -0.005704713 -0.009472921 -0.02788716 -0.007039213 -0.01161762 -0.026748 -0.008313613 -0.01366321 -0.02538054 -0.009517013 -0.01559228 -0.02379656 -0.01063931 -0.01738827 -0.02200951 -0.01167081 -0.0190359 -0.02003473 -0.01260271 -0.02052114 -0.01788904 -0.01342711 -0.02183136 -0.01559068 -0.01413691 -0.02295523 -0.01315934 -0.01472611 -0.02388326 -0.01061571 -0.01518971 -0.02460753 -0.007981474 -0.01552371 -0.02512186 -0.005279182 -0.01572521 -0.02542186 -0.002531878 -0.01579261 -0.02550496 0.0002370627 -0.01572521 -0.02537046 0.003003983 -0.01552371 -0.02501949 0.005745273 -0.001667813 -0.002485775 -0.02985002 0.002756587 -0.02971717 0.003044344 3.868323e-07 -0.02984457 0.003045527 0.002902287 0.004413243 -0.02953116 0.004322287 0.006712415 -0.02891808 0.005705427 0.008954325 -0.02805826 0.007039877 0.0111198 -0.02695912 0.008314277 0.01319044 -0.02562989 0.009517737 0.01514859 -0.02408201 0.01064 0.01697745 -0.02232861 0.01167149 0.01866147 -0.02038476 0.01260341 0.0201863 -0.01826703 0.0134278 0.02153897 -0.01599339 0.01413763 0.0227078 -0.01358334 0.01472685 0.02368289 -0.01105739 0.01519043 0.02445596 -0.008437052 0.01552441 0.02502038 -0.005744777 0.01572594 0.02537135 -0.003003517 0.01579331 0.02550584 -0.0002365966 0.01572594 0.02542275 0.002532344 0.01552441 0.02512275 0.005279678 0.001668487 0.001931935 -0.02989104 0.002756587 0.02976946 0.002491983 0.005489317 0.02938828 0.002495522 -0.003321713 -0.004672235 -0.0294468 -0.004947213 -0.006818822 -0.02879244 -0.006530513 -0.008907235 -0.02789241 -0.008058213 -0.01091965 -0.02675448 -0.009517013 -0.01283894 -0.0253882 -0.01089471 -0.01464862 -0.02380533 -0.01217941 -0.01633331 -0.02201931 -0.01336021 -0.01787875 -0.02004547 -0.01442701 -0.0192715 -0.01790065 -0.01537071 -0.02049992 -0.01560304 -0.01618331 -0.02155349 -0.01317235 -0.01685781 -0.02242312 -0.01062927 -0.01738851 -0.02310139 -0.007995459 -0.01777091 -0.02358263 -0.005293475 -0.01800161 -0.02386263 -0.002546356 -0.01807871 -0.02393902 0.0002225223 -0.01800161 -0.02381123 0.002989505 -0.01777091 -0.02348026 0.00573098 -0.01738851 -0.02294893 0.008423573 -0.001864513 -0.002322442 -0.02985154 3.868321e-07 -0.0294363 0.005786285 -0.002720613 -0.02931051 0.005785117 0.003322387 0.004125506 -0.02952849 0.004947887 0.006283873 -0.02891411 0.006531247 0.008388639 -0.02805301 0.008058867 0.01042183 -0.02695264 0.009517737 0.01236617 -0.02562224 0.01089541 0.01420493 -0.02407324 0.01218012 0.0159225 -0.02231882 0.01336092 0.01750432 -0.02037402 0.01442773 0.01893666 -0.01825543 0.01537146 0.02020753 -0.01598103 0.01618404 0.02130606 -0.01357033 0.01685855 0.02222276 -0.01104383 0.01738923 0.02294982 -0.008423067 0.01777156 0.02348115 -0.005730484 0.01800227 0.02381211 -0.002989039 0.01807939 0.02393991 -0.0002220562 0.01800227 0.02386352 0.002546822 0.01777156 0.02358351 0.005293971 0.01738923 0.02310228 0.007995965 0.001865187 0.001768602 -0.02988952 0.005418977 0.02903748 0.005243328 0.008070447 0.02841391 0.005249118 -0.003713413 -0.004346969 -0.02944982 -0.005530613 -0.006334393 -0.02879694 -0.007300613 -0.008267773 -0.02789835 -0.009008413 -0.01013062 -0.0267618 -0.01063931 -0.01190698 -0.02539685 -0.01217941 -0.01358187 -0.02381523 -0.01361561 -0.01514076 -0.02203038 -0.01493571 -0.01657051 -0.02005762 -0.01612831 -0.01785896 -0.01791376 -0.01718331 -0.01899488 -0.01561702 -0.01809171 -0.01996886 -0.01318707 -0.01884571 -0.02077249 -0.0106446 -0.01943901 -0.02139877 -0.008011269 -0.01986641 -0.0218426 -0.005309632 -0.02012431 -0.02210001 -0.002562723 -0.02021051 -0.0221689 0.0002060858 -0.02012431 -0.0220486 0.002973138 -0.01986641 -0.02174023 0.005714823 -0.01943901 -0.02124631 0.008407763 -0.01884571 -0.02057124 0.01102897 -0.002045313 -0.00214166 -0.02985321 -0.002662013 -0.02865379 0.008476545 -0.005301713 -0.0282856 0.008473126 0.003714087 0.00380024 -0.02952547 0.005531317 0.005799444 -0.02890961 0.007301357 0.007749177 -0.02804707 0.009009107 0.009632808 -0.02694532 0.01064 0.01143421 -0.02561358 0.01218012 0.01313818 -0.02406334 0.01361633 0.01472995 -0.02230774 0.01493636 0.01619608 -0.02036187 0.01612897 0.01752412 -0.01824231 0.01718398 0.01870249 -0.01596706 0.01809238 0.01972143 -0.01355561 0.01884643 0.02057213 -0.0110285 0.01943968 0.0212472 -0.008407257 0.01986709 0.02174112 -0.005714327 0.020125 0.02204949 -0.002972672 0.02021122 0.02216979 -0.0002056198 0.020125 0.02210089 0.002563189 0.01986709 0.02184349 0.005310128 0.01943968 0.02139965 0.008011775 0.01884643 0.02077338 0.01064506 0.002045987 0.00158782 -0.02988784 0.007896827 0.02782878 0.007952078 0.0104239 0.02698181 0.007959942 -0.004073413 -0.003986945 -0.02945316 -0.006066813 -0.005798206 -0.02880192 -0.008008513 -0.007559993 -0.02790492 -0.009881813 -0.009257278 -0.02676991 -0.01167081 -0.01087563 -0.02540643 -0.01336021 -0.01240112 -0.02382619 -0.01493571 -0.01382082 -0.02204264 -0.01638371 -0.01512257 -0.02007106 -0.01769191 -0.01629533 -0.01792828 -0.01884921 -0.01732905 -0.01563249 -0.01984561 -0.01821494 -0.01320336 -0.02067281 -0.01894547 -0.01066156 -0.02132361 -0.01951425 -0.008028768 -0.02179241 -0.01991658 -0.005327516 -0.02207531 -0.02014909 -0.002580838 -0.02216991 -0.02020958 0.0001878927 -0.02207531 -0.02009769 0.002955023 -0.02179241 -0.01981422 0.005696939 -0.02132361 -0.01936179 0.008390264 -0.02067281 -0.01874422 0.011012 -0.01984561 -0.01796661 0.01353979 -0.002208613 -0.001944968 -0.02985504 -0.005139913 -0.02739565 0.01109234 -0.007655113 -0.02680407 0.01108684 0.004074087 0.003440215 -0.02952213 0.006067527 0.005263257 -0.02890463 0.008009177 0.007041397 -0.0280405 0.009882487 0.008759466 -0.02693721 0.01167149 0.01040286 -0.02560401 0.01336092 0.01195743 -0.02405238 0.01493636 0.01341 -0.02229549 0.01638438 0.01474814 -0.02034843 0.01769261 0.01596048 -0.01822779 0.01884989 0.01703666 -0.01595159 0.01984636 0.0179675 -0.01353933 0.02067351 0.01874511 -0.01101154 0.02132428 0.01936268 -0.008389758 0.02179313 0.0198151 -0.005696443 0.02207604 0.02009857 -0.002954557 0.02217062 0.02021047 -0.0001874266 0.02207604 0.02014998 0.002581304 0.02179313 0.01991747 0.005328012 0.02132428 0.01951514 0.008029274 0.02067351 0.01894636 0.01066203 0.01984636 0.01821583 0.01320382 0.002209287 0.001391128 -0.02988602 0.01010579 0.02618504 0.01059481 0.01246951 0.02514139 0.0106045 -0.004398713 -0.003595232 -0.0294568 -0.006551313 -0.005214821 -0.02880733 -0.008648013 -0.006789916 -0.02791207 -0.01067081 -0.008307079 -0.02677874 -0.01260271 -0.009753366 -0.02541685 -0.01442701 -0.01111648 -0.02383812 -0.01612831 -0.01238468 -0.02205597 -0.01769191 -0.01354724 -0.02008569 -0.01910461 -0.0145942 -0.01794408 -0.02035431 -0.01551663 -0.01564931 -0.02143031 -0.01630672 -0.01322107 -0.02232351 -0.01695765 -0.01068002 -0.02302621 -0.01746394 -0.008047806 -0.02353251 -0.01782117 -0.005346972 -0.02383801 -0.01802638 -0.002600549 -0.02394021 -0.01807778 0.0001680978 -0.02383801 -0.01797498 0.002935313 -0.02353251 -0.01771881 0.005677482 -0.02302621 -0.01731148 0.008371226 -0.02232351 -0.0167564 0.01099355 -0.02143031 -0.0160584 0.01352207 -0.02035431 -0.01522335 0.01593523 -0.002353113 -0.001734047 -0.029857 -0.007348813 -0.02570398 0.01361164 -0.009700713 -0.02491572 0.01360432 0.004399387 0.003048502 -0.02951849 0.006551977 0.004679872 -0.02889921 0.008648657 0.006271321 -0.02803335 0.01067156 0.007809267 -0.02692838 0.01260341 0.009280594 -0.02559359 0.01442773 0.01067278 -0.02404045 0.01612897 0.01197387 -0.02228215 0.01769261 0.01317281 -0.0203338 0.0191053 0.01425936 -0.018212 0.02035499 0.01522424 -0.01593476 0.02143102 0.01605929 -0.01352161 0.02232422 0.01675729 -0.01099308 0.02302695 0.01731237 -0.00837072 0.02353323 0.01771969 -0.005676986 0.02383874 0.01797587 -0.002934847 0.02394087 0.01807866 -0.0001676318 0.02383874 0.01802727 0.002601015 0.02353323 0.01782206 0.005347469 0.02302695 0.01746482 0.008048312 0.02232422 0.01695854 0.01068049 0.02143102 0.01630761 0.01322154 0.02035499 0.01551752 0.01564979 0.002353787 0.001180207 -0.02988406 0.01197061 0.02416307 0.0131486 0.01413763 0.02295612 0.01315981 -0.004686413 -0.00317519 -0.0294607 -0.006979813 -0.004589238 -0.02881314 -0.009213713 -0.005964132 -0.02791974 -0.01136891 -0.007288133 -0.0267882 -0.01342711 -0.008549948 -0.02542802 -0.01537071 -0.009738825 -0.02385092 -0.01718331 -0.01084465 -0.02207027 -0.01884921 -0.01185781 -0.02010138 -0.02035431 -0.01276998 -0.01796102 -0.02168571 -0.01357302 -0.01566736 -0.02283211 -0.01426041 -0.01324007 -0.02378381 -0.01482605 -0.01069981 -0.02453251 -0.01526523 -0.008068222 -0.02507191 -0.01557417 -0.005367837 -0.02539731 -0.01575018 -0.002621684 -0.02550621 -0.01579188 0.0001468722 -0.02539731 -0.01569878 0.002914177 -0.02507191 -0.0154718 0.005656618 -0.02453251 -0.01511277 0.00835081 -0.02378381 -0.0146248 0.01097375 -0.02283211 -0.01401209 0.01350307 -0.02168571 -0.01327974 0.01591719 -0.02035431 -0.01243425 0.01819551 -0.002477513 -0.001510697 -0.02985907 -0.009213713 -0.02363599 0.01601335 -0.01136891 -0.02268443 0.01600451 0.004687187 0.00262846 -0.02951459 0.006980537 0.004054289 -0.0288934 0.009214367 0.005445536 -0.02802568 0.01136958 0.00679032 -0.02691892 0.0134278 0.008077175 -0.02558241 0.01537146 0.009295134 -0.02402765 0.01718398 0.01043383 -0.02226785 0.01884989 0.01148338 -0.02031811 0.02035499 0.01243514 -0.01819506 0.02168643 0.01328063 -0.01591671 0.02283285 0.01401297 -0.01350261 0.02378447 0.01462568 -0.01097329 0.02453317 0.01511366 -0.008350304 0.02507257 0.01547269 -0.005656122 0.02539809 0.01569966 -0.002913711 0.02550689 0.01579276 -0.0001464061 0.02539809 0.01575107 0.00262215 0.02507257 0.01557506 0.005368333 0.02453317 0.01526612 0.008068728 0.02378447 0.01482693 0.01070028 0.02283285 0.0142613 0.01324054 0.02168643 0.0135739 0.01566784 0.02035499 0.01277087 0.01796147 0.002478187 0.0009568567 -0.02988199 0.0134278 0.02183225 0.01559116 0.01537146 0.02050081 0.01560352 -0.004934213 -0.002730389 -0.02946483 -0.007348813 -0.003926777 -0.02881929 -0.009700713 -0.00508967 -0.02792786 -0.01196991 -0.006209129 -0.02679822 -0.01413691 -0.007275613 -0.02543985 -0.01618331 -0.008280018 -0.02386446 -0.01809171 -0.00921378 -0.02208541 -0.01984561 -0.01006893 -0.02011799 -0.02143031 -0.01083816 -0.01797895 -0.02283211 -0.0115149 -0.01568647 -0.02403921 -0.0120935 -0.0132602 -0.02504111 -0.01256884 -0.01072077 -0.02582941 -0.01293693 -0.008089841 -0.02639731 -0.01319467 -0.005389932 -0.02674001 -0.01333978 -0.002644066 -0.02685451 -0.01337118 0.0001243949 -0.02674001 -0.01328838 0.002891795 -0.02639731 -0.01309231 0.005634523 -0.02582941 -0.01278447 0.008329191 -0.02504111 -0.01236759 0.01095279 -0.02403921 -0.01184518 0.01348295 -0.02283211 -0.01122163 0.01589808 -0.02143031 -0.01050243 0.01817758 -0.01984561 -0.009693611 0.02030197 -0.002580813 -0.001276812 -0.02986124 -0.01067081 -0.02126147 0.01827748 -0.01260271 -0.02018541 0.01826749 0.004934887 0.002183659 -0.02951046 0.007349537 0.003391828 -0.02888725 0.009701457 0.004571074 -0.02801756 0.01197061 0.005711317 -0.0269089 0.01413763 0.00680284 -0.02557058 0.01618404 0.007836327 -0.02401411 0.01809238 0.008802963 -0.02225271 0.01984636 0.009694499 -0.0203015 0.02143102 0.01050332 -0.01817712 0.02283285 0.01122252 -0.0158976 0.02403987 0.01184607 -0.01348249 0.0250418 0.01236848 -0.01095233 0.02583009 0.01278536 -0.008328685 0.02639799 0.01309319 -0.005634027 0.02674069 0.01328927 -0.002891329 0.02685529 0.01337207 -0.0001239288 0.02674069 0.01334067 0.002644532 0.02639799 0.01319556 0.005390428 0.02583009 0.01293782 0.008090347 0.0250418 0.01256973 0.01072124 0.02403987 0.01209439 0.01326066 0.02283285 0.01151579 0.01568695 0.02143102 0.01083905 0.01797941 0.01984636 0.01006982 0.02011846 0.002581487 0.0007229718 -0.02987981 0.01442773 0.01927239 0.0179011 0.01612897 0.01785985 0.01791422 -0.005139913 -0.002264619 -0.02946916 -0.007655113 -0.003233097 -0.02882574 -0.01010511 -0.004173999 -0.02793636 -0.01246881 -0.005079278 -0.02680871 -0.01472611 -0.00594122 -0.02545225 -0.01685781 -0.006752464 -0.02387865 -0.01884571 -0.007506104 -0.02210127 -0.02067281 -0.00819569 -0.02013538 -0.02232351 -0.008815358 -0.01799774 -0.02378381 -0.009359817 -0.01570648 -0.02504111 -0.009824409 -0.01328127 -0.02608481 -0.01020515 -0.01074272 -0.02690591 -0.01049884 -0.00811248 -0.02749751 -0.01070298 -0.005413068 -0.02785451 -0.01081579 -0.002667502 -0.02797381 -0.01083639 0.0001008581 -0.02785451 -0.01076439 0.002868359 -0.02749751 -0.01060061 0.005611386 -0.02690591 -0.01034638 0.008306552 -0.02608481 -0.0100039 0.01093085 -0.02504111 -0.009576086 0.01346188 -0.02378381 -0.00906654 0.01587807 -0.02232351 -0.008479628 0.01815879 -0.02067281 -0.007820372 0.02028457 -0.01884571 -0.007094399 0.02223732 -0.01167081 -0.01866058 0.02038523 -0.01336021 -0.01750343 0.02037449 0.005140587 0.001717889 -0.02950614 0.007655847 0.002698148 -0.02888081 0.01010579 0.003655403 -0.02800906 0.01246951 0.004581466 -0.02689841 0.01472685 0.005468448 -0.02555819 0.01685855 0.006308773 -0.02399992 0.01884643 0.007095287 -0.02223685 0.02067351 0.00782126 -0.02028411 0.02232422 0.008480516 -0.01815834 0.02378447 0.009067428 -0.01587759 0.0250418 0.009576974 -0.01346142 0.02608549 0.01000478 -0.01093038 0.02690659 0.01034727 -0.008306046 0.02749819 0.0106015 -0.00561089 0.02785519 0.01076528 -0.002867893 0.02797449 0.01083728 -0.0001003921 0.02785519 0.01081668 0.002667969 0.02749819 0.01070387 0.005413564 0.02690659 0.01049972 0.008112986 0.02608549 0.01020603 0.01074319 0.0250418 0.009825297 0.01328173 0.02378447 0.009360706 0.01570696 0.02232422 0.008816246 0.01799819 0.02067351 0.008196578 0.02013585 0.01884643 0.007506992 0.02210174 0.002662687 0.0004805602 -0.02987756 0.01493636 0.0165714 0.02005809 0.01638438 0.01512346 0.02007153 -0.01217941 -0.01592161 0.02231928 -0.01361561 -0.01472906 0.02230821 0.005302397 0.00123513 -0.02950165 0.007896827 0.001979169 -0.02887413 0.0104239 0.002706324 -0.02800025 0.01286203 0.003410396 -0.02688754 0.01519043 0.004085378 -0.02554535 0.01738923 0.004725501 -0.02398522 0.01943968 0.005325323 -0.02222042 0.02132428 0.005879703 -0.02026608 0.02302695 0.006383926 -0.01813887 0.02453317 0.006833694 -0.01585685 0.02583009 0.007225156 -0.01343958 0.02690659 0.007554979 -0.01090763 0.02775359 0.007820355 -0.008282582 0.02836379 0.008019013 -0.005586911 0.02873199 0.00814926 -0.002843602 0.02885509 0.00820998 -7.599639e-05 0.02873199 0.008200663 0.002692259 0.02836379 0.00812138 0.005437544 0.02775359 0.007972813 0.00813645 0.02690659 0.007756229 0.01076593 0.02583009 0.007473479 0.01330357 0.02453317 0.007126972 0.0157277 0.02302695 0.006719657 0.01801766 0.02132428 0.006255022 0.02015388 0.01943968 0.005737028 0.02211817 0.01738923 0.00517008 0.02389381 0.002721287 0.000231686 -0.02987525 0.01493636 0.01382171 0.0220431 0.01612897 0.01238557 0.02205644 -0.01217941 -0.01313729 0.02406381 -0.01336021 -0.01195654 0.02405284 0.005418977 0.0007395115 -0.02949705 0.008070447 0.001241021 -0.02886728 0.01065308 0.001731956 -0.0279912 0.01314482 0.002208118 -0.02687637 0.01552441 0.002665439 -0.02553216 0.01777156 0.003100021 -0.02397013 0.01986709 0.003508172 -0.02220354 0.02179313 0.003886389 -0.02024757 0.02353323 0.004231449 -0.01811888 0.02507257 0.004540413 -0.01583555 0.02639799 0.00481064 -0.01341716 0.02749819 0.005039838 -0.01088428 0.02836379 0.005226036 -0.008258493 0.02898739 0.005367657 -0.005562292 0.02936379 0.005463476 -0.002818663 0.02948959 0.005512696 -5.095083e-05 0.02936379 0.005514879 0.002717198 0.02898739 0.005470024 0.005462163 0.02836379 0.005378495 0.008160539 0.02749819 0.005241087 0.01078929 0.02639799 0.005058963 0.01332599 0.02507257 0.004833691 0.01574899 0.02353323 0.00456718 0.01803765 0.02179313 0.004261708 0.02017239 0.01986709 0.003919876 0.02213504 0.01777156 0.003544601 0.02390891 0.01552441 0.003139099 0.02547874 0.002756587 -2.152711e-05 -0.0298729 0.01442773 0.01111736 0.02383859 0.01537146 0.009739713 0.02385138 -0.01286131 -0.003409509 0.0268879 -0.01472611 -0.00546756 0.02555866 -0.01618331 -0.007835439 0.02401457 -0.01809171 -0.008802075 0.02225317 -0.01718331 -0.01043294 0.02226832 -0.01884921 -0.01148249 0.02031858 -0.01769191 -0.01317192 0.02033427 -0.01910461 -0.01425847 0.01821245 -0.01769191 -0.0159596 0.01822825 -0.01884921 -0.01703578 0.01595206 -0.01718331 -0.0187016 0.01596753 -0.01809171 -0.01972054 0.01355608 -0.01618331 -0.02130517 0.01357079 -0.01685781 -0.02222187 0.01104429 -0.01472611 -0.02368201 0.01105785 -0.01518971 -0.02445507 0.008437558 -0.01286131 -0.02575191 0.0084496 -0.01314411 -0.02634483 0.005757579 -0.01065241 -0.02744509 0.005767795 -0.01079071 -0.02782745 0.003026798 -0.008174513 -0.02870432 0.00303494 -0.008209513 -0.02885311 0.0002681519 -0.005512113 -0.02948748 0.0002740424 -0.005488613 -0.02938739 -0.002495056 -0.002755913 -0.02976858 -0.002491517 -0.002720613 -0.02941287 -0.005239338 3.868321e-07 -0.02953867 -0.00523817 3.868319e-07 -0.02892934 -0.007941344 0.002662687 -0.02880625 -0.007942487 0.002581487 -0.02795378 -0.01057792 0.005140587 -0.0275969 -0.01058123 0.004934887 -0.02652018 -0.01312624 0.007349537 -0.0259523 -0.01313151 0.006980537 -0.02467794 -0.01556425 0.009214367 -0.02392927 -0.0155712 0.008648657 -0.02249036 -0.01787076 0.01067156 -0.0215972 -0.01787905 0.009882487 -0.02003236 -0.02002547 0.01167149 -0.0190359 -0.02003473 0.01064 -0.01738827 -0.02200951 0.01218012 -0.01633331 -0.02201931 0.01089541 -0.01464862 -0.02380533 0.01218012 -0.01358187 -0.02381523 0.01064 -0.01190698 -0.02539685 0.01167149 -0.01087563 -0.02540643 0.009882487 -0.009257278 -0.02676991 0.01067156 -0.008307079 -0.02677874 0.008648657 -0.006789916 -0.02791207 0.009214367 -0.005964132 -0.02791974 0.006980537 -0.004589238 -0.02881314 0.007349537 -0.003926777 -0.02881929 0.004934887 -0.002730389 -0.02946483 0.005140587 -0.002264619 -0.02946916 0.002581487 -0.001276812 -0.02986124 0.002662687 -0.0010344 -0.0298635 -0.01167081 -0.01040197 0.02560447 -0.01260271 -0.009279706 0.02559405 0.005489317 0.0002352412 -0.02949237 0.008175217 0.000490006 -0.02886031 0.01079137 0.0007405939 -0.027982 0.01331546 0.0009848707 -0.02686502 0.01572594 0.001220741 -0.02551875 0.01800227 0.001446202 -0.02395477 0.020125 0.001659331 -0.02218638 0.02207604 0.001858307 -0.02022874 0.02383874 0.002041434 -0.01809855 0.02539809 0.002207144 -0.01581389 0.02674069 0.002354036 -0.01339435 0.02785519 0.002480838 -0.01086052 0.02873199 0.00258648 -0.008233983 0.02936379 0.002670063 -0.005537243 0.02974499 0.002730864 -0.00279329 0.02987239 0.002768375 -2.546851e-05 0.02974499 0.002782267 0.002742572 0.02936379 0.002772431 0.005487211 0.02873199 0.002738939 0.008185049 0.02785519 0.002682087 0.01081305 0.02674069 0.002602359 0.0133488 0.02539809 0.002500421 0.01577066 0.02383874 0.002377164 0.01805798 0.02207604 0.002233625 0.02019122 0.020125 0.002071036 0.02215221 0.01800227 0.001890782 0.02392426 0.01572594 0.001694401 0.02549215 0.01331546 0.00148357 0.02684247 0.002768387 -0.0002769201 -0.02987053 0.0134278 0.008550836 0.02542849 0.01413763 0.007276501 0.02544032 -0.005418313 -0.001286241 -0.02947824 -0.005301713 -0.00178186 -0.02947364 -0.008069713 -0.001775969 -0.02883927 -0.007896113 -0.002514118 -0.02883241 -0.01065241 -0.002250552 -0.02795422 -0.01042321 -0.00322492 -0.02794517 -0.01314411 -0.00270593 -0.02683074 -0.01286131 -0.003908208 -0.02681958 -0.01552371 -0.003138211 -0.02547827 -0.01518971 -0.00455815 -0.02546509 -0.01777091 -0.003543713 -0.02390844 -0.01738851 -0.005169192 -0.02389335 -0.01986641 -0.003918988 -0.02213458 -0.01943901 -0.00573614 -0.02211771 -0.02179241 -0.00426082 -0.02017192 -0.02132361 -0.006254134 -0.02015341 -0.02353251 -0.004566292 -0.01803719 -0.02302621 -0.006718769 -0.01801721 -0.02507191 -0.004832803 -0.01574852 -0.02453251 -0.007126084 -0.01572722 -0.02639731 -0.005058075 -0.01332552 -0.02582941 -0.007472591 -0.0133031 -0.02749751 -0.005240199 -0.01078882 -0.02690591 -0.007755341 -0.01076547 -0.02836311 -0.005377606 -0.008160033 -0.02775291 -0.007971925 -0.008135944 -0.02898671 -0.005469136 -0.005461667 -0.02836311 -0.008120492 -0.005437048 -0.02936301 -0.005513991 -0.002716732 -0.02873131 -0.008199775 -0.002691793 -0.02948881 -0.005511808 5.141689e-05 -0.02885441 -0.008209092 7.646244e-05 -0.02936301 -0.005462588 0.002819129 -0.02873131 -0.008148372 0.002844068 -0.02898671 -0.005366769 0.005562788 -0.02836311 -0.008018124 0.005587407 -0.02836311 -0.005225148 0.008258999 -0.02775291 -0.007819466 0.008283089 -0.02749751 -0.00503895 0.01088474 -0.02690591 -0.007554091 0.0109081 -0.02639731 -0.004809752 0.01341762 -0.02582941 -0.007224268 0.01344004 -0.02507191 -0.004539525 0.01583603 -0.02453251 -0.006832806 0.01585732 -0.02353251 -0.004230561 0.01811934 -0.02302621 -0.006383038 0.01813933 -0.02179241 -0.003885501 0.02024804 -0.02132361 -0.005878815 0.02026655 -0.01986641 -0.003507284 0.02220401 -0.01943901 -0.005324435 0.02222088 -0.01777091 -0.003099133 0.0239706 -0.01552371 -0.002664551 0.02553263 -0.01314411 -0.002207231 0.02687674 -0.01065241 -0.001731068 0.02799167 -0.002755913 -0.0005323131 -0.02986816 -0.01067081 -0.007808379 0.02692875 -0.01136891 -0.006789433 0.02691929 0.005512837 -0.0002733648 -0.02948765 0.008210237 -0.0002674744 -0.02885327 0.0108376 -0.000259298 -0.02797271 0.0133725 -0.0002489061 -0.02685356 0.01579331 -0.0002363861 -0.02550522 0.01807939 -0.0002218457 -0.02393928 0.02021122 -0.0002054083 -0.02216906 0.02217062 -0.0001872152 -0.02020975 0.02394087 -0.0001674212 -0.01807804 0.02550689 -0.0001461946 -0.01579204 0.02685529 -0.0001237173 -0.01337134 0.02797449 -0.0001001806 -0.01083655 0.02885509 -7.578501e-05 -0.008209263 0.02948959 -5.073946e-05 -0.005511979 0.02987239 -2.525751e-05 -0.002767698 0.03000039 4.440301e-07 2.330286e-07 0.02987239 2.614557e-05 0.002768164 0.02948959 5.16278e-05 0.005512475 0.02885509 7.667344e-05 0.008209769 0.02797449 0.0001010687 0.01083702 0.02685529 0.0001246054 0.01337181 0.02550689 0.0001470828 0.01579251 0.02394087 0.0001683092 0.01807849 0.02217062 0.0001881032 0.02021021 0.02021122 0.0002062964 0.02216953 0.01807939 0.0002227337 0.02393975 0.01579331 0.0002372742 0.02550568 0.0133725 0.0002497932 0.02685393 0.0108376 0.000260186 0.02797318 0.002756587 -0.0005323131 -0.02986816 0.01197061 0.006210016 0.02679858 0.01246951 0.005080165 0.02680907 -0.005488613 -0.0007819709 -0.02948292 -0.008174513 -0.001024955 -0.02884624 -0.01079071 -0.00125919 -0.02796343 -0.01331471 -0.001482683 -0.0268421 -0.01572521 -0.001693513 -0.02549169 -0.01800161 -0.001889894 -0.0239238 -0.02012431 -0.002070148 -0.02215175 -0.02207531 -0.002232737 -0.02019075 -0.02383801 -0.002376276 -0.01805753 -0.02539731 -0.002499533 -0.01577018 -0.02674001 -0.002601471 -0.01334833 -0.02785451 -0.002681199 -0.01081258 -0.02873131 -0.00273805 -0.008184543 -0.02936301 -0.002771542 -0.005486715 -0.02974421 -0.002781379 -0.002742106 -0.02987171 -0.002767487 2.593457e-05 -0.02974421 -0.002729976 0.002793756 -0.02936301 -0.002669175 0.005537739 -0.02873131 -0.002585592 0.00823449 -0.02785451 -0.00247995 0.01086098 -0.02674001 -0.002353148 0.01339481 -0.02539731 -0.002206256 0.01581436 -0.02383801 -0.002040546 0.018099 -0.02207531 -0.001857419 0.02022921 -0.02012431 -0.001658443 0.02218684 -0.01800161 -0.001445314 0.02395524 -0.01572521 -0.001219853 0.02551921 -0.01331471 -0.0009839836 0.02686538 -0.01079071 -0.0007397059 0.02798246 -0.008174513 -0.0004891179 0.02886077 -0.002767713 -0.0002769201 -0.02987053 -0.009213713 -0.005444648 0.02802615 -0.009700713 -0.004570186 0.02801803 0.005489317 -0.0007819709 -0.02948292 0.008175217 -0.001024955 -0.02884624 0.01079137 -0.00125919 -0.02796343 0.01331546 -0.001482683 -0.0268421 0.01572594 -0.001693513 -0.02549169 0.01800227 -0.001889894 -0.0239238 0.020125 -0.002070148 -0.02215175 0.02207604 -0.002232737 -0.02019075 0.02383874 -0.002376276 -0.01805753 0.02539809 -0.002499533 -0.01577018 0.02674069 -0.002601471 -0.01334833 0.02785519 -0.002681199 -0.01081258 0.02873199 -0.00273805 -0.008184543 0.02936379 -0.002771542 -0.005486715 0.02974499 -0.002781379 -0.002742106 0.02987239 -0.002767487 2.593457e-05 0.02974499 -0.002729976 0.002793756 0.02936379 -0.002669175 0.005537739 0.02873199 -0.002585592 0.00823449 0.02785519 -0.00247995 0.01086098 0.02674069 -0.002353148 0.01339481 0.02539809 -0.002206256 0.01581436 0.02383874 -0.002040546 0.018099 0.02207604 -0.001857419 0.02022921 0.020125 -0.001658443 0.02218684 0.01800227 -0.001445314 0.02395524 0.01572594 -0.001219853 0.02551921 0.01331546 -0.0009839836 0.02686538 0.01079137 -0.0007397059 0.02798246 0.008175217 -0.0004891179 0.02886077 0.002721287 -0.0007855262 -0.02986581 0.01010579 0.004174887 0.02793683 0.0104239 0.003225808 0.02794564 -0.005512113 -0.0002733648 -0.02948765 -0.008209513 -0.0002674744 -0.02885327 -0.01083691 -0.000259298 -0.02797271 -0.01337181 -0.0002489061 -0.02685356 -0.01579261 -0.0002363861 -0.02550522 -0.01807871 -0.0002218457 -0.02393928 -0.02021051 -0.0002054083 -0.02216906 -0.02216991 -0.0001872152 -0.02020975 -0.02394021 -0.0001674213 -0.01807804 -0.02550621 -0.0001461947 -0.01579204 -0.02685451 -0.0001237174 -0.01337134 -0.02797381 -0.0001001806 -0.01083655 -0.02885441 -7.578504e-05 -0.008209263 -0.02948881 -5.073949e-05 -0.005511979 -0.02987171 -2.525754e-05 -0.002767698 -0.02999961 4.440054e-07 2.330287e-07 -0.02987171 2.614555e-05 0.002768164 -0.02948881 5.162778e-05 0.005512475 -0.02885441 7.667342e-05 0.008209769 -0.02797381 0.0001010686 0.01083702 -0.02685451 0.0001246054 0.01337181 -0.02550621 0.0001470828 0.01579251 -0.02394021 0.0001683092 0.01807849 -0.02216991 0.0001881032 0.02021021 -0.02021051 0.0002062964 0.02216953 -0.01807871 0.0002227337 0.02393975 -0.01579261 0.0002372741 0.02550568 -0.01337181 0.0002497932 0.02685393 -0.01083691 0.000260186 0.02797318 -0.008209513 0.0002683624 0.02885374 -0.005512113 0.0002742529 0.02948811 -0.002755913 -2.152711e-05 -0.0298729 -0.007348813 -0.00339094 0.02888772 -0.007655113 -0.00269726 0.02888128 0.005418977 -0.001286241 -0.02947824 0.008070447 -0.001775969 -0.02883927 0.01065308 -0.002250552 -0.02795422 0.01314482 -0.00270593 -0.02683074 0.01552441 -0.003138211 -0.02547827 0.01777156 -0.003543712 -0.02390844 0.01986709 -0.003918988 -0.02213458 0.02179313 -0.00426082 -0.02017192 0.02353323 -0.004566292 -0.01803719 0.02507257 -0.004832803 -0.01574852 0.02639799 -0.005058075 -0.01332552 0.02749819 -0.005240199 -0.01078882 0.02836379 -0.005377606 -0.008160033 0.02898739 -0.005469136 -0.005461667 0.02936379 -0.005513991 -0.002716732 0.02948959 -0.005511808 5.141689e-05 0.02936379 -0.005462588 0.002819129 0.02898739 -0.005366769 0.005562788 0.02836379 -0.005225148 0.008258999 0.02749819 -0.00503895 0.01088474 0.02639799 -0.004809752 0.01341762 0.02507257 -0.004539525 0.01583603 0.02353323 -0.004230561 0.01811934 0.02179313 -0.003885501 0.02024804 0.01986709 -0.003507284 0.02220401 0.01777156 -0.003099133 0.0239706 0.01552441 -0.002664551 0.02553263 0.01314482 -0.002207231 0.02687674 0.01065308 -0.001731068 0.02799167 0.008070447 -0.001240133 0.02886775 0.005418977 -0.0007386235 0.02949752 0.007896827 0.002515006 0.02883288 0.008070447 0.001776857 0.02883973 -0.005139913 -0.001717001 0.0295066 -0.005301713 -0.001234242 0.02950212 0.005418977 0.001287129 0.02947871 0.005489317 0.000782859 0.02948339 -0.005488613 0.0002352412 -0.02949237 -0.008174513 0.0004900059 -0.02886031 -0.01079071 0.0007405939 -0.027982 -0.01331471 0.0009848707 -0.02686502 -0.01572521 0.001220741 -0.02551875 -0.01800161 0.001446202 -0.02395477 -0.02012431 0.001659331 -0.02218638 -0.02207531 0.001858307 -0.02022874 -0.02383801 0.002041434 -0.01809855 -0.02539731 0.002207144 -0.01581389 -0.02674001 0.002354036 -0.01339435 -0.02785451 0.002480838 -0.01086052 -0.02873131 0.00258648 -0.008233983 -0.02936301 0.002670063 -0.005537243 -0.02974421 0.002730864 -0.00279329 -0.02987171 0.002768375 -2.546851e-05 -0.02974421 0.002782267 0.002742572 -0.02936301 0.00277243 0.005487211 -0.02873131 0.002738939 0.008185049 -0.02785451 0.002682087 0.01081305 -0.02674001 0.002602359 0.0133488 -0.02539731 0.002500421 0.01577066 -0.02383801 0.002377164 0.01805798 -0.02207531 0.002233625 0.02019122 -0.02012431 0.002071036 0.02215221 -0.01800161 0.001890782 0.02392426 -0.01572521 0.001694401 0.02549215 -0.01331471 0.00148357 0.02684247 -0.01079071 0.001260078 0.02796389 -0.008174513 0.001025843 0.02884671 -0.005488613 0.000782859 0.02948339 -0.002755913 0.0005332011 0.02986862 0.005302397 -0.00178186 -0.02947364 0.007896827 -0.002514118 -0.02883241 0.007655847 -0.003233097 -0.02882574 0.01010579 -0.004173999 -0.02793636 0.009701457 -0.00508967 -0.02792786 0.01197061 -0.006209129 -0.02679822 0.01136958 -0.007288133 -0.0267882 0.0134278 -0.008549948 -0.02542802 0.01260341 -0.009753366 -0.02541685 0.01442773 -0.01111648 -0.02383812 0.01336092 -0.01240112 -0.02382619 0.01493636 -0.01382082 -0.02204264 0.01361633 -0.01514076 -0.02203038 0.01493636 -0.01657051 -0.02005762 0.01336092 -0.01787875 -0.02004547 0.01442773 -0.0192715 -0.01790065 0.01260341 -0.02052114 -0.01788904 0.0134278 -0.02183136 -0.01559068 0.01136958 -0.02297771 -0.01558003 0.01197061 -0.02416218 -0.01314813 0.009701457 -0.02516404 -0.01313883 0.01010579 -0.02618416 -0.01059435 0.007655847 -0.02700532 -0.01058672 0.007896827 -0.02782789 -0.007951572 0.005302397 -0.02843806 -0.007945906 0.005418977 -0.02903659 -0.005242832 0.002721287 -0.02941287 -0.005239338 0.002756587 -0.02976858 -0.002491517 3.868323e-07 -0.02989597 -0.002490334 3.868323e-07 -0.02999826 0.0002787852 -0.002767713 -0.02987027 0.0002775967 -0.002755913 -0.02971717 0.003044344 -0.005488613 -0.02933599 0.003040805 -0.005418313 -0.02893422 0.005781623 -0.008069713 -0.02831065 0.005775833 -0.007896113 -0.02767543 0.00846746 -0.01042321 -0.02682847 0.008459596 -0.01010511 -0.02598291 0.01107922 -0.01246881 -0.02493925 0.01106953 -0.01196991 -0.02391386 0.01359502 -0.01413691 -0.02270691 0.01358381 -0.01342711 -0.02153808 0.01599387 -0.01537071 -0.02020664 0.01598151 -0.01442701 -0.01893577 0.01825588 -0.01612831 -0.01752323 0.01824277 -0.01493571 -0.01619519 0.02036234 -0.01638371 -0.01474725 0.02034889 -0.01493571 -0.01340912 0.02229595 -0.01612831 -0.01197298 0.02228262 -0.01442701 -0.0106719 0.02404091 -0.01537071 -0.009294246 0.02402812 -0.01342711 -0.008076287 0.02558288 -0.01413691 -0.006801952 0.02557105 -0.01196991 -0.00571043 0.02690927 -0.01246881 -0.004580579 0.02689878 -0.01010511 -0.003654515 0.02800953 -0.01042321 -0.002705436 0.02800071 -0.007896113 -0.001978281 0.0288746 -0.008069713 -0.001240133 0.02886775 -0.005418313 -0.0007386235 0.02949752 -0.005488613 -0.0002343532 0.02949283 -0.002755913 2.241514e-05 0.02987337 -0.002767713 0.0002778081 0.029871 -0.002580813 -0.0007220838 0.02988028 -0.004934213 -0.002182771 0.02951093 -0.002477513 -0.0009559687 0.02988245 -0.006979813 -0.004053401 0.02889387 -0.004686413 -0.002627572 0.02951506 -0.002353113 -0.001179319 0.02988453 -0.008648013 -0.006270432 0.02803382 -0.006551313 -0.004678984 0.02889968 -0.004398713 -0.003047614 0.02951896 -0.002208613 -0.00139024 0.02988648 -0.009881813 -0.008758578 0.02693757 -0.008008513 -0.007040509 0.02804097 -0.006066813 -0.005262369 0.02890509 -0.004073413 -0.003439327 0.02952259 -0.002045313 -0.001586931 0.02988831 -0.01063931 -0.01143332 0.02561405 -0.009008413 -0.009631921 0.02694568 -0.007300613 -0.007748289 0.02804754 -0.005530613 -0.005798556 0.02891007 -0.003713413 -0.003799352 0.02952594 -0.001864513 -0.001767714 0.02988999 -0.01089471 -0.01420404 0.02407371 -0.009517013 -0.01236528 0.0256227 -0.008058213 -0.01042095 0.02695301 -0.006530513 -0.008387751 0.02805348 -0.004947213 -0.006282985 0.02891457 -0.003321713 -0.004124617 0.02952896 -0.001667813 -0.001931047 0.02989151 -0.01063931 -0.01697656 0.02232908 -0.009517013 -0.0151477 0.02408247 -0.008313613 -0.01318955 0.02563036 -0.007039213 -0.01111892 0.02695949 -0.005704713 -0.008953437 0.02805873 -0.004321613 -0.006711527 0.02891855 -0.002901613 -0.004412355 0.02953163 -0.001456813 -0.00207553 0.02989285 -0.009881813 -0.01965704 0.02039448 -0.009008413 -0.01788492 0.02233751 -0.008058213 -0.01596027 0.02409002 -0.007039213 -0.01389942 0.02563695 -0.005960113 -0.01171999 0.02696507 -0.004830213 -0.009440506 0.02806325 -0.003659113 -0.007080511 0.02892198 -0.002456813 -0.004660104 0.02953393 -0.001233513 -0.002199945 0.029894 -0.008648013 -0.02215463 0.01828577 -0.008008513 -0.02048421 0.02040216 -0.007300613 -0.01863899 0.02234451 -0.006530513 -0.01663474 0.02409628 -0.005704713 -0.01448859 0.02564242 -0.004830213 -0.01221887 0.0269697 -0.003914513 -0.009844778 0.02806701 -0.002965413 -0.007386798 0.02892482 -0.001991013 -0.004865766 0.02953584 -0.0009996132 -0.002303211 0.02989496 -0.006979813 -0.02438466 0.0160203 -0.006551313 -0.0228573 0.0182923 -0.006066813 -0.02113488 0.02040821 -0.005530613 -0.01923217 0.02235002 -0.004947213 -0.01716542 0.02410121 -0.004321613 -0.01495217 0.02564672 -0.003659113 -0.01261135 0.02697335 -0.002965413 -0.01016286 0.02806996 -0.002246413 -0.007627777 0.02892706 -0.001508213 -0.005027569 0.02953734 -0.0007572132 -0.002384457 0.02989572 -0.004934213 -0.02627186 0.01361691 -0.004686413 -0.02492404 0.01602531 -0.004398713 -0.02336358 0.018297 -0.004073413 -0.02160376 0.02041256 -0.003713413 -0.01965955 0.02235399 -0.003321713 -0.0175477 0.02410476 -0.002901613 -0.01528616 0.02564983 -0.002456813 -0.01289414 0.02697597 -0.001991013 -0.01039205 0.02807209 -0.001508213 -0.00780139 0.02892867 -0.001012613 -0.005144144 0.02953842 -0.0005083132 -0.002442995 0.02989626 -0.002580813 -0.02775253 0.01109565 -0.002477513 -0.02661454 0.01362009 -0.002353113 -0.02524952 0.01602833 -0.002208613 -0.02366906 0.01829983 -0.002045313 -0.02188665 0.02041519 -0.001864513 -0.01991754 0.02235639 -0.001667813 -0.01777839 0.0241069 -0.001456813 -0.01548765 0.0256517 -0.001233513 -0.01306473 0.02697756 -0.0009996132 -0.01053035 0.02807337 -0.0007572132 -0.007906155 0.02892964 -0.0005083132 -0.005214481 0.02953908 -0.0002550132 -0.002478313 0.02989659 3.868318e-07 -0.02877688 0.008477688 3.868315e-07 -0.02787193 0.01109676 3.86831e-07 -0.02672914 0.01362116 3.868305e-07 -0.02535832 0.01602934 3.868298e-07 -0.02377116 0.01830078 3.868291e-07 -0.02198124 0.02041606 3.868283e-07 -0.02000373 0.02235719 3.868274e-07 -0.01785549 0.02410762 3.868264e-07 -0.01555505 0.02565232 3.868255e-07 -0.01312183 0.02697809 3.868244e-07 -0.01057665 0.0280738 3.868233e-07 -0.007941174 0.02892997 3.868222e-07 -0.005237999 0.0295393 3.868211e-07 -0.002490123 0.0298967 0.002721287 -0.02931051 0.005785117 0.002662687 -0.02865379 0.008476545 0.002581487 -0.02775253 0.01109565 0.002478187 -0.02661454 0.01362009 0.002353787 -0.02524952 0.01602833 0.002209287 -0.02366906 0.01829983 0.002045987 -0.02188665 0.02041519 0.001865187 -0.01991754 0.02235639 0.001668487 -0.01777839 0.0241069 0.001457587 -0.01548765 0.0256517 0.001234187 -0.01306473 0.02697756 0.001000287 -0.01053035 0.02807337 0.0007578868 -0.007906155 0.02892964 0.0005089868 -0.005214481 0.02953908 0.0002557868 -0.002478313 0.02989659 0.005489317 -0.02933599 0.003040805 0.005418977 -0.02893422 0.005781623 0.005302397 -0.0282856 0.008473126 0.005140587 -0.02739565 0.01109234 0.004934887 -0.02627186 0.01361691 0.004687187 -0.02492404 0.01602531 0.004399387 -0.02336358 0.018297 0.004074087 -0.02160376 0.02041256 0.003714087 -0.01965955 0.02235399 0.003322387 -0.0175477 0.02410476 0.002902287 -0.01528616 0.02564983 0.002457487 -0.01289414 0.02697597 0.001991687 -0.01039205 0.02807209 0.001508887 -0.00780139 0.02892867 0.001013287 -0.005144144 0.02953842 0.0005089868 -0.002442995 0.02989626 0.008210237 -0.02885311 0.0002681519 0.008175217 -0.02870432 0.00303494 0.008070447 -0.02831065 0.005775833 0.007896827 -0.02767543 0.00846746 0.007655847 -0.02680407 0.01108684 0.007349537 -0.02570398 0.01361164 0.006980537 -0.02438466 0.0160203 0.006551977 -0.0228573 0.0182923 0.006067527 -0.02113488 0.02040821 0.005531317 -0.01923217 0.02235002 0.004947887 -0.01716542 0.02410121 0.004322287 -0.01495217 0.02564672 0.003659787 -0.01261135 0.02697335 0.002966087 -0.01016286 0.02806996 0.002247087 -0.007627777 0.02892706 0.001508887 -0.005027569 0.02953734 0.0007578868 -0.002384457 0.02989572 0.01079137 -0.02787886 -0.002509064 0.0108376 -0.02797255 0.0002599755 0.01079137 -0.02782745 0.003026798 0.01065308 -0.02744509 0.005767795 0.0104239 -0.02682847 0.008459596 0.01010579 -0.02598291 0.01107922 0.009701457 -0.02491572 0.01360432 0.009214367 -0.02363599 0.01601335 0.008648657 -0.02215463 0.01828577 0.008009177 -0.02048421 0.02040216 0.007301357 -0.01863899 0.02234451 0.006531247 -0.01663474 0.02409628 0.005705427 -0.01448859 0.02564242 0.004830887 -0.01221887 0.0269697 0.003915187 -0.009844778 0.02806701 0.002966087 -0.007386798 0.02892482 0.001991687 -0.004865766 0.02953584 0.001000287 -0.002303211 0.02989496 0.01314482 -0.0264472 -0.005266876 0.01331546 -0.0267644 -0.002519412 0.0133725 -0.0268533 0.0002495827 0.01331546 -0.026713 0.003016449 0.01314482 -0.02634483 0.005757579 0.01286203 -0.02575191 0.0084496 0.01246951 -0.02493925 0.01106953 0.01197061 -0.02391386 0.01359502 0.01136958 -0.02268443 0.01600451 0.01067156 -0.02126147 0.01827748 0.009882487 -0.01965704 0.02039448 0.009009107 -0.01788492 0.02233751 0.008058867 -0.01596027 0.02409002 0.007039877 -0.01389942 0.02563695 0.005960827 -0.01171999 0.02696507 0.004830887 -0.009440506 0.02806325 0.003659787 -0.007080511 0.02892198 0.002457487 -0.004660104 0.02953393 0.001234187 -0.002199945 0.029894 0.01519043 -0.02460753 -0.007981474 0.01552441 -0.02512186 -0.005279182 0.01572594 -0.02542186 -0.002531878 0.01579331 -0.02550496 0.0002370627 0.01572594 -0.02537046 0.003003983 0.01552441 -0.02501949 0.005745273 0.01519043 -0.02445507 0.008437558 0.01472685 -0.02368201 0.01105785 0.01413763 -0.02270691 0.01358381 0.0134278 -0.02153808 0.01599387 0.01260341 -0.02018541 0.01826749 0.01167149 -0.01866058 0.02038523 0.01064 -0.01697656 0.02232908 0.009517737 -0.0151477 0.02408247 0.008314277 -0.01318955 0.02563036 0.007039877 -0.01111892 0.02695949 0.005705427 -0.008953437 0.02805873 0.004322287 -0.006711527 0.02891855 0.002902287 -0.004412355 0.02953163 0.001457587 -0.00207553 0.02989285 0.01685855 -0.02242312 -0.01062927 0.01738923 -0.02310139 -0.007995459 0.01777156 -0.02358263 -0.005293475 0.01800227 -0.02386263 -0.002546356 0.01807939 -0.02393902 0.0002225223 0.01800227 -0.02381123 0.002989505 0.01777156 -0.02348026 0.00573098 0.01738923 -0.02294893 0.008423573 0.01685855 -0.02222187 0.01104429 0.01618404 -0.02130517 0.01357079 0.01537146 -0.02020664 0.01598151 0.01442773 -0.01893577 0.01825588 0.01336092 -0.01750343 0.02037449 0.01218012 -0.01592161 0.02231928 0.01089541 -0.01420404 0.02407371 0.009517737 -0.01236528 0.0256227 0.008058867 -0.01042095 0.02695301 0.006531247 -0.008387751 0.02805348 0.004947887 -0.006282985 0.02891457 0.003322387 -0.004124617 0.02952896 0.001668487 -0.001931047 0.02989151 0.01809238 -0.01996886 -0.01318707 0.01884643 -0.02077249 -0.0106446 0.01943968 -0.02139877 -0.008011269 0.01986709 -0.0218426 -0.005309632 0.020125 -0.02210001 -0.002562723 0.02021122 -0.0221689 0.0002060858 0.020125 -0.0220486 0.002973138 0.01986709 -0.02174023 0.005714823 0.01943968 -0.02124631 0.008407763 0.01884643 -0.02057124 0.01102897 0.01809238 -0.01972054 0.01355608 0.01718398 -0.0187016 0.01596753 0.01612897 -0.01752323 0.01824277 0.01493636 -0.01619519 0.02036234 0.01361633 -0.01472906 0.02230821 0.01218012 -0.01313729 0.02406381 0.01064 -0.01143332 0.02561405 0.009009107 -0.009631921 0.02694568 0.007301357 -0.007748289 0.02804754 0.005531317 -0.005798556 0.02891007 0.003714087 -0.003799352 0.02952594 0.001865187 -0.001767714 0.02988999 0.01884989 -0.01732905 -0.01563249 0.01984636 -0.01821494 -0.01320336 0.02067351 -0.01894547 -0.01066156 0.02132428 -0.01951425 -0.008028768 0.02179313 -0.01991658 -0.005327516 0.02207604 -0.02014909 -0.002580838 0.02217062 -0.02020958 0.0001878927 0.02207604 -0.02009769 0.002955023 0.02179313 -0.01981422 0.005696939 0.02132428 -0.01936179 0.008390264 0.02067351 -0.01874422 0.011012 0.01984636 -0.01796661 0.01353979 0.01884989 -0.01703578 0.01595206 0.01769261 -0.0159596 0.01822825 0.01638438 -0.01474725 0.02034889 0.01493636 -0.01340912 0.02229595 0.01336092 -0.01195654 0.02405284 0.01167149 -0.01040197 0.02560447 0.009882487 -0.008758578 0.02693757 0.008009177 -0.007040509 0.02804097 0.006067527 -0.005262369 0.02890509 0.004074087 -0.003439327 0.02952259 0.002045987 -0.001586931 0.02988831 0.0191053 -0.0145942 -0.01794408 0.02035499 -0.01551663 -0.01564931 0.02143102 -0.01630672 -0.01322107 0.02232422 -0.01695765 -0.01068002 0.02302695 -0.01746394 -0.008047806 0.02353323 -0.01782117 -0.005346972 0.02383874 -0.01802638 -0.002600549 0.02394087 -0.01807778 0.0001680978 0.02383874 -0.01797498 0.002935313 0.02353323 -0.01771881 0.005677482 0.02302695 -0.01731148 0.008371226 0.02232422 -0.0167564 0.01099355 0.02143102 -0.0160584 0.01352207 0.02035499 -0.01522335 0.01593523 0.0191053 -0.01425847 0.01821245 0.01769261 -0.01317192 0.02033427 0.01612897 -0.01197298 0.02228262 0.01442773 -0.0106719 0.02404091 0.01260341 -0.009279706 0.02559405 0.01067156 -0.007808379 0.02692875 0.008648657 -0.006270432 0.02803382 0.006551977 -0.004678984 0.02889968 0.004399387 -0.003047614 0.02951896 0.002209287 -0.00139024 0.02988648 0.01884989 -0.01185781 -0.02010138 0.02035499 -0.01276998 -0.01796102 0.02168643 -0.01357302 -0.01566736 0.02283285 -0.01426041 -0.01324007 0.02378447 -0.01482605 -0.01069981 0.02453317 -0.01526523 -0.008068222 0.02507257 -0.01557417 -0.005367837 0.02539809 -0.01575018 -0.002621684 0.02550689 -0.01579188 0.0001468722 0.02539809 -0.01569878 0.002914177 0.02507257 -0.0154718 0.005656618 0.02453317 -0.01511277 0.00835081 0.02378447 -0.0146248 0.01097375 0.02283285 -0.01401209 0.01350307 0.02168643 -0.01327974 0.01591719 0.02035499 -0.01243425 0.01819551 0.01884989 -0.01148249 0.02031858 0.01718398 -0.01043294 0.02226832 0.01537146 -0.009294246 0.02402812 0.0134278 -0.008076287 0.02558288 0.01136958 -0.006789433 0.02691929 0.009214367 -0.005444648 0.02802615 0.006980537 -0.004053401 0.02889387 0.004687187 -0.002627572 0.02951506 0.002353787 -0.001179319 0.02988453 0.01809238 -0.00921378 -0.02208541 0.01984636 -0.01006893 -0.02011799 0.02143102 -0.01083816 -0.01797895 0.02283285 -0.0115149 -0.01568647 0.02403987 -0.0120935 -0.0132602 0.0250418 -0.01256884 -0.01072077 0.02583009 -0.01293693 -0.008089841 0.02639799 -0.01319467 -0.005389932 0.02674069 -0.01333978 -0.002644066 0.02685529 -0.01337118 0.0001243949 0.02674069 -0.01328838 0.002891795 0.02639799 -0.01309231 0.005634523 0.02583009 -0.01278447 0.008329191 0.0250418 -0.01236759 0.01095279 0.02403987 -0.01184518 0.01348295 0.02283285 -0.01122163 0.01589808 0.02143102 -0.01050243 0.01817758 0.01984636 -0.009693611 0.02030197 0.01809238 -0.008802075 0.02225317 0.01618404 -0.007835439 0.02401457 0.01413763 -0.006801952 0.02557105 0.01197061 -0.00571043 0.02690927 0.009701457 -0.004570186 0.02801803 0.007349537 -0.00339094 0.02888772 0.004934887 -0.002182771 0.02951093 0.002478187 -0.0009559687 0.02988245 0.01685855 -0.006752464 -0.02387865 0.01884643 -0.007506104 -0.02210127 0.02067351 -0.00819569 -0.02013538 0.02232422 -0.008815358 -0.01799774 0.02378447 -0.009359817 -0.01570648 0.0250418 -0.009824409 -0.01328127 0.02608549 -0.01020514 -0.01074272 0.02690659 -0.01049884 -0.00811248 0.02749819 -0.01070298 -0.005413068 0.02785519 -0.01081579 -0.002667502 0.02797449 -0.01083639 0.0001008581 0.02785519 -0.01076439 0.002868359 0.02749819 -0.01060061 0.005611386 0.02690659 -0.01034638 0.008306552 0.02608549 -0.0100039 0.01093085 0.0250418 -0.009576086 0.01346188 0.02378447 -0.00906654 0.01587807 0.02232422 -0.008479628 0.01815879 0.02067351 -0.007820372 0.02028457 0.01884643 -0.007094399 0.02223732 0.01685855 -0.006307885 0.02400039 0.01472685 -0.00546756 0.02555866 0.01246951 -0.004580579 0.02689878 0.01010579 -0.003654515 0.02800953 0.007655847 -0.00269726 0.02888128 0.005140587 -0.001717001 0.0295066 0.002581487 -0.0007220838 0.02988028 0.01519043 -0.00455815 -0.02546509 0.01738923 -0.005169192 -0.02389335 0.01943968 -0.00573614 -0.02211771 0.02132428 -0.006254134 -0.02015341 0.02302695 -0.006718769 -0.01801721 0.02453317 -0.007126084 -0.01572722 0.02583009 -0.007472591 -0.0133031 0.02690659 -0.007755341 -0.01076547 0.02775359 -0.007971925 -0.008135944 0.02836379 -0.008120492 -0.005437048 0.02873199 -0.008199775 -0.002691793 0.02885509 -0.008209092 7.646244e-05 0.02873199 -0.008148372 0.002844068 0.02836379 -0.008018124 0.005587407 0.02775359 -0.007819466 0.008283089 0.02690659 -0.007554091 0.0109081 0.02583009 -0.007224268 0.01344004 0.02453317 -0.006832806 0.01585732 0.02302695 -0.006383038 0.01813933 0.02132428 -0.005878815 0.02026655 0.01943968 -0.005324435 0.02222088 0.01738923 -0.004724613 0.02398569 0.01519043 -0.00408449 0.02554581 0.01286203 -0.003409509 0.0268879 0.0104239 -0.002705436 0.02800071 0.007896827 -0.001978281 0.0288746 0.005302397 -0.001234242 0.02950212 0.002662687 -0.0004796722 0.02987803 0.002721287 -0.0002307979 0.02987572 0.002756587 2.241514e-05 0.02987337 0.005489317 -0.0002343532 0.02949283 0.005512837 0.0002742529 0.02948811 0.008210237 0.0002683624 0.02885374 0.008175217 0.001025843 0.02884671 0.01079137 0.001260078 0.02796389 0.01065308 0.00225144 0.02795469 0.01314482 0.002706817 0.02683111 0.01286203 0.003909095 0.02681995 0.01519043 0.004559038 0.02546555 0.01472685 0.005942108 0.02545271 0.01685855 0.006753352 0.02387911 0.01618404 0.008280906 0.02386493 0.01809238 0.009214668 0.02208588 0.01718398 0.01084554 0.02207074 0.01884989 0.0118587 0.02010184 0.01769261 0.01354813 0.02008616 0.0191053 0.01459509 0.01794453 0.01769261 0.01629621 0.01792874 0.01884989 0.01732994 0.01563296 0.01718398 0.01899577 0.01561749 0.01809238 0.01996975 0.01318754 0.01618404 0.02155438 0.01317282 0.01685855 0.02242401 0.01062974 0.01472685 0.02388414 0.01061618 0.01519043 0.02460842 0.00798198 0.01286203 0.02590526 0.007969939 0.01314482 0.02644809 0.005267372 0.01065308 0.02754834 0.005257155 0.01079137 0.02787974 0.00250953 0.008175217 0.02875661 0.002501388 0.008210237 0.028854 -0.0002676858 0.005512837 0.02948837 -0.0002735763 0.005489317 0.02933688 -0.003040339 0.002756587 0.02971806 -0.003043878 0.002721287 0.02931139 -0.005784621 3.868079e-07 0.02943719 -0.005785789 3.868082e-07 0.02877777 -0.008477182 -0.002662013 0.02865468 -0.008476039 -0.002580813 0.02775342 -0.01109518 -0.005139913 0.02739653 -0.01109187 -0.004934213 0.02627274 -0.01361644 -0.007348813 0.02570487 -0.01361117 -0.006979813 0.02438555 -0.01601982 -0.009213713 0.02363688 -0.01601287 -0.008648013 0.02215552 -0.01828532 -0.01067081 0.02126235 -0.01827702 -0.009881813 0.01965793 -0.02039402 -0.01167081 0.01866147 -0.02038476 -0.01063931 0.01697745 -0.02232861 -0.01217941 0.0159225 -0.02231882 -0.01089471 0.01420493 -0.02407324 -0.01217941 0.01313818 -0.02406334 -0.01063931 0.01143421 -0.02561358 -0.01167081 0.01040286 -0.02560401 -0.009881813 0.008759466 -0.02693721 -0.01067081 0.007809267 -0.02692838 -0.008648013 0.006271321 -0.02803335 -0.009213713 0.005445536 -0.02802568 -0.006979813 0.004054289 -0.0288934 -0.007348813 0.003391828 -0.02888725 -0.004934213 0.002183659 -0.02951046 -0.005139913 0.001717889 -0.02950614 -0.002580813 0.0007229718 -0.02987981 -0.002662013 0.0004805602 -0.02987756 0.002721287 0.0007864142 0.02986627 0.005302397 0.001782748 0.0294741 0.002662687 0.001035288 0.02986396 0.007655847 0.003233985 0.0288262 0.005140587 0.002265507 0.02946962 0.002581487 0.0012777 0.02986171 0.009701457 0.005090558 0.02792832 0.007349537 0.003927665 0.02881976 0.004934887 0.002731277 0.0294653 0.002478187 0.001511585 0.02985954 0.01136958 0.00728902 0.02678856 0.009214367 0.00596502 0.02792021 0.006980537 0.004590126 0.02881361 0.004687187 0.003176078 0.02946117 0.002353787 0.001734935 0.02985747 0.01260341 0.009754254 0.02541731 0.01067156 0.008307966 0.0267791 0.008648657 0.006790804 0.02791254 0.006551977 0.005215709 0.0288078 0.004399387 0.00359612 0.02945727 0.002209287 0.001945856 0.02985551 0.01336092 0.01240201 0.02382666 0.01167149 0.01087652 0.02540689 0.009882487 0.009258165 0.02677028 0.008009177 0.007560881 0.02790539 0.006067527 0.005799094 0.02880238 0.004074087 0.003987833 0.02945363 0.002045987 0.002142548 0.02985368 0.01361633 0.01514165 0.02203085 0.01218012 0.01358276 0.0238157 0.01064 0.01190787 0.02539732 0.009009107 0.01013151 0.02676217 0.007301357 0.008268661 0.02789881 0.005531317 0.006335281 0.0287974 0.003714087 0.004347857 0.02945029 0.001865187 0.00232333 0.029852 0.01336092 0.01787964 0.02004594 0.01218012 0.0163342 0.02201977 0.01089541 0.01464951 0.02380579 0.009517737 0.01283983 0.02538866 0.008058867 0.01092053 0.02675484 0.006531247 0.008908123 0.02789288 0.004947887 0.00681971 0.02879291 0.003322387 0.004673123 0.02944727 0.001668487 0.002486663 0.02985049 0.01260341 0.02052203 0.0178895 0.01167149 0.01903679 0.02003519 0.01064 0.01738916 0.02200998 0.009517737 0.01559317 0.02379703 0.008314277 0.0136641 0.02538101 0.007039877 0.0116185 0.02674836 0.005705427 0.009473809 0.02788762 0.004322287 0.007248252 0.02878893 0.002902287 0.004960861 0.02944459 0.001457587 0.002631147 0.02984914 0.01136958 0.0229786 0.01558051 0.01067156 0.02159809 0.01787951 0.009882487 0.02003325 0.02002594 0.009009107 0.01829752 0.02200154 0.008058867 0.01640574 0.02378948 0.007039877 0.01437396 0.02537442 0.005960827 0.01221958 0.02674278 0.004830887 0.009960878 0.0278831 0.003659787 0.007617236 0.0287855 0.002457487 0.00520861 0.02944229 0.001234187 0.002755561 0.02984799 0.009701457 0.02516493 0.0131393 0.009214367 0.02393016 0.01557168 0.008648657 0.02249125 0.01787121 0.008009177 0.02086041 0.02001826 0.007301357 0.01905158 0.02199454 0.006531247 0.01708021 0.02378322 0.005705427 0.01496314 0.02536895 0.004830887 0.01271846 0.02673815 0.003915187 0.01036515 0.02787935 0.002966087 0.007923522 0.02878266 0.001991687 0.005414271 0.02944038 0.001000287 0.002858827 0.02984703 0.007655847 0.02700621 0.01058719 0.007349537 0.02595319 0.01313198 0.006980537 0.02467883 0.01556472 0.006551977 0.02319392 0.01786469 0.006067527 0.02151108 0.02001222 0.005531317 0.01964476 0.02198903 0.004947887 0.01761088 0.02377829 0.004322287 0.01542672 0.02536464 0.003659787 0.01311094 0.0267345 0.002966087 0.01068324 0.02787639 0.002247087 0.008164502 0.02878042 0.001508887 0.005576074 0.02943888 0.0007578868 0.002940073 0.02984627 0.005302397 0.02843895 0.007946412 0.005140587 0.02759778 0.0105817 0.004934887 0.02652107 0.0131267 0.004687187 0.0252182 0.01555972 0.004399387 0.02370019 0.01785999 0.004074087 0.02197996 0.02000786 0.003714087 0.02007214 0.02198506 0.003322387 0.01799317 0.02377474 0.002902287 0.0157607 0.02536154 0.002457487 0.01339373 0.02673188 0.001991687 0.01091243 0.02787427 0.001508887 0.008338115 0.02877881 0.001013287 0.005692649 0.0294378 0.0005089868 0.002998611 0.02984573 0.002721287 0.02941376 0.005239834 0.002662687 0.02880713 0.007942993 0.002581487 0.02795467 0.01057838 0.002478187 0.02686375 0.01312352 0.002353787 0.02554369 0.01555669 0.002209287 0.02400568 0.01785715 0.002045987 0.02226285 0.02000524 0.001865187 0.02033013 0.02198267 0.001668487 0.01822386 0.0237726 0.001457587 0.0159622 0.02535967 0.001234187 0.01356432 0.02673029 0.001000287 0.01105072 0.02787298 0.0007578868 0.00844288 0.02877783 0.0005089868 0.005762986 0.02943715 0.0002557868 0.003033929 0.0298454 3.868078e-07 0.02989686 0.0024908 3.868079e-07 0.02953956 0.005238666 3.868082e-07 0.02893023 0.00794185 3.868085e-07 0.02807406 0.01057727 3.86809e-07 0.02697835 0.01312246 3.868095e-07 0.02565248 0.01555568 3.868102e-07 0.02410778 0.0178562 3.868109e-07 0.02235745 0.02000436 3.868117e-07 0.02041633 0.02198187 3.868126e-07 0.01830095 0.02377189 3.868135e-07 0.01602959 0.02535904 3.868145e-07 0.01362142 0.02672976 3.868155e-07 0.01109702 0.02787255 3.868166e-07 0.008477899 0.02877751 3.868177e-07 0.005786505 0.02943693 3.868188e-07 0.003045739 0.02984529 -0.002767713 0.02987116 -0.0002771306 -0.002755913 0.02976946 0.002491983 -0.002720613 0.02941376 0.005239834 -0.002662013 0.02880713 0.007942993 -0.002580813 0.02795467 0.01057838 -0.002477513 0.02686375 0.01312352 -0.002353113 0.02554369 0.01555669 -0.002208613 0.02400568 0.01785715 -0.002045313 0.02226285 0.02000524 -0.001864513 0.02033013 0.02198267 -0.001667813 0.01822386 0.0237726 -0.001456813 0.0159622 0.02535967 -0.001233513 0.01356432 0.02673029 -0.0009996132 0.01105072 0.02787298 -0.0007572132 0.00844288 0.02877783 -0.0005083132 0.005762986 0.02943715 -0.0002550132 0.003033929 0.0298454 -0.005488613 0.02933688 -0.003040339 -0.005512113 0.02948837 -0.0002735763 -0.005488613 0.02938828 0.002495522 -0.005418313 0.02903748 0.005243328 -0.005301713 0.02843895 0.007946412 -0.005139913 0.02759778 0.0105817 -0.004934213 0.02652107 0.0131267 -0.004686413 0.0252182 0.01555972 -0.004398713 0.02370019 0.01785999 -0.004073413 0.02197996 0.02000786 -0.003713413 0.02007214 0.02198506 -0.003321713 0.01799317 0.02377474 -0.002901613 0.0157607 0.02536154 -0.002456813 0.01339373 0.02673188 -0.001991013 0.01091243 0.02787427 -0.001508213 0.008338115 0.02877881 -0.001012613 0.005692649 0.0294378 -0.0005083132 0.002998611 0.02984573 -0.008069713 0.02831154 -0.005775336 -0.008174513 0.0287052 -0.003034474 -0.008209513 0.028854 -0.0002676858 -0.008174513 0.02875661 0.002501388 -0.008069713 0.02841391 0.005249118 -0.007896113 0.02782878 0.007952078 -0.007655113 0.02700621 0.01058719 -0.007348813 0.02595319 0.01313198 -0.006979813 0.02467883 0.01556472 -0.006551313 0.02319392 0.01786469 -0.006066813 0.02151108 0.02001222 -0.005530613 0.01964476 0.02198903 -0.004947213 0.01761088 0.02377829 -0.004321613 0.01542672 0.02536464 -0.003659113 0.01311094 0.0267345 -0.002965413 0.01068324 0.02787639 -0.002246413 0.008164502 0.02878042 -0.001508213 0.005576074 0.02943888 -0.0007572132 0.002940073 0.02984627 -0.01042321 0.02682936 -0.00845909 -0.01065241 0.02744598 -0.005767299 -0.01079071 0.02782834 -0.003026331 -0.01083691 0.02797344 -0.0002595094 -0.01079071 0.02787974 0.00250953 -0.01065241 0.02754834 0.005257155 -0.01042321 0.02698181 0.007959942 -0.01010511 0.02618504 0.01059481 -0.009700713 0.02516493 0.0131393 -0.009213713 0.02393016 0.01557168 -0.008648013 0.02249125 0.01787121 -0.008008513 0.02086041 0.02001826 -0.007300613 0.01905158 0.02199454 -0.006530513 0.01708021 0.02378322 -0.005704713 0.01496314 0.02536895 -0.004830213 0.01271846 0.02673815 -0.003914513 0.01036515 0.02787935 -0.002965413 0.007923522 0.02878266 -0.001991013 0.005414271 0.02944038 -0.0009996132 0.002858827 0.02984703 -0.01246881 0.02494014 -0.01106906 -0.01286131 0.0257528 -0.008449094 -0.01314411 0.02634572 -0.005757083 -0.01331471 0.02671389 -0.003015983 -0.01337181 0.02685419 -0.0002491166 -0.01331471 0.02676529 0.002519878 -0.01314411 0.02644809 0.005267372 -0.01286131 0.02590526 0.007969939 -0.01246881 0.02514139 0.0106045 -0.01196991 0.02416307 0.0131486 -0.01136891 0.0229786 0.01558051 -0.01067081 0.02159809 0.01787951 -0.009881813 0.02003325 0.02002594 -0.009008413 0.01829752 0.02200154 -0.008058213 0.01640574 0.02378948 -0.007039213 0.01437396 0.02537442 -0.005960113 0.01221958 0.02674278 -0.004830213 0.009960878 0.0278831 -0.003659113 0.007617236 0.0287855 -0.002456813 0.00520861 0.02944229 -0.001233513 0.002755561 0.02984799 -0.01413691 0.0227078 -0.01358334 -0.01472611 0.02368289 -0.01105739 -0.01518971 0.02445596 -0.008437052 -0.01552371 0.02502038 -0.005744777 -0.01572521 0.02537135 -0.003003517 -0.01579261 0.02550584 -0.0002365966 -0.01572521 0.02542275 0.002532344 -0.01552371 0.02512275 0.005279678 -0.01518971 0.02460842 0.00798198 -0.01472611 0.02388414 0.01061618 -0.01413691 0.02295612 0.01315981 -0.01342711 0.02183225 0.01559116 -0.01260271 0.02052203 0.0178895 -0.01167081 0.01903679 0.02003519 -0.01063931 0.01738916 0.02200998 -0.009517013 0.01559317 0.02379703 -0.008313613 0.0136641 0.02538101 -0.007039213 0.0116185 0.02674836 -0.005704713 0.009473809 0.02788762 -0.004321613 0.007248252 0.02878893 -0.002901613 0.004960861 0.02944459 -0.001456813 0.002631147 0.02984914 -0.01537071 0.02020753 -0.01598103 -0.01618331 0.02130606 -0.01357033 -0.01685781 0.02222276 -0.01104383 -0.01738851 0.02294982 -0.008423067 -0.01777091 0.02348115 -0.005730484 -0.01800161 0.02381211 -0.002989039 -0.01807871 0.02393991 -0.0002220562 -0.01800161 0.02386352 0.002546822 -0.01777091 0.02358351 0.005293971 -0.01738851 0.02310228 0.007995965 -0.01685781 0.02242401 0.01062974 -0.01618331 0.02155438 0.01317282 -0.01537071 0.02050081 0.01560352 -0.01442701 0.01927239 0.0179011 -0.01336021 0.01787964 0.02004594 -0.01217941 0.0163342 0.02201977 -0.01089471 0.01464951 0.02380579 -0.009517013 0.01283983 0.02538866 -0.008058213 0.01092053 0.02675484 -0.006530513 0.008908123 0.02789288 -0.004947213 0.00681971 0.02879291 -0.003321713 0.004673123 0.02944727 -0.001667813 0.002486663 0.02985049 -0.01612831 0.01752412 -0.01824231 -0.01718331 0.01870249 -0.01596706 -0.01809171 0.01972143 -0.01355561 -0.01884571 0.02057213 -0.0110285 -0.01943901 0.0212472 -0.008407257 -0.01986641 0.02174112 -0.005714327 -0.02012431 0.02204949 -0.002972672 -0.02021051 0.02216979 -0.0002056198 -0.02012431 0.02210089 0.002563189 -0.01986641 0.02184349 0.005310128 -0.01943901 0.02139965 0.008011775 -0.01884571 0.02077338 0.01064506 -0.01809171 0.01996975 0.01318754 -0.01718331 0.01899577 0.01561749 -0.01612831 0.01785985 0.01791422 -0.01493571 0.0165714 0.02005809 -0.01361561 0.01514165 0.02203085 -0.01217941 0.01358276 0.0238157 -0.01063931 0.01190787 0.02539732 -0.009008413 0.01013151 0.02676217 -0.007300613 0.008268661 0.02789881 -0.005530613 0.006335281 0.0287974 -0.003713413 0.004347857 0.02945029 -0.001864513 0.00232333 0.029852 -0.01638371 0.01474814 -0.02034843 -0.01769191 0.01596048 -0.01822779 -0.01884921 0.01703666 -0.01595159 -0.01984561 0.0179675 -0.01353933 -0.02067281 0.01874511 -0.01101154 -0.02132361 0.01936268 -0.008389758 -0.02179241 0.0198151 -0.005696443 -0.02207531 0.02009857 -0.002954557 -0.02216991 0.02021047 -0.0001874266 -0.02207531 0.02014998 0.002581304 -0.02179241 0.01991747 0.005328012 -0.02132361 0.01951514 0.008029274 -0.02067281 0.01894636 0.01066203 -0.01984561 0.01821583 0.01320382 -0.01884921 0.01732994 0.01563296 -0.01769191 0.01629621 0.01792874 -0.01638371 0.01512346 0.02007153 -0.01493571 0.01382171 0.0220431 -0.01336021 0.01240201 0.02382666 -0.01167081 0.01087652 0.02540689 -0.009881813 0.009258165 0.02677028 -0.008008513 0.007560881 0.02790539 -0.006066813 0.005799094 0.02880238 -0.004073413 0.003987833 0.02945363 -0.002045313 0.002142548 0.02985368 -0.01612831 0.01197387 -0.02228215 -0.01769191 0.01317281 -0.0203338 -0.01910461 0.01425936 -0.018212 -0.02035431 0.01522424 -0.01593476 -0.02143031 0.01605929 -0.01352161 -0.02232351 0.01675729 -0.01099308 -0.02302621 0.01731237 -0.00837072 -0.02353251 0.01771969 -0.005676986 -0.02383801 0.01797587 -0.002934847 -0.02394021 0.01807866 -0.0001676318 -0.02383801 0.01802727 0.002601015 -0.02353251 0.01782206 0.005347469 -0.02302621 0.01746482 0.008048312 -0.02232351 0.01695854 0.01068049 -0.02143031 0.01630761 0.01322154 -0.02035431 0.01551752 0.01564979 -0.01910461 0.01459509 0.01794453 -0.01769191 0.01354813 0.02008616 -0.01612831 0.01238557 0.02205644 -0.01442701 0.01111736 0.02383859 -0.01260271 0.009754254 0.02541731 -0.01067081 0.008307966 0.0267791 -0.008648013 0.006790804 0.02791254 -0.006551313 0.005215709 0.0288078 -0.004398713 0.00359612 0.02945727 -0.002208613 0.001945856 0.02985551 -0.01537071 0.009295134 -0.02402765 -0.01718331 0.01043383 -0.02226785 -0.01884921 0.01148338 -0.02031811 -0.02035431 0.01243514 -0.01819506 -0.02168571 0.01328063 -0.01591671 -0.02283211 0.01401297 -0.01350261 -0.02378381 0.01462568 -0.01097329 -0.02453251 0.01511366 -0.008350304 -0.02507191 0.01547269 -0.005656122 -0.02539731 0.01569966 -0.002913711 -0.02550621 0.01579276 -0.0001464061 -0.02539731 0.01575107 0.00262215 -0.02507191 0.01557506 0.005368333 -0.02453251 0.01526612 0.008068728 -0.02378381 0.01482693 0.01070028 -0.02283211 0.0142613 0.01324054 -0.02168571 0.0135739 0.01566784 -0.02035431 0.01277087 0.01796147 -0.01884921 0.0118587 0.02010184 -0.01718331 0.01084554 0.02207074 -0.01537071 0.009739713 0.02385138 -0.01342711 0.008550836 0.02542849 -0.01136891 0.00728902 0.02678856 -0.009213713 0.00596502 0.02792021 -0.006979813 0.004590126 0.02881361 -0.004686413 0.003176078 0.02946117 -0.002353113 0.001734935 0.02985747 -0.01413691 0.00680284 -0.02557058 -0.01618331 0.007836327 -0.02401411 -0.01809171 0.008802963 -0.02225271 -0.01984561 0.009694499 -0.0203015 -0.02143031 0.01050332 -0.01817712 -0.02283211 0.01122252 -0.0158976 -0.02403921 0.01184607 -0.01348249 -0.02504111 0.01236848 -0.01095233 -0.02582941 0.01278536 -0.008328685 -0.02639731 0.01309319 -0.005634027 -0.02674001 0.01328927 -0.002891329 -0.02685451 0.01337207 -0.0001239288 -0.02674001 0.01334067 0.002644532 -0.02639731 0.01319556 0.005390428 -0.02582941 0.01293782 0.008090347 -0.02504111 0.01256973 0.01072124 -0.02403921 0.01209439 0.01326066 -0.02283211 0.01151579 0.01568695 -0.02143031 0.01083905 0.01797941 -0.01984561 0.01006982 0.02011846 -0.01809171 0.009214668 0.02208588 -0.01618331 0.008280906 0.02386493 -0.01413691 0.007276501 0.02544032 -0.01196991 0.006210016 0.02679858 -0.009700713 0.005090558 0.02792832 -0.007348813 0.003927665 0.02881976 -0.004934213 0.002731277 0.0294653 -0.002477513 0.001511585 0.02985954 -0.01246881 0.004581466 -0.02689841 -0.01472611 0.005468448 -0.02555819 -0.01685781 0.006308773 -0.02399992 -0.01884571 0.007095287 -0.02223685 -0.02067281 0.00782126 -0.02028411 -0.02232351 0.008480516 -0.01815834 -0.02378381 0.009067428 -0.01587759 -0.02504111 0.009576974 -0.01346142 -0.02608481 0.01000478 -0.01093038 -0.02690591 0.01034727 -0.008306046 -0.02749751 0.0106015 -0.00561089 -0.02785451 0.01076528 -0.002867893 -0.02797381 0.01083728 -0.0001003921 -0.02785451 0.01081668 0.002667969 -0.02749751 0.01070387 0.005413564 -0.02690591 0.01049972 0.008112986 -0.02608481 0.01020603 0.01074319 -0.02504111 0.009825297 0.01328173 -0.02378381 0.009360706 0.01570696 -0.02232351 0.008816246 0.01799819 -0.02067281 0.008196578 0.02013585 -0.01884571 0.007506992 0.02210174 -0.01685781 0.006753352 0.02387911 -0.01472611 0.005942108 0.02545271 -0.01246881 0.005080165 0.02680907 -0.01010511 0.004174887 0.02793683 -0.007655113 0.003233985 0.0288262 -0.005139913 0.002265507 0.02946962 -0.002580813 0.0012777 0.02986171 -0.008069713 0.001241021 -0.02886728 -0.01042321 0.002706324 -0.02800025 -0.01065241 0.001731956 -0.0279912 -0.01286131 0.003410396 -0.02688754 -0.01314411 0.002208118 -0.02687637 -0.01518971 0.004085378 -0.02554535 -0.01552371 0.002665439 -0.02553216 -0.01738851 0.004725501 -0.02398522 -0.01777091 0.003100021 -0.02397013 -0.01943901 0.005325323 -0.02222042 -0.01986641 0.003508172 -0.02220354 -0.02132361 0.005879703 -0.02026608 -0.02179241 0.003886389 -0.02024757 -0.02302621 0.006383926 -0.01813887 -0.02353251 0.004231449 -0.01811888 -0.02453251 0.006833694 -0.01585685 -0.02507191 0.004540413 -0.01583555 -0.02582941 0.007225156 -0.01343958 -0.02639731 0.00481064 -0.01341716 -0.02690591 0.007554979 -0.01090763 -0.02749751 0.005039838 -0.01088428 -0.02775291 0.007820355 -0.008282582 -0.02836311 0.005226036 -0.008258493 -0.02836311 0.008019013 -0.005586911 -0.02898671 0.005367657 -0.005562292 -0.02873131 0.00814926 -0.002843602 -0.02936301 0.005463476 -0.002818663 -0.02885441 0.00820998 -7.599639e-05 -0.02948881 0.005512696 -5.095083e-05 -0.02873131 0.008200663 0.002692259 -0.02936301 0.005514879 0.002717198 -0.02836311 0.00812138 0.005437544 -0.02898671 0.005470024 0.005462163 -0.02775291 0.007972813 0.00813645 -0.02836311 0.005378495 0.008160539 -0.02690591 0.007756229 0.01076593 -0.02749751 0.005241087 0.01078929 -0.02582941 0.007473479 0.01330357 -0.02639731 0.005058963 0.01332599 -0.02453251 0.007126972 0.0157277 -0.02507191 0.004833691 0.01574899 -0.02302621 0.006719657 0.01801766 -0.02353251 0.00456718 0.01803765 -0.02132361 0.006255022 0.02015388 -0.02179241 0.004261708 0.02017239 -0.01943901 0.005737028 0.02211817 -0.01986641 0.003919876 0.02213504 -0.01738851 0.00517008 0.02389381 -0.01777091 0.003544601 0.02390891 -0.01518971 0.004559038 0.02546555 -0.01552371 0.003139099 0.02547874 -0.01286131 0.003909095 0.02681995 -0.01314411 0.002706817 0.02683111 -0.01042321 0.003225808 0.02794564 -0.01065241 0.00225144 0.02795469 -0.007896113 0.002515006 0.02883288 -0.008069713 0.001776857 0.02883973 -0.005301713 0.001782748 0.0294741 -0.005418313 0.001287129 0.02947871 -0.002662013 0.001035288 0.02986396 -0.002720613 0.0007864142 0.02986627</float_array>
          <technique_common>
            <accessor count="2246" source="#verts-array-array" stride="3">
              <param type="float" name="X"/>
              <param type="float" name="Y"/>
              <param type="float" name="Z"/>
            </accessor>
          </technique_common>
        </source>
        <source id="normals-array">
          <float_array count="6738" id="normals-array-array">0.09361351 0.009244472 0.9955657 0.09321522 0.01787613 0.9954855 8.057302e-07 0.009285071 0.9999569 -0.09202221 -0.007963276 0.9957251 -0.09003373 -0.01637451 0.9958041 -0.5072671 -0.1364421 0.8509193 -0.5804565 -0.1577597 0.798863 -0.5627477 -0.2105972 0.7993521 -0.157348 0.08829539 -0.9835881 -0.07960877 0.04004435 -0.9960215 -0.08381316 0.03249124 -0.9959516 0.157352 -0.1065453 -0.9817782 0.0796079 -0.05853326 -0.9951062 0.08381325 -0.05097904 -0.9951766 8.063612e-07 -0.009285071 -0.9999569 -0.07472046 0.04717535 -0.996088 0.07472097 -0.06566431 -0.9950402 -0.09005101 -0.03486641 -0.9953267 -0.09204024 -0.02645605 -0.9954038 0.147681 -0.1206549 -0.981648 0.219386 -0.1745934 -0.959889 0.06919961 -0.0723193 -0.9949781 -0.1476921 0.102396 -0.9837185 -0.2193869 0.1567354 -0.9629659 -0.06919918 0.05383033 -0.9961495 -0.09203932 0.007966492 -0.9957235 -0.1819225 0.02487665 -0.9829981 -0.1780034 0.04152306 -0.9831534 0.136769 -0.1337964 -0.9815257 0.2031641 -0.1941268 -0.9597078 0.2678249 -0.2527973 -0.9297114 0.06307829 -0.0784362 -0.9949216 -0.1367699 0.1155477 -0.9838408 -0.203159 0.1762767 -0.9631474 -0.2678154 0.2354974 -0.9342462 -0.06307794 0.05994723 -0.9962066 -0.2644197 0.06630212 -0.9621259 -0.2563487 0.09038142 -0.9623495 0.124686 -0.1458827 -0.9814131 0.1852064 -0.2120842 -0.959541 0.2441531 -0.2764678 -0.9294917 0.3010201 -0.3384949 -0.8915201 0.05642783 -0.08395865 -0.9948703 -0.1246866 0.1276336 -0.9839527 -0.1852114 0.1942285 -0.963313 -0.244145 0.259163 -0.9344666 -0.3010196 0.3218815 -0.8976522 -0.05642109 0.065477 -0.9962577 -0.3379326 0.1222654 -0.9331949 -0.324414 0.1528765 -0.9334797 0.111529 -0.156808 -0.9813116 0.1656718 -0.2283047 -0.9593903 0.2184017 -0.2978513 -0.9292929 0.269262 -0.364862 -0.8912765 0.3178376 -0.428757 -0.8456635 0.04929279 -0.08884901 -0.9948246 0.3485756 -0.1078276 -0.9310576 0.4297607 -0.1305796 -0.893451 0.4166455 -0.1697092 -0.8930875 -0.111529 0.1385586 -0.9840543 -0.1656761 0.2104498 -0.9634637 -0.2184031 0.2805409 -0.9346641 -0.2692657 0.3482457 -0.8978981 -0.317839 0.4129804 -0.8534785 -0.04928751 0.07035638 -0.9963035 -0.3999766 0.1908463 -0.8964354 -0.3798899 0.2269056 -0.8967706 0.0974238 -0.1664677 -0.9812222 0.144724 -0.2426546 -0.9592569 0.190784 -0.316768 -0.9291176 0.2352272 -0.3881802 -0.891058 0.2776437 -0.4562863 -0.8454093 0.3177013 -0.5204937 -0.7925605 0.04173225 -0.0930575 -0.9947858 0.4917998 -0.1984052 -0.8478021 0.4721221 -0.2429681 -0.8473885 -0.09742317 0.148218 -0.9841444 -0.1447247 0.2248004 -0.9635972 -0.1907879 0.2994586 -0.9348393 -0.2352221 0.3715668 -0.8981139 -0.2776508 0.440508 -0.8537346 -0.3177038 0.5056853 -0.802089 -0.04174145 0.07456706 -0.996342 -0.4484239 0.2697448 -0.8521465 -0.4208882 0.3099323 -0.8525228 0.08249368 -0.1747847 -0.9811448 0.1225387 -0.2550116 -0.959142 0.1615306 -0.3330566 -0.9289678 0.1991708 -0.4082619 -0.8908722 0.2350972 -0.4799892 -0.8451862 0.2690089 -0.5476141 -0.7923087 0.300633 -0.6105609 -0.7326904 0.0338232 -0.09654919 -0.9947534 0.5402348 -0.2763953 -0.7948283 0.51311 -0.32509 -0.7943768 -0.08249376 0.1565347 -0.9842214 -0.1225387 0.237157 -0.963712 -0.1615346 0.3157485 -0.9349917 -0.1991686 0.3916487 -0.8983002 -0.2350927 0.464213 -0.8539541 -0.2690099 0.5328088 -0.8023394 -0.3006302 0.5968502 -0.7439028 -0.03382311 0.07806035 -0.9963747 -0.4816085 0.3562661 -0.8007045 -0.4459941 0.399158 -0.8011006 0.06685338 -0.1816895 -0.9810808 0.09931227 -0.2652682 -0.9590463 0.1309109 -0.3465758 -0.9288421 0.1614037 -0.4249331 -0.8907192 0.1905251 -0.4996692 -0.8450035 0.2180087 -0.5701307 -0.7921005 0.243633 -0.6357257 -0.7324587 0.2671796 -0.6958958 -0.6665914 0.02562465 -0.09929786 -0.9947278 0.5734248 -0.3618858 -0.7349984 0.5382145 -0.4132816 -0.7345226 -0.06685338 0.1634401 -0.9842855 -0.09931227 0.2474136 -0.9638068 -0.1309109 0.329268 -0.9351176 -0.1614071 0.4083198 -0.8984557 -0.1905248 0.4838924 -0.8541361 -0.2180066 0.5553252 -0.8025504 -0.2436295 0.6220147 -0.7441387 -0.2671764 0.683396 -0.6794017 -0.02562461 0.08080908 -0.9964002 -0.4984106 0.4474987 -0.7425172 -0.4543581 0.4915464 -0.7429272 0.05064742 -0.1871204 -0.9810305 0.07523522 -0.2733374 -0.9589715 0.09918061 -0.3572112 -0.9287429 0.1222776 -0.4380444 -0.8905983 0.1443392 -0.5151489 -0.8448596 0.1651576 -0.5878484 -0.7919326 0.1845625 -0.6555244 -0.7322735 0.2024011 -0.7176051 -0.6663909 0.2185173 -0.7735843 -0.5948257 0.01720456 -0.1012776 -0.9947094 0.5902336 -0.4519515 -0.6688529 0.5465849 -0.5045107 -0.6683666 -0.05064742 0.168871 -0.984336 -0.07523522 0.2554828 -0.9638818 -0.09918061 0.3399035 -0.9352159 -0.1222776 0.4214311 -0.8985789 -0.1443413 0.4993714 -0.8542797 -0.1651614 0.5730411 -0.8027114 -0.1845664 0.6418132 -0.7443192 -0.2023997 0.7051057 -0.6796031 -0.2185157 0.7624067 -0.609087 -0.01720234 0.08278978 -0.9964186 -0.4982759 0.5403158 -0.6780708 -0.445719 0.5839607 -0.6784721 0.03400828 -0.1910348 -0.980994 0.05051683 -0.2791501 -0.9589178 0.06659608 -0.3648761 -0.9286713 0.08209877 -0.4474942 -0.8905104 0.09691197 -0.5263044 -0.8447554 0.1108944 -0.6006092 -0.791815 0.1239387 -0.6697828 -0.7321408 0.1359096 -0.7332423 -0.6662464 0.1467289 -0.7904693 -0.5946671 0.1563001 -0.8409607 -0.5180303 0.008639673 -0.1024723 -0.9946983 0.590108 -0.543519 -0.5969587 0.5379501 -0.5956725 -0.5964763 -0.03400828 0.1727855 -0.9843722 -0.05051683 0.2612955 -0.963936 -0.06659608 0.3475684 -0.9352867 -0.08209846 0.4308813 -0.8986663 -0.09690993 0.5105271 -0.8543831 -0.1108944 0.5858021 -0.8028314 -0.1239398 0.656072 -0.7444518 -0.1359112 0.7207439 -0.6797473 -0.1467301 0.7792913 -0.6092416 -0.1562994 0.8311963 -0.5335571 -0.008636907 0.083983 -0.9964298 -0.4812037 0.6316143 -0.6078703 -0.4203644 0.6732827 -0.6082632 0.01707565 -0.1933956 -0.9809723 0.02536872 -0.2826569 -0.9588856 0.03345236 -0.3695016 -0.9286277 0.04122933 -0.4531961 -0.8904569 0.04866246 -0.533034 -0.8446933 0.0556783 -0.6083043 -0.7917485 0.06224162 -0.6783897 -0.7320611 0.06824862 -0.7426858 -0.6661531 0.0736725 -0.8006594 -0.5945729 0.07848497 -0.8518136 -0.5179321 0.08262978 -0.8957077 -0.4368983 2.447577e-08 -0.1028719 -0.9946946 0.5730437 -0.6334504 -0.519963 0.5125991 -0.6836375 -0.5195016 -0.01707481 0.1751463 -0.9843943 -0.02536791 0.2648024 -0.963969 -0.03345155 0.352194 -0.935329 -0.04122897 0.4365834 -0.8987186 -0.04865951 0.5172566 -0.854446 -0.05567735 0.5934969 -0.8029081 -0.0622408 0.6646789 -0.7445321 -0.06824781 0.7301878 -0.6798294 -0.07367168 0.7894806 -0.6093381 -0.07848617 0.8420493 -0.5336599 -0.08262949 0.8874401 -0.4534562 1.457856e-08 0.08438341 -0.9964334 -0.4477894 0.7182694 -0.5325164 -0.3791399 0.7565077 -0.5328686 9.511964e-07 -0.1941855 -0.9809648 -4.863371e-07 -0.2838286 -0.958875 6.058974e-07 -0.3710483 -0.9286136 2.276192e-06 -0.455106 -0.8904373 2.661282e-06 -0.5352863 -0.8446707 1.872496e-06 -0.6108798 -0.7917234 -9.898816e-07 -0.681263 -0.7320388 1.538995e-06 -0.7458433 -0.6661214 1.709108e-06 -0.8040669 -0.5945388 -2.007026e-06 -0.855439 -0.5179036 -2.010932e-06 -0.899525 -0.4368693 2.438509e-06 -0.9359574 -0.3521134 -0.008637122 -0.1024717 -0.9946984 0.5396161 -0.718671 -0.4385504 0.4713807 -0.765416 -0.438108 6.942301e-07 0.1759361 -0.9844016 2.161287e-06 0.2659739 -0.9639802 1.069703e-06 0.3537406 -0.9353436 -7.300272e-07 0.4384925 -0.8987348 -2.403286e-06 0.5195093 -0.8544648 -3.328683e-07 0.5960725 -0.8029306 2.658941e-06 0.667552 -0.7445631 1.301344e-07 0.7333453 -0.6798564 -4.129084e-08 0.7928881 -0.6093672 3.674641e-06 0.8456743 -0.5336993 3.678782e-06 0.8912575 -0.4534975 -7.707631e-07 0.9292575 -0.3694328 0.008639594 0.08398367 -0.9964297 -0.3991233 0.7973953 -0.4526161 -0.3234647 0.8307971 -0.4529313 -0.01707529 -0.1933957 -0.9809722 -0.02536672 -0.2826585 -0.9588851 -0.03344976 -0.3694988 -0.928629 -0.0412299 -0.4531976 -0.8904561 -0.0486634 -0.5330334 -0.8446936 -0.05568312 -0.6083072 -0.791746 -0.06223745 -0.6783857 -0.7320651 -0.06824537 -0.7426862 -0.6661529 -0.07367384 -0.8006615 -0.5945699 -0.07848359 -0.8518139 -0.5179318 -0.08262229 -0.8957063 -0.4369025 -0.08605328 -0.9319782 -0.3521526 -0.08875532 -0.9603197 -0.2644024 -0.01720239 -0.1012788 -0.9947093 0.4909683 -0.7962764 -0.3534033 0.4157175 -0.8381876 -0.3530163 0.01707605 0.1751464 -0.9843943 0.02536757 0.2648037 -0.9639686 0.03345061 0.3521909 -0.9353302 0.04123083 0.4365838 -0.8987183 0.04866607 0.5172558 -0.8544461 0.05568361 0.5935007 -0.8029049 0.06223829 0.6646747 -0.7445361 0.06824622 0.7301881 -0.6798293 0.07367408 0.7894823 -0.6093356 0.07848259 0.8420498 -0.5336597 0.08262313 0.8874388 -0.4534598 0.08605406 0.9252782 -0.3693982 0.08875603 0.9552443 -0.2821892 0.01720478 0.0827891 -0.9964186 -0.3369172 0.8662762 -0.3688527 -0.2552409 0.8936515 -0.3691059 -0.03400758 -0.1910346 -0.980994 -0.05051718 -0.2791506 -0.9589176 -0.06659716 -0.3648742 -0.928672 -0.08209896 -0.4474958 -0.8905096 -0.09690738 -0.5263049 -0.8447557 -0.1108904 -0.6006132 -0.7918125 -0.1239426 -0.6697782 -0.7321444 -0.1359142 -0.7332415 -0.6662464 -0.1467271 -0.7904719 -0.5946641 -0.1562982 -0.8409604 -0.5180313 -0.1645359 -0.8842764 -0.4370163 -0.1713667 -0.9200774 -0.3522656 -0.1767475 -0.9480476 -0.2645111 -0.1806258 -0.9679447 -0.1745202 -0.02562432 -0.09929771 -0.9947278 0.4287756 -0.8635787 -0.2652986 0.3474959 -0.899464 -0.2649737 0.03400771 0.1727854 -0.9843722 0.05051718 0.261296 -0.9639359 0.06659716 0.3475664 -0.9352873 0.08209896 0.4308824 -0.8986657 0.09690948 0.5105268 -0.8543834 0.1108906 0.5858064 -0.8028289 0.1239413 0.6560674 -0.7444556 0.1359131 0.7207438 -0.679747 0.1467271 0.7792916 -0.609242 0.1562981 0.8311958 -0.5335582 0.164533 0.8760103 -0.4533595 0.1713646 0.9133778 -0.3692901 0.1767458 0.9429726 -0.2820702 0.1806235 0.9645375 -0.1924643 0.02562436 0.08080936 -0.9964001 -0.263246 0.9226278 -0.2818855 -0.1767518 0.9429718 -0.282069 -0.05064782 -0.1871201 -0.9810305 -0.07523496 -0.2733379 -0.9589714 -0.09918003 -0.3572109 -0.9287431 -0.1222794 -0.4380453 -0.8905976 -0.1443426 -0.5151462 -0.8448607 -0.1651589 -0.5878479 -0.7919327 -0.184561 -0.6555275 -0.732271 -0.2024005 -0.7176035 -0.6663927 -0.2185202 -0.7735841 -0.5948248 -0.2327745 -0.8229748 -0.5181974 -0.2450491 -0.8653422 -0.4371885 -0.255239 -0.90035 -0.3524527 -0.2632444 -0.927704 -0.2647032 -0.269013 -0.9471576 -0.1747125 -0.2725006 -0.9585473 -0.08324909 -0.03382333 -0.09654875 -0.9947534 0.3551214 -0.9182982 -0.1749776 0.2690118 -0.9471573 -0.1747162 0.05064782 0.1688707 -0.9843361 0.07523496 0.2554833 -0.9638817 0.09918003 0.3399031 -0.9352161 0.1222789 0.4214317 -0.8985784 0.1443402 0.4993694 -0.8542811 0.1651556 0.5730412 -0.8027125 0.1845589 0.6418174 -0.7443175 0.2024018 0.7051058 -0.6796023 0.2185215 0.7624046 -0.6090875 0.2327785 0.8132069 -0.5333935 0.2450481 0.8570758 -0.4531805 0.2552398 0.8936498 -0.3691107 0.2632449 0.9226285 -0.2818842 0.2690144 0.9437497 -0.1922698 0.2725023 0.9568357 -0.1010347 0.03382341 0.07806046 -0.9963747 -0.1806279 0.9645367 -0.1924642 -0.09069795 0.9770803 -0.1925823 -0.06685343 -0.1816899 -0.9810807 -0.09931143 -0.2652673 -0.9590467 -0.1309122 -0.3465769 -0.9288415 -0.1614055 -0.4249334 -0.8907187 -0.1905232 -0.49967 -0.8450034 -0.2180116 -0.5701305 -0.7920999 -0.2436353 -0.6357227 -0.7324606 -0.2671763 -0.6958959 -0.6665926 -0.2884518 -0.7501481 -0.5950407 -0.3072645 -0.7980131 -0.5184242 -0.3234644 -0.8390661 -0.437423 -0.3369222 -0.8729729 -0.3527063 -0.3475014 -0.8994618 -0.264974 -0.3551176 -0.9182994 -0.1749789 -0.3597149 -0.9293168 -0.08351945 -0.3612462 -0.9324302 0.008660892 -0.04174057 -0.09305535 -0.9947856 0.2725021 -0.9585474 -0.08324398 0.1829631 -0.9796057 -0.08304927 0.06685343 0.1634405 -0.9842854 0.09931143 0.2474127 -0.9638071 0.1309117 0.3292689 -0.9351172 0.1614036 0.4083206 -0.898456 0.1905247 0.4838911 -0.8541368 0.2180131 0.5553218 -0.802551 0.2436363 0.6220131 -0.7441378 0.2671764 0.6833992 -0.6793985 0.2884483 0.7389721 -0.608866 0.3072667 0.7882448 -0.5331579 0.3234671 0.8307973 -0.4529292 0.3369229 0.8662735 -0.3688539 0.3475015 0.8943866 -0.2816299 0.3551173 0.9148921 -0.1920006 0.3597131 0.9276064 -0.1007613 0.3612473 0.9324299 -0.008656709 0.04173259 0.07456929 -0.9963422 -0.09187263 0.9906003 -0.101343 1.894115e-06 0.9948474 -0.1013841 -0.08249324 -0.1747843 -0.9811449 -0.1225391 -0.2550111 -0.9591421 -0.1615362 -0.333058 -0.9289663 -0.1991688 -0.4082593 -0.8908738 -0.2350932 -0.4799903 -0.8451867 -0.2690059 -0.5476189 -0.7923064 -0.3006278 -0.6105634 -0.7326904 -0.3296895 -0.6682937 -0.6668496 -0.3559356 -0.7203473 -0.5953232 -0.3791422 -0.7662727 -0.5187266 -0.3991227 -0.8056651 -0.4377269 -0.4157178 -0.8381877 -0.3530157 -0.4287746 -0.8635787 -0.2653001 -0.4381798 -0.8816232 -0.1753252 -0.4438471 -0.8921692 -0.08386775 -0.4457449 -0.8951214 0.008309682 -0.4438423 -0.89046 0.1004245 -0.04928836 -0.0888443 -0.9948253 0.1837413 -0.9829323 0.009125232 0.09226625 -0.9956914 0.009246362 0.08249324 0.1565349 -0.9842214 0.1225386 0.2371563 -0.9637122 0.1615339 0.3157512 -0.9349909 0.1991701 0.3916459 -0.898301 0.2350947 0.4642122 -0.8539541 0.2690063 0.5328109 -0.8023392 0.3006321 0.5968499 -0.7439022 0.3296898 0.6557943 -0.6791454 0.3559336 0.7091701 -0.6085959 0.3791387 0.7565108 -0.5328651 0.3991226 0.7973961 -0.4526153 0.4157151 0.8314895 -0.3685189 0.4287731 0.858504 -0.2812908 0.4381778 0.8782161 -0.1916682 0.443843 0.8904603 -0.1004184 0.4457423 0.8951227 -0.008314563 0.4438394 0.8921727 0.08387176 0.04929204 0.07036059 -0.996303 8.328137e-07 0.9999569 -0.009285071 0.09226625 0.9956914 -0.009246362 -0.09742453 -0.1664671 -0.9812223 -0.1447251 -0.2426548 -0.9592566 -0.1907858 -0.3167672 -0.9291175 -0.2352204 -0.3881813 -0.8910593 -0.277651 -0.4562849 -0.8454076 -0.3177073 -0.5204901 -0.7925605 -0.3550473 -0.5802525 -0.7329723 -0.3893599 -0.6350642 -0.6671525 -0.4203696 -0.6844568 -0.5956578 -0.4477875 -0.728032 -0.5190912 -0.4713816 -0.7654185 -0.4381026 -0.4909714 -0.7962756 -0.3534009 -0.5063842 -0.8203514 -0.265704 -0.517481 -0.8374544 -0.1757371 -0.5241803 -0.8474269 -0.08427747 -0.5264298 -0.850182 0.0078898 -0.5241801 -0.8457154 0.1000034 -0.5174817 -0.834046 0.1912587 -0.05642121 -0.08396643 -0.99487 0.09187089 -0.9906007 0.1013407 1.894941e-06 -0.9948474 0.1013834 0.09742455 0.1482185 -0.9841442 0.1447241 0.2247991 -0.9635976 0.1907826 0.2994634 -0.9348389 0.235223 0.3715657 -0.8981142 0.2776472 0.440509 -0.8537352 0.3177046 0.5056844 -0.8020892 0.3550456 0.5665439 -0.74362 0.3893572 0.6225673 -0.6788306 0.4203691 0.6732764 -0.608267 0.447783 0.7182706 -0.5325201 0.4713784 0.7571511 -0.4522439 0.490969 0.7895776 -0.3681258 0.5063851 0.8152768 -0.2808876 0.5174862 0.8340432 -0.1912588 0.5241869 0.8457115 -0.1000009 0.5264323 0.8501804 -0.007896932 0.524187 0.8474224 0.08428093 0.5174856 0.8374513 0.1757385 0.05642794 0.06546936 -0.9962578 0.09187296 0.9923114 0.08293024 0.1829632 0.9796057 0.08304853 -0.1115282 -0.1568086 -0.9813116 -0.1656757 -0.2283046 -0.9593897 -0.2184035 -0.2978468 -0.9292939 -0.2692678 -0.3648588 -0.891276 -0.3178372 -0.4287572 -0.8456635 -0.3636889 -0.4889969 -0.7928508 -0.4064401 -0.5450461 -0.7333015 -0.4457144 -0.5964619 -0.6675117 -0.4812009 -0.6428006 -0.5960311 -0.5125986 -0.6836335 -0.5195073 -0.5396158 -0.7186717 -0.4385496 -0.5620401 -0.7475959 -0.353852 -0.5796864 -0.7701402 -0.2661724 -0.5923966 -0.7861379 -0.17622 -0.6000648 -0.7954486 -0.08475651 -0.6026301 -0.7979863 0.007409575 -0.6000677 -0.7937355 0.09951181 -0.5923937 -0.7827322 0.1907878 -0.5796846 -0.7650665 0.2804266 -0.06307854 -0.07843603 -0.9949215 -1.025442e-06 -0.9812742 0.1926162 -0.09069797 -0.9770805 0.1925811 0.1115285 0.1385594 -0.9840542 0.1656719 0.2104504 -0.9634643 0.2184017 0.2805421 -0.934664 0.2692659 0.3482475 -0.8978973 0.3178353 0.4129799 -0.8534801 0.363689 0.4741891 -0.8017949 0.4064404 0.5313369 -0.7432949 0.4457169 0.5839612 -0.6784732 0.4812036 0.6316175 -0.6078671 0.5126012 0.6738667 -0.5321124 0.5396182 0.7104016 -0.4518205 0.562043 0.7408949 -0.3676716 0.5796906 0.7650642 -0.2804205 0.5923973 0.7827307 -0.1907828 0.6000675 0.7937351 -0.0995167 0.6026306 0.7979859 -0.007408504 0.60007 0.7954446 0.08475749 0.5923975 0.7861379 0.1762168 0.5796913 0.7701399 0.2661628 0.06307889 0.05994788 -0.9962065 0.1806251 0.9679449 0.1745199 0.2690119 0.9471575 0.1747151 -0.1246857 -0.1458821 -0.9814132 -0.1852096 -0.2120835 -0.9595405 -0.2441473 -0.2764728 -0.9294917 -0.301017 -0.3384938 -0.8915216 -0.3553147 -0.3976378 -0.8459525 -0.4065763 -0.4533798 -0.793185 -0.4543614 -0.5052605 -0.7336672 -0.4982803 -0.5528048 -0.6679249 -0.53795 -0.5956762 -0.5964728 -0.5730375 -0.6334592 -0.5199591 -0.6032503 -0.6658302 -0.4390435 -0.6283197 -0.6925608 -0.3543641 -0.6480476 -0.7133794 -0.2666913 -0.6622625 -0.728124 -0.1767593 -0.6708327 -0.736686 -0.08530648 -0.6736944 -0.7389782 0.006863721 -0.6708339 -0.7349738 0.09897156 -0.6622648 -0.7247161 0.1902416 -0.6480455 -0.7083039 0.2798976 -0.6283204 -0.6858572 0.3671695 -0.06919836 -0.07231939 -0.9949781 -0.08874966 -0.9552443 0.282191 -0.1767517 -0.9429713 0.2820708 0.124685 0.1276321 -0.9839531 0.1852068 0.1942309 -0.9633134 0.244153 0.2591599 -0.9344653 0.3010176 0.3218842 -0.8976519 0.3553164 0.3818557 -0.8531919 0.4065777 0.4385722 -0.8014668 0.4543666 0.4915478 -0.7429211 0.4982831 0.5403062 -0.6780732 0.537952 0.5844946 -0.607432 0.5730405 0.6236896 -0.5316351 0.6032501 0.6575615 -0.4513337 0.6283241 0.6858575 -0.3671625 0.6480506 0.7083022 -0.2798899 0.6622579 0.7247203 -0.1902497 0.6708272 0.7349797 -0.09897395 0.673691 0.7389813 -0.00686111 0.6708273 0.7366905 0.08531007 0.662259 0.7281283 0.1767548 0.6480494 0.7133779 0.2666907 0.6283233 0.6925556 0.3543679 0.06919879 0.05383124 -0.9961494 0.2632461 0.9277026 0.2647062 0.3474958 0.8994636 0.2649755 -0.1367691 -0.1337966 -0.9815257 -0.2031603 -0.1941296 -0.9597081 -0.2678191 -0.2528067 -0.9297105 -0.330204 -0.3093069 -0.8917929 -0.3897617 -0.3631957 -0.8462711 -0.4459916 -0.4139636 -0.7935525 -0.4984125 -0.4612128 -0.7340761 -0.5465867 -0.5045126 -0.6683637 -0.5901091 -0.5435146 -0.5969617 -0.6285985 -0.5779025 -0.5204734 -0.6617334 -0.6073522 -0.4395819 -0.6892396 -0.6316385 -0.3549387 -0.7108768 -0.6505555 -0.2672672 -0.7264658 -0.6639232 -0.1773512 -0.7358698 -0.6716497 -0.08592018 -0.7390108 -0.6736645 0.006256803 -0.7358672 -0.6699415 0.09837602 -0.7264656 -0.6605166 0.1896459 -0.7108795 -0.645476 0.2793047 -0.689235 -0.6249426 0.3666086 -0.6617323 -0.5990872 0.4507825 -0.07472098 -0.06566302 -0.9950403 -0.1713654 -0.9133756 0.3692952 -0.2552407 -0.8936507 0.369108 0.1367691 0.1155465 -0.9838411 0.2031646 0.1762718 -0.9631471 0.2678247 0.2354899 -0.9342454 0.3302016 0.2926981 -0.8973821 0.3897595 0.347418 -0.8528706 0.4459923 0.3991594 -0.8011009 0.4984164 0.4474985 -0.7425134 0.5465841 0.4920162 -0.6776178 0.5901068 0.5323377 -0.6069518 0.6285957 0.5681367 -0.5311197 0.6617301 0.5990873 -0.4507855 0.6892383 0.6249427 -0.3666023 0.7108722 0.6454855 -0.2793013 0.7264624 0.6605173 -0.1896556 0.7358678 0.6699411 -0.09837441 0.7390134 0.6736617 -0.006256762 0.7358647 0.6716555 0.08591858 0.72646 0.6639291 0.1773531 0.7108724 0.6505575 0.2672738 0.6892388 0.631643 0.3549324 0.6617296 0.6073553 0.4395833 0.07472032 0.04717484 -0.9960881 0.3369195 0.8729755 0.3527026 0.4157171 0.8381869 0.3530185 -0.147692 -0.1206446 -0.9816476 -0.2193858 -0.1745913 -0.9598894 -0.2892097 -0.2270492 -0.9299497 -0.3565687 -0.2775644 -0.8920857 -0.4208903 -0.3257051 -0.8466213 -0.4816075 -0.3710721 -0.793952 -0.5382165 -0.4132787 -0.7345227 -0.5902335 -0.4519502 -0.6688538 -0.6372232 -0.4867842 -0.5974844 -0.6787917 -0.5174539 -0.5210406 -0.7145659 -0.5437358 -0.4401669 -0.7442657 -0.5653784 -0.3555499 -0.7676297 -0.5822115 -0.2679075 -0.7844597 -0.5940897 -0.17799 -0.7946229 -0.600898 -0.08657993 -0.7980156 -0.6026108 0.005599088 -0.7946231 -0.599188 0.09771283 -0.784457 -0.5906833 0.1889983 -0.7676294 -0.5771362 0.2786735 -0.7442697 -0.5586733 0.3659874 -0.7145684 -0.5354627 0.4501908 -0.6787932 -0.5076927 0.5305544 -0.07960834 -0.0585337 -0.9951062 -0.2450479 -0.8570751 0.4531818 -0.3234648 -0.8307975 0.4529305 0.1476829 0.1024061 -0.9837188 0.2193855 0.156738 -0.9629658 0.2892097 0.2097373 -0.9340064 0.3565687 0.260949 -0.8970866 0.4208877 0.30993 -0.8525239 0.481607 0.3562712 -0.8007031 0.5382169 0.3995705 -0.7420688 0.5902317 0.439452 -0.6771326 0.637223 0.4756051 -0.6064212 0.6787877 0.5076929 -0.5305613 0.7145669 0.5354655 -0.4501898 0.7442705 0.5586715 -0.3659885 0.7676318 0.5771335 -0.2786725 0.7844604 0.5906796 -0.1889962 0.79462 0.5991921 -0.09771361 0.798016 0.6026103 -0.005594808 0.7946225 0.6009004 0.08656661 0.7844629 0.5940835 0.1779966 0.7676311 0.582208 0.2679109 0.7442706 0.5653723 0.3555493 0.7145672 0.5437304 0.4401715 0.6787888 0.517458 0.5210403 0.07960828 0.0400443 -0.9960216 0.399124 0.8056622 0.437731 0.4713809 0.7654163 0.4381072 -0.1573488 -0.1065446 -0.9817788 -0.2337396 -0.1536345 -0.9600845 -0.3081329 -0.1994172 -0.930208 -0.3798928 -0.2435232 -0.8924001 -0.4484204 -0.285525 -0.8469915 -0.513108 -0.3250863 -0.7943797 -0.573424 -0.3618833 -0.7350003 -0.6288455 -0.3955828 -0.6693785 -0.6789117 -0.4259296 -0.5980493 -0.7231927 -0.4526386 -0.5216422 -0.7613053 -0.4755016 -0.4408088 -0.7929503 -0.4943072 -0.3562164 -0.817842 -0.5089133 -0.2685921 -0.835774 -0.5191868 -0.1786809 -0.846596 -0.5250322 -0.08727216 -0.8502177 -0.5264086 0.004884613 -0.8465957 -0.5233212 0.09700887 -0.8357775 -0.515774 0.1882899 -0.81784 -0.5038395 0.2779991 -0.7929466 -0.4876133 0.3653339 -0.7613007 -0.4672366 0.4495678 -0.7231986 -0.4428702 0.5299527 -0.6789114 -0.4147471 0.6058582 -0.08381305 -0.05097913 -0.9951766 -0.3072696 -0.7882447 0.5331563 -0.3791397 -0.7565072 0.5328695 0.1573508 0.08829713 -0.9835875 0.2337366 0.1357911 -0.962771 0.3081271 0.1821235 -0.9337498 0.3798924 0.2269026 -0.8967703 0.4484175 0.2697465 -0.8521494 0.5131101 0.310281 -0.8002773 0.5734242 0.3481772 -0.7415911 0.6288414 0.3830905 -0.6766093 0.678908 0.4147515 -0.605859 0.7231897 0.4428766 -0.5299594 0.7613089 0.4672319 -0.4495588 0.7929531 0.4876088 -0.365326 0.8178459 0.5038312 -0.2779969 0.8357778 0.5157686 -0.1883035 0.8465981 0.5233164 -0.09701314 0.8502111 0.5264193 -0.004884641 0.8465986 0.5250278 0.08727367 0.835776 0.5191792 0.1786939 0.8178442 0.5089086 0.2685942 0.7929524 0.4943079 0.3562109 0.7613085 0.4754996 0.4408054 0.7231904 0.4526403 0.521644 0.678907 0.4259308 0.5980538 0.08381369 0.03249089 -0.9959516 0.4477821 0.7280363 0.5190899 0.5125987 0.6836371 0.5195026 -0.165664 -0.09162391 -0.9819168 -0.2460923 -0.131462 -0.9602897 -0.324415 -0.1701826 -0.9304799 -0.3999783 -0.2074568 -0.8927368 -0.4721277 -0.2429618 -0.8473872 -0.5402331 -0.2763945 -0.7948297 -0.6037374 -0.3074594 -0.7355066 -0.6620857 -0.3359143 -0.6699284 -0.7147963 -0.3614949 -0.5986549 -0.7614151 -0.3840129 -0.5222845 -0.8015523 -0.4032471 -0.4414811 -0.8348755 -0.4190474 -0.3569063 -0.8610872 -0.4312763 -0.269313 -0.8799661 -0.439847 -0.1794278 -0.8913527 -0.4446849 -0.08800958 -0.8951641 -0.4457175 0.004134593 -0.8913542 -0.4429692 0.09626024 -0.879967 -0.4364397 0.187559 -0.8610876 -0.4262008 0.2772742 -0.8348761 -0.412345 0.3646278 -0.8015508 -0.3949827 0.4488931 -0.7614076 -0.3742536 0.5293323 -0.7147999 -0.3503175 0.6052593 -0.6620843 -0.3234133 0.6760533 -0.08731297 -0.04306365 -0.9952497 -0.3559354 -0.7091704 0.6085946 -0.4203641 -0.6732822 0.608264 0.1656665 0.07335844 -0.9834496 0.2460929 0.1136068 -0.9625652 0.3244163 0.1528794 -0.9334784 0.3999751 0.1908493 -0.8964354 0.4721224 0.2271908 -0.851754 0.5402346 0.261589 -0.7998236 0.603736 0.2937528 -0.7410884 0.6620826 0.3234176 -0.676053 0.7147962 0.3503195 -0.6052625 0.7614189 0.3742441 -0.5293228 0.8015567 0.3949754 -0.448889 0.8348761 0.4123473 -0.3646253 0.8610859 0.4262043 -0.277274 0.8799647 0.4364421 -0.1875645 0.891358 0.4429597 -0.09626845 0.8951663 0.445713 -0.004139001 0.8913569 0.4446733 0.08802632 0.879967 0.4398455 0.179427 0.8610867 0.4312787 0.269311 0.8348738 0.4190482 0.3569095 0.8015565 0.4032451 0.4414754 0.7614159 0.3840098 0.5222856 0.7147979 0.3614984 0.5986508 0.6620816 0.3359145 0.6699323 0.08731354 0.02457541 -0.9958777 0.4812055 0.6427893 0.5960396 0.5379497 0.5956721 0.5964771 -0.1725727 -0.07598116 -0.9820619 -0.2563481 -0.1082344 -0.9605056 -0.3379352 -0.1395748 -0.9307624 -0.4166473 -0.1697089 -0.8930867 -0.4918018 -0.1984066 -0.8478005 -0.5627475 -0.2254058 -0.7953034 -0.628894 -0.2504798 -0.7360382 -0.6896774 -0.273428 -0.6705089 -0.744583 -0.2940276 -0.5992862 -0.7931501 -0.3121507 -0.5229482 -0.8349662 -0.327586 -0.4421751 -0.8696743 -0.3402417 -0.3576341 -0.8969734 -0.3500054 -0.2700646 -0.9166401 -0.3567871 -0.1802053 -0.9285077 -0.3605378 -0.08880277 -0.932472 -0.3612268 0.00335628 -0.9285067 -0.3588301 0.09547955 -0.9166381 -0.3533847 0.1867987 -0.8969735 -0.3449285 0.2765193 -0.8696745 -0.3335402 0.3638917 -0.8349693 -0.3193167 0.4481776 -0.7931467 -0.3023796 0.5286633 -0.7445863 -0.2828528 0.6046367 -0.6896724 -0.2609324 0.6754748 -0.6288952 -0.2367721 0.7405604 -0.3893587 -0.6225644 0.6788324 -0.4457195 -0.5839613 0.6784713 0.1725703 0.0577323 -0.9833038 0.2563493 0.09037894 -0.9623496 0.3379376 0.1222586 -0.933194 0.4166454 0.1530958 -0.896085 0.4918001 0.1826281 -0.8513399 0.5627508 0.2105969 -0.79935 0.6288979 0.2367699 -0.7405589 0.6896773 0.2609212 -0.6754742 0.7445871 0.2828525 -0.6046358 0.7931538 0.3023759 -0.5286547 0.8349668 0.3193185 -0.4481809 0.8696743 0.3335419 -0.3638906 0.8969737 0.3449298 -0.276517 0.9166401 0.3533792 -0.1867996 0.9285077 0.3588266 -0.09548241 0.9324764 0.3612152 -0.003356047 0.9285078 0.3605372 0.08880399 0.9166381 0.3567925 0.1802044 0.8969735 0.3500039 0.2700665 0.8696756 0.3402386 0.357634 0.834967 0.3275852 0.4421743 0.7931532 0.3121388 0.5229506 0.7445865 0.2940318 0.5992797 0.6896781 0.2734197 0.6705116 0.6288979 0.2504806 0.7360346 0.09005177 0.0163779 -0.9958024 0.498282 0.5528115 0.6679181 0.5465855 0.5045112 0.6683658 -0.4064402 -0.531338 0.7432942 -0.4543581 -0.4915464 0.7429272 0.1780033 0.04151988 -0.9831536 0.2644195 0.0663022 -0.962126 0.3485755 0.09051975 -0.9328994 0.429761 0.1139663 -0.8957216 0.5072816 0.1364392 -0.8509111 0.5804659 0.1577464 -0.7988588 0.6486947 0.1777054 -0.7400108 0.7113877 0.1961498 -0.6748725 0.7680262 0.2129225 -0.6039866 0.8181221 0.2278823 -0.5279638 0.8612514 0.2409025 -0.4474506 0.8970481 0.2518702 -0.3631338 0.9252067 0.2606962 -0.2757353 0.9454916 0.2673023 -0.1859976 0.9577311 0.2716403 -0.09467126 0.961823 0.2736605 -0.00254046 0.9577323 0.2733467 0.08961226 0.9454945 0.2707038 0.1809962 0.9252047 0.2657737 0.2708517 0.8970475 0.2585707 0.358395 0.8612523 0.2491682 0.4428991 0.8181211 0.2376478 0.5236424 0.7680259 0.2241015 0.5999289 0.7113879 0.2086481 0.6711135 0.6486951 0.1914164 0.7365829 0.5804657 0.1725532 0.795792 0.09204076 0.007967935 -0.9957234 0.4984166 0.4612089 0.7340757 0.5382145 0.4132816 0.7345226 -0.4065777 -0.4385755 0.801465 -0.4459941 -0.399158 0.8011006 0.1819175 0.02488087 -0.982999 0.2702333 0.04158667 -0.9618963 0.3562394 0.05793526 -0.9325969 0.4392102 0.07379273 -0.8953485 0.518435 0.08901961 -0.8504709 0.5932287 0.1034861 -0.7983548 0.6629574 0.117067 -0.7394477 0.7270286 0.1296504 -0.6742553 0.7849117 0.1411315 -0.6033204 0.8361102 0.1514114 -0.5272517 0.8801861 0.160394 -0.4467059 0.9167711 0.1680208 -0.3623531 0.9455486 0.1742099 -0.2749342 0.9662778 0.1789257 -0.1851834 0.9787887 0.1821124 -0.09384951 0.9829714 0.1837508 -0.001707928 0.9787868 0.1838329 0.09045314 0.9662768 0.1823368 0.1818309 0.9455507 0.1792808 0.2716474 0.9167684 0.1747214 0.3591771 0.8801879 0.1686628 0.4436464 0.8361082 0.1611753 0.5243525 0.784912 0.1523089 0.6005956 0.7270295 0.1421482 0.6717306 0.6629575 0.1307783 0.7371461 0.5932282 0.1182933 0.7962958 0.5184224 0.1047945 0.8486792 0.09323189 -0.0006110727 -0.9956442 0.4816074 0.3710783 0.7939491 0.51311 0.32509 0.7943768 -0.4297636 -0.1139669 0.8957203 -0.4917895 -0.1826236 0.851347 -0.5402299 -0.2615864 0.7998276 -0.6037426 -0.2937467 0.7410855 -0.5734216 -0.348173 0.7415951 -0.6288471 -0.3830878 0.6766055 -0.5902361 -0.4394546 0.677127 -0.6372185 -0.4756037 0.606427 -0.59011 -0.5323373 0.6069491 -0.6285975 -0.5681354 0.531119 -0.5730382 -0.6236896 0.5316376 -0.6032542 -0.6575647 0.4513237 -0.5396109 -0.7104079 0.4518194 -0.562039 -0.7408944 0.3676788 -0.4909703 -0.7895746 0.3681305 -0.5063845 -0.8152765 0.2808896 -0.4287781 -0.8585014 0.281291 -0.43818 -0.8782165 0.1916615 -0.3551205 -0.9148908 0.1920005 -0.3597186 -0.9276047 0.1007578 -0.2724993 -0.9568372 0.1010287 -0.2736587 -0.9617854 0.008933139 -0.1837422 -0.9829321 0.009128622 -0.1829644 -0.9796054 -0.08304996 -0.09187092 -0.9923117 -0.08292908 -0.090701 -0.9804876 -0.174406 2.692635e-06 -0.9846815 -0.1743625 3.595754e-06 -0.9644243 -0.2643591 0.08875034 -0.9603202 -0.2644023 0.08605315 -0.9319773 -0.3521552 0.171363 -0.9200768 -0.3522689 0.164529 -0.884279 -0.4370136 0.2450455 -0.8653422 -0.4371905 0.2327753 -0.8229731 -0.5181996 0.3072695 -0.7980082 -0.5184288 0.288453 -0.7501485 -0.5950395 0.3559344 -0.7203509 -0.5953195 0.3296866 -0.6682954 -0.6668493 0.3893558 -0.6350617 -0.6671571 0.3550484 -0.5802543 -0.7329704 0.4064373 -0.5450506 -0.7332998 0.3636918 -0.4889928 -0.792852 0.4065757 -0.4533818 -0.7931842 0.3553153 -0.3976349 -0.8459536 0.3897594 -0.363193 -0.8462733 0.3302009 -0.3093137 -0.8917917 0.3565683 -0.2775616 -0.8920866 0.2892093 -0.2270454 -0.9299507 0.3081272 -0.1994307 -0.930207 0.233737 -0.1536446 -0.9600835 0.246092 -0.1314622 -0.9602898 0.1656666 -0.09160962 -0.9819176 0.1725695 -0.07598039 -0.9820625 0.08731473 -0.04306342 -0.9952496 0.09005107 -0.03486813 -0.9953266 -0.3897522 -0.3474052 0.8528791 -0.4208778 -0.3099243 0.8525308 0.1842792 0.007950114 -0.9828418 0.2737418 0.01643774 -0.9616627 0.3608643 0.02478284 -0.932289 0.4449118 0.03291762 -0.8949692 0.5251652 0.04077276 -0.850023 0.6009301 0.04827864 -0.7978422 0.6715645 0.05537187 -0.7388742 0.7364665 0.06199136 -0.6736277 0.7950999 0.06808465 -0.6026447 0.846964 0.07360219 -0.5265307 0.8916143 0.07848893 -0.4459411 0.9286734 0.08269959 -0.3615611 0.957822 0.08621372 -0.2741244 0.9788228 0.08900359 -0.1843484 0.9914977 0.09101735 -0.09299499 0.9957344 0.09226218 -0.0008557585 0.991499 0.09272227 0.09128196 0.978821 0.09241373 0.1826721 0.9578225 0.09129072 0.2724741 0.9286736 0.08939929 0.3599626 0.891613 0.0867573 0.4444091 0.8469638 0.08336494 0.5250739 0.7950994 0.07926551 0.601277 0.7364675 0.07448993 0.6723592 0.6715644 0.0690822 0.7377187 0.6009301 0.06308542 0.7968081 0.5251521 0.05654908 0.8491275 0.4449119 0.04953104 0.8942036 0.09363093 -0.009244457 -0.9955641 0.4484062 0.2855164 0.8470019 0.4721104 0.2429623 0.8473966 -0.1819208 -0.04312823 -0.9823669 -0.1780043 -0.05977077 -0.9822128 -0.270231 -0.05944263 -0.9609588 -0.2644189 -0.08415718 -0.960729 -0.3562401 -0.07524669 -0.9313597 -0.3485749 -0.1078293 -0.9310577 -0.4392127 -0.09040158 -0.8938231 -0.4297626 -0.1305786 -0.8934503 -0.51843 -0.1047939 -0.8486746 -0.5072791 -0.1522239 -0.848231 -0.5932273 -0.1183025 -0.7962951 -0.5804601 -0.1725654 -0.7957935 -0.6629616 -0.1307775 -0.7371425 -0.6486914 -0.1914202 -0.7365852 -0.7270325 -0.1421397 -0.6717291 -0.7113917 -0.2086488 -0.6711092 -0.7849117 -0.1523052 -0.600597 -0.7680239 -0.2241005 -0.5999318 -0.8361072 -0.1611599 -0.5243589 -0.8181189 -0.2376449 -0.5236472 -0.8801874 -0.1686616 -0.4436478 -0.8612525 -0.2491715 -0.442897 -0.9167711 -0.1747205 -0.3591706 -0.8970478 -0.2585703 -0.3583945 -0.9455506 -0.1792811 -0.2716476 -0.9252067 -0.2657715 -0.2708468 -0.9662826 -0.1823208 -0.181816 -0.9454936 -0.270706 -0.1809977 -0.9787911 -0.1838152 -0.09044308 -0.9577359 -0.2733346 -0.08961089 -0.9829721 -0.1837467 0.001708931 -0.9618278 -0.2736436 0.002541535 -0.978792 -0.1821005 0.09383805 -0.9577363 -0.2716229 0.09466821 -0.9662833 -0.1789118 0.1851679 -0.9454945 -0.2672962 0.1859918 -0.9455507 -0.1742056 0.2749297 -0.9252047 -0.2606983 0.2757402 -0.9167684 -0.1680216 0.3623596 -0.8970475 -0.2518709 0.3631347 -0.8801879 -0.1603907 0.4467036 -0.8612531 -0.2409025 0.4474473 -0.836111 -0.1513932 0.5272556 -0.8181173 -0.2278831 0.5279711 -0.7849061 -0.1411297 0.6033281 -0.7680243 -0.2129193 0.6039901 -0.727036 -0.1296435 0.6742486 -0.7113949 -0.196147 0.6748656 -0.6629635 -0.1170635 0.7394427 -0.6486906 -0.1777129 0.7400126 -0.5932231 -0.1034921 0.7983582 -0.5184191 -0.08901467 0.850481 -0.4392142 -0.07378885 0.8953469 -0.3562537 -0.05794353 0.932591 -0.09323209 -0.01787734 -0.9954839 -0.3565672 -0.2609505 0.8970868 -0.3798898 -0.2269055 0.8967706 0.1850687 -0.00912463 -0.9826832 0.2749144 -0.008927285 -0.9614273 0.3624104 -0.008653808 -0.9319784 0.4468177 -0.008306707 -0.8945864 0.5274149 -0.007888696 -0.8495713 0.6035044 -0.007403708 -0.7973253 0.6744413 -0.006855649 -0.7382966 0.7396216 -0.006249018 -0.6729939 0.7985065 -0.005588984 -0.6019602 0.8505911 -0.004884013 -0.525805 0.8954354 -0.00413214 -0.4451723 0.9326535 -0.003348747 -0.3607579 0.9619245 -0.002539303 -0.2733034 0.9830169 -0.001702167 -0.183507 0.9957458 -0.0008565492 -0.09213861 1 4.10198e-10 -1.904721e-12 0.9957459 0.0008565432 0.09213787 0.9830171 0.001702157 0.1835058 0.961924 0.00253932 0.2733052 0.9326526 0.003348768 0.3607601 0.8954358 0.004132133 0.4451716 0.8505905 0.004884023 0.5258059 0.7985059 0.005588992 0.601961 0.7396224 0.006249011 0.672993 0.6744413 0.006855649 0.7382966 0.6035044 0.007403709 0.7973253 0.5274018 0.007888771 0.8495794 0.4468176 0.008306707 0.8945865 0.3624262 0.008653752 0.9319723 0.09323256 -0.01787772 -0.9954838 0.399975 0.2074625 0.892737 0.4166454 0.1697091 0.8930876 -0.1842799 -0.02618885 -0.9825248 -0.2737409 -0.03429326 -0.9611919 -0.3608656 -0.04208964 -0.9316676 -0.4449152 -0.04953471 -0.8942017 -0.5251592 -0.05654679 -0.8491233 -0.6009282 -0.06307944 -0.7968101 -0.67157 -0.06907928 -0.7377139 -0.7364681 -0.07449334 -0.6723582 -0.7951025 -0.07927571 -0.6012714 -0.8469623 -0.08335849 -0.5250774 -0.8916095 -0.08673754 -0.44442 -0.9286734 -0.08939928 -0.3599631 -0.9578268 -0.0912894 -0.2724593 -0.9788252 -0.09240255 -0.1826556 -0.9914969 -0.09273305 -0.09129329 -0.995734 -0.09226647 0.0008531297 -0.9914956 -0.09102898 0.09300609 -0.9788262 -0.08899307 0.1843351 -0.9578265 -0.08621127 0.2741096 -0.9286724 -0.08269528 0.3615646 -0.8916109 -0.07847943 0.4459495 -0.8469611 -0.07360105 0.5265356 -0.7950995 -0.0680913 0.6026445 -0.7364697 -0.06199262 0.673624 -0.6715712 -0.05536656 0.7388685 -0.6009287 -0.04827411 0.7978435 -0.5251456 -0.04077191 0.8500351 -0.4449137 -0.03292032 0.8949682 -0.3608835 -0.02477983 0.9322817 -0.2737388 -0.01643855 0.9616636 -0.09363118 -0.009244276 -0.995564 -0.3081489 -0.1821211 0.9337431 -0.3244282 -0.1528836 0.9334736 0.1842788 -0.0261998 -0.9825247 0.2737416 -0.03429227 -0.9611917 0.3608644 -0.04209058 -0.931668 0.444912 -0.04953105 -0.8942035 0.5251651 -0.05655021 -0.8491194 0.6009301 -0.06308542 -0.7968081 0.6715644 -0.0690822 -0.7377187 0.7364667 -0.07448986 -0.67236 0.7950999 -0.07926555 -0.6012762 0.8469644 -0.08336498 -0.525073 0.8916126 -0.08675727 -0.4444099 0.9286745 -0.08939934 -0.3599604 0.957823 -0.09129075 -0.2724723 0.9788208 -0.09241372 -0.1826732 0.9914989 -0.09272227 -0.09128271 0.9957344 -0.09226217 0.0008557585 0.9914978 -0.09101736 0.09299425 0.978823 -0.08900362 0.1843472 0.9578215 -0.08621366 0.2741262 0.9286726 -0.08269949 0.3615633 0.8916147 -0.07848897 0.4459403 0.8469635 -0.07360213 0.5265317 0.7950994 -0.06808459 0.6026454 0.7364672 -0.06199144 0.6736268 0.6715645 -0.05537187 0.7388742 0.6009301 -0.04827864 0.7978422 0.5251522 -0.04077148 0.8500311 0.4449117 -0.03291761 0.8949693 0.36088 -0.02478436 0.9322829 0.2737418 -0.01643774 0.9616627 0.09204016 -0.02645504 -0.9954038 0.3379524 0.1395717 0.9307566 0.3485907 0.1078319 0.9310514 -0.1850688 -0.009124663 -0.9826832 -0.2749115 -0.008927322 -0.9614281 -0.36241 -0.008651688 -0.9319786 -0.446821 -0.008306079 -0.8945848 -0.5274117 -0.007891207 -0.8495732 -0.6035037 -0.007404634 -0.7973258 -0.6744449 -0.00685357 -0.7382934 -0.7396193 -0.006245943 -0.6729965 -0.7985063 -0.005587317 -0.6019605 -0.8505973 -0.004888401 -0.5257949 -0.8954329 -0.004138454 -0.4451772 -0.9326492 -0.003346809 -0.3607691 -0.9619294 -0.002536042 -0.2732865 -0.9830177 -0.001701167 -0.1835031 -0.9957454 -0.0008592687 -0.09214282 -1 -4.101984e-10 1.904779e-12 -0.9957455 0.0008592611 0.09214208 -0.9830179 0.001701155 0.1835019 -0.9619288 0.002536058 0.2732882 -0.9326483 0.003346828 0.3607712 -0.8954333 0.004138446 0.4451764 -0.8505967 0.004888409 0.5257959 -0.7985057 0.005587323 0.6019613 -0.7396201 0.006245934 0.6729956 -0.6744449 0.006853569 0.7382934 -0.6035037 0.007404633 0.7973258 -0.5273986 0.007891282 0.8495813 -0.4468209 0.008306079 0.8945849 -0.3624258 0.00865163 0.9319725 -0.2749115 0.008927322 0.9614281 -0.1850688 0.009124663 0.9826832 -0.09323211 -0.0006112278 -0.9956442 -0.2460945 -0.1136054 0.962565 -0.2563487 -0.09038142 0.9623495 0.1819181 -0.04312948 -0.9823674 0.270233 -0.05944122 -0.9609583 0.3562397 -0.07524315 -0.9313602 0.4392101 -0.09040579 -0.893824 0.5184352 -0.1047969 -0.8486711 0.5932282 -0.1182933 -0.7962958 0.6629575 -0.1307783 -0.7371461 0.7270288 -0.1421481 -0.6717314 0.7849126 -0.1523089 -0.6005949 0.8361088 -0.1611754 -0.5243516 0.8801875 -0.1686628 -0.4436471 0.9167692 -0.1747216 -0.3591749 0.9455512 -0.1792809 -0.2716456 0.9662766 -0.1823368 -0.181832 0.9787868 -0.1838329 -0.09045388 0.9829714 -0.1837508 0.001707928 0.9787888 -0.1821124 0.09384876 0.966278 -0.1789258 0.1851822 0.9455481 -0.1742098 0.274936 0.9167703 -0.1680207 0.3623552 0.8801865 -0.1603941 0.4467052 0.8361096 -0.1514113 0.5272526 0.7849112 -0.1411314 0.6033212 0.7270294 -0.1296505 0.6742544 0.6629574 -0.117067 0.7394477 0.5932287 -0.1034861 0.7983548 0.5184221 -0.08901714 0.850479 0.4392101 -0.07379271 0.8953486 0.3562549 -0.05793822 0.9325908 0.2702333 -0.04158667 0.9618963 0.1819175 -0.02488087 0.982999 0.2644197 0.08415706 0.9607288 0.270233 0.05944122 0.9609583 -0.1725725 -0.0577302 0.9833036 -0.1780034 -0.04152306 0.9831534 0.1819181 0.04312948 0.9823674 0.1842788 0.0261998 0.9825247 -0.1842815 0.007941031 -0.9828414 -0.2737388 0.01643855 -0.9616636 -0.3608677 0.02477831 -0.9322878 -0.4449138 0.03292032 -0.8949681 -0.5251586 0.04077319 -0.8500271 -0.6009287 0.04827411 -0.7978435 -0.6715712 0.05536656 -0.7388685 -0.7364689 0.06199253 -0.6736248 -0.7951 0.06809136 -0.6026438 -0.8469617 0.07360112 -0.5265347 -0.8916105 0.07847938 -0.4459503 -0.9286733 0.08269537 -0.3615625 -0.957827 0.08621133 -0.2741079 -0.978826 0.08899304 -0.1843362 -0.9914956 0.09102897 -0.09300683 -0.995734 0.09226647 -0.0008531297 -0.991497 0.09273305 0.09129255 -0.9788254 0.09240256 0.1826545 -0.9578263 0.09128937 0.2724611 -0.9286726 0.08939922 0.3599652 -0.8916098 0.08673757 0.4444193 -0.8469617 0.08335844 0.5250783 -0.795102 0.07927566 0.6012722 -0.7364688 0.0744934 0.6723573 -0.67157 0.06907928 0.7377139 -0.6009282 0.06307944 0.7968101 -0.5251462 0.05654566 0.8491314 -0.4449151 0.0495347 0.8942018 -0.3608813 0.04209104 0.9316614 -0.2737409 0.03429326 0.9611919 -0.1842799 0.02618885 0.9825248 -0.09321475 0.01787575 0.9954855 0.178003 -0.05976999 -0.9822131 0.2644197 -0.08415706 -0.9607288 0.25635 -0.1082333 -0.9605052 0.3379377 -0.139566 -0.9307628 0.3244163 -0.1701875 -0.9304785 0.3999751 -0.2074626 -0.8927369 0.3798926 -0.2435157 -0.8924022 0.4484173 -0.2855232 -0.8469938 0.4208879 -0.3257092 -0.8466209 0.4816074 -0.3710783 -0.7939491 0.4459943 -0.413966 -0.7935498 0.4984166 -0.4612089 -0.7340757 0.4543665 -0.5052549 -0.7336679 0.4982815 -0.5528109 -0.6679189 0.4457209 -0.5964576 -0.6675112 0.4812058 -0.6427897 -0.5960389 0.4203649 -0.684462 -0.5956552 0.4477824 -0.7280368 -0.519089 0.3791396 -0.7662729 -0.5187283 0.3991238 -0.8056619 -0.4377318 0.3234677 -0.8390629 -0.4374266 0.3369198 -0.8729762 -0.3527005 0.2552414 -0.9003518 -0.3524465 0.2632462 -0.9277031 -0.2647044 0.1767503 -0.9480475 -0.2645095 0.1806251 -0.9679447 -0.174521 0.09069891 -0.9804879 -0.1744052 0.09187295 -0.9923113 -0.08293098 -2.282192e-07 -0.9965585 -0.08289299 8.336341e-07 -0.9999569 0.009285071 -0.09226653 -0.9956914 0.009244443 -0.09187263 -0.9906004 0.1013423 -0.1829646 -0.9778945 0.1012237 -0.1806279 -0.9645369 0.192463 -0.2690103 -0.9437502 0.1922734 -0.2632458 -0.9226273 0.2818873 -0.3474954 -0.8943882 0.2816322 -0.3369169 -0.8662754 0.3688549 -0.4157219 -0.8314854 0.3685205 -0.3991235 -0.7973956 0.4526154 -0.4713855 -0.7571476 0.4522424 -0.4477891 -0.7182689 0.5325173 -0.5125957 -0.6738754 0.5321068 -0.4812034 -0.6316139 0.6078711 -0.5379483 -0.5844967 0.6074334 -0.4982764 -0.5403164 0.6780699 -0.546592 -0.4920106 0.6776155 -0.4984106 -0.4474987 0.7425172 -0.5382149 -0.3995666 0.7420723 -0.4816085 -0.3562662 0.8007045 -0.513108 -0.3102802 0.8002789 -0.4484128 -0.2697379 0.8521546 -0.472117 -0.2271808 0.8517596 -0.3999765 -0.1908462 0.8964354 -0.4166506 -0.1530937 0.8960829 -0.3379474 -0.1222712 0.9331888 -0.3485897 -0.09052505 0.9328936 -0.2644197 -0.06630212 0.9621259 -0.2702305 -0.04158821 0.961897 -0.1819225 -0.02487665 0.9829981 -0.1842815 -0.007941031 0.9828414 -0.09321476 0.000612849 0.9956458 -0.09361376 0.009244291 0.9955657 -0.08729779 -0.02456828 0.9958793 -0.1656621 -0.07337387 0.9834492 -0.08379757 -0.03248346 0.9959532 -0.233738 -0.1357825 0.9627719 -0.157348 -0.08829539 0.9835881 -0.07959396 -0.04003517 0.9960231 -0.2892245 -0.2097476 0.9339995 -0.2193869 -0.1567354 0.9629659 -0.1476921 -0.102396 0.9837185 -0.07470656 -0.04716484 0.9960896 -0.3302067 -0.2926973 0.8973805 -0.2678271 -0.2355081 0.9342401 -0.203159 -0.1762767 0.9631474 -0.1367699 -0.1155477 0.9838408 -0.06918631 -0.05381858 0.996151 -0.3553029 -0.3818511 0.8531996 -0.3010195 -0.3218815 0.8976523 -0.2441556 -0.2591747 0.9344605 -0.1852114 -0.1942285 0.963313 -0.1246866 -0.1276336 0.9839527 -0.0630662 -0.05993434 0.9962081 -0.36369 -0.4741861 0.8017962 -0.3178311 -0.4129699 0.8534865 -0.2692656 -0.3482456 0.8978981 -0.2184126 -0.2805535 0.934658 -0.1656761 -0.2104498 0.9634637 -0.111529 -0.1385586 0.9840543 -0.05641059 -0.06546309 0.9962592 -0.3550481 -0.5665418 0.7436204 -0.3177038 -0.5056853 0.802089 -0.2776439 -0.4404969 0.8537426 -0.2352221 -0.3715667 0.898114 -0.1907962 -0.2994721 0.9348333 -0.1447247 -0.2248004 0.9635972 -0.09742317 -0.148218 0.9841444 -0.04927834 -0.07034155 0.996305 -0.3296896 -0.6557982 0.6791418 -0.3006302 -0.5968502 0.7439028 -0.2690099 -0.5328088 0.8023394 -0.2350869 -0.4642013 0.8539621 -0.1991686 -0.3916486 0.8983002 -0.1615416 -0.3157627 0.9349857 -0.1225387 -0.237157 0.963712 -0.08249376 -0.1565347 0.9842214 -0.04173369 -0.07455145 0.9963435 -0.2884573 -0.7389686 0.608866 -0.2671767 -0.6833967 0.6794009 -0.2436295 -0.6220147 0.7441387 -0.2180066 -0.5553252 0.8025504 -0.1905201 -0.4838802 0.8541441 -0.1614071 -0.4083198 0.8984557 -0.1309167 -0.3292828 0.9351116 -0.09931227 -0.2474136 0.9638068 -0.06685338 -0.1634401 0.9842855 -0.03381682 -0.07804409 0.9963762 -0.2327707 -0.8132097 0.5333927 -0.2185156 -0.7624061 0.6090877 -0.2023999 -0.7051064 0.6796022 -0.1845664 -0.6418132 0.7443192 -0.1651614 -0.5730411 0.8027114 -0.1443377 -0.4993588 0.8542877 -0.1222776 -0.421431 0.8985789 -0.09918494 -0.3399188 0.9352099 -0.07523522 -0.2554828 0.9638818 -0.05064742 -0.168871 0.984336 -0.02561984 -0.08079231 0.9964016 -0.1645305 -0.8760107 0.4533596 -0.1562993 -0.8311957 0.533558 -0.14673 -0.7792907 0.6092424 -0.1359113 -0.7207447 0.6797464 -0.1239398 -0.656072 0.7444518 -0.1108944 -0.5858021 0.8028314 -0.09690753 -0.5105142 0.8543911 -0.08209845 -0.4308812 0.8986664 -0.06659899 -0.347584 0.9352807 -0.05051683 -0.2612955 0.963936 -0.03400828 -0.1727855 0.9843722 -0.01719914 -0.08277264 0.99642 -0.08605225 -0.9252765 0.3694028 -0.08262952 -0.8874405 0.4534554 -0.07848612 -0.8420487 0.5336608 -0.07367163 -0.78948 0.6093388 -0.06824788 -0.7301886 0.6798286 -0.0622408 -0.6646789 0.7445321 -0.05567735 -0.5934969 0.8029081 -0.04865831 -0.5172435 0.8544539 -0.04122896 -0.4365833 0.8987186 -0.03345301 -0.3522098 0.935323 -0.02536791 -0.2648024 0.963969 -0.01707481 -0.1751463 0.9843943 -0.0086353 -0.08396564 0.9964312 -1.928203e-06 -0.9593485 0.2822241 -7.70019e-07 -0.9292566 0.3694349 3.679513e-06 -0.8912579 0.4534968 3.675335e-06 -0.8456738 0.5337002 -4.063693e-08 -0.7928875 0.609368 1.307399e-07 -0.7333461 0.6798556 2.659492e-06 -0.667552 0.7445631 -3.323762e-07 -0.5960725 0.8029306 -2.402829e-06 -0.5194961 0.8544728 -7.296501e-07 -0.4384924 0.8987349 1.06999e-06 -0.3537565 0.9353376 2.161509e-06 -0.2659739 0.9639802 6.943782e-07 -0.1759361 0.9844016 1.465159e-08 -0.08436598 0.9964348 0.09070185 -0.97708 0.192582 0.08875599 -0.9552438 0.2821909 0.08605398 -0.9252773 0.3694004 0.08262317 -0.8874392 0.453459 0.07848254 -0.8420492 0.5336606 0.07367403 -0.7894817 0.6093363 0.06824629 -0.7301889 0.6798284 0.06223829 -0.6646747 0.7445361 0.05568361 -0.5935007 0.8029049 0.04866486 -0.5172427 0.8544541 0.04123082 -0.4365837 0.8987184 0.03345207 -0.3522067 0.9353242 0.02536757 -0.2648037 0.9639686 0.01707605 -0.1751464 0.9843943 0.008637987 -0.08396631 0.9964312 0.182964 -0.9778943 0.1012272 0.1806236 -0.9645378 0.1924631 0.1767458 -0.9429721 0.2820719 0.1713644 -0.913377 0.3692922 0.1645331 -0.8760107 0.4533587 0.156298 -0.8311953 0.5335592 0.146727 -0.779291 0.6092427 0.1359132 -0.7207446 0.6797461 0.1239413 -0.6560674 0.7444556 0.1108906 -0.5858064 0.8028289 0.09690708 -0.5105138 0.8543914 0.08209894 -0.4308823 0.8986658 0.06660007 -0.347582 0.9352813 0.05051718 -0.2612959 0.9639359 0.03400771 -0.1727854 0.9843722 0.01720158 -0.08277197 0.99642 0.2736613 -0.9617847 0.008927971 0.2725023 -0.9568357 0.101034 0.2690145 -0.94375 0.1922686 0.2632448 -0.922628 0.281886 0.2552395 -0.893649 0.3691129 0.2450482 -0.8570762 0.4531797 0.2327784 -0.8132063 0.5333945 0.2185213 -0.7624041 0.6090882 0.202402 -0.7051066 0.6796014 0.1845589 -0.6418174 0.7443175 0.1651556 -0.5730412 0.8027125 0.1443367 -0.4993567 0.8542891 0.1222789 -0.4214316 0.8985785 0.09918435 -0.3399184 0.9352101 0.07523496 -0.2554833 0.9638817 0.05064782 -0.1688707 0.9843361 0.02561959 -0.08079259 0.9964016 0.3597155 -0.9293167 -0.08351821 0.3612473 -0.9324299 0.008656709 0.3597131 -0.9276065 0.1007605 0.3551174 -0.9148923 0.1919994 0.3475013 -0.8943861 0.2816316 0.3369226 -0.8662727 0.3688561 0.3234672 -0.8307977 0.4529284 0.3072665 -0.7882442 0.5331589 0.2884481 -0.7389715 0.6088668 0.2671767 -0.6833999 0.6793976 0.2436363 -0.6220131 0.7441378 0.2180131 -0.5553218 0.802551 0.19052 -0.4838789 0.8541448 0.1614036 -0.4083205 0.898456 0.1309174 -0.3292837 0.9351112 0.09931143 -0.2474127 0.9638071 0.06685343 -0.1634405 0.9842854 0.03381712 -0.07804421 0.9963762 0.4381767 -0.8816252 -0.1753229 0.4438393 -0.8921727 -0.08387251 0.4457423 -0.8951227 0.008314563 0.4438431 -0.8904603 0.1004177 0.4381779 -0.8782163 0.1916671 0.4287729 -0.8585035 0.2812926 0.4157148 -0.8314887 0.3685211 0.3991227 -0.7973965 0.4526145 0.3791384 -0.7565103 0.532866 0.3559334 -0.7091696 0.6085966 0.3296901 -0.6557951 0.6791445 0.3006321 -0.5968499 0.7439022 0.2690063 -0.5328109 0.8023392 0.2350889 -0.4642004 0.8539621 0.1991701 -0.3916459 0.8983011 0.1615409 -0.3157654 0.9349849 0.1225386 -0.2371563 0.9637122 0.08249324 -0.1565349 0.9842214 0.04172483 -0.07455369 0.9963437 0.5063854 -0.820353 -0.2656969 0.5174855 -0.8374511 -0.1757396 0.5241869 -0.8474224 -0.08428167 0.5264323 -0.8501804 0.007896932 0.5241869 -0.8457116 0.1000001 0.5174863 -0.8340434 0.1912577 0.5063849 -0.8152763 0.2808894 0.4909685 -0.7895769 0.3681279 0.4713786 -0.7571515 0.4522432 0.4477827 -0.7182701 0.5325211 0.4203688 -0.6732759 0.6082677 0.3893576 -0.6225679 0.6788297 0.3550456 -0.5665439 0.74362 0.3177046 -0.5056844 0.8020892 0.2776403 -0.4404979 0.8537432 0.235223 -0.3715656 0.8981142 0.190791 -0.2994769 0.9348328 0.1447241 -0.2247991 0.9635976 0.09742455 -0.1482185 0.9841442 0.04928287 -0.07034577 0.9963045 0.5620425 -0.7475927 -0.3538551 0.5796916 -0.7701403 -0.266161 0.5923974 -0.7861378 -0.176218 0.6000699 -0.7954446 -0.08475824 0.6026306 -0.7979859 0.007408504 0.6000676 -0.7937351 0.09951596 0.5923974 -0.7827309 0.1907817 0.5796902 -0.7650638 0.2804223 0.5620425 -0.7408942 0.3676737 0.5396184 -0.7104019 0.4518197 0.5126009 -0.6738662 0.5321134 0.4812033 -0.6316171 0.6078678 0.4457173 -0.5839618 0.6784723 0.4064404 -0.5313369 0.7432949 0.363689 -0.4741891 0.8017949 0.3178274 -0.4129694 0.8534881 0.2692659 -0.3482474 0.8978973 0.2184112 -0.2805547 0.934658 0.1656719 -0.2104504 0.9634643 0.1115285 -0.1385594 0.9840542 0.05641745 -0.06545544 0.9962593 0.6032501 -0.6658314 -0.439042 0.6283239 -0.6925562 -0.3543657 0.6480498 -0.7133782 -0.2666889 0.6622588 -0.7281281 -0.176756 0.6708273 -0.7366905 -0.08531081 0.673691 -0.7389813 0.00686111 0.6708272 -0.7349797 0.09897321 0.662258 -0.7247205 0.1902486 0.6480503 -0.7083018 0.2798917 0.6283236 -0.6858568 0.3671647 0.6032504 -0.6575618 0.451333 0.5730401 -0.6236891 0.5316361 0.5379517 -0.5844942 0.6074327 0.4982836 -0.5403068 0.6780723 0.4543666 -0.4915478 0.7429211 0.4065777 -0.4385722 0.8014668 0.3553076 -0.381846 0.8532 0.3010175 -0.3218841 0.897652 0.2441636 -0.2591716 0.9344593 0.1852068 -0.1942309 0.9633134 0.124685 -0.1276321 0.9839531 0.06306716 -0.05993499 0.996208 0.628594 -0.5779013 -0.5204802 0.6617294 -0.607355 -0.4395841 0.6892394 -0.6316436 -0.3549303 0.7108728 -0.6505578 -0.267272 0.7264598 -0.6639289 -0.1773542 0.7358647 -0.6716555 -0.08591932 0.7390134 -0.6736617 0.006256762 0.7358679 -0.6699411 0.09837367 0.7264626 -0.6605175 0.1896545 0.7108718 -0.6454851 0.2793031 0.6892377 -0.6249421 0.3666044 0.6617304 -0.5990876 0.4507848 0.6285953 -0.5681363 0.5311207 0.5901064 -0.5323373 0.6069526 0.5465846 -0.4920168 0.6776169 0.4984164 -0.4474985 0.7425134 0.4459923 -0.3991594 0.8011009 0.3897499 -0.3474092 0.8528786 0.3302016 -0.292698 0.8973822 0.2678363 -0.2355006 0.9342394 0.2031646 -0.1762718 0.9631471 0.1367691 -0.1155465 0.9838411 0.06918592 -0.05381949 0.996151 0.6372218 -0.4867815 -0.5974882 0.6787893 -0.5174583 -0.5210393 0.7145669 -0.5437302 -0.4401723 0.7442713 -0.5653728 -0.3555472 0.7676315 -0.5822083 -0.2679091 0.7844627 -0.5940833 -0.1779977 0.7946225 -0.6009004 -0.08656735 0.798016 -0.6026103 0.005594808 0.79462 -0.5991921 0.09771287 0.7844605 -0.5906797 0.1889951 0.7676314 -0.5771332 0.2786742 0.7442699 -0.5586709 0.3659906 0.7145672 -0.5354658 0.450189 0.6787872 -0.5076925 0.5305622 0.6372225 -0.4756047 0.606422 0.5902323 -0.4394525 0.6771317 0.5382169 -0.3995705 0.7420688 0.481607 -0.3562712 0.8007031 0.4208773 -0.309922 0.8525319 0.3565687 -0.2609489 0.8970867 0.2892223 -0.2097469 0.9340004 0.2193855 -0.156738 0.9629658 0.1476829 -0.1024061 0.9837188 0.07470642 -0.04716433 0.9960896 0.6288412 -0.3955899 -0.6693784 0.6789075 -0.4259311 -0.598053 0.7231909 -0.4526406 -0.521643 0.7613082 -0.4754994 -0.4408062 0.7929531 -0.4943084 -0.3562088 0.8178447 -0.5089089 -0.2685924 0.8357758 -0.5191791 -0.178695 0.8465985 -0.5250277 -0.08727441 0.8502111 -0.5264193 0.004884641 0.8465982 -0.5233165 0.0970124 0.835778 -0.5157687 0.1883024 0.8178454 -0.5038309 0.2779987 0.7929524 -0.4876083 0.3653282 0.7613092 -0.4672322 0.449558 0.7231892 -0.4428763 0.5299603 0.6789075 -0.4147512 0.6058597 0.628842 -0.383091 0.6766084 0.5734242 -0.3481772 0.7415911 0.5131101 -0.310281 0.8002773 0.4484064 -0.2697395 0.8521574 0.3798923 -0.2269026 0.8967703 0.3081406 -0.1821319 0.9337437 0.2337366 -0.1357911 0.962771 0.1573508 -0.08829713 0.9835875 0.07959347 -0.04003511 0.9960231 0.6037369 -0.3074655 -0.7355044 0.6620809 -0.3359142 -0.6699332 0.7147984 -0.3614987 -0.5986501 0.7614165 -0.38401 -0.5222846 0.8015562 -0.4032449 -0.4414761 0.8348745 -0.4190486 -0.3569073 0.8610871 -0.431279 -0.2693092 0.8799668 -0.4398454 -0.1794281 0.8913568 -0.4446733 -0.08802706 0.8951663 -0.445713 0.004139001 0.8913581 -0.4429597 0.09626771 0.8799649 -0.4364422 0.1875634 0.8610855 -0.4262041 0.2772758 0.8348754 -0.4123469 0.3646274 0.801557 -0.3949756 0.4488883 0.7614184 -0.3742438 0.5293237 0.7147957 -0.3503192 0.6052632 0.6620833 -0.323418 0.6760521 0.603736 -0.2937528 0.7410884 0.5402346 -0.261589 0.7998236 0.4721107 -0.2271849 0.851762 0.399975 -0.1908492 0.8964355 0.3244305 -0.1528865 0.9334723 0.2460929 -0.1136068 0.9625652 0.1656665 -0.07335844 0.9834496 0.0837981 -0.03248311 0.9959532 0.562751 -0.2254044 -0.7953013 0.6288979 -0.2504806 -0.7360346 0.6896774 -0.2734194 -0.6705124 0.7445871 -0.294032 -0.599279 0.7931538 -0.312139 -0.5229496 0.8349666 -0.3275851 -0.4421751 0.8696764 -0.3402389 -0.3576318 0.8969739 -0.350004 -0.2700647 0.9166379 -0.3567925 -0.1802055 0.9285077 -0.3605372 -0.08880474 0.9324764 -0.3612152 0.003356047 0.9285078 -0.3588266 0.09548167 0.9166403 -0.3533793 0.1867984 0.8969732 -0.3449296 0.2765188 0.8696735 -0.3335416 0.3638928 0.8349672 -0.3193186 0.4481801 0.7931533 -0.3023757 0.5286556 0.7445866 -0.2828523 0.6046366 0.689678 -0.2609215 0.6754733 0.6288979 -0.2367699 0.7405589 0.5627508 -0.2105969 0.79935 0.4917879 -0.1826233 0.851348 0.4166453 -0.1530958 0.896085 0.3379524 -0.1222644 0.9331879 0.2563493 -0.09037894 0.9623496 0.1725703 -0.0577323 0.9833038 0.08729729 -0.02456911 0.9958793 0.5072818 -0.1522166 -0.8482307 0.5804657 -0.1725532 -0.795792 0.6486951 -0.1914164 -0.7365829 0.7113871 -0.2086479 -0.6711143 0.7680265 -0.2241016 -0.5999282 0.8181216 -0.237648 -0.5236415 0.861252 -0.2491681 -0.4428999 0.8970483 -0.2585709 -0.3583929 0.9252052 -0.2657738 -0.2708499 0.9454943 -0.2707038 -0.1809973 0.9577323 -0.2733467 -0.08961301 0.961823 -0.2736605 0.00254046 0.9577312 -0.2716403 0.09467052 0.9454918 -0.2673023 0.1859965 0.9252062 -0.2606961 0.2757371 0.8970473 -0.2518699 0.363136 0.8612518 -0.2409026 0.4474498 0.8181216 -0.2278822 0.5279648 0.7680256 -0.2129223 0.6039874 0.7113884 -0.19615 0.6748716 0.6486947 -0.1777054 0.7400108 0.5804659 -0.1577464 0.7988588 0.507269 -0.1364356 0.8509192 0.429761 -0.1139663 0.8957216 0.3485907 -0.09052413 0.9328933 0.2644195 -0.06630219 0.962126 0.1780033 -0.04151988 0.9831536 0.09003502 -0.01637311 0.995804 0.09202364 -0.007964718 0.995725 0.09321455 0.0006126941 0.9956459 0.1842792 -0.007950114 0.9828418 0.1850687 0.00912463 0.9826832 0.2749144 0.008927285 0.9614273 0.2737416 0.03429227 0.9611917 0.3608801 0.04209198 0.9316619 0.3562552 0.075246 0.931354 0.43921 0.09040577 0.893824 0.4297606 0.1305796 0.893451 0.5072692 0.1522131 0.8482388 0.4917876 0.1984006 0.8478102 0.562751 0.2254044 0.7953013 0.5402348 0.2763953 0.7948283 0.6037369 0.3074655 0.7355044 0.5734248 0.3618858 0.7349984 0.6288418 0.3955903 0.6693775 0.5902342 0.4519519 0.668852 0.6372213 0.4867812 0.597489 0.5901076 0.5435186 0.5969595 0.6285935 0.577901 0.5204812 0.5730433 0.63345 0.519964 0.6032503 0.6658317 0.4390413 0.5396163 0.7186713 0.4385496 0.562042 0.747592 0.3538572 0.4909679 0.7962758 0.3534055 0.5063852 0.8203525 0.2656986 0.4287754 0.8635783 0.2653003 0.4381768 0.8816254 0.1753218 0.3551215 0.9182984 0.1749765 0.3597156 0.9293167 0.08351747 0.2725021 0.9585474 0.08324324 0.2736613 0.9617847 -0.008927971 0.1837413 0.9829323 -0.009125232 0.182964 0.9778942 -0.101228 0.09187089 0.9906006 -0.1013415 0.09070183 0.9770798 -0.1925832 -1.026259e-06 0.981274 -0.1926173 -1.928974e-06 0.959349 -0.2822223 -0.08874971 0.9552449 -0.2821892 -0.08605233 0.9252773 -0.3694006 -0.1713655 0.9133764 -0.3692931 -0.1645305 0.8760103 -0.4533604 -0.2450478 0.8570747 -0.4531826 -0.2327709 0.8132103 -0.5333917 -0.3072698 0.7882453 -0.5331553 -0.2884575 0.7389691 -0.6088653 -0.3559356 0.7091709 -0.6085938 -0.3296893 0.6557974 -0.6791426 -0.3893583 0.6225637 -0.6788333 -0.3550481 0.5665418 -0.7436204 -0.4064402 0.531338 -0.7432942 -0.36369 0.4741861 -0.8017962 -0.4065777 0.4385755 -0.801465 -0.3553117 0.3818608 -0.8531916 -0.3897619 0.3474141 -0.8528711 -0.3302068 0.2926973 -0.8973805 -0.3565673 0.2609506 -0.8970867 -0.2892119 0.2097381 -0.9340056 -0.3081355 0.1821127 -0.9337492 -0.233738 0.1357825 -0.9627719 -0.2460945 0.1136054 -0.962565 -0.1656621 0.07337387 -0.9834492 -0.1725725 0.0577302 -0.9833036 -0.08731403 0.02457459 -0.9958777 -0.09005049 0.0163793 -0.9958025 0.09202304 0.02645185 0.9954055 0.178003 0.05976999 0.9822131 0.09003432 0.03486337 0.9953283 0.25635 0.1082333 0.9605052 0.1725695 0.07598039 0.9820625 0.08729849 0.04305714 0.9952513 0.3244304 0.1701945 0.9304723 0.246092 0.1314622 0.9602898 0.1656666 0.09160962 0.9819176 0.08379766 0.05097129 0.9951783 0.3798925 0.2435157 0.8924023 0.3081406 0.1994389 0.9302008 0.233737 0.1536446 0.9600835 0.157352 0.1065453 0.9817782 0.0795931 0.05852411 0.995108 0.4208775 0.3257014 0.846629 0.3565683 0.2775616 0.8920867 0.2892219 0.2270549 0.9299445 0.219386 0.1745934 0.959889 0.147681 0.1206549 0.981648 0.07470707 0.06565383 0.9950419 0.4459943 0.413966 0.7935498 0.3897497 0.3631843 0.8462815 0.3302008 0.3093136 0.8917917 0.2678366 0.2528079 0.9297052 0.2031641 0.1941268 0.9597078 0.136769 0.1337964 0.9815257 0.06918674 0.07230758 0.9949798 0.4543665 0.5052549 0.7336679 0.4065757 0.4533818 0.7931842 0.3553065 0.3976253 0.8459618 0.30102 0.3384948 0.8915202 0.2441638 0.2764794 0.9294855 0.1852064 0.2120842 0.959541 0.124686 0.1458827 0.9814131 0.06306655 0.07842335 0.9949233 0.4457213 0.5964582 0.6675103 0.4064373 0.5450506 0.7332998 0.3636918 0.4889928 0.792852 0.3178297 0.4287467 0.8456717 0.2692619 0.3648619 0.8912765 0.2184112 0.2978639 0.9292866 0.1656718 0.2283047 0.9593903 0.111529 0.156808 0.9813116 0.05641733 0.08394476 0.994872 0.4203646 0.6844615 0.595656 0.3893562 0.6350624 0.6671563 0.3550484 0.5802543 0.7329704 0.3177013 0.5204937 0.7925605 0.2776368 0.4562753 0.8454175 0.2352271 0.3881801 0.891058 0.1907924 0.3167814 0.9291113 0.144724 0.2426546 0.9592569 0.0974238 0.1664677 0.9812222 0.04928362 0.08883422 0.9948264 0.3791393 0.7662724 0.5187293 0.3559342 0.7203504 0.5953203 0.329687 0.6682961 0.6668484 0.300633 0.6105609 0.7326904 0.2690089 0.5476141 0.7923087 0.2350913 0.4799776 0.8451944 0.1991707 0.4082618 0.8908722 0.1615377 0.3330707 0.9289615 0.1225387 0.2550116 0.959142 0.08249368 0.1747847 0.9811448 0.04172448 0.09304193 0.9947875 0.3234678 0.8390633 0.4374259 0.3072693 0.7980076 0.5184297 0.2884528 0.750148 0.5950403 0.2671799 0.6958966 0.6665905 0.243633 0.6357257 0.7324587 0.2180087 0.5701307 0.7921005 0.1905203 0.4996571 0.8450117 0.1614037 0.424933 0.8907192 0.1309167 0.3465904 0.9288358 0.09931227 0.2652682 0.9590463 0.06685338 0.1816895 0.9810808 0.03381691 0.09653296 0.9947551 0.2552412 0.900351 0.3524486 0.2450456 0.8653426 0.4371898 0.2327752 0.8229726 0.5182006 0.2185171 0.7735837 0.5948264 0.2024013 0.7176058 0.66639 0.1845625 0.6555244 0.7322735 0.1651576 0.5878484 0.7919326 0.1443356 0.5151364 0.8448678 0.1222776 0.4380443 0.8905983 0.09918494 0.3572264 0.9287366 0.07523522 0.2733374 0.9589715 0.05064742 0.1871204 0.9810305 0.02561988 0.09928112 0.9947296 0.1767502 0.948047 0.2645113 0.1713629 0.920076 0.3522711 0.1645291 0.8842794 0.4370128 0.1563 0.8409601 0.5180312 0.1467288 0.7904687 0.5946678 0.1359097 0.7332431 0.6662455 0.1239387 0.6697828 0.7321408 0.1108944 0.6006092 0.791815 0.09690957 0.5262916 0.8447637 0.08209875 0.4474941 0.8905104 0.06659899 0.3648916 0.928665 0.05051683 0.2791501 0.9589178 0.03400828 0.1910348 0.980994 0.01720136 0.1012605 0.9947112 0.09069893 0.9804881 0.1744041 0.08875029 0.9603197 0.2644041 0.08605308 0.9319764 0.3521573 0.08262982 0.895708 0.4368975 0.07848492 0.8518131 0.517933 0.07367245 0.8006588 0.5945737 0.0682487 0.7426866 0.6661522 0.06224162 0.6783897 0.7320611 0.0556783 0.6083043 0.7917485 0.04866125 0.5330211 0.8447015 0.04122932 0.453196 0.8904569 0.03345382 0.3695173 0.9286214 0.02536872 0.2826569 0.9588856 0.01707565 0.1933956 0.9809723 0.008638066 0.102455 0.9947001 -2.290456e-07 0.9965585 0.08289225 2.691817e-06 0.9846817 0.1743613 3.59498e-06 0.9644238 0.2643609 2.437761e-06 0.9359565 0.3521155 -2.011665e-06 0.8995254 0.4368685 -2.007725e-06 0.8554384 0.5179046 1.708448e-06 0.8040664 0.5945395 1.538386e-06 0.7458441 0.6661206 -9.904377e-07 0.681263 0.7320388 1.871998e-06 0.6108798 0.7917234 2.660814e-06 0.5352733 0.8446789 2.275813e-06 0.4551059 0.8904373 6.056756e-07 0.3710641 0.9286073 -4.865663e-07 0.2838286 0.958875 9.510408e-07 0.1941855 0.9809648 2.439519e-08 0.1028545 0.9946964 -0.09226653 0.9956914 -0.009244443 -0.09187093 0.9923118 0.08292834 -0.09070103 0.9804878 0.1744048 -0.08875527 0.9603192 0.2644041 -0.08605321 0.9319774 0.3521548 -0.08262233 0.8957067 0.4369017 -0.07848353 0.8518133 0.5179328 -0.07367379 0.8006609 0.5945706 -0.06824544 0.742687 0.6661521 -0.06223745 0.6783857 0.7320651 -0.05568312 0.6083072 0.791746 -0.0486622 0.5330205 0.8447018 -0.0412299 0.4531975 0.8904561 -0.03345122 0.3695145 0.9286227 -0.02536672 0.2826585 0.9588851 -0.01707529 0.1933957 0.9809722 -0.008635516 0.1024544 0.9947002 -0.1829646 0.9778944 -0.1012245 -0.1837422 0.9829321 -0.009128622 -0.1829645 0.9796054 0.08304922 -0.1806258 0.9679449 0.174519 -0.1767474 0.9480471 0.2645129 -0.1713666 0.9200766 0.3522677 -0.164536 0.8842767 0.4370155 -0.1562981 0.8409598 0.5180323 -0.146727 0.7904714 0.5946648 -0.1359143 0.7332423 0.6662455 -0.1239426 0.6697782 0.7321444 -0.1108904 0.6006132 0.7918125 -0.09690498 0.5262921 0.8447639 -0.08209894 0.4474957 0.8905096 -0.06660007 0.3648896 0.9286657 -0.05051718 0.2791506 0.9589176 -0.03400758 0.1910346 0.980994 -0.01719919 0.1012617 0.9947111 -0.2690103 0.9437499 -0.1922746 -0.2724993 0.9568371 -0.1010294 -0.2736587 0.9617854 -0.008933139 -0.2725006 0.9585474 0.08324835 -0.269013 0.9471578 0.1747113 -0.2632442 0.9277035 0.264705 -0.2552388 0.9003492 0.3524549 -0.2450492 0.8653426 0.4371877 -0.2327744 0.8229742 0.5181984 -0.2185201 0.7735836 0.5948255 -0.2024008 0.7176042 0.6663919 -0.184561 0.6555275 0.732271 -0.1651589 0.5878479 0.7919327 -0.1443391 0.5151338 0.8448689 -0.1222793 0.4380452 0.8905976 -0.09918435 0.357226 0.9287368 -0.07523496 0.2733379 0.9589714 -0.05064782 0.1871201 0.9810305 -0.02561955 0.09928097 0.9947296 -0.3474956 0.8943887 -0.2816304 -0.3551204 0.9148906 -0.1920016 -0.3597185 0.9276046 -0.1007585 -0.3612462 0.9324302 -0.008660892 -0.3597149 0.9293168 0.08351871 -0.3551177 0.9182996 0.1749778 -0.3475013 0.8994613 0.2649758 -0.3369219 0.8729722 0.3527084 -0.3234645 0.8390665 0.4374222 -0.3072643 0.7980125 0.5184252 -0.2884516 0.7501475 0.5950414 -0.2671766 0.6958967 0.6665917 -0.2436353 0.6357227 0.7324606 -0.2180116 0.5701305 0.7920999 -0.1905185 0.4996579 0.8450116 -0.1614055 0.4249333 0.8907188 -0.1309179 0.3465915 0.9288352 -0.09931143 0.2652673 0.9590467 -0.06685343 0.1816899 0.9810807 -0.03381703 0.09653252 0.9947552 -0.4157222 0.8314862 -0.3685183 -0.4287783 0.8585019 -0.2812892 -0.4381799 0.8782163 -0.1916626 -0.4438423 0.8904599 -0.1004252 -0.4457449 0.8951214 -0.008309682 -0.4438471 0.8921693 0.08386701 -0.4381799 0.8816234 0.1753241 -0.4287744 0.8635783 0.2653019 -0.4157175 0.8381869 0.3530179 -0.3991229 0.8056654 0.4377261 -0.3791419 0.7662722 0.5187276 -0.3559353 0.7203468 0.5953239 -0.3296899 0.6682944 0.6668487 -0.3006278 0.6105634 0.7326904 -0.2690059 0.5476189 0.7923064 -0.2350874 0.4799787 0.8451949 -0.1991688 0.4082592 0.8908739 -0.1615433 0.3330721 0.92896 -0.1225391 0.2550111 0.9591421 -0.08249324 0.1747843 0.9811449 -0.04173281 0.09303978 0.9947874 -0.4713853 0.7571473 -0.4522432 -0.4909707 0.7895754 -0.3681283 -0.5063847 0.815277 -0.2808878 -0.5174816 0.8340459 -0.1912599 -0.5241801 0.8457153 -0.1000041 -0.5264298 0.850182 -0.0078898 -0.5241803 0.8474269 0.08427673 -0.5174811 0.8374546 0.1757359 -0.5063839 0.820351 0.2657058 -0.4909709 0.796275 0.3534031 -0.4713818 0.7654188 0.4381018 -0.4477872 0.7280315 0.5190921 -0.4203693 0.6844564 0.5956586 -0.3893603 0.6350648 0.6671516 -0.3550473 0.5802525 0.7329723 -0.3177073 0.5204901 0.7925605 -0.2776441 0.4562739 0.8454158 -0.2352204 0.3881812 0.8910593 -0.1907941 0.3167805 0.9291112 -0.1447251 0.2426548 0.9592566 -0.09742453 0.1664671 0.9812223 -0.04927919 0.08882951 0.9948271 -0.5125961 0.6738758 -0.5321058 -0.5396107 0.7104076 -0.4518201 -0.5620395 0.7408951 -0.3676766 -0.5796849 0.7650669 -0.2804248 -0.5923936 0.782732 -0.190789 -0.6000677 0.7937355 -0.09951255 -0.6026301 0.7979863 -0.007409575 -0.6000649 0.7954487 0.08475577 -0.5923967 0.7861381 0.1762189 -0.5796861 0.7701398 0.2661742 -0.5620396 0.7475953 0.3538541 -0.539616 0.718672 0.4385489 -0.5125982 0.6836331 0.5195083 -0.4812005 0.6428002 0.5960318 -0.4457149 0.5964625 0.6675109 -0.4064401 0.5450461 0.7333015 -0.3636889 0.4889969 0.7928508 -0.3178294 0.4287469 0.8456717 -0.2692677 0.3648587 0.8912761 -0.2184131 0.2978594 0.9292876 -0.1656757 0.2283046 0.9593897 -0.1115282 0.1568086 0.9813116 -0.05641072 0.08395254 0.9948718 -0.5379487 0.5844971 -0.6074326 -0.5730386 0.6236901 -0.5316366 -0.6032539 0.6575644 -0.4513245 -0.6283209 0.6858578 -0.3671673 -0.6480458 0.7083043 -0.2798958 -0.6622647 0.7247159 -0.1902427 -0.6708339 0.7349738 -0.0989723 -0.6736944 0.7389782 -0.006863721 -0.6708327 0.7366861 0.08530574 -0.6622627 0.7281241 0.1767581 -0.6480472 0.713379 0.2666931 -0.6283191 0.6925602 0.3543663 -0.6032506 0.6658305 0.4390427 -0.5730371 0.6334588 0.51996 -0.5379496 0.5956757 0.5964735 -0.4982808 0.5528054 0.667924 -0.4543614 0.5052605 0.7336672 -0.4065763 0.4533798 0.793185 -0.3553059 0.3976282 0.8459607 -0.301017 0.3384937 0.8915216 -0.2441579 0.2764844 0.9294855 -0.1852096 0.2120835 0.9595405 -0.1246857 0.1458821 0.9814132 -0.0630668 0.07842317 0.9949233 -0.5465914 0.49201 -0.6776164 -0.5901104 0.5323377 -0.6069483 -0.6285979 0.5681358 -0.5311181 -0.6617321 0.5990869 -0.4507832 -0.6892356 0.6249431 -0.3666065 -0.7108798 0.6454764 -0.2793029 -0.7264654 0.6605164 -0.189647 -0.7358672 0.6699414 -0.09837677 -0.7390108 0.6736645 -0.006256803 -0.7358699 0.6716498 0.08591944 -0.726466 0.6639233 0.17735 -0.7108764 0.6505552 0.267269 -0.689239 0.631638 0.3549409 -0.6617337 0.6073524 0.4395812 -0.6285981 0.5779021 0.5204744 -0.5901086 0.5435142 0.5969624 -0.5465873 0.5045131 0.6683629 -0.4984125 0.4612128 0.7340761 -0.4459916 0.4139636 0.7935525 -0.389752 0.363187 0.8462793 -0.3302039 0.3093068 0.891793 -0.2678308 0.2528173 0.9297043 -0.2031603 0.1941296 0.9597081 -0.1367691 0.1337966 0.9815257 -0.06918549 0.07230767 0.9949799 -0.5382149 0.3995666 -0.7420723 -0.5902355 0.4394542 -0.6771279 -0.6372189 0.4756041 -0.6064262 -0.6787937 0.507693 -0.5305534 -0.7145681 0.5354624 -0.4501915 -0.7442703 0.5586739 -0.3659852 -0.7676298 0.5771366 -0.2786717 -0.7844569 0.5906832 -0.1889994 -0.7946231 0.5991879 -0.09771357 -0.7980156 0.6026108 -0.005599088 -0.7946229 0.600898 0.08657919 -0.7844599 0.5940898 0.1779889 -0.7676293 0.5822112 0.2679093 -0.7442651 0.565378 0.3555521 -0.7145662 0.5437361 0.4401661 -0.6787913 0.5174535 0.5210415 -0.6372228 0.4867839 0.5974852 -0.5902341 0.4519507 0.668853 -0.5382165 0.4132787 0.7345227 -0.4816075 0.3710721 0.793952 -0.4208799 0.3256973 0.8466294 -0.3565686 0.2775643 0.8920857 -0.2892223 0.2270587 0.9299435 -0.2193858 0.1745913 0.9598894 -0.147692 0.1206446 0.9816476 -0.07470708 0.06565254 0.995042 -0.513108 0.3102802 -0.8002789 -0.5734216 0.348173 -0.7415951 -0.6288465 0.3830874 -0.6766064 -0.6789119 0.4147474 -0.6058575 -0.7231991 0.4428705 -0.5299518 -0.7613004 0.4672364 -0.4495686 -0.7929473 0.4876138 -0.3653318 -0.8178404 0.5038398 -0.2779973 -0.8357773 0.5157739 -0.188291 -0.8465956 0.5233211 -0.09700961 -0.8502177 0.5264086 -0.004884613 -0.8465961 0.5250322 0.08727142 -0.8357742 0.5191869 0.1786797 -0.8178416 0.5089131 0.2685938 -0.7929496 0.4943068 0.3562186 -0.7613057 0.4755018 0.4408081 -0.7231922 0.4526383 0.5216431 -0.6789112 0.4259293 0.59805 -0.6288462 0.3955832 0.6693776 -0.573424 0.3618833 0.7350003 -0.513108 0.3250863 0.7943797 -0.4484093 0.2855182 0.8469997 -0.3798927 0.2435232 0.8924001 -0.3081463 0.1994255 0.9302018 -0.2337396 0.1536345 0.9600845 -0.1573488 0.1065446 0.9817788 -0.07959353 0.05852455 0.9951079 -0.4721287 0.2271867 -0.8517516 -0.5402299 0.2615864 -0.7998276 -0.6037426 0.2937467 -0.7410855 -0.6620836 0.323413 -0.6760542 -0.7148004 0.3503177 -0.6052585 -0.7614081 0.3742539 -0.5293314 -0.8015505 0.3949825 -0.4488938 -0.8348768 0.4123454 -0.3646257 -0.8610881 0.4262011 -0.2772724 -0.8799669 0.4364396 -0.1875602 -0.8913541 0.4429692 -0.09626098 -0.8951641 0.4457175 -0.004134593 -0.8913528 0.444685 0.08800884 -0.8799663 0.4398471 0.1794266 -0.8610868 0.4312761 0.2693148 -0.8348748 0.419047 0.3569085 -0.8015527 0.4032473 0.4414804 -0.7614146 0.3840127 0.5222855 -0.7147958 0.3614947 0.5986557 -0.6620864 0.3359147 0.6699275 -0.6037374 0.3074594 0.7355066 -0.5402331 0.2763945 0.7948297 -0.472116 0.2429561 0.8473953 -0.3999782 0.2074568 0.8927369 -0.3244291 0.1701896 0.9304737 -0.2460923 0.131462 0.9602897 -0.165664 0.09162391 0.9819168 -0.08379746 0.05097138 0.9951783 -0.4166507 0.1530937 -0.8960829 -0.4918016 0.1826284 -0.851339 -0.5627477 0.2105972 -0.7993521 -0.6288952 0.2367721 -0.7405604 -0.6896717 0.2609321 -0.6754757 -0.7445868 0.282853 -0.6046359 -0.7931473 0.3023798 -0.5286623 -0.8349689 0.3193166 -0.4481783 -0.8696753 0.3335405 -0.3638896 -0.8969739 0.3449287 -0.2765175 -0.9166379 0.3533846 -0.1867998 -0.9285066 0.3588301 -0.09548029 -0.932472 0.3612268 -0.00335628 -0.9285078 0.3605378 0.08880203 -0.9166403 0.3567871 0.1802042 -0.896973 0.3500052 0.2700664 -0.8696735 0.3402414 0.3576363 -0.8349666 0.3275862 0.4421743 -0.7931495 0.3121505 0.5229492 -0.7445824 0.2940274 0.599287 -0.6896782 0.2734282 0.670508 -0.628894 0.2504798 0.7360382 -0.5627475 0.2254058 0.7953034 -0.4917897 0.198402 0.8478087 -0.4166473 0.1697088 0.8930868 -0.3379499 0.1395804 0.9307562 -0.2563481 0.1082344 0.9605056 -0.1725727 0.07598116 0.9820619 -0.08729673 0.04305738 0.9952514 -0.2702305 0.04158821 -0.961897 -0.3485745 0.09052067 -0.9328997 -0.3562381 0.05794057 -0.9325971 -0.4297637 0.1139669 -0.8957202 -0.4392143 0.07378886 -0.8953469 -0.5072797 0.1364457 -0.8509112 -0.518432 0.08901714 -0.8504729 -0.5804565 0.1577597 -0.798863 -0.5932231 0.1034921 -0.7983582 -0.6486906 0.1777129 -0.7400126 -0.6629635 0.1170635 -0.7394427 -0.7113942 0.1961468 -0.6748665 -0.7270352 0.1296433 -0.6742495 -0.7680248 0.2129195 -0.6039894 -0.7849067 0.1411298 -0.6033273 -0.8181178 0.2278832 -0.5279701 -0.8361116 0.1513933 -0.5272547 -0.8612527 0.2409024 -0.4474481 -0.8801875 0.1603906 -0.4467044 -0.8970483 0.2518712 -0.3631326 -0.9167692 0.1680218 -0.3623575 -0.9252052 0.2606984 -0.2757385 -0.9455512 0.1742057 -0.2749279 -0.9454943 0.2672961 -0.1859929 -0.9662831 0.1789118 -0.185169 -0.9577363 0.2716229 -0.09466895 -0.978792 0.1821004 -0.09383879 -0.9618278 0.2736436 -0.002541535 -0.9829721 0.1837467 -0.001708931 -0.957736 0.2733346 0.08961014 -0.9787912 0.1838152 0.09044234 -0.9454938 0.270706 0.1809965 -0.9662828 0.1823208 0.1818149 -0.9252062 0.2657714 0.2708486 -0.9455501 0.179281 0.2716494 -0.897047 0.2585701 0.3583967 -0.9167703 0.1747204 0.3591727 -0.8612528 0.2491716 0.4428962 -0.8801878 0.1686617 0.443647 -0.8181184 0.2376447 0.5236481 -0.8361066 0.1611598 0.5243598 -0.7680234 0.2241003 0.5999326 -0.7849112 0.1523051 0.6005977 -0.7113925 0.208649 0.6711083 -0.7270333 0.1421398 0.6717283 -0.6486914 0.1914202 0.7365852 -0.6629616 0.1307775 0.7371425 -0.5804601 0.1725654 0.7957935 -0.5932273 0.1183025 0.7962951 -0.5072666 0.1522204 0.8482391 -0.5184172 0.1047915 0.8486827 -0.4297625 0.1305786 0.8934503 -0.4392126 0.09040157 0.8938232 -0.3485901 0.1078335 0.9310515 -0.3562556 0.07524953 0.9313536 -0.2644189 0.08415718 0.960729 -0.270231 0.05944263 0.9609588 -0.1780043 0.05977076 0.9822128 -0.1819208 0.04312823 0.9823669 -0.09003425 0.03486166 0.9953283 -0.09202312 0.02645286 0.9954054</float_array>
          <technique_common>
            <accessor count="2246" source="#normals-array-array" stride="3">
              <param type="float" name="X"/>
              <param type="float" name="Y"/>
              <param type="float" name="Z"/>
            </accessor>
          </technique_common>
        </source>
        <vertices id="verts-array-vertices">
          <input semantic="POSITION" source="#verts-array"/>
        </vertices>
        <triangles count="4488" material="material0">
          <input offset="0" semantic="VERTEX" source="#verts-array-vertices"/>
          <input offset="1" semantic="NORMAL" source="#normals-array"/>
          <p>0 0 1 1 2 2 3 3 4 4 2 2 5 5 6 6 7 7 8 8 9 9 10 10 11 11 12 12 13 13 10 10 9 9 14 14 15 15 14 14 9 9 13 13 12 12 14 14 16 16 14 14 12 12 14 14 17 17 18 18 16 16 12 12 19 19 11 11 19 19 12 12 19 19 11 11 20 20 21 21 14 14 16 16 15 15 9 9 22 22 8 8 22 22 9 9 22 22 8 8 23 23 24 24 14 14 15 15 25 25 26 26 27 27 21 21 16 16 28 28 19 19 28 28 16 16 28 28 19 19 29 29 20 20 29 29 19 19 29 29 20 20 30 30 31 31 14 14 21 21 24 24 15 15 32 32 22 22 32 32 15 15 32 32 22 22 33 33 23 23 33 33 22 22 33 33 23 23 34 34 35 35 14 14 24 24 27 27 36 36 37 37 31 31 21 21 38 38 28 28 38 38 21 21 38 38 28 28 39 39 29 29 39 39 28 28 39 39 29 29 40 40 30 30 40 40 29 29 40 40 30 30 41 41 42 42 14 14 31 31 35 35 24 24 43 43 32 32 43 43 24 24 43 43 32 32 44 44 33 33 44 44 32 32 44 44 33 33 45 45 34 34 45 45 33 33 45 45 34 34 46 46 47 47 14 14 35 35 37 37 48 48 49 49 42 42 31 31 50 50 38 38 50 50 31 31 50 50 38 38 51 51 39 39 51 51 38 38 51 51 39 39 52 52 40 40 52 52 39 39 52 52 40 40 53 53 41 41 53 53 40 40 53 53 41 41 54 54 55 55 14 14 42 42 56 56 57 57 58 58 47 47 35 35 59 59 43 43 59 59 35 35 59 59 43 43 60 60 44 44 60 60 43 43 60 60 44 44 61 61 45 45 61 61 44 44 61 61 45 45 62 62 46 46 62 62 45 45 62 62 46 46 63 63 64 64 14 14 47 47 49 49 65 65 66 66 55 55 42 42 67 67 50 50 67 67 42 42 67 67 50 50 68 68 51 51 68 68 50 50 68 68 51 51 69 69 52 52 69 69 51 51 69 69 52 52 70 70 53 53 70 70 52 52 70 70 53 53 71 71 54 54 71 71 53 53 71 71 54 54 72 72 73 73 14 14 55 55 58 58 74 74 75 75 64 64 47 47 76 76 59 59 76 76 47 47 76 76 59 59 77 77 60 60 77 77 59 59 77 77 60 60 78 78 61 61 78 78 60 60 78 78 61 61 79 79 62 62 79 79 61 61 79 79 62 62 80 80 63 63 80 80 62 62 80 80 63 63 81 81 82 82 14 14 64 64 66 66 83 83 84 84 73 73 55 55 85 85 67 67 85 85 55 55 85 85 67 67 86 86 68 68 86 86 67 67 86 86 68 68 87 87 69 69 87 87 68 68 87 87 69 69 88 88 70 70 88 88 69 69 88 88 70 70 89 89 71 71 89 89 70 70 89 89 71 71 90 90 72 72 90 90 71 71 90 90 72 72 91 91 92 92 14 14 73 73 75 75 93 93 94 94 82 82 64 64 95 95 76 76 95 95 64 64 95 95 76 76 96 96 77 77 96 96 76 76 96 96 77 77 97 97 78 78 97 97 77 77 97 97 78 78 98 98 79 79 98 98 78 78 98 98 79 79 99 99 80 80 99 99 79 79 99 99 80 80 100 100 81 81 100 100 80 80 100 100 81 81 101 101 102 102 14 14 82 82 84 84 103 103 104 104 92 92 73 73 105 105 85 85 105 105 73 73 105 105 85 85 106 106 86 86 106 106 85 85 106 106 86 86 107 107 87 87 107 107 86 86 107 107 87 87 108 108 88 88 108 108 87 87 108 108 88 88 109 109 89 89 109 109 88 88 109 109 89 89 110 110 90 90 110 110 89 89 110 110 90 90 111 111 91 91 111 111 90 90 111 111 91 91 112 112 113 113 14 14 92 92 94 94 114 114 115 115 102 102 82 82 116 116 95 95 116 116 82 82 116 116 95 95 117 117 96 96 117 117 95 95 117 117 96 96 118 118 97 97 118 118 96 96 118 118 97 97 119 119 98 98 119 119 97 97 119 119 98 98 120 120 99 99 120 120 98 98 120 120 99 99 121 121 100 100 121 121 99 99 121 121 100 100 122 122 101 101 122 122 100 100 122 122 101 101 123 123 124 124 14 14 102 102 104 104 125 125 126 126 113 113 92 92 127 127 105 105 127 127 92 92 127 127 105 105 128 128 106 106 128 128 105 105 128 128 106 106 129 129 107 107 129 129 106 106 129 129 107 107 130 130 108 108 130 130 107 107 130 130 108 108 131 131 109 109 131 131 108 108 131 131 109 109 132 132 110 110 132 132 109 109 132 132 110 110 133 133 111 111 133 133 110 110 133 133 111 111 134 134 112 112 134 134 111 111 134 134 112 112 135 135 136 136 14 14 113 113 115 115 137 137 138 138 124 124 102 102 139 139 116 116 139 139 102 102 139 139 116 116 140 140 117 117 140 140 116 116 140 140 117 117 141 141 118 118 141 141 117 117 141 141 118 118 142 142 119 119 142 142 118 118 142 142 119 119 143 143 120 120 143 143 119 119 143 143 120 120 144 144 121 121 144 144 120 120 144 144 121 121 145 145 122 122 145 145 121 121 145 145 122 122 146 146 123 123 146 146 122 122 146 146 123 123 147 147 148 148 14 14 124 124 126 126 149 149 150 150 136 136 113 113 151 151 127 127 151 151 113 113 151 151 127 127 152 152 128 128 152 152 127 127 152 152 128 128 153 153 129 129 153 153 128 128 153 153 129 129 154 154 130 130 154 154 129 129 154 154 130 130 155 155 131 131 155 155 130 130 155 155 131 131 156 156 132 132 156 156 131 131 156 156 132 132 157 157 133 133 157 157 132 132 157 157 133 133 158 158 134 134 158 158 133 133 158 158 134 134 159 159 135 135 159 159 134 134 159 159 135 135 160 160 161 161 14 14 136 136 138 138 162 162 163 163 148 148 124 124 164 164 139 139 164 164 124 124 164 164 139 139 165 165 140 140 165 165 139 139 165 165 140 140 166 166 141 141 166 166 140 140 166 166 141 141 167 167 142 142 167 167 141 141 167 167 142 142 168 168 143 143 168 168 142 142 168 168 143 143 169 169 144 144 169 169 143 143 169 169 144 144 170 170 145 145 170 170 144 144 170 170 145 145 171 171 146 146 171 171 145 145 171 171 146 146 172 172 147 147 172 172 146 146 172 172 147 147 173 173 174 174 14 14 148 148 150 150 175 175 176 176 161 161 136 136 177 177 151 151 177 177 136 136 177 177 151 151 178 178 152 152 178 178 151 151 178 178 152 152 179 179 153 153 179 179 152 152 179 179 153 153 180 180 154 154 180 180 153 153 180 180 154 154 181 181 155 155 181 181 154 154 181 181 155 155 182 182 156 156 182 182 155 155 182 182 156 156 183 183 157 157 183 183 156 156 183 183 157 157 184 184 158 158 184 184 157 157 184 184 158 158 185 185 159 159 185 185 158 158 185 185 159 159 186 186 160 160 186 186 159 159 186 186 160 160 187 187 188 188 14 14 161 161 163 163 189 189 190 190 174 174 148 148 191 191 164 164 191 191 148 148 191 191 164 164 192 192 165 165 192 192 164 164 192 192 165 165 193 193 166 166 193 193 165 165 193 193 166 166 194 194 167 167 194 194 166 166 194 194 167 167 195 195 168 168 195 195 167 167 195 195 168 168 196 196 169 169 196 196 168 168 196 196 169 169 197 197 170 170 197 197 169 169 197 197 170 170 198 198 171 171 198 198 170 170 198 198 171 171 199 199 172 172 199 199 171 171 199 199 172 172 200 200 173 173 200 200 172 172 200 200 173 173 201 201 202 202 14 14 174 174 176 176 203 203 204 204 188 188 161 161 205 205 177 177 205 205 161 161 205 205 177 177 206 206 178 178 206 206 177 177 206 206 178 178 207 207 179 179 207 207 178 178 207 207 179 179 208 208 180 180 208 208 179 179 208 208 180 180 209 209 181 181 209 209 180 180 209 209 181 181 210 210 182 182 210 210 181 181 210 210 182 182 211 211 183 183 211 211 182 182 211 211 183 183 212 212 184 184 212 212 183 183 212 212 184 184 213 213 185 185 213 213 184 184 213 213 185 185 214 214 186 186 214 214 185 185 214 214 186 186 215 215 187 187 215 215 186 186 215 215 187 187 216 216 217 217 14 14 188 188 190 190 218 218 219 219 202 202 174 174 220 220 191 191 220 220 174 174 220 220 191 191 221 221 192 192 221 221 191 191 221 221 192 192 222 222 193 193 222 222 192 192 222 222 193 193 223 223 194 194 223 223 193 193 223 223 194 194 224 224 195 195 224 224 194 194 224 224 195 195 225 225 196 196 225 225 195 195 225 225 196 196 226 226 197 197 226 226 196 196 226 226 197 197 227 227 198 198 227 227 197 197 227 227 198 198 228 228 199 199 228 228 198 198 228 228 199 199 229 229 200 200 229 229 199 199 229 229 200 200 230 230 201 201 230 230 200 200 230 230 201 201 231 231 232 232 14 14 202 202 204 204 233 233 234 234 217 217 188 188 235 235 205 205 235 235 188 188 235 235 205 205 236 236 206 206 236 236 205 205 236 236 206 206 237 237 207 207 237 237 206 206 237 237 207 207 238 238 208 208 238 238 207 207 238 238 208 208 239 239 209 209 239 239 208 208 239 239 209 209 240 240 210 210 240 240 209 209 240 240 210 210 241 241 211 211 241 241 210 210 241 241 211 211 242 242 212 212 242 242 211 211 242 242 212 212 243 243 213 213 243 243 212 212 243 243 213 213 244 244 214 214 244 244 213 213 244 244 214 214 245 245 215 215 245 245 214 214 245 245 215 215 246 246 216 216 246 246 215 215 246 246 216 216 247 247 248 248 14 14 217 217 219 219 249 249 250 250 232 232 202 202 251 251 220 220 251 251 202 202 251 251 220 220 252 252 221 221 252 252 220 220 252 252 221 221 253 253 222 222 253 253 221 221 253 253 222 222 254 254 223 223 254 254 222 222 254 254 223 223 255 255 224 224 255 255 223 223 255 255 224 224 256 256 225 225 256 256 224 224 256 256 225 225 257 257 226 226 257 257 225 225 257 257 226 226 258 258 227 227 258 258 226 226 258 258 227 227 259 259 228 228 259 259 227 227 259 259 228 228 260 260 229 229 260 260 228 228 260 260 229 229 261 261 230 230 261 261 229 229 261 261 230 230 262 262 231 231 262 262 230 230 262 262 231 231 263 263 264 264 14 14 232 232 234 234 265 265 266 266 248 248 217 217 267 267 235 235 267 267 217 217 267 267 235 235 268 268 236 236 268 268 235 235 268 268 236 236 269 269 237 237 269 269 236 236 269 269 237 237 270 270 238 238 270 270 237 237 270 270 238 238 271 271 239 239 271 271 238 238 271 271 239 239 272 272 240 240 272 272 239 239 272 272 240 240 273 273 241 241 273 273 240 240 273 273 241 241 274 274 242 242 274 274 241 241 274 274 242 242 275 275 243 243 275 275 242 242 275 275 243 243 276 276 244 244 276 276 243 243 276 276 244 244 277 277 245 245 277 277 244 244 277 277 245 245 278 278 246 246 278 278 245 245 278 278 246 246 279 279 247 247 279 279 246 246 279 279 247 247 280 280 281 281 14 14 248 248 250 250 282 282 283 283 264 264 232 232 284 284 251 251 284 284 232 232 284 284 251 251 285 285 252 252 285 285 251 251 285 285 252 252 286 286 253 253 286 286 252 252 286 286 253 253 287 287 254 254 287 287 253 253 287 287 254 254 288 288 255 255 288 288 254 254 288 288 255 255 289 289 256 256 289 289 255 255 289 289 256 256 290 290 257 257 290 290 256 256 290 290 257 257 291 291 258 258 291 291 257 257 291 291 258 258 292 292 259 259 292 292 258 258 292 292 259 259 293 293 260 260 293 293 259 259 293 293 260 260 294 294 261 261 294 294 260 260 294 294 261 261 295 295 262 262 295 295 261 261 295 295 262 262 296 296 263 263 296 296 262 262 296 296 263 263 297 297 298 298 14 14 264 264 266 266 299 299 300 300 281 281 248 248 301 301 267 267 301 301 248 248 301 301 267 267 302 302 268 268 302 302 267 267 302 302 268 268 303 303 269 269 303 303 268 268 303 303 269 269 304 304 270 270 304 304 269 269 304 304 270 270 305 305 271 271 305 305 270 270 305 305 271 271 306 306 272 272 306 306 271 271 306 306 272 272 307 307 273 273 307 307 272 272 307 307 273 273 308 308 274 274 308 308 273 273 308 308 274 274 309 309 275 275 309 309 274 274 309 309 275 275 310 310 276 276 310 310 275 275 310 310 276 276 311 311 277 277 311 311 276 276 311 311 277 277 312 312 278 278 312 312 277 277 312 312 278 278 313 313 279 279 313 313 278 278 313 313 279 279 314 314 280 280 314 314 279 279 314 314 280 280 315 315 316 316 14 14 281 281 283 283 317 317 318 318 298 298 264 264 319 319 284 284 319 319 264 264 319 319 284 284 320 320 285 285 320 320 284 284 320 320 285 285 321 321 286 286 321 321 285 285 321 321 286 286 322 322 287 287 322 322 286 286 322 322 287 287 323 323 288 288 323 323 287 287 323 323 288 288 324 324 289 289 324 324 288 288 324 324 289 289 325 325 290 290 325 325 289 289 325 325 290 290 326 326 291 291 326 326 290 290 326 326 291 291 327 327 292 292 327 327 291 291 327 327 292 292 328 328 293 293 328 328 292 292 328 328 293 293 329 329 294 294 329 329 293 293 329 329 294 294 330 330 295 295 330 330 294 294 330 330 295 295 331 331 296 296 331 331 295 295 331 331 296 296 332 332 297 297 332 332 296 296 332 332 297 297 333 333 334 334 14 14 298 298 300 300 335 335 336 336 316 316 281 281 337 337 301 301 337 337 281 281 337 337 301 301 338 338 302 302 338 338 301 301 338 338 302 302 339 339 303 303 339 339 302 302 339 339 303 303 340 340 304 304 340 340 303 303 340 340 304 304 341 341 305 305 341 341 304 304 341 341 305 305 342 342 306 306 342 342 305 305 342 342 306 306 343 343 307 307 343 343 306 306 343 343 307 307 344 344 308 308 344 344 307 307 344 344 308 308 345 345 309 309 345 345 308 308 345 345 309 309 346 346 310 310 346 346 309 309 346 346 310 310 347 347 311 311 347 347 310 310 347 347 311 311 348 348 312 312 348 348 311 311 348 348 312 312 349 349 313 313 349 349 312 312 349 349 313 313 350 350 314 314 350 350 313 313 350 350 314 314 351 351 315 315 351 351 314 314 351 351 315 315 352 352 353 353 14 14 316 316 318 318 354 354 355 355 334 334 298 298 356 356 319 319 356 356 298 298 356 356 319 319 357 357 320 320 357 357 319 319 357 357 320 320 358 358 321 321 358 358 320 320 358 358 321 321 359 359 322 322 359 359 321 321 359 359 322 322 360 360 323 323 360 360 322 322 360 360 323 323 361 361 324 324 361 361 323 323 361 361 324 324 362 362 325 325 362 362 324 324 362 362 325 325 363 363 326 326 363 363 325 325 363 363 326 326 364 364 327 327 364 364 326 326 364 364 327 327 365 365 328 328 365 365 327 327 365 365 328 328 366 366 329 329 366 366 328 328 366 366 329 329 367 367 330 330 367 367 329 329 367 367 330 330 368 368 331 331 368 368 330 330 368 368 331 331 369 369 332 332 369 369 331 331 369 369 332 332 370 370 333 333 370 370 332 332 370 370 333 333 371 371 372 372 14 14 334 334 336 336 373 373 374 374 353 353 316 316 375 375 337 337 375 375 316 316 375 375 337 337 376 376 338 338 376 376 337 337 376 376 338 338 377 377 339 339 377 377 338 338 377 377 339 339 378 378 340 340 378 378 339 339 378 378 340 340 379 379 341 341 379 379 340 340 379 379 341 341 380 380 342 342 380 380 341 341 380 380 342 342 381 381 343 343 381 381 342 342 381 381 343 343 382 382 344 344 382 382 343 343 382 382 344 344 383 383 345 345 383 383 344 344 383 383 345 345 384 384 346 346 384 384 345 345 384 384 346 346 385 385 347 347 385 385 346 346 385 385 347 347 386 386 348 348 386 386 347 347 386 386 348 348 387 387 349 349 387 387 348 348 387 387 349 349 388 388 350 350 388 388 349 349 388 388 350 350 389 389 351 351 389 389 350 350 389 389 351 351 390 390 352 352 390 390 351 351 390 390 352 352 391 391 392 392 14 14 353 353 355 355 393 393 394 394 372 372 334 334 395 395 356 356 395 395 334 334 395 395 356 356 396 396 357 357 396 396 356 356 396 396 357 357 397 397 358 358 397 397 357 357 397 397 358 358 398 398 359 359 398 398 358 358 398 398 359 359 399 399 360 360 399 399 359 359 399 399 360 360 400 400 361 361 400 400 360 360 400 400 361 361 401 401 362 362 401 401 361 361 401 401 362 362 402 402 363 363 402 402 362 362 402 402 363 363 403 403 364 364 403 403 363 363 403 403 364 364 404 404 365 365 404 404 364 364 404 404 365 365 405 405 366 366 405 405 365 365 405 405 366 366 406 406 367 367 406 406 366 366 406 406 367 367 407 407 368 368 407 407 367 367 407 407 368 368 408 408 369 369 408 408 368 368 408 408 369 369 409 409 370 370 409 409 369 369 409 409 370 370 410 410 371 371 410 410 370 370 410 410 371 371 411 411 412 412 14 14 372 372 374 374 413 413 414 414 392 392 353 353 415 415 375 375 415 415 353 353 415 415 375 375 416 416 376 376 416 416 375 375 416 416 376 376 417 417 377 377 417 417 376 376 417 417 377 377 418 418 378 378 418 418 377 377 418 418 378 378 419 419 379 379 419 419 378 378 419 419 379 379 420 420 380 380 420 420 379 379 420 420 380 380 421 421 381 381 421 421 380 380 421 421 381 381 422 422 382 382 422 422 381 381 422 422 382 382 423 423 383 383 423 423 382 382 423 423 383 383 424 424 384 384 424 424 383 383 424 424 384 384 425 425 385 385 425 425 384 384 425 425 385 385 426 426 386 386 426 426 385 385 426 426 386 386 427 427 387 387 427 427 386 386 427 427 387 387 428 428 388 388 428 428 387 387 428 428 388 388 429 429 389 389 429 429 388 388 429 429 389 389 430 430 390 390 430 430 389 389 430 430 390 390 431 431 391 391 431 431 390 390 431 431 391 391 432 432 433 433 14 14 392 392 394 394 434 434 435 435 412 412 372 372 436 436 395 395 436 436 372 372 436 436 395 395 437 437 396 396 437 437 395 395 437 437 396 396 438 438 397 397 438 438 396 396 438 438 397 397 439 439 398 398 439 439 397 397 439 439 398 398 440 440 399 399 440 440 398 398 440 440 399 399 441 441 400 400 441 441 399 399 441 441 400 400 442 442 401 401 442 442 400 400 442 442 401 401 443 443 402 402 443 443 401 401 443 443 402 402 444 444 403 403 444 444 402 402 444 444 403 403 445 445 404 404 445 445 403 403 445 445 404 404 446 446 405 405 446 446 404 404 446 446 405 405 447 447 406 406 447 447 405 405 447 447 406 406 448 448 407 407 448 448 406 406 448 448 407 407 449 449 408 408 449 449 407 407 449 449 408 408 450 450 409 409 450 450 408 408 450 450 409 409 451 451 410 410 451 451 409 409 451 451 410 410 452 452 411 411 452 452 410 410 452 452 411 411 453 453 454 454 14 14 412 412 414 414 455 455 456 456 433 433 392 392 457 457 415 415 457 457 392 392 457 457 415 415 458 458 416 416 458 458 415 415 458 458 416 416 459 459 417 417 459 459 416 416 459 459 417 417 460 460 418 418 460 460 417 417 460 460 418 418 461 461 419 419 461 461 418 418 461 461 419 419 462 462 420 420 462 462 419 419 462 462 420 420 463 463 421 421 463 463 420 420 463 463 421 421 464 464 422 422 464 464 421 421 464 464 422 422 465 465 423 423 465 465 422 422 465 465 423 423 466 466 424 424 466 466 423 423 466 466 424 424 467 467 425 425 467 467 424 424 467 467 425 425 468 468 426 426 468 468 425 425 468 468 426 426 469 469 427 427 469 469 426 426 469 469 427 427 470 470 428 428 470 470 427 427 470 470 428 428 471 471 429 429 471 471 428 428 471 471 429 429 472 472 430 430 472 472 429 429 472 472 430 430 473 473 431 431 473 473 430 430 473 473 431 431 474 474 432 432 474 474 431 431 474 474 432 432 475 475 476 476 14 14 433 433 435 435 477 477 478 478 454 454 412 412 479 479 436 436 479 479 412 412 479 479 436 436 480 480 437 437 480 480 436 436 480 480 437 437 481 481 438 438 481 481 437 437 481 481 438 438 482 482 439 439 482 482 438 438 482 482 439 439 483 483 440 440 483 483 439 439 483 483 440 440 484 484 441 441 484 484 440 440 484 484 441 441 485 485 442 442 485 485 441 441 485 485 442 442 486 486 443 443 486 486 442 442 486 486 443 443 487 487 444 444 487 487 443 443 487 487 444 444 488 488 445 445 488 488 444 444 488 488 445 445 489 489 446 446 489 489 445 445 489 489 446 446 490 490 447 447 490 490 446 446 490 490 447 447 491 491 448 448 491 491 447 447 491 491 448 448 492 492 449 449 492 492 448 448 492 492 449 449 493 493 450 450 493 493 449 449 493 493 450 450 494 494 451 451 494 494 450 450 494 494 451 451 495 495 452 452 495 495 451 451 495 495 452 452 496 496 453 453 496 496 452 452 496 496 453 453 497 497 498 498 14 14 454 454 456 456 499 499 500 500 476 476 433 433 501 501 457 457 501 501 433 433 501 501 457 457 502 502 458 458 502 502 457 457 502 502 458 458 503 503 459 459 503 503 458 458 503 503 459 459 504 504 460 460 504 504 459 459 504 504 460 460 505 505 461 461 505 505 460 460 505 505 461 461 506 506 462 462 506 506 461 461 506 506 462 462 507 507 463 463 507 507 462 462 507 507 463 463 508 508 464 464 508 508 463 463 508 508 464 464 509 509 465 465 509 509 464 464 509 509 465 465 510 510 466 466 510 510 465 465 510 510 466 466 511 511 467 467 511 511 466 466 511 511 467 467 512 512 468 468 512 512 467 467 512 512 468 468 513 513 469 469 513 513 468 468 513 513 469 469 514 514 470 470 514 514 469 469 514 514 470 470 515 515 471 471 515 515 470 470 515 515 471 471 516 516 472 472 516 516 471 471 516 516 472 472 517 517 473 473 517 517 472 472 517 517 473 473 518 518 474 474 518 518 473 473 518 518 474 474 519 519 475 475 519 519 474 474 519 519 475 475 520 520 521 521 14 14 476 476 478 478 522 522 523 523 498 498 454 454 524 524 479 479 524 524 454 454 524 524 479 479 525 525 480 480 525 525 479 479 525 525 480 480 526 526 481 481 526 526 480 480 526 526 481 481 527 527 482 482 527 527 481 481 527 527 482 482 528 528 483 483 528 528 482 482 528 528 483 483 529 529 484 484 529 529 483 483 529 529 484 484 530 530 485 485 530 530 484 484 530 530 485 485 531 531 486 486 531 531 485 485 531 531 486 486 532 532 487 487 532 532 486 486 532 532 487 487 533 533 488 488 533 533 487 487 533 533 488 488 534 534 489 489 534 534 488 488 534 534 489 489 535 535 490 490 535 535 489 489 535 535 490 490 536 536 491 491 536 536 490 490 536 536 491 491 537 537 492 492 537 537 491 491 537 537 492 492 538 538 493 493 538 538 492 492 538 538 493 493 539 539 494 494 539 539 493 493 539 539 494 494 540 540 495 495 540 540 494 494 540 540 495 495 541 541 496 496 541 541 495 495 541 541 496 496 542 542 497 497 542 542 496 496 542 542 497 497 543 543 544 544 14 14 498 498 500 500 545 545 546 546 521 521 476 476 547 547 501 501 547 547 476 476 547 547 501 501 548 548 502 502 548 548 501 501 548 548 502 502 549 549 503 503 549 549 502 502 549 549 503 503 550 550 504 504 550 550 503 503 550 550 504 504 551 551 505 505 551 551 504 504 551 551 505 505 552 552 506 506 552 552 505 505 552 552 506 506 553 553 507 507 553 553 506 506 553 553 507 507 554 554 508 508 554 554 507 507 554 554 508 508 555 555 509 509 555 555 508 508 555 555 509 509 556 556 510 510 556 556 509 509 556 556 510 510 557 557 511 511 557 557 510 510 557 557 511 511 558 558 512 512 558 558 511 511 558 558 512 512 559 559 513 513 559 559 512 512 559 559 513 513 560 560 514 514 560 560 513 513 560 560 514 514 561 561 515 515 561 561 514 514 561 561 515 515 562 562 516 516 562 562 515 515 562 562 516 516 563 563 517 517 563 563 516 516 563 563 517 517 564 564 518 518 564 564 517 517 564 564 518 518 565 565 519 519 565 565 518 518 565 565 519 519 566 566 520 520 566 566 519 519 566 566 520 520 567 567 568 568 14 14 521 521 523 523 569 569 570 570 544 544 498 498 571 571 524 524 571 571 498 498 571 571 524 524 572 572 525 525 572 572 524 524 572 572 525 525 573 573 526 526 573 573 525 525 573 573 526 526 574 574 527 527 574 574 526 526 574 574 527 527 575 575 528 528 575 575 527 527 575 575 528 528 576 576 529 529 576 576 528 528 576 576 529 529 577 577 530 530 577 577 529 529 577 577 530 530 578 578 531 531 578 578 530 530 578 578 531 531 579 579 532 532 579 579 531 531 579 579 532 532 580 580 533 533 580 580 532 532 580 580 533 533 581 581 534 534 581 581 533 533 581 581 534 534 582 582 535 535 582 582 534 534 582 582 535 535 583 583 536 536 583 583 535 535 583 583 536 536 584 584 537 537 584 584 536 536 584 584 537 537 585 585 538 538 585 585 537 537 585 585 538 538 586 586 539 539 586 586 538 538 586 586 539 539 587 587 540 540 587 587 539 539 587 587 540 540 588 588 541 541 588 588 540 540 588 588 541 541 589 589 542 542 589 589 541 541 589 589 542 542 590 590 543 543 590 590 542 542 590 590 543 543 591 591 592 592 14 14 544 544 546 546 593 593 594 594 568 568 521 521 595 595 547 547 595 595 521 521 595 595 547 547 596 596 548 548 596 596 547 547 596 596 548 548 597 597 549 549 597 597 548 548 597 597 549 549 598 598 550 550 598 598 549 549 598 598 550 550 599 599 551 551 599 599 550 550 599 599 551 551 600 600 552 552 600 600 551 551 600 600 552 552 601 601 553 553 601 601 552 552 601 601 553 553 602 602 554 554 602 602 553 553 602 602 554 554 603 603 555 555 603 603 554 554 603 603 555 555 604 604 556 556 604 604 555 555 604 604 556 556 605 605 557 557 605 605 556 556 605 605 557 557 606 606 558 558 606 606 557 557 606 606 558 558 607 607 559 559 607 607 558 558 607 607 559 559 608 608 560 560 608 608 559 559 608 608 560 560 609 609 561 561 609 609 560 560 609 609 561 561 610 610 562 562 610 610 561 561 610 610 562 562 611 611 563 563 611 611 562 562 611 611 563 563 612 612 564 564 612 612 563 563 612 612 564 564 613 613 565 565 613 613 564 564 613 613 565 565 614 614 566 566 614 614 565 565 614 614 566 566 615 615 567 567 615 615 566 566 615 615 567 567 616 616 617 617 14 14 568 568 570 570 618 618 619 619 592 592 544 544 620 620 571 571 620 620 544 544 620 620 571 571 621 621 572 572 621 621 571 571 621 621 572 572 622 622 573 573 622 622 572 572 622 622 573 573 623 623 574 574 623 623 573 573 623 623 574 574 624 624 575 575 624 624 574 574 624 624 575 575 625 625 576 576 625 625 575 575 625 625 576 576 626 626 577 577 626 626 576 576 626 626 577 577 627 627 578 578 627 627 577 577 627 627 578 578 628 628 579 579 628 628 578 578 628 628 579 579 629 629 580 580 629 629 579 579 629 629 580 580 630 630 581 581 630 630 580 580 630 630 581 581 631 631 582 582 631 631 581 581 631 631 582 582 632 632 583 583 632 632 582 582 632 632 583 583 633 633 584 584 633 633 583 583 633 633 584 584 634 634 585 585 634 634 584 584 634 634 585 585 635 635 586 586 635 635 585 585 635 635 586 586 636 636 587 587 636 636 586 586 636 636 587 587 637 637 588 588 637 637 587 587 637 637 588 588 638 638 589 589 638 638 588 588 638 638 589 589 639 639 590 590 639 639 589 589 639 639 590 590 640 640 591 591 640 640 590 590 640 640 591 591 641 641 642 642 14 14 592 592 594 594 643 643 644 644 617 617 568 568 645 645 595 595 645 645 568 568 645 645 595 595 646 646 596 596 646 646 595 595 646 646 596 596 647 647 597 597 647 647 596 596 647 647 597 597 648 648 598 598 648 648 597 597 648 648 598 598 649 649 599 599 649 649 598 598 649 649 599 599 650 650 600 600 650 650 599 599 650 650 600 600 651 651 601 601 651 651 600 600 651 651 601 601 652 652 602 602 652 652 601 601 652 652 602 602 653 653 603 603 653 653 602 602 653 653 603 603 654 654 604 604 654 654 603 603 654 654 604 604 655 655 605 605 655 655 604 604 655 655 605 605 656 656 606 606 656 656 605 605 656 656 606 606 657 657 607 607 657 657 606 606 657 657 607 607 658 658 608 608 658 658 607 607 658 658 608 608 659 659 609 609 659 659 608 608 659 659 609 609 660 660 610 610 660 660 609 609 660 660 610 610 661 661 611 611 661 661 610 610 661 661 611 611 662 662 612 612 662 662 611 611 662 662 612 612 663 663 613 613 663 663 612 612 663 663 613 613 664 664 614 614 664 664 613 613 664 664 614 614 665 665 615 615 665 665 614 614 665 665 615 615 666 666 616 616 666 666 615 615 666 666 616 616 667 667 668 668 14 14 617 617 619 619 669 669 670 670 642 642 592 592 671 671 620 620 671 671 592 592 671 671 620 620 672 672 621 621 672 672 620 620 672 672 621 621 673 673 622 622 673 673 621 621 673 673 622 622 674 674 623 623 674 674 622 622 674 674 623 623 675 675 624 624 675 675 623 623 675 675 624 624 676 676 625 625 676 676 624 624 676 676 625 625 677 677 626 626 677 677 625 625 677 677 626 626 678 678 627 627 678 678 626 626 678 678 627 627 679 679 628 628 679 679 627 627 679 679 628 628 680 680 629 629 680 680 628 628 680 680 629 629 681 681 630 630 681 681 629 629 681 681 630 630 682 682 631 631 682 682 630 630 682 682 631 631 683 683 632 632 683 683 631 631 683 683 632 632 684 684 633 633 684 684 632 632 684 684 633 633 685 685 634 634 685 685 633 633 685 685 634 634 686 686 635 635 686 686 634 634 686 686 635 635 687 687 636 636 687 687 635 635 687 687 636 636 688 688 637 637 688 688 636 636 688 688 637 637 689 689 638 638 689 689 637 637 689 689 638 638 690 690 639 639 690 690 638 638 690 690 639 639 691 691 640 640 691 691 639 639 691 691 640 640 692 692 641 641 692 692 640 640 692 692 641 641 693 693 694 694 14 14 642 642 644 644 695 695 696 696 668 668 617 617 697 697 645 645 697 697 617 617 697 697 645 645 698 698 646 646 698 698 645 645 698 698 646 646 699 699 647 647 699 699 646 646 699 699 647 647 700 700 648 648 700 700 647 647 700 700 648 648 701 701 649 649 701 701 648 648 701 701 649 649 702 702 650 650 702 702 649 649 702 702 650 650 703 703 651 651 703 703 650 650 703 703 651 651 704 704 652 652 704 704 651 651 704 704 652 652 705 705 653 653 705 705 652 652 705 705 653 653 706 706 654 654 706 706 653 653 706 706 654 654 707 707 655 655 707 707 654 654 707 707 655 655 708 708 656 656 708 708 655 655 708 708 656 656 709 709 657 657 709 709 656 656 709 709 657 657 710 710 658 658 710 710 657 657 710 710 658 658 711 711 659 659 711 711 658 658 711 711 659 659 712 712 660 660 712 712 659 659 712 712 660 660 713 713 661 661 713 713 660 660 713 713 661 661 714 714 662 662 714 714 661 661 714 714 662 662 715 715 663 663 715 715 662 662 715 715 663 663 716 716 664 664 716 716 663 663 716 716 664 664 717 717 665 665 717 717 664 664 717 717 665 665 718 718 666 666 718 718 665 665 718 718 666 666 719 719 667 667 719 719 666 666 719 719 667 667 720 720 721 721 14 14 668 668 670 670 722 722 723 723 694 694 642 642 724 724 671 671 724 724 642 642 724 724 671 671 725 725 672 672 725 725 671 671 725 725 672 672 726 726 673 673 726 726 672 672 726 726 673 673 727 727 674 674 727 727 673 673 727 727 674 674 728 728 675 675 728 728 674 674 728 728 675 675 729 729 676 676 729 729 675 675 729 729 676 676 730 730 677 677 730 730 676 676 730 730 677 677 731 731 678 678 731 731 677 677 731 731 678 678 732 732 679 679 732 732 678 678 732 732 679 679 733 733 680 680 733 733 679 679 733 733 680 680 734 734 681 681 734 734 680 680 734 734 681 681 735 735 682 682 735 735 681 681 735 735 682 682 736 736 683 683 736 736 682 682 736 736 683 683 737 737 684 684 737 737 683 683 737 737 684 684 738 738 685 685 738 738 684 684 738 738 685 685 739 739 686 686 739 739 685 685 739 739 686 686 740 740 687 687 740 740 686 686 740 740 687 687 741 741 688 688 741 741 687 687 741 741 688 688 742 742 689 689 742 742 688 688 742 742 689 689 743 743 690 690 743 743 689 689 743 743 690 690 744 744 691 691 744 744 690 690 744 744 691 691 745 745 692 692 745 745 691 691 745 745 692 692 746 746 693 693 746 746 692 692 746 746 693 693 747 747 748 748 14 14 694 694 696 696 749 749 750 750 721 721 668 668 751 751 697 697 751 751 668 668 751 751 697 697 752 752 698 698 752 752 697 697 752 752 698 698 753 753 699 699 753 753 698 698 753 753 699 699 754 754 700 700 754 754 699 699 754 754 700 700 755 755 701 701 755 755 700 700 755 755 701 701 756 756 702 702 756 756 701 701 756 756 702 702 757 757 703 703 757 757 702 702 757 757 703 703 758 758 704 704 758 758 703 703 758 758 704 704 759 759 705 705 759 759 704 704 759 759 705 705 760 760 706 706 760 760 705 705 760 760 706 706 761 761 707 707 761 761 706 706 761 761 707 707 762 762 708 708 762 762 707 707 762 762 708 708 763 763 709 709 763 763 708 708 763 763 709 709 764 764 710 710 764 764 709 709 764 764 710 710 765 765 711 711 765 765 710 710 765 765 711 711 766 766 712 712 766 766 711 711 766 766 712 712 767 767 713 713 767 767 712 712 767 767 713 713 768 768 714 714 768 768 713 713 768 768 714 714 769 769 715 715 769 769 714 714 769 769 715 715 770 770 716 716 770 770 715 715 770 770 716 716 771 771 717 717 771 771 716 716 771 771 717 717 772 772 718 718 772 772 717 717 772 772 718 718 773 773 719 719 773 773 718 718 773 773 719 719 774 774 720 720 774 774 719 719 774 774 720 720 775 775 723 723 776 776 777 777 748 748 694 694 778 778 724 724 778 778 694 694 778 778 724 724 779 779 725 725 779 779 724 724 779 779 725 725 780 780 726 726 780 780 725 725 780 780 726 726 781 781 727 727 781 781 726 726 781 781 727 727 782 782 728 728 782 782 727 727 782 782 728 728 783 783 729 729 783 783 728 728 783 783 729 729 784 784 730 730 784 784 729 729 784 784 730 730 785 785 731 731 785 785 730 730 785 785 731 731 786 786 732 732 786 786 731 731 786 786 732 732 787 787 733 733 787 787 732 732 787 787 733 733 788 788 734 734 788 788 733 733 788 788 734 734 789 789 735 735 789 789 734 734 789 789 735 735 790 790 736 736 790 790 735 735 790 790 736 736 791 791 737 737 791 791 736 736 791 791 737 737 792 792 738 738 792 792 737 737 792 792 738 738 793 793 739 739 793 793 738 738 793 793 739 739 794 794 740 740 794 794 739 739 794 794 740 740 795 795 741 741 795 795 740 740 795 795 741 741 796 796 742 742 796 796 741 741 796 796 742 742 797 797 743 743 797 797 742 742 797 797 743 743 798 798 744 744 798 798 743 743 798 798 744 744 799 799 745 745 799 799 744 744 799 799 745 745 800 800 746 746 800 800 745 745 800 800 746 746 801 801 747 747 801 801 746 746 801 801 747 747 802 802 803 803 14 14 748 748 750 750 804 804 805 805 777 777 806 806 807 807 803 803 748 748 808 808 778 778 808 808 748 748 808 808 778 778 809 809 779 779 809 809 778 778 809 809 779 779 810 810 780 780 810 810 779 779 810 810 780 780 811 811 781 781 811 811 780 780 811 811 781 781 812 812 782 782 812 812 781 781 812 812 782 782 813 813 783 783 813 813 782 782 813 813 783 783 814 814 784 784 814 814 783 783 814 814 784 784 815 815 785 785 815 815 784 784 815 815 785 785 816 816 786 786 816 816 785 785 816 816 786 786 817 817 787 787 817 817 786 786 817 817 787 787 818 818 788 788 818 818 787 787 818 818 788 788 819 819 789 789 819 819 788 788 819 819 789 789 820 820 790 790 820 820 789 789 820 820 790 790 821 821 791 791 821 821 790 790 821 821 791 791 822 822 792 792 822 822 791 791 822 822 792 792 823 823 793 793 823 823 792 792 823 823 793 793 824 824 794 794 824 824 793 793 824 824 794 794 825 825 795 795 825 825 794 794 825 825 795 795 826 826 796 796 826 826 795 795 826 826 796 796 827 827 797 797 827 827 796 796 827 827 797 797 828 828 798 798 828 828 797 797 828 828 798 798 829 829 799 799 829 829 798 798 829 829 799 799 830 830 800 800 830 830 799 799 830 830 800 800 831 831 801 801 831 831 800 800 831 831 801 801 832 832 802 802 832 832 801 801 832 832 802 802 833 833 834 834 14 14 803 803 805 805 835 835 836 836 807 807 837 837 838 838 834 834 803 803 839 839 808 808 839 839 803 803 839 839 808 808 840 840 809 809 840 840 808 808 840 840 809 809 841 841 810 810 841 841 809 809 841 841 810 810 842 842 811 811 842 842 810 810 842 842 811 811 843 843 812 812 843 843 811 811 843 843 812 812 844 844 813 813 844 844 812 812 844 844 813 813 845 845 814 814 845 845 813 813 845 845 814 814 846 846 815 815 846 846 814 814 846 846 815 815 847 847 816 816 847 847 815 815 847 847 816 816 848 848 817 817 848 848 816 816 848 848 817 817 849 849 818 818 849 849 817 817 849 849 818 818 850 850 819 819 850 850 818 818 850 850 819 819 851 851 820 820 851 851 819 819 851 851 820 820 852 852 821 821 852 852 820 820 852 852 821 821 853 853 822 822 853 853 821 821 853 853 822 822 854 854 823 823 854 854 822 822 854 854 823 823 855 855 824 824 855 855 823 823 855 855 824 824 856 856 825 825 856 856 824 824 856 856 825 825 857 857 826 826 857 857 825 825 857 857 826 826 858 858 827 827 858 858 826 826 858 858 827 827 859 859 828 828 859 859 827 827 859 859 828 828 860 860 829 829 860 860 828 828 860 860 829 829 861 861 830 830 861 861 829 829 861 861 830 830 862 862 831 831 862 862 830 830 862 862 831 831 863 863 832 832 863 863 831 831 863 863 832 832 864 864 833 833 864 864 832 832 864 864 833 833 865 865 866 866 14 14 834 834 836 836 867 867 868 868 869 869 5 5 870 870 7 7 870 870 5 5 870 870 7 7 871 871 872 872 871 871 7 7 871 871 872 872 873 873 874 874 873 873 872 872 873 873 874 874 875 875 876 876 875 875 874 874 875 875 876 876 877 877 878 878 877 877 876 876 877 877 878 878 879 879 880 880 879 879 878 878 879 879 880 880 881 881 882 882 881 881 880 880 881 881 882 882 883 883 884 884 883 883 882 882 883 883 884 884 885 885 886 886 885 885 884 884 885 885 886 886 887 887 888 888 887 887 886 886 887 887 888 888 889 889 890 890 889 889 888 888 889 889 890 890 891 891 892 892 891 891 890 890 891 891 892 892 893 893 894 894 893 893 892 892 893 893 894 894 895 895 896 896 895 895 894 894 895 895 896 896 897 897 898 898 897 897 896 896 897 897 898 898 899 899 900 900 899 899 898 898 899 899 900 900 901 901 902 902 901 901 900 900 901 901 902 902 903 903 904 904 903 903 902 902 903 903 904 904 905 905 906 906 905 905 904 904 905 905 906 906 907 907 908 908 907 907 906 906 907 907 908 908 909 909 910 910 909 909 908 908 909 909 910 910 911 911 912 912 911 911 910 910 911 911 912 912 913 913 914 914 913 913 912 912 913 913 914 914 915 915 916 916 915 915 914 914 915 915 916 916 917 917 918 918 917 917 916 916 917 917 918 918 919 919 920 920 919 919 918 918 919 919 920 920 921 921 922 922 921 921 920 920 921 921 922 922 923 923 838 838 924 924 925 925 866 866 834 834 926 926 839 839 926 926 834 834 926 926 839 839 927 927 840 840 927 927 839 839 927 927 840 840 928 928 841 841 928 928 840 840 928 928 841 841 929 929 842 842 929 929 841 841 929 929 842 842 930 930 843 843 930 930 842 842 930 930 843 843 931 931 844 844 931 931 843 843 931 931 844 844 932 932 845 845 932 932 844 844 932 932 845 845 933 933 846 846 933 933 845 845 933 933 846 846 934 934 847 847 934 934 846 846 934 934 847 847 935 935 848 848 935 935 847 847 935 935 848 848 936 936 849 849 936 936 848 848 936 936 849 849 937 937 850 850 937 937 849 849 937 937 850 850 938 938 851 851 938 938 850 850 938 938 851 851 939 939 852 852 939 939 851 851 939 939 852 852 940 940 853 853 940 940 852 852 940 940 853 853 941 941 854 854 941 941 853 853 941 941 854 854 942 942 855 855 942 942 854 854 942 942 855 855 943 943 856 856 943 943 855 855 943 943 856 856 944 944 857 857 944 944 856 856 944 944 857 857 945 945 858 858 945 945 857 857 945 945 858 858 946 946 859 859 946 946 858 858 946 946 859 859 947 947 860 860 947 947 859 859 947 947 860 860 948 948 861 861 948 948 860 860 948 948 861 861 949 949 862 862 949 949 861 861 949 949 862 862 950 950 863 863 950 950 862 862 950 950 863 863 951 951 864 864 951 951 863 863 951 951 864 864 952 952 865 865 952 952 864 864 952 952 865 865 953 953 954 954 14 14 866 866 868 868 955 955 956 956 18 18 17 17 957 957 958 958 957 957 17 17 957 957 958 958 959 959 960 960 959 959 958 958 959 959 960 960 961 961 962 962 961 961 960 960 961 961 962 962 963 963 964 964 963 963 962 962 963 963 964 964 965 965 966 966 965 965 964 964 965 965 966 966 967 967 968 968 967 967 966 966 967 967 968 968 969 969 970 970 969 969 968 968 969 969 970 970 971 971 972 972 971 971 970 970 971 971 972 972 973 973 974 974 973 973 972 972 973 973 974 974 975 975 976 976 975 975 974 974 975 975 976 976 977 977 978 978 977 977 976 976 977 977 978 978 979 979 980 980 979 979 978 978 979 979 980 980 981 981 982 982 981 981 980 980 981 981 982 982 983 983 984 984 983 983 982 982 983 983 984 984 985 985 986 986 985 985 984 984 985 985 986 986 987 987 988 988 987 987 986 986 987 987 988 988 989 989 990 990 989 989 988 988 989 989 990 990 991 991 992 992 991 991 990 990 991 991 992 992 993 993 994 994 993 993 992 992 993 993 994 994 995 995 996 996 995 995 994 994 995 995 996 996 997 997 998 998 997 997 996 996 997 997 998 998 999 999 1000 1000 999 999 998 998 999 999 1000 1000 1001 1001 1002 1002 1001 1001 1000 1000 1001 1001 1002 1002 1003 1003 1004 1004 1003 1003 1002 1002 1003 1003 1004 1004 1005 1005 1006 1006 1005 1005 1004 1004 1005 1005 1006 1006 1007 1007 6 6 1007 1007 1006 1006 1007 1007 6 6 1008 1008 5 5 1008 1008 6 6 1008 1008 5 5 1009 1009 869 869 1009 1009 5 5 1009 1009 869 869 1010 1010 1011 1011 14 14 18 18 925 925 1012 1012 1013 1013 954 954 866 866 1014 1014 926 926 1014 1014 866 866 1014 1014 926 926 1015 1015 927 927 1015 1015 926 926 1015 1015 927 927 1016 1016 928 928 1016 1016 927 927 1016 1016 928 928 1017 1017 929 929 1017 1017 928 928 1017 1017 929 929 1018 1018 930 930 1018 1018 929 929 1018 1018 930 930 1019 1019 931 931 1019 1019 930 930 1019 1019 931 931 1020 1020 932 932 1020 1020 931 931 1020 1020 932 932 1021 1021 933 933 1021 1021 932 932 1021 1021 933 933 1022 1022 934 934 1022 1022 933 933 1022 1022 934 934 1023 1023 935 935 1023 1023 934 934 1023 1023 935 935 1024 1024 936 936 1024 1024 935 935 1024 1024 936 936 1025 1025 937 937 1025 1025 936 936 1025 1025 937 937 1026 1026 938 938 1026 1026 937 937 1026 1026 938 938 1027 1027 939 939 1027 1027 938 938 1027 1027 939 939 1028 1028 940 940 1028 1028 939 939 1028 1028 940 940 1029 1029 941 941 1029 1029 940 940 1029 1029 941 941 1030 1030 942 942 1030 1030 941 941 1030 1030 942 942 1031 1031 943 943 1031 1031 942 942 1031 1031 943 943 1032 1032 944 944 1032 1032 943 943 1032 1032 944 944 1033 1033 945 945 1033 1033 944 944 1033 1033 945 945 1034 1034 946 946 1034 1034 945 945 1034 1034 946 946 1035 1035 947 947 1035 1035 946 946 1035 1035 947 947 1036 1036 948 948 1036 1036 947 947 1036 1036 948 948 1037 1037 949 949 1037 1037 948 948 1037 1037 949 949 1038 1038 950 950 1038 1038 949 949 1038 1038 950 950 1039 1039 951 951 1039 1039 950 950 1039 1039 951 951 1040 1040 952 952 1040 1040 951 951 1040 1040 952 952 1041 1041 953 953 1041 1041 952 952 1041 1041 953 953 1042 1042 1043 1043 14 14 954 954 956 956 1044 1044 1045 1045 1011 1011 18 18 1046 1046 957 957 1046 1046 18 18 1046 1046 957 957 1047 1047 959 959 1047 1047 957 957 1047 1047 959 959 1048 1048 961 961 1048 1048 959 959 1048 1048 961 961 1049 1049 963 963 1049 1049 961 961 1049 1049 963 963 1050 1050 965 965 1050 1050 963 963 1050 1050 965 965 1051 1051 967 967 1051 1051 965 965 1051 1051 967 967 1052 1052 969 969 1052 1052 967 967 1052 1052 969 969 1053 1053 971 971 1053 1053 969 969 1053 1053 971 971 1054 1054 973 973 1054 1054 971 971 1054 1054 973 973 1055 1055 975 975 1055 1055 973 973 1055 1055 975 975 1056 1056 977 977 1056 1056 975 975 1056 1056 977 977 1057 1057 979 979 1057 1057 977 977 1057 1057 979 979 1058 1058 981 981 1058 1058 979 979 1058 1058 981 981 1059 1059 983 983 1059 1059 981 981 1059 1059 983 983 1060 1060 985 985 1060 1060 983 983 1060 1060 985 985 1061 1061 987 987 1061 1061 985 985 1061 1061 987 987 1062 1062 989 989 1062 1062 987 987 1062 1062 989 989 1063 1063 991 991 1063 1063 989 989 1063 1063 991 991 1064 1064 993 993 1064 1064 991 991 1064 1064 993 993 1065 1065 995 995 1065 1065 993 993 1065 1065 995 995 1066 1066 997 997 1066 1066 995 995 1066 1066 997 997 1067 1067 999 999 1067 1067 997 997 1067 1067 999 999 1068 1068 1001 1001 1068 1068 999 999 1068 1068 1001 1001 1069 1069 1003 1003 1069 1069 1001 1001 1069 1069 1003 1003 1070 1070 1005 1005 1070 1070 1003 1003 1070 1070 1005 1005 1071 1071 1007 1007 1071 1071 1005 1005 1071 1071 1007 1007 1072 1072 1008 1008 1072 1072 1007 1007 1072 1072 1008 1008 1073 1073 1009 1009 1073 1073 1008 1008 1073 1073 1009 1009 1074 1074 1010 1010 1074 1074 1009 1009 1074 1074 1010 1010 1075 1075 1076 1076 14 14 1011 1011 1013 1013 1077 1077 1078 1078 1043 1043 954 954 1079 1079 1014 1014 1079 1079 954 954 1079 1079 1014 1014 1080 1080 1015 1015 1080 1080 1014 1014 1080 1080 1015 1015 1081 1081 1016 1016 1081 1081 1015 1015 1081 1081 1016 1016 1082 1082 1017 1017 1082 1082 1016 1016 1082 1082 1017 1017 1083 1083 1018 1018 1083 1083 1017 1017 1083 1083 1018 1018 1084 1084 1019 1019 1084 1084 1018 1018 1084 1084 1019 1019 1085 1085 1020 1020 1085 1085 1019 1019 1085 1085 1020 1020 1086 1086 1021 1021 1086 1086 1020 1020 1086 1086 1021 1021 1087 1087 1022 1022 1087 1087 1021 1021 1087 1087 1022 1022 1088 1088 1023 1023 1088 1088 1022 1022 1088 1088 1023 1023 1089 1089 1024 1024 1089 1089 1023 1023 1089 1089 1024 1024 1090 1090 1025 1025 1090 1090 1024 1024 1090 1090 1025 1025 1091 1091 1026 1026 1091 1091 1025 1025 1091 1091 1026 1026 1092 1092 1027 1027 1092 1092 1026 1026 1092 1092 1027 1027 1093 1093 1028 1028 1093 1093 1027 1027 1093 1093 1028 1028 1094 1094 1029 1029 1094 1094 1028 1028 1094 1094 1029 1029 1095 1095 1030 1030 1095 1095 1029 1029 1095 1095 1030 1030 1096 1096 1031 1031 1096 1096 1030 1030 1096 1096 1031 1031 1097 1097 1032 1032 1097 1097 1031 1031 1097 1097 1032 1032 1098 1098 1033 1033 1098 1098 1032 1032 1098 1098 1033 1033 1099 1099 1034 1034 1099 1099 1033 1033 1099 1099 1034 1034 1100 1100 1035 1035 1100 1100 1034 1034 1100 1100 1035 1035 1101 1101 1036 1036 1101 1101 1035 1035 1101 1101 1036 1036 1102 1102 1037 1037 1102 1102 1036 1036 1102 1102 1037 1037 1103 1103 1038 1038 1103 1103 1037 1037 1103 1103 1038 1038 1104 1104 1039 1039 1104 1104 1038 1038 1104 1104 1039 1039 1105 1105 1040 1040 1105 1105 1039 1039 1105 1105 1040 1040 1106 1106 1041 1041 1106 1106 1040 1040 1106 1106 1041 1041 1107 1107 1042 1042 1107 1107 1041 1041 1107 1107 1042 1042 1108 1108 1109 1109 14 14 1043 1043 1045 1045 1110 1110 1111 1111 1076 1076 1011 1011 1112 1112 1046 1046 1112 1112 1011 1011 1112 1112 1046 1046 1113 1113 1047 1047 1113 1113 1046 1046 1113 1113 1047 1047 1114 1114 1048 1048 1114 1114 1047 1047 1114 1114 1048 1048 1115 1115 1049 1049 1115 1115 1048 1048 1115 1115 1049 1049 1116 1116 1050 1050 1116 1116 1049 1049 1116 1116 1050 1050 1117 1117 1051 1051 1117 1117 1050 1050 1117 1117 1051 1051 1118 1118 1052 1052 1118 1118 1051 1051 1118 1118 1052 1052 1119 1119 1053 1053 1119 1119 1052 1052 1119 1119 1053 1053 1120 1120 1054 1054 1120 1120 1053 1053 1120 1120 1054 1054 1121 1121 1055 1055 1121 1121 1054 1054 1121 1121 1055 1055 1122 1122 1056 1056 1122 1122 1055 1055 1122 1122 1056 1056 1123 1123 1057 1057 1123 1123 1056 1056 1123 1123 1057 1057 1124 1124 1058 1058 1124 1124 1057 1057 1124 1124 1058 1058 1125 1125 1059 1059 1125 1125 1058 1058 1125 1125 1059 1059 1126 1126 1060 1060 1126 1126 1059 1059 1126 1126 1060 1060 1127 1127 1061 1061 1127 1127 1060 1060 1127 1127 1061 1061 1128 1128 1062 1062 1128 1128 1061 1061 1128 1128 1062 1062 1129 1129 1063 1063 1129 1129 1062 1062 1129 1129 1063 1063 1130 1130 1064 1064 1130 1130 1063 1063 1130 1130 1064 1064 1131 1131 1065 1065 1131 1131 1064 1064 1131 1131 1065 1065 1132 1132 1066 1066 1132 1132 1065 1065 1132 1132 1066 1066 1133 1133 1067 1067 1133 1133 1066 1066 1133 1133 1067 1067 1134 1134 1068 1068 1134 1134 1067 1067 1134 1134 1068 1068 1135 1135 1069 1069 1135 1135 1068 1068 1135 1135 1069 1069 1136 1136 1070 1070 1136 1136 1069 1069 1136 1136 1070 1070 1137 1137 1071 1071 1137 1137 1070 1070 1137 1137 1071 1071 1138 1138 1072 1072 1138 1138 1071 1071 1138 1138 1072 1072 1139 1139 1073 1073 1139 1139 1072 1072 1139 1139 1073 1073 1140 1140 1074 1074 1140 1140 1073 1073 1140 1140 1074 1074 1141 1141 1075 1075 1141 1141 1074 1074 1141 1141 1075 1075 1142 1142 1143 1143 14 14 1076 1076 1078 1078 1144 1144 1145 1145 1109 1109 1043 1043 1146 1146 1079 1079 1146 1146 1043 1043 1146 1146 1079 1079 1147 1147 1080 1080 1147 1147 1079 1079 1147 1147 1080 1080 1148 1148 1081 1081 1148 1148 1080 1080 1148 1148 1081 1081 1149 1149 1082 1082 1149 1149 1081 1081 1149 1149 1082 1082 1150 1150 1083 1083 1150 1150 1082 1082 1150 1150 1083 1083 1151 1151 1084 1084 1151 1151 1083 1083 1151 1151 1084 1084 1152 1152 1085 1085 1152 1152 1084 1084 1152 1152 1085 1085 1153 1153 1086 1086 1153 1153 1085 1085 1153 1153 1086 1086 1154 1154 1087 1087 1154 1154 1086 1086 1154 1154 1087 1087 1155 1155 1088 1088 1155 1155 1087 1087 1155 1155 1088 1088 1156 1156 1089 1089 1156 1156 1088 1088 1156 1156 1089 1089 1157 1157 1090 1090 1157 1157 1089 1089 1157 1157 1090 1090 1158 1158 1091 1091 1158 1158 1090 1090 1158 1158 1091 1091 1159 1159 1092 1092 1159 1159 1091 1091 1159 1159 1092 1092 1160 1160 1093 1093 1160 1160 1092 1092 1160 1160 1093 1093 1161 1161 1094 1094 1161 1161 1093 1093 1161 1161 1094 1094 1162 1162 1095 1095 1162 1162 1094 1094 1162 1162 1095 1095 1163 1163 1096 1096 1163 1163 1095 1095 1163 1163 1096 1096 1164 1164 1097 1097 1164 1164 1096 1096 1164 1164 1097 1097 1165 1165 1098 1098 1165 1165 1097 1097 1165 1165 1098 1098 1166 1166 1099 1099 1166 1166 1098 1098 1166 1166 1099 1099 1167 1167 1100 1100 1167 1167 1099 1099 1167 1167 1100 1100 1168 1168 1101 1101 1168 1168 1100 1100 1168 1168 1101 1101 1169 1169 1102 1102 1169 1169 1101 1101 1169 1169 1102 1102 1170 1170 1103 1103 1170 1170 1102 1102 1170 1170 1103 1103 1171 1171 1104 1104 1171 1171 1103 1103 1171 1171 1104 1104 1172 1172 1105 1105 1172 1172 1104 1104 1172 1172 1105 1105 1173 1173 1106 1106 1173 1173 1105 1105 1173 1173 1106 1106 1174 1174 1107 1107 1174 1174 1106 1106 1174 1174 1107 1107 1175 1175 1108 1108 1175 1175 1107 1107 1175 1175 1108 1108 1176 1176 923 923 14 14 1109 1109 1111 1111 1177 1177 1178 1178 1145 1145 1179 1179 1180 1180 1178 1178 1181 1181 1182 1182 1143 1143 1076 1076 1183 1183 1112 1112 1183 1183 1076 1076 1183 1183 1112 1112 1184 1184 1113 1113 1184 1184 1112 1112 1184 1184 1113 1113 1185 1185 1114 1114 1185 1185 1113 1113 1185 1185 1114 1114 1186 1186 1115 1115 1186 1186 1114 1114 1186 1186 1115 1115 1187 1187 1116 1116 1187 1187 1115 1115 1187 1187 1116 1116 1188 1188 1117 1117 1188 1188 1116 1116 1188 1188 1117 1117 1189 1189 1118 1118 1189 1189 1117 1117 1189 1189 1118 1118 1190 1190 1119 1119 1190 1190 1118 1118 1190 1190 1119 1119 1191 1191 1120 1120 1191 1191 1119 1119 1191 1191 1120 1120 1192 1192 1121 1121 1192 1192 1120 1120 1192 1192 1121 1121 1193 1193 1122 1122 1193 1193 1121 1121 1193 1193 1122 1122 1194 1194 1123 1123 1194 1194 1122 1122 1194 1194 1123 1123 1195 1195 1124 1124 1195 1195 1123 1123 1195 1195 1124 1124 1196 1196 1125 1125 1196 1196 1124 1124 1196 1196 1125 1125 1197 1197 1126 1126 1197 1197 1125 1125 1197 1197 1126 1126 1198 1198 1127 1127 1198 1198 1126 1126 1198 1198 1127 1127 1199 1199 1128 1128 1199 1199 1127 1127 1199 1199 1128 1128 1200 1200 1129 1129 1200 1200 1128 1128 1200 1200 1129 1129 1201 1201 1130 1130 1201 1201 1129 1129 1201 1201 1130 1130 1202 1202 1131 1131 1202 1202 1130 1130 1202 1202 1131 1131 1203 1203 1132 1132 1203 1203 1131 1131 1203 1203 1132 1132 1204 1204 1133 1133 1204 1204 1132 1132 1204 1204 1133 1133 1205 1205 1134 1134 1205 1205 1133 1133 1205 1205 1134 1134 1206 1206 1135 1135 1206 1206 1134 1134 1206 1206 1135 1135 1207 1207 1136 1136 1207 1207 1135 1135 1207 1207 1136 1136 1208 1208 1137 1137 1208 1208 1136 1136 1208 1208 1137 1137 1209 1209 1138 1138 1209 1209 1137 1137 1209 1209 1138 1138 1210 1210 1139 1139 1210 1210 1138 1138 1210 1210 1139 1139 1211 1211 1140 1140 1211 1211 1139 1139 1211 1211 1140 1140 1212 1212 1141 1141 1212 1212 1140 1140 1212 1212 1141 1141 1213 1213 1142 1142 1213 1213 1141 1141 1213 1213 1142 1142 1214 1214 25 25 14 14 1143 1143 1215 1215 1216 1216 1217 1217 1218 1218 1217 1217 1216 1216 1217 1217 1218 1218 1219 1219 1220 1220 1219 1219 1218 1218 1219 1219 1220 1220 1221 1221 1222 1222 1221 1221 1220 1220 1221 1221 1222 1222 1223 1223 1224 1224 1223 1223 1222 1222 1223 1223 1224 1224 1225 1225 1226 1226 1225 1225 1224 1224 1225 1225 1226 1226 1227 1227 1228 1228 1227 1227 1226 1226 1227 1227 1228 1228 1229 1229 1230 1230 1229 1229 1228 1228 1229 1229 1230 1230 1231 1231 1232 1232 1231 1231 1230 1230 1231 1231 1232 1232 1233 1233 1234 1234 1233 1233 1232 1232 1233 1233 1234 1234 1235 1235 1236 1236 1235 1235 1234 1234 1235 1235 1236 1236 1237 1237 1238 1238 1237 1237 1236 1236 1237 1237 1238 1238 1239 1239 1240 1240 1239 1239 1238 1238 1239 1239 1240 1240 1241 1241 1242 1242 1241 1241 1240 1240 1241 1241 1242 1242 1243 1243 1244 1244 1243 1243 1242 1242 1243 1243 1244 1244 1245 1245 1246 1246 1245 1245 1244 1244 1245 1245 1246 1246 1247 1247 1248 1248 1247 1247 1246 1246 1247 1247 1248 1248 1249 1249 1250 1250 1249 1249 1248 1248 1249 1249 1250 1250 1251 1251 1252 1252 1251 1251 1250 1250 1251 1251 1252 1252 1253 1253 1254 1254 1253 1253 1252 1252 1253 1253 1254 1254 1255 1255 1256 1256 1255 1255 1254 1254 1255 1255 1256 1256 1257 1257 1258 1258 1257 1257 1256 1256 1257 1257 1258 1258 1259 1259 1260 1260 1259 1259 1258 1258 1259 1259 1260 1260 1261 1261 1262 1262 1261 1261 1260 1260 1261 1261 1262 1262 1263 1263 1264 1264 1263 1263 1262 1262 1263 1263 1264 1264 1265 1265 1266 1266 1265 1265 1264 1264 1265 1265 1266 1266 1267 1267 1268 1268 1267 1267 1266 1266 1267 1267 1268 1268 1269 1269 1270 1270 1269 1269 1268 1268 1269 1269 1270 1270 1271 1271 1272 1272 1271 1271 1270 1270 1271 1271 1272 1272 1273 1273 1274 1274 1273 1273 1272 1272 1273 1273 1274 1274 1275 1275 1276 1276 1275 1275 1274 1274 1275 1275 1276 1276 1277 1277 4 4 3 3 1180 1180 1180 1180 1179 1179 4 4 1278 1278 4 4 1179 1179 4 4 1278 1278 2 2 1145 1145 1144 1144 1179 1179 1279 1279 1179 1179 1144 1144 1179 1179 1279 1279 1278 1278 1280 1280 1278 1278 1279 1279 1278 1278 1280 1280 2 2 1078 1078 1077 1077 1144 1144 1281 1281 1144 1144 1077 1077 1144 1144 1281 1281 1279 1279 1282 1282 1279 1279 1281 1281 1279 1279 1282 1282 1280 1280 1283 1283 1280 1280 1282 1282 1280 1280 1283 1283 2 2 1013 1013 1012 1012 1077 1077 1284 1284 1077 1077 1012 1012 1077 1077 1284 1284 1281 1281 1285 1285 1281 1281 1284 1284 1281 1281 1285 1285 1282 1282 1286 1286 1282 1282 1285 1285 1282 1282 1286 1286 1283 1283 1287 1287 1283 1283 1286 1286 1283 1283 1287 1287 2 2 925 925 924 924 1012 1012 1288 1288 1012 1012 924 924 1012 1012 1288 1288 1284 1284 1289 1289 1284 1284 1288 1288 1284 1284 1289 1289 1285 1285 1290 1290 1285 1285 1289 1289 1285 1285 1290 1290 1286 1286 1291 1291 1286 1286 1290 1290 1286 1286 1291 1291 1287 1287 1292 1292 1287 1287 1291 1291 1287 1287 1292 1292 2 2 838 838 837 837 924 924 1293 1293 924 924 837 837 924 924 1293 1293 1288 1288 1294 1294 1288 1288 1293 1293 1288 1288 1294 1294 1289 1289 1295 1295 1289 1289 1294 1294 1289 1289 1295 1295 1290 1290 1296 1296 1290 1290 1295 1295 1290 1290 1296 1296 1291 1291 1297 1297 1291 1291 1296 1296 1291 1291 1297 1297 1292 1292 1298 1298 1292 1292 1297 1297 1292 1292 1298 1298 2 2 807 807 806 806 837 837 1299 1299 837 837 806 806 837 837 1299 1299 1293 1293 1300 1300 1293 1293 1299 1299 1293 1293 1300 1300 1294 1294 1301 1301 1294 1294 1300 1300 1294 1294 1301 1301 1295 1295 1302 1302 1295 1295 1301 1301 1295 1295 1302 1302 1296 1296 1303 1303 1296 1296 1302 1302 1296 1296 1303 1303 1297 1297 1304 1304 1297 1297 1303 1303 1297 1297 1304 1304 1298 1298 1305 1305 1298 1298 1304 1304 1298 1298 1305 1305 2 2 777 777 776 776 806 806 1306 1306 806 806 776 776 806 806 1306 1306 1299 1299 1307 1307 1299 1299 1306 1306 1299 1299 1307 1307 1300 1300 1308 1308 1300 1300 1307 1307 1300 1300 1308 1308 1301 1301 1309 1309 1301 1301 1308 1308 1301 1301 1309 1309 1302 1302 1310 1310 1302 1302 1309 1309 1302 1302 1310 1310 1303 1303 1311 1311 1303 1303 1310 1310 1303 1303 1311 1311 1304 1304 1312 1312 1304 1304 1311 1311 1304 1304 1312 1312 1305 1305 1313 1313 1305 1305 1312 1312 1305 1305 1313 1313 2 2 723 723 722 722 776 776 1314 1314 776 776 722 722 776 776 1314 1314 1306 1306 1315 1315 1306 1306 1314 1314 1306 1306 1315 1315 1307 1307 1316 1316 1307 1307 1315 1315 1307 1307 1316 1316 1308 1308 1317 1317 1308 1308 1316 1316 1308 1308 1317 1317 1309 1309 1318 1318 1309 1309 1317 1317 1309 1309 1318 1318 1310 1310 1319 1319 1310 1310 1318 1318 1310 1310 1319 1319 1311 1311 1320 1320 1311 1311 1319 1319 1311 1311 1320 1320 1312 1312 1321 1321 1312 1312 1320 1320 1312 1312 1321 1321 1313 1313 1322 1322 1313 1313 1321 1321 1313 1313 1322 1322 2 2 670 670 669 669 722 722 1323 1323 722 722 669 669 722 722 1323 1323 1314 1314 1324 1324 1314 1314 1323 1323 1314 1314 1324 1324 1315 1315 1325 1325 1315 1315 1324 1324 1315 1315 1325 1325 1316 1316 1326 1326 1316 1316 1325 1325 1316 1316 1326 1326 1317 1317 1327 1327 1317 1317 1326 1326 1317 1317 1327 1327 1318 1318 1328 1328 1318 1318 1327 1327 1318 1318 1328 1328 1319 1319 1329 1329 1319 1319 1328 1328 1319 1319 1329 1329 1320 1320 1330 1330 1320 1320 1329 1329 1320 1320 1330 1330 1321 1321 1331 1331 1321 1321 1330 1330 1321 1321 1331 1331 1322 1322 1332 1332 1322 1322 1331 1331 1322 1322 1332 1332 2 2 619 619 618 618 669 669 1333 1333 669 669 618 618 669 669 1333 1333 1323 1323 1334 1334 1323 1323 1333 1333 1323 1323 1334 1334 1324 1324 1335 1335 1324 1324 1334 1334 1324 1324 1335 1335 1325 1325 1336 1336 1325 1325 1335 1335 1325 1325 1336 1336 1326 1326 1337 1337 1326 1326 1336 1336 1326 1326 1337 1337 1327 1327 1338 1338 1327 1327 1337 1337 1327 1327 1338 1338 1328 1328 1339 1339 1328 1328 1338 1338 1328 1328 1339 1339 1329 1329 1340 1340 1329 1329 1339 1339 1329 1329 1340 1340 1330 1330 1341 1341 1330 1330 1340 1340 1330 1330 1341 1341 1331 1331 1342 1342 1331 1331 1341 1341 1331 1331 1342 1342 1332 1332 1343 1343 1332 1332 1342 1342 1332 1332 1343 1343 2 2 570 570 569 569 618 618 1344 1344 618 618 569 569 618 618 1344 1344 1333 1333 1345 1345 1333 1333 1344 1344 1333 1333 1345 1345 1334 1334 1346 1346 1334 1334 1345 1345 1334 1334 1346 1346 1335 1335 1347 1347 1335 1335 1346 1346 1335 1335 1347 1347 1336 1336 1348 1348 1336 1336 1347 1347 1336 1336 1348 1348 1337 1337 1349 1349 1337 1337 1348 1348 1337 1337 1349 1349 1338 1338 1350 1350 1338 1338 1349 1349 1338 1338 1350 1350 1339 1339 1351 1351 1339 1339 1350 1350 1339 1339 1351 1351 1340 1340 1352 1352 1340 1340 1351 1351 1340 1340 1352 1352 1341 1341 1353 1353 1341 1341 1352 1352 1341 1341 1353 1353 1342 1342 1354 1354 1342 1342 1353 1353 1342 1342 1354 1354 1343 1343 1355 1355 1343 1343 1354 1354 1343 1343 1355 1355 2 2 523 523 522 522 569 569 1356 1356 569 569 522 522 569 569 1356 1356 1344 1344 1357 1357 1344 1344 1356 1356 1344 1344 1357 1357 1345 1345 1358 1358 1345 1345 1357 1357 1345 1345 1358 1358 1346 1346 1359 1359 1346 1346 1358 1358 1346 1346 1359 1359 1347 1347 1360 1360 1347 1347 1359 1359 1347 1347 1360 1360 1348 1348 1361 1361 1348 1348 1360 1360 1348 1348 1361 1361 1349 1349 1362 1362 1349 1349 1361 1361 1349 1349 1362 1362 1350 1350 1363 1363 1350 1350 1362 1362 1350 1350 1363 1363 1351 1351 1364 1364 1351 1351 1363 1363 1351 1351 1364 1364 1352 1352 1365 1365 1352 1352 1364 1364 1352 1352 1365 1365 1353 1353 1366 1366 1353 1353 1365 1365 1353 1353 1366 1366 1354 1354 1367 1367 1354 1354 1366 1366 1354 1354 1367 1367 1355 1355 1368 1368 1355 1355 1367 1367 1355 1355 1368 1368 2 2 478 478 477 477 522 522 1369 1369 522 522 477 477 522 522 1369 1369 1356 1356 1370 1370 1356 1356 1369 1369 1356 1356 1370 1370 1357 1357 1371 1371 1357 1357 1370 1370 1357 1357 1371 1371 1358 1358 1372 1372 1358 1358 1371 1371 1358 1358 1372 1372 1359 1359 1373 1373 1359 1359 1372 1372 1359 1359 1373 1373 1360 1360 1374 1374 1360 1360 1373 1373 1360 1360 1374 1374 1361 1361 1375 1375 1361 1361 1374 1374 1361 1361 1375 1375 1362 1362 1376 1376 1362 1362 1375 1375 1362 1362 1376 1376 1363 1363 1377 1377 1363 1363 1376 1376 1363 1363 1377 1377 1364 1364 1378 1378 1364 1364 1377 1377 1364 1364 1378 1378 1365 1365 1379 1379 1365 1365 1378 1378 1365 1365 1379 1379 1366 1366 1380 1380 1366 1366 1379 1379 1366 1366 1380 1380 1367 1367 1381 1381 1367 1367 1380 1380 1367 1367 1381 1381 1368 1368 1382 1382 1368 1368 1381 1381 1368 1368 1382 1382 2 2 435 435 434 434 477 477 1383 1383 477 477 434 434 477 477 1383 1383 1369 1369 1384 1384 1369 1369 1383 1383 1369 1369 1384 1384 1370 1370 1385 1385 1370 1370 1384 1384 1370 1370 1385 1385 1371 1371 1386 1386 1371 1371 1385 1385 1371 1371 1386 1386 1372 1372 1387 1387 1372 1372 1386 1386 1372 1372 1387 1387 1373 1373 1388 1388 1373 1373 1387 1387 1373 1373 1388 1388 1374 1374 1389 1389 1374 1374 1388 1388 1374 1374 1389 1389 1375 1375 1390 1390 1375 1375 1389 1389 1375 1375 1390 1390 1376 1376 1391 1391 1376 1376 1390 1390 1376 1376 1391 1391 1377 1377 1392 1392 1377 1377 1391 1391 1377 1377 1392 1392 1378 1378 1393 1393 1378 1378 1392 1392 1378 1378 1393 1393 1379 1379 1394 1394 1379 1379 1393 1393 1379 1379 1394 1394 1380 1380 1395 1395 1380 1380 1394 1394 1380 1380 1395 1395 1381 1381 1396 1396 1381 1381 1395 1395 1381 1381 1396 1396 1382 1382 1397 1397 1382 1382 1396 1396 1382 1382 1397 1397 2 2 394 394 393 393 434 434 1398 1398 434 434 393 393 434 434 1398 1398 1383 1383 1399 1399 1383 1383 1398 1398 1383 1383 1399 1399 1384 1384 1400 1400 1384 1384 1399 1399 1384 1384 1400 1400 1385 1385 1401 1401 1385 1385 1400 1400 1385 1385 1401 1401 1386 1386 1402 1402 1386 1386 1401 1401 1386 1386 1402 1402 1387 1387 1403 1403 1387 1387 1402 1402 1387 1387 1403 1403 1388 1388 1404 1404 1388 1388 1403 1403 1388 1388 1404 1404 1389 1389 1405 1405 1389 1389 1404 1404 1389 1389 1405 1405 1390 1390 1406 1406 1390 1390 1405 1405 1390 1390 1406 1406 1391 1391 1407 1407 1391 1391 1406 1406 1391 1391 1407 1407 1392 1392 1408 1408 1392 1392 1407 1407 1392 1392 1408 1408 1393 1393 1409 1409 1393 1393 1408 1408 1393 1393 1409 1409 1394 1394 1410 1410 1394 1394 1409 1409 1394 1394 1410 1410 1395 1395 1411 1411 1395 1395 1410 1410 1395 1395 1411 1411 1396 1396 1412 1412 1396 1396 1411 1411 1396 1396 1412 1412 1397 1397 1413 1413 1397 1397 1412 1412 1397 1397 1413 1413 2 2 355 355 354 354 393 393 1414 1414 393 393 354 354 393 393 1414 1414 1398 1398 1415 1415 1398 1398 1414 1414 1398 1398 1415 1415 1399 1399 1416 1416 1399 1399 1415 1415 1399 1399 1416 1416 1400 1400 1417 1417 1400 1400 1416 1416 1400 1400 1417 1417 1401 1401 1418 1418 1401 1401 1417 1417 1401 1401 1418 1418 1402 1402 1419 1419 1402 1402 1418 1418 1402 1402 1419 1419 1403 1403 1420 1420 1403 1403 1419 1419 1403 1403 1420 1420 1404 1404 1421 1421 1404 1404 1420 1420 1404 1404 1421 1421 1405 1405 1422 1422 1405 1405 1421 1421 1405 1405 1422 1422 1406 1406 1423 1423 1406 1406 1422 1422 1406 1406 1423 1423 1407 1407 1424 1424 1407 1407 1423 1423 1407 1407 1424 1424 1408 1408 1425 1425 1408 1408 1424 1424 1408 1408 1425 1425 1409 1409 1426 1426 1409 1409 1425 1425 1409 1409 1426 1426 1410 1410 1427 1427 1410 1410 1426 1426 1410 1410 1427 1427 1411 1411 1428 1428 1411 1411 1427 1427 1411 1411 1428 1428 1412 1412 1429 1429 1412 1412 1428 1428 1412 1412 1429 1429 1413 1413 1430 1430 1413 1413 1429 1429 1413 1413 1430 1430 2 2 318 318 317 317 354 354 1431 1431 354 354 317 317 354 354 1431 1431 1414 1414 1432 1432 1414 1414 1431 1431 1414 1414 1432 1432 1415 1415 1433 1433 1415 1415 1432 1432 1415 1415 1433 1433 1416 1416 1434 1434 1416 1416 1433 1433 1416 1416 1434 1434 1417 1417 1435 1435 1417 1417 1434 1434 1417 1417 1435 1435 1418 1418 1436 1436 1418 1418 1435 1435 1418 1418 1436 1436 1419 1419 1437 1437 1419 1419 1436 1436 1419 1419 1437 1437 1420 1420 1438 1438 1420 1420 1437 1437 1420 1420 1438 1438 1421 1421 1439 1439 1421 1421 1438 1438 1421 1421 1439 1439 1422 1422 1440 1440 1422 1422 1439 1439 1422 1422 1440 1440 1423 1423 1441 1441 1423 1423 1440 1440 1423 1423 1441 1441 1424 1424 1442 1442 1424 1424 1441 1441 1424 1424 1442 1442 1425 1425 1443 1443 1425 1425 1442 1442 1425 1425 1443 1443 1426 1426 1444 1444 1426 1426 1443 1443 1426 1426 1444 1444 1427 1427 1445 1445 1427 1427 1444 1444 1427 1427 1445 1445 1428 1428 1446 1446 1428 1428 1445 1445 1428 1428 1446 1446 1429 1429 1447 1447 1429 1429 1446 1446 1429 1429 1447 1447 1430 1430 1448 1448 1430 1430 1447 1447 1430 1430 1448 1448 2 2 283 283 282 282 317 317 1449 1449 317 317 282 282 317 317 1449 1449 1431 1431 1450 1450 1431 1431 1449 1449 1431 1431 1450 1450 1432 1432 1451 1451 1432 1432 1450 1450 1432 1432 1451 1451 1433 1433 1452 1452 1433 1433 1451 1451 1433 1433 1452 1452 1434 1434 1453 1453 1434 1434 1452 1452 1434 1434 1453 1453 1435 1435 1454 1454 1435 1435 1453 1453 1435 1435 1454 1454 1436 1436 1455 1455 1436 1436 1454 1454 1436 1436 1455 1455 1437 1437 1456 1456 1437 1437 1455 1455 1437 1437 1456 1456 1438 1438 1457 1457 1438 1438 1456 1456 1438 1438 1457 1457 1439 1439 1458 1458 1439 1439 1457 1457 1439 1439 1458 1458 1440 1440 1459 1459 1440 1440 1458 1458 1440 1440 1459 1459 1441 1441 1460 1460 1441 1441 1459 1459 1441 1441 1460 1460 1442 1442 1461 1461 1442 1442 1460 1460 1442 1442 1461 1461 1443 1443 1462 1462 1443 1443 1461 1461 1443 1443 1462 1462 1444 1444 1463 1463 1444 1444 1462 1462 1444 1444 1463 1463 1445 1445 1464 1464 1445 1445 1463 1463 1445 1445 1464 1464 1446 1446 1465 1465 1446 1446 1464 1464 1446 1446 1465 1465 1447 1447 1466 1466 1447 1447 1465 1465 1447 1447 1466 1466 1448 1448 1467 1467 1448 1448 1466 1466 1448 1448 1467 1467 2 2 250 250 249 249 282 282 1468 1468 282 282 249 249 282 282 1468 1468 1449 1449 1469 1469 1449 1449 1468 1468 1449 1449 1469 1469 1450 1450 1470 1470 1450 1450 1469 1469 1450 1450 1470 1470 1451 1451 1471 1471 1451 1451 1470 1470 1451 1451 1471 1471 1452 1452 1472 1472 1452 1452 1471 1471 1452 1452 1472 1472 1453 1453 1473 1473 1453 1453 1472 1472 1453 1453 1473 1473 1454 1454 1474 1474 1454 1454 1473 1473 1454 1454 1474 1474 1455 1455 1475 1475 1455 1455 1474 1474 1455 1455 1475 1475 1456 1456 1476 1476 1456 1456 1475 1475 1456 1456 1476 1476 1457 1457 1477 1477 1457 1457 1476 1476 1457 1457 1477 1477 1458 1458 1478 1478 1458 1458 1477 1477 1458 1458 1478 1478 1459 1459 1479 1479 1459 1459 1478 1478 1459 1459 1479 1479 1460 1460 1480 1480 1460 1460 1479 1479 1460 1460 1480 1480 1461 1461 1481 1481 1461 1461 1480 1480 1461 1461 1481 1481 1462 1462 1482 1482 1462 1462 1481 1481 1462 1462 1482 1482 1463 1463 1483 1483 1463 1463 1482 1482 1463 1463 1483 1483 1464 1464 1484 1484 1464 1464 1483 1483 1464 1464 1484 1484 1465 1465 1485 1485 1465 1465 1484 1484 1465 1465 1485 1485 1466 1466 1486 1486 1466 1466 1485 1485 1466 1466 1486 1486 1467 1467 1487 1487 1467 1467 1486 1486 1467 1467 1487 1487 2 2 219 219 218 218 249 249 1488 1488 249 249 218 218 249 249 1488 1488 1468 1468 1489 1489 1468 1468 1488 1488 1468 1468 1489 1489 1469 1469 1490 1490 1469 1469 1489 1489 1469 1469 1490 1490 1470 1470 1491 1491 1470 1470 1490 1490 1470 1470 1491 1491 1471 1471 1492 1492 1471 1471 1491 1491 1471 1471 1492 1492 1472 1472 1493 1493 1472 1472 1492 1492 1472 1472 1493 1493 1473 1473 1494 1494 1473 1473 1493 1493 1473 1473 1494 1494 1474 1474 1495 1495 1474 1474 1494 1494 1474 1474 1495 1495 1475 1475 1496 1496 1475 1475 1495 1495 1475 1475 1496 1496 1476 1476 1497 1497 1476 1476 1496 1496 1476 1476 1497 1497 1477 1477 1498 1498 1477 1477 1497 1497 1477 1477 1498 1498 1478 1478 1499 1499 1478 1478 1498 1498 1478 1478 1499 1499 1479 1479 1500 1500 1479 1479 1499 1499 1479 1479 1500 1500 1480 1480 1501 1501 1480 1480 1500 1500 1480 1480 1501 1501 1481 1481 1502 1502 1481 1481 1501 1501 1481 1481 1502 1502 1482 1482 1503 1503 1482 1482 1502 1502 1482 1482 1503 1503 1483 1483 1504 1504 1483 1483 1503 1503 1483 1483 1504 1504 1484 1484 1505 1505 1484 1484 1504 1504 1484 1484 1505 1505 1485 1485 1506 1506 1485 1485 1505 1505 1485 1485 1506 1506 1486 1486 1507 1507 1486 1486 1506 1506 1486 1486 1507 1507 1487 1487 1508 1508 1487 1487 1507 1507 1487 1487 1508 1508 2 2 190 190 189 189 218 218 1509 1509 218 218 189 189 218 218 1509 1509 1488 1488 1510 1510 1488 1488 1509 1509 1488 1488 1510 1510 1489 1489 1511 1511 1489 1489 1510 1510 1489 1489 1511 1511 1490 1490 1512 1512 1490 1490 1511 1511 1490 1490 1512 1512 1491 1491 1513 1513 1491 1491 1512 1512 1491 1491 1513 1513 1492 1492 1514 1514 1492 1492 1513 1513 1492 1492 1514 1514 1493 1493 1515 1515 1493 1493 1514 1514 1493 1493 1515 1515 1494 1494 1516 1516 1494 1494 1515 1515 1494 1494 1516 1516 1495 1495 1517 1517 1495 1495 1516 1516 1495 1495 1517 1517 1496 1496 1518 1518 1496 1496 1517 1517 1496 1496 1518 1518 1497 1497 1519 1519 1497 1497 1518 1518 1497 1497 1519 1519 1498 1498 1520 1520 1498 1498 1519 1519 1498 1498 1520 1520 1499 1499 1521 1521 1499 1499 1520 1520 1499 1499 1521 1521 1500 1500 1522 1522 1500 1500 1521 1521 1500 1500 1522 1522 1501 1501 1523 1523 1501 1501 1522 1522 1501 1501 1523 1523 1502 1502 1524 1524 1502 1502 1523 1523 1502 1502 1524 1524 1503 1503 1525 1525 1503 1503 1524 1524 1503 1503 1525 1525 1504 1504 1526 1526 1504 1504 1525 1525 1504 1504 1526 1526 1505 1505 1527 1527 1505 1505 1526 1526 1505 1505 1527 1527 1506 1506 1528 1528 1506 1506 1527 1527 1506 1506 1528 1528 1507 1507 1529 1529 1507 1507 1528 1528 1507 1507 1529 1529 1508 1508 1530 1530 1508 1508 1529 1529 1508 1508 1530 1530 2 2 163 163 162 162 189 189 1531 1531 189 189 162 162 189 189 1531 1531 1509 1509 1532 1532 1509 1509 1531 1531 1509 1509 1532 1532 1510 1510 1533 1533 1510 1510 1532 1532 1510 1510 1533 1533 1511 1511 1534 1534 1511 1511 1533 1533 1511 1511 1534 1534 1512 1512 1535 1535 1512 1512 1534 1534 1512 1512 1535 1535 1513 1513 1536 1536 1513 1513 1535 1535 1513 1513 1536 1536 1514 1514 1537 1537 1514 1514 1536 1536 1514 1514 1537 1537 1515 1515 1538 1538 1515 1515 1537 1537 1515 1515 1538 1538 1516 1516 1539 1539 1516 1516 1538 1538 1516 1516 1539 1539 1517 1517 1540 1540 1517 1517 1539 1539 1517 1517 1540 1540 1518 1518 1541 1541 1518 1518 1540 1540 1518 1518 1541 1541 1519 1519 1542 1542 1519 1519 1541 1541 1519 1519 1542 1542 1520 1520 1543 1543 1520 1520 1542 1542 1520 1520 1543 1543 1521 1521 1544 1544 1521 1521 1543 1543 1521 1521 1544 1544 1522 1522 1545 1545 1522 1522 1544 1544 1522 1522 1545 1545 1523 1523 1546 1546 1523 1523 1545 1545 1523 1523 1546 1546 1524 1524 1547 1547 1524 1524 1546 1546 1524 1524 1547 1547 1525 1525 1548 1548 1525 1525 1547 1547 1525 1525 1548 1548 1526 1526 1549 1549 1526 1526 1548 1548 1526 1526 1549 1549 1527 1527 1550 1550 1527 1527 1549 1549 1527 1527 1550 1550 1528 1528 1551 1551 1528 1528 1550 1550 1528 1528 1551 1551 1529 1529 1552 1552 1529 1529 1551 1551 1529 1529 1552 1552 1530 1530 1553 1553 1530 1530 1552 1552 1530 1530 1553 1553 2 2 138 138 137 137 162 162 1554 1554 162 162 137 137 162 162 1554 1554 1531 1531 1555 1555 1531 1531 1554 1554 1531 1531 1555 1555 1532 1532 1556 1556 1532 1532 1555 1555 1532 1532 1556 1556 1533 1533 1557 1557 1533 1533 1556 1556 1533 1533 1557 1557 1534 1534 1558 1558 1534 1534 1557 1557 1534 1534 1558 1558 1535 1535 1559 1559 1535 1535 1558 1558 1535 1535 1559 1559 1536 1536 1560 1560 1536 1536 1559 1559 1536 1536 1560 1560 1537 1537 1561 1561 1537 1537 1560 1560 1537 1537 1561 1561 1538 1538 1562 1562 1538 1538 1561 1561 1538 1538 1562 1562 1539 1539 1563 1563 1539 1539 1562 1562 1539 1539 1563 1563 1540 1540 1564 1564 1540 1540 1563 1563 1540 1540 1564 1564 1541 1541 1565 1565 1541 1541 1564 1564 1541 1541 1565 1565 1542 1542 1566 1566 1542 1542 1565 1565 1542 1542 1566 1566 1543 1543 1567 1567 1543 1543 1566 1566 1543 1543 1567 1567 1544 1544 1568 1568 1544 1544 1567 1567 1544 1544 1568 1568 1545 1545 1569 1569 1545 1545 1568 1568 1545 1545 1569 1569 1546 1546 1570 1570 1546 1546 1569 1569 1546 1546 1570 1570 1547 1547 1571 1571 1547 1547 1570 1570 1547 1547 1571 1571 1548 1548 1572 1572 1548 1548 1571 1571 1548 1548 1572 1572 1549 1549 1573 1573 1549 1549 1572 1572 1549 1549 1573 1573 1550 1550 1574 1574 1550 1550 1573 1573 1550 1550 1574 1574 1551 1551 1575 1575 1551 1551 1574 1574 1551 1551 1575 1575 1552 1552 1576 1576 1552 1552 1575 1575 1552 1552 1576 1576 1553 1553 1577 1577 1553 1553 1576 1576 1553 1553 1577 1577 2 2 115 115 114 114 137 137 1578 1578 137 137 114 114 137 137 1578 1578 1554 1554 1579 1579 1554 1554 1578 1578 1554 1554 1579 1579 1555 1555 1580 1580 1555 1555 1579 1579 1555 1555 1580 1580 1556 1556 1581 1581 1556 1556 1580 1580 1556 1556 1581 1581 1557 1557 1582 1582 1557 1557 1581 1581 1557 1557 1582 1582 1558 1558 1583 1583 1558 1558 1582 1582 1558 1558 1583 1583 1559 1559 1584 1584 1559 1559 1583 1583 1559 1559 1584 1584 1560 1560 1585 1585 1560 1560 1584 1584 1560 1560 1585 1585 1561 1561 1586 1586 1561 1561 1585 1585 1561 1561 1586 1586 1562 1562 1587 1587 1562 1562 1586 1586 1562 1562 1587 1587 1563 1563 1588 1588 1563 1563 1587 1587 1563 1563 1588 1588 1564 1564 1589 1589 1564 1564 1588 1588 1564 1564 1589 1589 1565 1565 1590 1590 1565 1565 1589 1589 1565 1565 1590 1590 1566 1566 1591 1591 1566 1566 1590 1590 1566 1566 1591 1591 1567 1567 1592 1592 1567 1567 1591 1591 1567 1567 1592 1592 1568 1568 1593 1593 1568 1568 1592 1592 1568 1568 1593 1593 1569 1569 1594 1594 1569 1569 1593 1593 1569 1569 1594 1594 1570 1570 1595 1595 1570 1570 1594 1594 1570 1570 1595 1595 1571 1571 1596 1596 1571 1571 1595 1595 1571 1571 1596 1596 1572 1572 1597 1597 1572 1572 1596 1596 1572 1572 1597 1597 1573 1573 1598 1598 1573 1573 1597 1597 1573 1573 1598 1598 1574 1574 1599 1599 1574 1574 1598 1598 1574 1574 1599 1599 1575 1575 1600 1600 1575 1575 1599 1599 1575 1575 1600 1600 1576 1576 1601 1601 1576 1576 1600 1600 1576 1576 1601 1601 1577 1577 1602 1602 1577 1577 1601 1601 1577 1577 1602 1602 2 2 94 94 93 93 114 114 1603 1603 114 114 93 93 114 114 1603 1603 1578 1578 1604 1604 1578 1578 1603 1603 1578 1578 1604 1604 1579 1579 1605 1605 1579 1579 1604 1604 1579 1579 1605 1605 1580 1580 1606 1606 1580 1580 1605 1605 1580 1580 1606 1606 1581 1581 1607 1607 1581 1581 1606 1606 1581 1581 1607 1607 1582 1582 1608 1608 1582 1582 1607 1607 1582 1582 1608 1608 1583 1583 1609 1609 1583 1583 1608 1608 1583 1583 1609 1609 1584 1584 1610 1610 1584 1584 1609 1609 1584 1584 1610 1610 1585 1585 1611 1611 1585 1585 1610 1610 1585 1585 1611 1611 1586 1586 1612 1612 1586 1586 1611 1611 1586 1586 1612 1612 1587 1587 1613 1613 1587 1587 1612 1612 1587 1587 1613 1613 1588 1588 1614 1614 1588 1588 1613 1613 1588 1588 1614 1614 1589 1589 1615 1615 1589 1589 1614 1614 1589 1589 1615 1615 1590 1590 1616 1616 1590 1590 1615 1615 1590 1590 1616 1616 1591 1591 1617 1617 1591 1591 1616 1616 1591 1591 1617 1617 1592 1592 1618 1618 1592 1592 1617 1617 1592 1592 1618 1618 1593 1593 1619 1619 1593 1593 1618 1618 1593 1593 1619 1619 1594 1594 1620 1620 1594 1594 1619 1619 1594 1594 1620 1620 1595 1595 1621 1621 1595 1595 1620 1620 1595 1595 1621 1621 1596 1596 1622 1622 1596 1596 1621 1621 1596 1596 1622 1622 1597 1597 1623 1623 1597 1597 1622 1622 1597 1597 1623 1623 1598 1598 1624 1624 1598 1598 1623 1623 1598 1598 1624 1624 1599 1599 1625 1625 1599 1599 1624 1624 1599 1599 1625 1625 1600 1600 1626 1626 1600 1600 1625 1625 1600 1600 1626 1626 1601 1601 1627 1627 1601 1601 1626 1626 1601 1601 1627 1627 1602 1602 1628 1628 1602 1602 1627 1627 1602 1602 1628 1628 2 2 75 75 74 74 93 93 1629 1629 93 93 74 74 93 93 1629 1629 1603 1603 1630 1630 1603 1603 1629 1629 1603 1603 1630 1630 1604 1604 1631 1631 1604 1604 1630 1630 1604 1604 1631 1631 1605 1605 1632 1632 1605 1605 1631 1631 1605 1605 1632 1632 1606 1606 1633 1633 1606 1606 1632 1632 1606 1606 1633 1633 1607 1607 1634 1634 1607 1607 1633 1633 1607 1607 1634 1634 1608 1608 1635 1635 1608 1608 1634 1634 1608 1608 1635 1635 1609 1609 1636 1636 1609 1609 1635 1635 1609 1609 1636 1636 1610 1610 1637 1637 1610 1610 1636 1636 1610 1610 1637 1637 1611 1611 1638 1638 1611 1611 1637 1637 1611 1611 1638 1638 1612 1612 1639 1639 1612 1612 1638 1638 1612 1612 1639 1639 1613 1613 1640 1640 1613 1613 1639 1639 1613 1613 1640 1640 1614 1614 1641 1641 1614 1614 1640 1640 1614 1614 1641 1641 1615 1615 1642 1642 1615 1615 1641 1641 1615 1615 1642 1642 1616 1616 1643 1643 1616 1616 1642 1642 1616 1616 1643 1643 1617 1617 1644 1644 1617 1617 1643 1643 1617 1617 1644 1644 1618 1618 1645 1645 1618 1618 1644 1644 1618 1618 1645 1645 1619 1619 1646 1646 1619 1619 1645 1645 1619 1619 1646 1646 1620 1620 1647 1647 1620 1620 1646 1646 1620 1620 1647 1647 1621 1621 1648 1648 1621 1621 1647 1647 1621 1621 1648 1648 1622 1622 1649 1649 1622 1622 1648 1648 1622 1622 1649 1649 1623 1623 1650 1650 1623 1623 1649 1649 1623 1623 1650 1650 1624 1624 1651 1651 1624 1624 1650 1650 1624 1624 1651 1651 1625 1625 1652 1652 1625 1625 1651 1651 1625 1625 1652 1652 1626 1626 1653 1653 1626 1626 1652 1652 1626 1626 1653 1653 1627 1627 1654 1654 1627 1627 1653 1653 1627 1627 1654 1654 1628 1628 1655 1655 1628 1628 1654 1654 1628 1628 1655 1655 2 2 58 58 57 57 74 74 1656 1656 74 74 57 57 74 74 1656 1656 1629 1629 1657 1657 1629 1629 1656 1656 1629 1629 1657 1657 1630 1630 1658 1658 1630 1630 1657 1657 1630 1630 1658 1658 1631 1631 1659 1659 1631 1631 1658 1658 1631 1631 1659 1659 1632 1632 1660 1660 1632 1632 1659 1659 1632 1632 1660 1660 1633 1633 1661 1661 1633 1633 1660 1660 1633 1633 1661 1661 1634 1634 1662 1662 1634 1634 1661 1661 1634 1634 1662 1662 1635 1635 1663 1663 1635 1635 1662 1662 1635 1635 1663 1663 1636 1636 1664 1664 1636 1636 1663 1663 1636 1636 1664 1664 1637 1637 1665 1665 1637 1637 1664 1664 1637 1637 1665 1665 1638 1638 1666 1666 1638 1638 1665 1665 1638 1638 1666 1666 1639 1639 1667 1667 1639 1639 1666 1666 1639 1639 1667 1667 1640 1640 1668 1668 1640 1640 1667 1667 1640 1640 1668 1668 1641 1641 1669 1669 1641 1641 1668 1668 1641 1641 1669 1669 1642 1642 1670 1670 1642 1642 1669 1669 1642 1642 1670 1670 1643 1643 1671 1671 1643 1643 1670 1670 1643 1643 1671 1671 1644 1644 1672 1672 1644 1644 1671 1671 1644 1644 1672 1672 1645 1645 1673 1673 1645 1645 1672 1672 1645 1645 1673 1673 1646 1646 1674 1674 1646 1646 1673 1673 1646 1646 1674 1674 1647 1647 1675 1675 1647 1647 1674 1674 1647 1647 1675 1675 1648 1648 1676 1676 1648 1648 1675 1675 1648 1648 1676 1676 1649 1649 1677 1677 1649 1649 1676 1676 1649 1649 1677 1677 1650 1650 1678 1678 1650 1650 1677 1677 1650 1650 1678 1678 1651 1651 1679 1679 1651 1651 1678 1678 1651 1651 1679 1679 1652 1652 1680 1680 1652 1652 1679 1679 1652 1652 1680 1680 1653 1653 1681 1681 1653 1653 1680 1680 1653 1653 1681 1681 1654 1654 1682 1682 1654 1654 1681 1681 1654 1654 1682 1682 1655 1655 1683 1683 1655 1655 1682 1682 1655 1655 1683 1683 2 2 2 2 1684 1684 1685 1685 1686 1686 1685 1685 1684 1684 1685 1685 1686 1686 1687 1687 1688 1688 1687 1687 1686 1686 1687 1687 1688 1688 1689 1689 1690 1690 1689 1689 1688 1688 1689 1689 1690 1690 1691 1691 1692 1692 1691 1691 1690 1690 1691 1691 1692 1692 1693 1693 1694 1694 1693 1693 1692 1692 1693 1693 1694 1694 1695 1695 1696 1696 1695 1695 1694 1694 1695 1695 1696 1696 1697 1697 1698 1698 1697 1697 1696 1696 1697 1697 1698 1698 1699 1699 1700 1700 1699 1699 1698 1698 1699 1699 1700 1700 1701 1701 1702 1702 1701 1701 1700 1700 1701 1701 1702 1702 1703 1703 1704 1704 1703 1703 1702 1702 1703 1703 1704 1704 1705 1705 1706 1706 1705 1705 1704 1704 1705 1705 1706 1706 1707 1707 1708 1708 1707 1707 1706 1706 1707 1707 1708 1708 1709 1709 1710 1710 1709 1709 1708 1708 1709 1709 1710 1710 1711 1711 1712 1712 1711 1711 1710 1710 1711 1711 1712 1712 1713 1713 1714 1714 1713 1713 1712 1712 1713 1713 1714 1714 1715 1715 1716 1716 1715 1715 1714 1714 1715 1715 1716 1716 1717 1717 1718 1718 1717 1717 1716 1716 1717 1717 1718 1718 1719 1719 1720 1720 1719 1719 1718 1718 1719 1719 1720 1720 1721 1721 1722 1722 1721 1721 1720 1720 1721 1721 1722 1722 1723 1723 1724 1724 1723 1723 1722 1722 1723 1723 1724 1724 1725 1725 1726 1726 1725 1725 1724 1724 1725 1725 1726 1726 1727 1727 1728 1728 1727 1727 1726 1726 1727 1727 1728 1728 1729 1729 1730 1730 1729 1729 1728 1728 1729 1729 1730 1730 1731 1731 1732 1732 1731 1731 1730 1730 1731 1731 1732 1732 1733 1733 1734 1734 1733 1733 1732 1732 1733 1733 1734 1734 1735 1735 1736 1736 1735 1735 1734 1734 1735 1735 1736 1736 1737 1737 1738 1738 1737 1737 1736 1736 1737 1737 1738 1738 1739 1739 1740 1740 1739 1739 1738 1738 1739 1739 1740 1740 1741 1741 1742 1742 1741 1741 1740 1740 1741 1741 1742 1742 1743 1743 1744 1744 1743 1743 1742 1742 1743 1743 1744 1744 1745 1745 1746 1746 1745 1745 1744 1744 1745 1745 1746 1746 1747 1747 1748 1748 1747 1747 1746 1746 1747 1747 1748 1748 1749 1749 14 14 1749 1749 1748 1748 1 1 0 0 1182 1182 1182 1182 1181 1181 1 1 1750 1750 1 1 1181 1181 1 1 1750 1750 2 2 1178 1178 1177 1177 1181 1181 1751 1751 1181 1181 1177 1177 1181 1181 1751 1751 1750 1750 1752 1752 1750 1750 1751 1751 1750 1750 1752 1752 2 2 1111 1111 1110 1110 1177 1177 1753 1753 1177 1177 1110 1110 1177 1177 1753 1753 1751 1751 1754 1754 1751 1751 1753 1753 1751 1751 1754 1754 1752 1752 1755 1755 1752 1752 1754 1754 1752 1752 1755 1755 2 2 1045 1045 1044 1044 1110 1110 1756 1756 1110 1110 1044 1044 1110 1110 1756 1756 1753 1753 1757 1757 1753 1753 1756 1756 1753 1753 1757 1757 1754 1754 1758 1758 1754 1754 1757 1757 1754 1754 1758 1758 1755 1755 1759 1759 1755 1755 1758 1758 1755 1755 1759 1759 2 2 956 956 955 955 1044 1044 1760 1760 1044 1044 955 955 1044 1044 1760 1760 1756 1756 1761 1761 1756 1756 1760 1760 1756 1756 1761 1761 1757 1757 1762 1762 1757 1757 1761 1761 1757 1757 1762 1762 1758 1758 1763 1763 1758 1758 1762 1762 1758 1758 1763 1763 1759 1759 1764 1764 1759 1759 1763 1763 1759 1759 1764 1764 2 2 868 868 867 867 955 955 1765 1765 955 955 867 867 955 955 1765 1765 1760 1760 1766 1766 1760 1760 1765 1765 1760 1760 1766 1766 1761 1761 1767 1767 1761 1761 1766 1766 1761 1761 1767 1767 1762 1762 1768 1768 1762 1762 1767 1767 1762 1762 1768 1768 1763 1763 1769 1769 1763 1763 1768 1768 1763 1763 1769 1769 1764 1764 1770 1770 1764 1764 1769 1769 1764 1764 1770 1770 2 2 836 836 835 835 867 867 1771 1771 867 867 835 835 867 867 1771 1771 1765 1765 1772 1772 1765 1765 1771 1771 1765 1765 1772 1772 1766 1766 1773 1773 1766 1766 1772 1772 1766 1766 1773 1773 1767 1767 1774 1774 1767 1767 1773 1773 1767 1767 1774 1774 1768 1768 1775 1775 1768 1768 1774 1774 1768 1768 1775 1775 1769 1769 1776 1776 1769 1769 1775 1775 1769 1769 1776 1776 1770 1770 1777 1777 1770 1770 1776 1776 1770 1770 1777 1777 2 2 805 805 804 804 835 835 1778 1778 835 835 804 804 835 835 1778 1778 1771 1771 1779 1779 1771 1771 1778 1778 1771 1771 1779 1779 1772 1772 1780 1780 1772 1772 1779 1779 1772 1772 1780 1780 1773 1773 1781 1781 1773 1773 1780 1780 1773 1773 1781 1781 1774 1774 1782 1782 1774 1774 1781 1781 1774 1774 1782 1782 1775 1775 1783 1783 1775 1775 1782 1782 1775 1775 1783 1783 1776 1776 1784 1784 1776 1776 1783 1783 1776 1776 1784 1784 1777 1777 1785 1785 1777 1777 1784 1784 1777 1777 1785 1785 2 2 750 750 749 749 804 804 1786 1786 804 804 749 749 804 804 1786 1786 1778 1778 1787 1787 1778 1778 1786 1786 1778 1778 1787 1787 1779 1779 1788 1788 1779 1779 1787 1787 1779 1779 1788 1788 1780 1780 1789 1789 1780 1780 1788 1788 1780 1780 1789 1789 1781 1781 1790 1790 1781 1781 1789 1789 1781 1781 1790 1790 1782 1782 1791 1791 1782 1782 1790 1790 1782 1782 1791 1791 1783 1783 1792 1792 1783 1783 1791 1791 1783 1783 1792 1792 1784 1784 1793 1793 1784 1784 1792 1792 1784 1784 1793 1793 1785 1785 1794 1794 1785 1785 1793 1793 1785 1785 1794 1794 2 2 696 696 695 695 749 749 1795 1795 749 749 695 695 749 749 1795 1795 1786 1786 1796 1796 1786 1786 1795 1795 1786 1786 1796 1796 1787 1787 1797 1797 1787 1787 1796 1796 1787 1787 1797 1797 1788 1788 1798 1798 1788 1788 1797 1797 1788 1788 1798 1798 1789 1789 1799 1799 1789 1789 1798 1798 1789 1789 1799 1799 1790 1790 1800 1800 1790 1790 1799 1799 1790 1790 1800 1800 1791 1791 1801 1801 1791 1791 1800 1800 1791 1791 1801 1801 1792 1792 1802 1802 1792 1792 1801 1801 1792 1792 1802 1802 1793 1793 1803 1803 1793 1793 1802 1802 1793 1793 1803 1803 1794 1794 1804 1804 1794 1794 1803 1803 1794 1794 1804 1804 2 2 644 644 643 643 695 695 1805 1805 695 695 643 643 695 695 1805 1805 1795 1795 1806 1806 1795 1795 1805 1805 1795 1795 1806 1806 1796 1796 1807 1807 1796 1796 1806 1806 1796 1796 1807 1807 1797 1797 1808 1808 1797 1797 1807 1807 1797 1797 1808 1808 1798 1798 1809 1809 1798 1798 1808 1808 1798 1798 1809 1809 1799 1799 1810 1810 1799 1799 1809 1809 1799 1799 1810 1810 1800 1800 1811 1811 1800 1800 1810 1810 1800 1800 1811 1811 1801 1801 1812 1812 1801 1801 1811 1811 1801 1801 1812 1812 1802 1802 1813 1813 1802 1802 1812 1812 1802 1802 1813 1813 1803 1803 1814 1814 1803 1803 1813 1813 1803 1803 1814 1814 1804 1804 1815 1815 1804 1804 1814 1814 1804 1804 1815 1815 2 2 594 594 593 593 643 643 1816 1816 643 643 593 593 643 643 1816 1816 1805 1805 1817 1817 1805 1805 1816 1816 1805 1805 1817 1817 1806 1806 1818 1818 1806 1806 1817 1817 1806 1806 1818 1818 1807 1807 1819 1819 1807 1807 1818 1818 1807 1807 1819 1819 1808 1808 1820 1820 1808 1808 1819 1819 1808 1808 1820 1820 1809 1809 1821 1821 1809 1809 1820 1820 1809 1809 1821 1821 1810 1810 1822 1822 1810 1810 1821 1821 1810 1810 1822 1822 1811 1811 1823 1823 1811 1811 1822 1822 1811 1811 1823 1823 1812 1812 1824 1824 1812 1812 1823 1823 1812 1812 1824 1824 1813 1813 1825 1825 1813 1813 1824 1824 1813 1813 1825 1825 1814 1814 1826 1826 1814 1814 1825 1825 1814 1814 1826 1826 1815 1815 1827 1827 1815 1815 1826 1826 1815 1815 1827 1827 2 2 546 546 545 545 593 593 1828 1828 593 593 545 545 593 593 1828 1828 1816 1816 1829 1829 1816 1816 1828 1828 1816 1816 1829 1829 1817 1817 1830 1830 1817 1817 1829 1829 1817 1817 1830 1830 1818 1818 1831 1831 1818 1818 1830 1830 1818 1818 1831 1831 1819 1819 1832 1832 1819 1819 1831 1831 1819 1819 1832 1832 1820 1820 1833 1833 1820 1820 1832 1832 1820 1820 1833 1833 1821 1821 1834 1834 1821 1821 1833 1833 1821 1821 1834 1834 1822 1822 1835 1835 1822 1822 1834 1834 1822 1822 1835 1835 1823 1823 1836 1836 1823 1823 1835 1835 1823 1823 1836 1836 1824 1824 1837 1837 1824 1824 1836 1836 1824 1824 1837 1837 1825 1825 1838 1838 1825 1825 1837 1837 1825 1825 1838 1838 1826 1826 1839 1839 1826 1826 1838 1838 1826 1826 1839 1839 1827 1827 1840 1840 1827 1827 1839 1839 1827 1827 1840 1840 2 2 500 500 499 499 545 545 1841 1841 545 545 499 499 545 545 1841 1841 1828 1828 1842 1842 1828 1828 1841 1841 1828 1828 1842 1842 1829 1829 1843 1843 1829 1829 1842 1842 1829 1829 1843 1843 1830 1830 1844 1844 1830 1830 1843 1843 1830 1830 1844 1844 1831 1831 1845 1845 1831 1831 1844 1844 1831 1831 1845 1845 1832 1832 1846 1846 1832 1832 1845 1845 1832 1832 1846 1846 1833 1833 1847 1847 1833 1833 1846 1846 1833 1833 1847 1847 1834 1834 1848 1848 1834 1834 1847 1847 1834 1834 1848 1848 1835 1835 1849 1849 1835 1835 1848 1848 1835 1835 1849 1849 1836 1836 1850 1850 1836 1836 1849 1849 1836 1836 1850 1850 1837 1837 1851 1851 1837 1837 1850 1850 1837 1837 1851 1851 1838 1838 1852 1852 1838 1838 1851 1851 1838 1838 1852 1852 1839 1839 1853 1853 1839 1839 1852 1852 1839 1839 1853 1853 1840 1840 1854 1854 1840 1840 1853 1853 1840 1840 1854 1854 2 2 456 456 455 455 499 499 1855 1855 499 499 455 455 499 499 1855 1855 1841 1841 1856 1856 1841 1841 1855 1855 1841 1841 1856 1856 1842 1842 1857 1857 1842 1842 1856 1856 1842 1842 1857 1857 1843 1843 1858 1858 1843 1843 1857 1857 1843 1843 1858 1858 1844 1844 1859 1859 1844 1844 1858 1858 1844 1844 1859 1859 1845 1845 1860 1860 1845 1845 1859 1859 1845 1845 1860 1860 1846 1846 1861 1861 1846 1846 1860 1860 1846 1846 1861 1861 1847 1847 1862 1862 1847 1847 1861 1861 1847 1847 1862 1862 1848 1848 1863 1863 1848 1848 1862 1862 1848 1848 1863 1863 1849 1849 1864 1864 1849 1849 1863 1863 1849 1849 1864 1864 1850 1850 1865 1865 1850 1850 1864 1864 1850 1850 1865 1865 1851 1851 1866 1866 1851 1851 1865 1865 1851 1851 1866 1866 1852 1852 1867 1867 1852 1852 1866 1866 1852 1852 1867 1867 1853 1853 1868 1868 1853 1853 1867 1867 1853 1853 1868 1868 1854 1854 1869 1869 1854 1854 1868 1868 1854 1854 1869 1869 2 2 414 414 413 413 455 455 1870 1870 455 455 413 413 455 455 1870 1870 1855 1855 1871 1871 1855 1855 1870 1870 1855 1855 1871 1871 1856 1856 1872 1872 1856 1856 1871 1871 1856 1856 1872 1872 1857 1857 1873 1873 1857 1857 1872 1872 1857 1857 1873 1873 1858 1858 1874 1874 1858 1858 1873 1873 1858 1858 1874 1874 1859 1859 1875 1875 1859 1859 1874 1874 1859 1859 1875 1875 1860 1860 1876 1876 1860 1860 1875 1875 1860 1860 1876 1876 1861 1861 1877 1877 1861 1861 1876 1876 1861 1861 1877 1877 1862 1862 1878 1878 1862 1862 1877 1877 1862 1862 1878 1878 1863 1863 1879 1879 1863 1863 1878 1878 1863 1863 1879 1879 1864 1864 1880 1880 1864 1864 1879 1879 1864 1864 1880 1880 1865 1865 1881 1881 1865 1865 1880 1880 1865 1865 1881 1881 1866 1866 1882 1882 1866 1866 1881 1881 1866 1866 1882 1882 1867 1867 1883 1883 1867 1867 1882 1882 1867 1867 1883 1883 1868 1868 1884 1884 1868 1868 1883 1883 1868 1868 1884 1884 1869 1869 1885 1885 1869 1869 1884 1884 1869 1869 1885 1885 2 2 374 374 373 373 413 413 1886 1886 413 413 373 373 413 413 1886 1886 1870 1870 1887 1887 1870 1870 1886 1886 1870 1870 1887 1887 1871 1871 1888 1888 1871 1871 1887 1887 1871 1871 1888 1888 1872 1872 1889 1889 1872 1872 1888 1888 1872 1872 1889 1889 1873 1873 1890 1890 1873 1873 1889 1889 1873 1873 1890 1890 1874 1874 1891 1891 1874 1874 1890 1890 1874 1874 1891 1891 1875 1875 1892 1892 1875 1875 1891 1891 1875 1875 1892 1892 1876 1876 1893 1893 1876 1876 1892 1892 1876 1876 1893 1893 1877 1877 1894 1894 1877 1877 1893 1893 1877 1877 1894 1894 1878 1878 1895 1895 1878 1878 1894 1894 1878 1878 1895 1895 1879 1879 1896 1896 1879 1879 1895 1895 1879 1879 1896 1896 1880 1880 1897 1897 1880 1880 1896 1896 1880 1880 1897 1897 1881 1881 1898 1898 1881 1881 1897 1897 1881 1881 1898 1898 1882 1882 1899 1899 1882 1882 1898 1898 1882 1882 1899 1899 1883 1883 1900 1900 1883 1883 1899 1899 1883 1883 1900 1900 1884 1884 1901 1901 1884 1884 1900 1900 1884 1884 1901 1901 1885 1885 1902 1902 1885 1885 1901 1901 1885 1885 1902 1902 2 2 336 336 335 335 373 373 1903 1903 373 373 335 335 373 373 1903 1903 1886 1886 1904 1904 1886 1886 1903 1903 1886 1886 1904 1904 1887 1887 1905 1905 1887 1887 1904 1904 1887 1887 1905 1905 1888 1888 1906 1906 1888 1888 1905 1905 1888 1888 1906 1906 1889 1889 1907 1907 1889 1889 1906 1906 1889 1889 1907 1907 1890 1890 1908 1908 1890 1890 1907 1907 1890 1890 1908 1908 1891 1891 1909 1909 1891 1891 1908 1908 1891 1891 1909 1909 1892 1892 1910 1910 1892 1892 1909 1909 1892 1892 1910 1910 1893 1893 1911 1911 1893 1893 1910 1910 1893 1893 1911 1911 1894 1894 1912 1912 1894 1894 1911 1911 1894 1894 1912 1912 1895 1895 1913 1913 1895 1895 1912 1912 1895 1895 1913 1913 1896 1896 1914 1914 1896 1896 1913 1913 1896 1896 1914 1914 1897 1897 1915 1915 1897 1897 1914 1914 1897 1897 1915 1915 1898 1898 1916 1916 1898 1898 1915 1915 1898 1898 1916 1916 1899 1899 1917 1917 1899 1899 1916 1916 1899 1899 1917 1917 1900 1900 1918 1918 1900 1900 1917 1917 1900 1900 1918 1918 1901 1901 1919 1919 1901 1901 1918 1918 1901 1901 1919 1919 1902 1902 1920 1920 1902 1902 1919 1919 1902 1902 1920 1920 2 2 300 300 299 299 335 335 1921 1921 335 335 299 299 335 335 1921 1921 1903 1903 1922 1922 1903 1903 1921 1921 1903 1903 1922 1922 1904 1904 1923 1923 1904 1904 1922 1922 1904 1904 1923 1923 1905 1905 1924 1924 1905 1905 1923 1923 1905 1905 1924 1924 1906 1906 1925 1925 1906 1906 1924 1924 1906 1906 1925 1925 1907 1907 1926 1926 1907 1907 1925 1925 1907 1907 1926 1926 1908 1908 1927 1927 1908 1908 1926 1926 1908 1908 1927 1927 1909 1909 1928 1928 1909 1909 1927 1927 1909 1909 1928 1928 1910 1910 1929 1929 1910 1910 1928 1928 1910 1910 1929 1929 1911 1911 1930 1930 1911 1911 1929 1929 1911 1911 1930 1930 1912 1912 1931 1931 1912 1912 1930 1930 1912 1912 1931 1931 1913 1913 1932 1932 1913 1913 1931 1931 1913 1913 1932 1932 1914 1914 1933 1933 1914 1914 1932 1932 1914 1914 1933 1933 1915 1915 1934 1934 1915 1915 1933 1933 1915 1915 1934 1934 1916 1916 1935 1935 1916 1916 1934 1934 1916 1916 1935 1935 1917 1917 1936 1936 1917 1917 1935 1935 1917 1917 1936 1936 1918 1918 1937 1937 1918 1918 1936 1936 1918 1918 1937 1937 1919 1919 1938 1938 1919 1919 1937 1937 1919 1919 1938 1938 1920 1920 1939 1939 1920 1920 1938 1938 1920 1920 1939 1939 2 2 266 266 265 265 299 299 1940 1940 299 299 265 265 299 299 1940 1940 1921 1921 1941 1941 1921 1921 1940 1940 1921 1921 1941 1941 1922 1922 1942 1942 1922 1922 1941 1941 1922 1922 1942 1942 1923 1923 1943 1943 1923 1923 1942 1942 1923 1923 1943 1943 1924 1924 1944 1944 1924 1924 1943 1943 1924 1924 1944 1944 1925 1925 1945 1945 1925 1925 1944 1944 1925 1925 1945 1945 1926 1926 1946 1946 1926 1926 1945 1945 1926 1926 1946 1946 1927 1927 1947 1947 1927 1927 1946 1946 1927 1927 1947 1947 1928 1928 1948 1948 1928 1928 1947 1947 1928 1928 1948 1948 1929 1929 1949 1949 1929 1929 1948 1948 1929 1929 1949 1949 1930 1930 1950 1950 1930 1930 1949 1949 1930 1930 1950 1950 1931 1931 1951 1951 1931 1931 1950 1950 1931 1931 1951 1951 1932 1932 1952 1952 1932 1932 1951 1951 1932 1932 1952 1952 1933 1933 1953 1953 1933 1933 1952 1952 1933 1933 1953 1953 1934 1934 1954 1954 1934 1934 1953 1953 1934 1934 1954 1954 1935 1935 1955 1955 1935 1935 1954 1954 1935 1935 1955 1955 1936 1936 1956 1956 1936 1936 1955 1955 1936 1936 1956 1956 1937 1937 1957 1957 1937 1937 1956 1956 1937 1937 1957 1957 1938 1938 1958 1958 1938 1938 1957 1957 1938 1938 1958 1958 1939 1939 1959 1959 1939 1939 1958 1958 1939 1939 1959 1959 2 2 234 234 233 233 265 265 1960 1960 265 265 233 233 265 265 1960 1960 1940 1940 1961 1961 1940 1940 1960 1960 1940 1940 1961 1961 1941 1941 1962 1962 1941 1941 1961 1961 1941 1941 1962 1962 1942 1942 1963 1963 1942 1942 1962 1962 1942 1942 1963 1963 1943 1943 1964 1964 1943 1943 1963 1963 1943 1943 1964 1964 1944 1944 1965 1965 1944 1944 1964 1964 1944 1944 1965 1965 1945 1945 1966 1966 1945 1945 1965 1965 1945 1945 1966 1966 1946 1946 1967 1967 1946 1946 1966 1966 1946 1946 1967 1967 1947 1947 1968 1968 1947 1947 1967 1967 1947 1947 1968 1968 1948 1948 1969 1969 1948 1948 1968 1968 1948 1948 1969 1969 1949 1949 1970 1970 1949 1949 1969 1969 1949 1949 1970 1970 1950 1950 1971 1971 1950 1950 1970 1970 1950 1950 1971 1971 1951 1951 1972 1972 1951 1951 1971 1971 1951 1951 1972 1972 1952 1952 1973 1973 1952 1952 1972 1972 1952 1952 1973 1973 1953 1953 1974 1974 1953 1953 1973 1973 1953 1953 1974 1974 1954 1954 1975 1975 1954 1954 1974 1974 1954 1954 1975 1975 1955 1955 1976 1976 1955 1955 1975 1975 1955 1955 1976 1976 1956 1956 1977 1977 1956 1956 1976 1976 1956 1956 1977 1977 1957 1957 1978 1978 1957 1957 1977 1977 1957 1957 1978 1978 1958 1958 1979 1979 1958 1958 1978 1978 1958 1958 1979 1979 1959 1959 1980 1980 1959 1959 1979 1979 1959 1959 1980 1980 2 2 204 204 203 203 233 233 1981 1981 233 233 203 203 233 233 1981 1981 1960 1960 1982 1982 1960 1960 1981 1981 1960 1960 1982 1982 1961 1961 1983 1983 1961 1961 1982 1982 1961 1961 1983 1983 1962 1962 1984 1984 1962 1962 1983 1983 1962 1962 1984 1984 1963 1963 1985 1985 1963 1963 1984 1984 1963 1963 1985 1985 1964 1964 1986 1986 1964 1964 1985 1985 1964 1964 1986 1986 1965 1965 1987 1987 1965 1965 1986 1986 1965 1965 1987 1987 1966 1966 1988 1988 1966 1966 1987 1987 1966 1966 1988 1988 1967 1967 1989 1989 1967 1967 1988 1988 1967 1967 1989 1989 1968 1968 1990 1990 1968 1968 1989 1989 1968 1968 1990 1990 1969 1969 1991 1991 1969 1969 1990 1990 1969 1969 1991 1991 1970 1970 1992 1992 1970 1970 1991 1991 1970 1970 1992 1992 1971 1971 1993 1993 1971 1971 1992 1992 1971 1971 1993 1993 1972 1972 1994 1994 1972 1972 1993 1993 1972 1972 1994 1994 1973 1973 1995 1995 1973 1973 1994 1994 1973 1973 1995 1995 1974 1974 1996 1996 1974 1974 1995 1995 1974 1974 1996 1996 1975 1975 1997 1997 1975 1975 1996 1996 1975 1975 1997 1997 1976 1976 1998 1998 1976 1976 1997 1997 1976 1976 1998 1998 1977 1977 1999 1999 1977 1977 1998 1998 1977 1977 1999 1999 1978 1978 2000 2000 1978 1978 1999 1999 1978 1978 2000 2000 1979 1979 2001 2001 1979 1979 2000 2000 1979 1979 2001 2001 1980 1980 2002 2002 1980 1980 2001 2001 1980 1980 2002 2002 2 2 176 176 175 175 203 203 2003 2003 203 203 175 175 203 203 2003 2003 1981 1981 2004 2004 1981 1981 2003 2003 1981 1981 2004 2004 1982 1982 2005 2005 1982 1982 2004 2004 1982 1982 2005 2005 1983 1983 2006 2006 1983 1983 2005 2005 1983 1983 2006 2006 1984 1984 2007 2007 1984 1984 2006 2006 1984 1984 2007 2007 1985 1985 2008 2008 1985 1985 2007 2007 1985 1985 2008 2008 1986 1986 2009 2009 1986 1986 2008 2008 1986 1986 2009 2009 1987 1987 2010 2010 1987 1987 2009 2009 1987 1987 2010 2010 1988 1988 2011 2011 1988 1988 2010 2010 1988 1988 2011 2011 1989 1989 2012 2012 1989 1989 2011 2011 1989 1989 2012 2012 1990 1990 2013 2013 1990 1990 2012 2012 1990 1990 2013 2013 1991 1991 2014 2014 1991 1991 2013 2013 1991 1991 2014 2014 1992 1992 2015 2015 1992 1992 2014 2014 1992 1992 2015 2015 1993 1993 2016 2016 1993 1993 2015 2015 1993 1993 2016 2016 1994 1994 2017 2017 1994 1994 2016 2016 1994 1994 2017 2017 1995 1995 2018 2018 1995 1995 2017 2017 1995 1995 2018 2018 1996 1996 2019 2019 1996 1996 2018 2018 1996 1996 2019 2019 1997 1997 2020 2020 1997 1997 2019 2019 1997 1997 2020 2020 1998 1998 2021 2021 1998 1998 2020 2020 1998 1998 2021 2021 1999 1999 2022 2022 1999 1999 2021 2021 1999 1999 2022 2022 2000 2000 2023 2023 2000 2000 2022 2022 2000 2000 2023 2023 2001 2001 2024 2024 2001 2001 2023 2023 2001 2001 2024 2024 2002 2002 2025 2025 2002 2002 2024 2024 2002 2002 2025 2025 2 2 150 150 149 149 175 175 2026 2026 175 175 149 149 175 175 2026 2026 2003 2003 2027 2027 2003 2003 2026 2026 2003 2003 2027 2027 2004 2004 2028 2028 2004 2004 2027 2027 2004 2004 2028 2028 2005 2005 2029 2029 2005 2005 2028 2028 2005 2005 2029 2029 2006 2006 2030 2030 2006 2006 2029 2029 2006 2006 2030 2030 2007 2007 2031 2031 2007 2007 2030 2030 2007 2007 2031 2031 2008 2008 2032 2032 2008 2008 2031 2031 2008 2008 2032 2032 2009 2009 2033 2033 2009 2009 2032 2032 2009 2009 2033 2033 2010 2010 2034 2034 2010 2010 2033 2033 2010 2010 2034 2034 2011 2011 2035 2035 2011 2011 2034 2034 2011 2011 2035 2035 2012 2012 2036 2036 2012 2012 2035 2035 2012 2012 2036 2036 2013 2013 2037 2037 2013 2013 2036 2036 2013 2013 2037 2037 2014 2014 2038 2038 2014 2014 2037 2037 2014 2014 2038 2038 2015 2015 2039 2039 2015 2015 2038 2038 2015 2015 2039 2039 2016 2016 2040 2040 2016 2016 2039 2039 2016 2016 2040 2040 2017 2017 2041 2041 2017 2017 2040 2040 2017 2017 2041 2041 2018 2018 2042 2042 2018 2018 2041 2041 2018 2018 2042 2042 2019 2019 2043 2043 2019 2019 2042 2042 2019 2019 2043 2043 2020 2020 2044 2044 2020 2020 2043 2043 2020 2020 2044 2044 2021 2021 2045 2045 2021 2021 2044 2044 2021 2021 2045 2045 2022 2022 2046 2046 2022 2022 2045 2045 2022 2022 2046 2046 2023 2023 2047 2047 2023 2023 2046 2046 2023 2023 2047 2047 2024 2024 2048 2048 2024 2024 2047 2047 2024 2024 2048 2048 2025 2025 2049 2049 2025 2025 2048 2048 2025 2025 2049 2049 2 2 126 126 125 125 149 149 2050 2050 149 149 125 125 149 149 2050 2050 2026 2026 2051 2051 2026 2026 2050 2050 2026 2026 2051 2051 2027 2027 2052 2052 2027 2027 2051 2051 2027 2027 2052 2052 2028 2028 2053 2053 2028 2028 2052 2052 2028 2028 2053 2053 2029 2029 2054 2054 2029 2029 2053 2053 2029 2029 2054 2054 2030 2030 2055 2055 2030 2030 2054 2054 2030 2030 2055 2055 2031 2031 2056 2056 2031 2031 2055 2055 2031 2031 2056 2056 2032 2032 2057 2057 2032 2032 2056 2056 2032 2032 2057 2057 2033 2033 2058 2058 2033 2033 2057 2057 2033 2033 2058 2058 2034 2034 2059 2059 2034 2034 2058 2058 2034 2034 2059 2059 2035 2035 2060 2060 2035 2035 2059 2059 2035 2035 2060 2060 2036 2036 2061 2061 2036 2036 2060 2060 2036 2036 2061 2061 2037 2037 2062 2062 2037 2037 2061 2061 2037 2037 2062 2062 2038 2038 2063 2063 2038 2038 2062 2062 2038 2038 2063 2063 2039 2039 2064 2064 2039 2039 2063 2063 2039 2039 2064 2064 2040 2040 2065 2065 2040 2040 2064 2064 2040 2040 2065 2065 2041 2041 2066 2066 2041 2041 2065 2065 2041 2041 2066 2066 2042 2042 2067 2067 2042 2042 2066 2066 2042 2042 2067 2067 2043 2043 2068 2068 2043 2043 2067 2067 2043 2043 2068 2068 2044 2044 2069 2069 2044 2044 2068 2068 2044 2044 2069 2069 2045 2045 2070 2070 2045 2045 2069 2069 2045 2045 2070 2070 2046 2046 2071 2071 2046 2046 2070 2070 2046 2046 2071 2071 2047 2047 2072 2072 2047 2047 2071 2071 2047 2047 2072 2072 2048 2048 2073 2073 2048 2048 2072 2072 2048 2048 2073 2073 2049 2049 2074 2074 2049 2049 2073 2073 2049 2049 2074 2074 2 2 104 104 103 103 125 125 2075 2075 125 125 103 103 125 125 2075 2075 2050 2050 2076 2076 2050 2050 2075 2075 2050 2050 2076 2076 2051 2051 2077 2077 2051 2051 2076 2076 2051 2051 2077 2077 2052 2052 2078 2078 2052 2052 2077 2077 2052 2052 2078 2078 2053 2053 2079 2079 2053 2053 2078 2078 2053 2053 2079 2079 2054 2054 2080 2080 2054 2054 2079 2079 2054 2054 2080 2080 2055 2055 2081 2081 2055 2055 2080 2080 2055 2055 2081 2081 2056 2056 2082 2082 2056 2056 2081 2081 2056 2056 2082 2082 2057 2057 2083 2083 2057 2057 2082 2082 2057 2057 2083 2083 2058 2058 2084 2084 2058 2058 2083 2083 2058 2058 2084 2084 2059 2059 2085 2085 2059 2059 2084 2084 2059 2059 2085 2085 2060 2060 2086 2086 2060 2060 2085 2085 2060 2060 2086 2086 2061 2061 2087 2087 2061 2061 2086 2086 2061 2061 2087 2087 2062 2062 2088 2088 2062 2062 2087 2087 2062 2062 2088 2088 2063 2063 2089 2089 2063 2063 2088 2088 2063 2063 2089 2089 2064 2064 2090 2090 2064 2064 2089 2089 2064 2064 2090 2090 2065 2065 2091 2091 2065 2065 2090 2090 2065 2065 2091 2091 2066 2066 2092 2092 2066 2066 2091 2091 2066 2066 2092 2092 2067 2067 2093 2093 2067 2067 2092 2092 2067 2067 2093 2093 2068 2068 2094 2094 2068 2068 2093 2093 2068 2068 2094 2094 2069 2069 2095 2095 2069 2069 2094 2094 2069 2069 2095 2095 2070 2070 2096 2096 2070 2070 2095 2095 2070 2070 2096 2096 2071 2071 2097 2097 2071 2071 2096 2096 2071 2071 2097 2097 2072 2072 2098 2098 2072 2072 2097 2097 2072 2072 2098 2098 2073 2073 2099 2099 2073 2073 2098 2098 2073 2073 2099 2099 2074 2074 2100 2100 2074 2074 2099 2099 2074 2074 2100 2100 2 2 84 84 83 83 103 103 2101 2101 103 103 83 83 103 103 2101 2101 2075 2075 2102 2102 2075 2075 2101 2101 2075 2075 2102 2102 2076 2076 2103 2103 2076 2076 2102 2102 2076 2076 2103 2103 2077 2077 2104 2104 2077 2077 2103 2103 2077 2077 2104 2104 2078 2078 2105 2105 2078 2078 2104 2104 2078 2078 2105 2105 2079 2079 2106 2106 2079 2079 2105 2105 2079 2079 2106 2106 2080 2080 2107 2107 2080 2080 2106 2106 2080 2080 2107 2107 2081 2081 2108 2108 2081 2081 2107 2107 2081 2081 2108 2108 2082 2082 2109 2109 2082 2082 2108 2108 2082 2082 2109 2109 2083 2083 2110 2110 2083 2083 2109 2109 2083 2083 2110 2110 2084 2084 2111 2111 2084 2084 2110 2110 2084 2084 2111 2111 2085 2085 2112 2112 2085 2085 2111 2111 2085 2085 2112 2112 2086 2086 2113 2113 2086 2086 2112 2112 2086 2086 2113 2113 2087 2087 2114 2114 2087 2087 2113 2113 2087 2087 2114 2114 2088 2088 2115 2115 2088 2088 2114 2114 2088 2088 2115 2115 2089 2089 2116 2116 2089 2089 2115 2115 2089 2089 2116 2116 2090 2090 2117 2117 2090 2090 2116 2116 2090 2090 2117 2117 2091 2091 2118 2118 2091 2091 2117 2117 2091 2091 2118 2118 2092 2092 2119 2119 2092 2092 2118 2118 2092 2092 2119 2119 2093 2093 2120 2120 2093 2093 2119 2119 2093 2093 2120 2120 2094 2094 2121 2121 2094 2094 2120 2120 2094 2094 2121 2121 2095 2095 2122 2122 2095 2095 2121 2121 2095 2095 2122 2122 2096 2096 2123 2123 2096 2096 2122 2122 2096 2096 2123 2123 2097 2097 2124 2124 2097 2097 2123 2123 2097 2097 2124 2124 2098 2098 2125 2125 2098 2098 2124 2124 2098 2098 2125 2125 2099 2099 2126 2126 2099 2099 2125 2125 2099 2099 2126 2126 2100 2100 2127 2127 2100 2100 2126 2126 2100 2100 2127 2127 2 2 66 66 65 65 83 83 2128 2128 83 83 65 65 83 83 2128 2128 2101 2101 2129 2129 2101 2101 2128 2128 2101 2101 2129 2129 2102 2102 2130 2130 2102 2102 2129 2129 2102 2102 2130 2130 2103 2103 2131 2131 2103 2103 2130 2130 2103 2103 2131 2131 2104 2104 2132 2132 2104 2104 2131 2131 2104 2104 2132 2132 2105 2105 2133 2133 2105 2105 2132 2132 2105 2105 2133 2133 2106 2106 2134 2134 2106 2106 2133 2133 2106 2106 2134 2134 2107 2107 2135 2135 2107 2107 2134 2134 2107 2107 2135 2135 2108 2108 2136 2136 2108 2108 2135 2135 2108 2108 2136 2136 2109 2109 2137 2137 2109 2109 2136 2136 2109 2109 2137 2137 2110 2110 2138 2138 2110 2110 2137 2137 2110 2110 2138 2138 2111 2111 2139 2139 2111 2111 2138 2138 2111 2111 2139 2139 2112 2112 2140 2140 2112 2112 2139 2139 2112 2112 2140 2140 2113 2113 2141 2141 2113 2113 2140 2140 2113 2113 2141 2141 2114 2114 2142 2142 2114 2114 2141 2141 2114 2114 2142 2142 2115 2115 2143 2143 2115 2115 2142 2142 2115 2115 2143 2143 2116 2116 2144 2144 2116 2116 2143 2143 2116 2116 2144 2144 2117 2117 2145 2145 2117 2117 2144 2144 2117 2117 2145 2145 2118 2118 2146 2146 2118 2118 2145 2145 2118 2118 2146 2146 2119 2119 2147 2147 2119 2119 2146 2146 2119 2119 2147 2147 2120 2120 2148 2148 2120 2120 2147 2147 2120 2120 2148 2148 2121 2121 2149 2149 2121 2121 2148 2148 2121 2121 2149 2149 2122 2122 2150 2150 2122 2122 2149 2149 2122 2122 2150 2150 2123 2123 2151 2151 2123 2123 2150 2150 2123 2123 2151 2151 2124 2124 2152 2152 2124 2124 2151 2151 2124 2124 2152 2152 2125 2125 2153 2153 2125 2125 2152 2152 2125 2125 2153 2153 2126 2126 2154 2154 2126 2126 2153 2153 2126 2126 2154 2154 2127 2127 2155 2155 2127 2127 2154 2154 2127 2127 2155 2155 2 2 49 49 48 48 65 65 2156 2156 65 65 48 48 65 65 2156 2156 2128 2128 2157 2157 2128 2128 2156 2156 2128 2128 2157 2157 2129 2129 2158 2158 2129 2129 2157 2157 2129 2129 2158 2158 2130 2130 2159 2159 2130 2130 2158 2158 2130 2130 2159 2159 2131 2131 2160 2160 2131 2131 2159 2159 2131 2131 2160 2160 2132 2132 2161 2161 2132 2132 2160 2160 2132 2132 2161 2161 2133 2133 2162 2162 2133 2133 2161 2161 2133 2133 2162 2162 2134 2134 2163 2163 2134 2134 2162 2162 2134 2134 2163 2163 2135 2135 2164 2164 2135 2135 2163 2163 2135 2135 2164 2164 2136 2136 2165 2165 2136 2136 2164 2164 2136 2136 2165 2165 2137 2137 2166 2166 2137 2137 2165 2165 2137 2137 2166 2166 2138 2138 2167 2167 2138 2138 2166 2166 2138 2138 2167 2167 2139 2139 2168 2168 2139 2139 2167 2167 2139 2139 2168 2168 2140 2140 2169 2169 2140 2140 2168 2168 2140 2140 2169 2169 2141 2141 2170 2170 2141 2141 2169 2169 2141 2141 2170 2170 2142 2142 2171 2171 2142 2142 2170 2170 2142 2142 2171 2171 2143 2143 2172 2172 2143 2143 2171 2171 2143 2143 2172 2172 2144 2144 2173 2173 2144 2144 2172 2172 2144 2144 2173 2173 2145 2145 2174 2174 2145 2145 2173 2173 2145 2145 2174 2174 2146 2146 2175 2175 2146 2146 2174 2174 2146 2146 2175 2175 2147 2147 2176 2176 2147 2147 2175 2175 2147 2147 2176 2176 2148 2148 2177 2177 2148 2148 2176 2176 2148 2148 2177 2177 2149 2149 2178 2178 2149 2149 2177 2177 2149 2149 2178 2178 2150 2150 2179 2179 2150 2150 2178 2178 2150 2150 2179 2179 2151 2151 2180 2180 2151 2151 2179 2179 2151 2151 2180 2180 2152 2152 2181 2181 2152 2152 2180 2180 2152 2152 2181 2181 2153 2153 2182 2182 2153 2153 2181 2181 2153 2153 2182 2182 2154 2154 2183 2183 2154 2154 2182 2182 2154 2154 2183 2183 2155 2155 2184 2184 2155 2155 2183 2183 2155 2155 2184 2184 2 2 27 27 26 26 36 36 2185 2185 36 36 26 26 36 36 2185 2185 2186 2186 2187 2187 2186 2186 2185 2185 2186 2186 2187 2187 2188 2188 2189 2189 2188 2188 2187 2187 2188 2188 2189 2189 2190 2190 2191 2191 2190 2190 2189 2189 2190 2190 2191 2191 2192 2192 2193 2193 2192 2192 2191 2191 2192 2192 2193 2193 2194 2194 2195 2195 2194 2194 2193 2193 2194 2194 2195 2195 2196 2196 2197 2197 2196 2196 2195 2195 2196 2196 2197 2197 2198 2198 2199 2199 2198 2198 2197 2197 2198 2198 2199 2199 2200 2200 2201 2201 2200 2200 2199 2199 2200 2200 2201 2201 2202 2202 2203 2203 2202 2202 2201 2201 2202 2202 2203 2203 2204 2204 2205 2205 2204 2204 2203 2203 2204 2204 2205 2205 2206 2206 2207 2207 2206 2206 2205 2205 2206 2206 2207 2207 2208 2208 2209 2209 2208 2208 2207 2207 2208 2208 2209 2209 2210 2210 2211 2211 2210 2210 2209 2209 2210 2210 2211 2211 2212 2212 2213 2213 2212 2212 2211 2211 2212 2212 2213 2213 2214 2214 2215 2215 2214 2214 2213 2213 2214 2214 2215 2215 2216 2216 2217 2217 2216 2216 2215 2215 2216 2216 2217 2217 2218 2218 2219 2219 2218 2218 2217 2217 2218 2218 2219 2219 2220 2220 2221 2221 2220 2220 2219 2219 2220 2220 2221 2221 2222 2222 2223 2223 2222 2222 2221 2221 2222 2222 2223 2223 2224 2224 2225 2225 2224 2224 2223 2223 2224 2224 2225 2225 2226 2226 2227 2227 2226 2226 2225 2225 2226 2226 2227 2227 2228 2228 2229 2229 2228 2228 2227 2227 2228 2228 2229 2229 2230 2230 2231 2231 2230 2230 2229 2229 2230 2230 2231 2231 2232 2232 2233 2233 2232 2232 2231 2231 2232 2232 2233 2233 2234 2234 2235 2235 2234 2234 2233 2233 2234 2234 2235 2235 2236 2236 2237 2237 2236 2236 2235 2235 2236 2236 2237 2237 2238 2238 2239 2239 2238 2238 2237 2237 2238 2238 2239 2239 2240 2240 2241 2241 2240 2240 2239 2239 2240 2240 2241 2241 2242 2242 2243 2243 2242 2242 2241 2241 2242 2242 2243 2243 2244 2244 2245 2245 2244 2244 2243 2243 2244 2244 2245 2245 2 2 25 25 1143 1143 26 26 1183 1183 26 26 1143 1143 26 26 1183 1183 2185 2185 1184 1184 2185 2185 1183 1183 2185 2185 1184 1184 2187 2187 1185 1185 2187 2187 1184 1184 2187 2187 1185 1185 2189 2189 1186 1186 2189 2189 1185 1185 2189 2189 1186 1186 2191 2191 1187 1187 2191 2191 1186 1186 2191 2191 1187 1187 2193 2193 1188 1188 2193 2193 1187 1187 2193 2193 1188 1188 2195 2195 1189 1189 2195 2195 1188 1188 2195 2195 1189 1189 2197 2197 1190 1190 2197 2197 1189 1189 2197 2197 1190 1190 2199 2199 1191 1191 2199 2199 1190 1190 2199 2199 1191 1191 2201 2201 1192 1192 2201 2201 1191 1191 2201 2201 1192 1192 2203 2203 1193 1193 2203 2203 1192 1192 2203 2203 1193 1193 2205 2205 1194 1194 2205 2205 1193 1193 2205 2205 1194 1194 2207 2207 1195 1195 2207 2207 1194 1194 2207 2207 1195 1195 2209 2209 1196 1196 2209 2209 1195 1195 2209 2209 1196 1196 2211 2211 1197 1197 2211 2211 1196 1196 2211 2211 1197 1197 2213 2213 1198 1198 2213 2213 1197 1197 2213 2213 1198 1198 2215 2215 1199 1199 2215 2215 1198 1198 2215 2215 1199 1199 2217 2217 1200 1200 2217 2217 1199 1199 2217 2217 1200 1200 2219 2219 1201 1201 2219 2219 1200 1200 2219 2219 1201 1201 2221 2221 1202 1202 2221 2221 1201 1201 2221 2221 1202 1202 2223 2223 1203 1203 2223 2223 1202 1202 2223 2223 1203 1203 2225 2225 1204 1204 2225 2225 1203 1203 2225 2225 1204 1204 2227 2227 1205 1205 2227 2227 1204 1204 2227 2227 1205 1205 2229 2229 1206 1206 2229 2229 1205 1205 2229 2229 1206 1206 2231 2231 1207 1207 2231 2231 1206 1206 2231 2231 1207 1207 2233 2233 1208 1208 2233 2233 1207 1207 2233 2233 1208 1208 2235 2235 1209 1209 2235 2235 1208 1208 2235 2235 1209 1209 2237 2237 1210 1210 2237 2237 1209 1209 2237 2237 1210 1210 2239 2239 1211 1211 2239 2239 1210 1210 2239 2239 1211 1211 2241 2241 1212 1212 2241 2241 1211 1211 2241 2241 1212 1212 2243 2243 1213 1213 2243 2243 1212 1212 2243 2243 1213 1213 2245 2245 1214 1214 2245 2245 1213 1213 2245 2245 1214 1214 2 2 37 37 36 36 48 48 2186 2186 48 48 36 36 48 48 2186 2186 2156 2156 2188 2188 2156 2156 2186 2186 2156 2156 2188 2188 2157 2157 2190 2190 2157 2157 2188 2188 2157 2157 2190 2190 2158 2158 2192 2192 2158 2158 2190 2190 2158 2158 2192 2192 2159 2159 2194 2194 2159 2159 2192 2192 2159 2159 2194 2194 2160 2160 2196 2196 2160 2160 2194 2194 2160 2160 2196 2196 2161 2161 2198 2198 2161 2161 2196 2196 2161 2161 2198 2198 2162 2162 2200 2200 2162 2162 2198 2198 2162 2162 2200 2200 2163 2163 2202 2202 2163 2163 2200 2200 2163 2163 2202 2202 2164 2164 2204 2204 2164 2164 2202 2202 2164 2164 2204 2204 2165 2165 2206 2206 2165 2165 2204 2204 2165 2165 2206 2206 2166 2166 2208 2208 2166 2166 2206 2206 2166 2166 2208 2208 2167 2167 2210 2210 2167 2167 2208 2208 2167 2167 2210 2210 2168 2168 2212 2212 2168 2168 2210 2210 2168 2168 2212 2212 2169 2169 2214 2214 2169 2169 2212 2212 2169 2169 2214 2214 2170 2170 2216 2216 2170 2170 2214 2214 2170 2170 2216 2216 2171 2171 2218 2218 2171 2171 2216 2216 2171 2171 2218 2218 2172 2172 2220 2220 2172 2172 2218 2218 2172 2172 2220 2220 2173 2173 2222 2222 2173 2173 2220 2220 2173 2173 2222 2222 2174 2174 2224 2224 2174 2174 2222 2222 2174 2174 2224 2224 2175 2175 2226 2226 2175 2175 2224 2224 2175 2175 2226 2226 2176 2176 2228 2228 2176 2176 2226 2226 2176 2176 2228 2228 2177 2177 2230 2230 2177 2177 2228 2228 2177 2177 2230 2230 2178 2178 2232 2232 2178 2178 2230 2230 2178 2178 2232 2232 2179 2179 2234 2234 2179 2179 2232 2232 2179 2179 2234 2234 2180 2180 2236 2236 2180 2180 2234 2234 2180 2180 2236 2236 2181 2181 2238 2238 2181 2181 2236 2236 2181 2181 2238 2238 2182 2182 2240 2240 2182 2182 2238 2238 2182 2182 2240 2240 2183 2183 2242 2242 2183 2183 2240 2240 2183 2183 2242 2242 2184 2184 2244 2244 2184 2184 2242 2242 2184 2184 2244 2244 2 2 923 923 1215 1215 921 921 1217 1217 921 921 1215 1215 921 921 1217 1217 919 919 1219 1219 919 919 1217 1217 919 919 1219 1219 917 917 1221 1221 917 917 1219 1219 917 917 1221 1221 915 915 1223 1223 915 915 1221 1221 915 915 1223 1223 913 913 1225 1225 913 913 1223 1223 913 913 1225 1225 911 911 1227 1227 911 911 1225 1225 911 911 1227 1227 909 909 1229 1229 909 909 1227 1227 909 909 1229 1229 907 907 1231 1231 907 907 1229 1229 907 907 1231 1231 905 905 1233 1233 905 905 1231 1231 905 905 1233 1233 903 903 1235 1235 903 903 1233 1233 903 903 1235 1235 901 901 1237 1237 901 901 1235 1235 901 901 1237 1237 899 899 1239 1239 899 899 1237 1237 899 899 1239 1239 897 897 1241 1241 897 897 1239 1239 897 897 1241 1241 895 895 1243 1243 895 895 1241 1241 895 895 1243 1243 893 893 1245 1245 893 893 1243 1243 893 893 1245 1245 891 891 1247 1247 891 891 1245 1245 891 891 1247 1247 889 889 1249 1249 889 889 1247 1247 889 889 1249 1249 887 887 1251 1251 887 887 1249 1249 887 887 1251 1251 885 885 1253 1253 885 885 1251 1251 885 885 1253 1253 883 883 1255 1255 883 883 1253 1253 883 883 1255 1255 881 881 1257 1257 881 881 1255 1255 881 881 1257 1257 879 879 1259 1259 879 879 1257 1257 879 879 1259 1259 877 877 1261 1261 877 877 1259 1259 877 877 1261 1261 875 875 1263 1263 875 875 1261 1261 875 875 1263 1263 873 873 1265 1265 873 873 1263 1263 873 873 1265 1265 871 871 1267 1267 871 871 1265 1265 871 871 1267 1267 870 870 1269 1269 870 870 1267 1267 870 870 1269 1269 869 869 1271 1271 869 869 1269 1269 869 869 1271 1271 1010 1010 1273 1273 1010 1010 1271 1271 1010 1010 1273 1273 1075 1075 1275 1275 1075 1075 1273 1273 1075 1075 1275 1275 1142 1142 1277 1277 1142 1142 1275 1275 1142 1142 1277 1277 1214 1214 2 2 1214 1214 1277 1277 2 2 1685 1685 0 0 1687 1687 0 0 1685 1685 0 0 1687 1687 1182 1182 1689 1689 1182 1182 1687 1687 1182 1182 1689 1689 1178 1178 1691 1691 1178 1178 1689 1689 1178 1178 1691 1691 1111 1111 1693 1693 1111 1111 1691 1691 1111 1111 1693 1693 1045 1045 1695 1695 1045 1045 1693 1693 1045 1045 1695 1695 956 956 1697 1697 956 956 1695 1695 956 956 1697 1697 868 868 1699 1699 868 868 1697 1697 868 868 1699 1699 836 836 1701 1701 836 836 1699 1699 836 836 1701 1701 805 805 1703 1703 805 805 1701 1701 805 805 1703 1703 750 750 1705 1705 750 750 1703 1703 750 750 1705 1705 696 696 1707 1707 696 696 1705 1705 696 696 1707 1707 644 644 1709 1709 644 644 1707 1707 644 644 1709 1709 594 594 1711 1711 594 594 1709 1709 594 594 1711 1711 546 546 1713 1713 546 546 1711 1711 546 546 1713 1713 500 500 1715 1715 500 500 1713 1713 500 500 1715 1715 456 456 1717 1717 456 456 1715 1715 456 456 1717 1717 414 414 1719 1719 414 414 1717 1717 414 414 1719 1719 374 374 1721 1721 374 374 1719 1719 374 374 1721 1721 336 336 1723 1723 336 336 1721 1721 336 336 1723 1723 300 300 1725 1725 300 300 1723 1723 300 300 1725 1725 266 266 1727 1727 266 266 1725 1725 266 266 1727 1727 234 234 1729 1729 234 234 1727 1727 234 234 1729 1729 204 204 1731 1731 204 204 1729 1729 204 204 1731 1731 176 176 1733 1733 176 176 1731 1731 176 176 1733 1733 150 150 1735 1735 150 150 1733 1733 150 150 1735 1735 126 126 1737 1737 126 126 1735 1735 126 126 1737 1737 104 104 1739 1739 104 104 1737 1737 104 104 1739 1739 84 84 1741 1741 84 84 1739 1739 84 84 1741 1741 66 66 1743 1743 66 66 1741 1741 66 66 1743 1743 49 49 1745 1745 49 49 1743 1743 49 49 1745 1745 37 37 1747 1747 37 37 1745 1745 37 37 1747 1747 27 27 1749 1749 27 27 1747 1747 27 27 1749 1749 25 25 14 14 25 25 1749 1749 1276 1276 2 2 1277 1277 1216 1216 56 56 1218 1218 58 58 1218 1218 56 56 1218 1218 58 58 1220 1220 75 75 1220 1220 58 58 1220 1220 75 75 1222 1222 94 94 1222 1222 75 75 1222 1222 94 94 1224 1224 115 115 1224 1224 94 94 1224 1224 115 115 1226 1226 138 138 1226 1226 115 115 1226 1226 138 138 1228 1228 163 163 1228 1228 138 138 1228 1228 163 163 1230 1230 190 190 1230 1230 163 163 1230 1230 190 190 1232 1232 219 219 1232 1232 190 190 1232 1232 219 219 1234 1234 250 250 1234 1234 219 219 1234 1234 250 250 1236 1236 283 283 1236 1236 250 250 1236 1236 283 283 1238 1238 318 318 1238 1238 283 283 1238 1238 318 318 1240 1240 355 355 1240 1240 318 318 1240 1240 355 355 1242 1242 394 394 1242 1242 355 355 1242 1242 394 394 1244 1244 435 435 1244 1244 394 394 1244 1244 435 435 1246 1246 478 478 1246 1246 435 435 1246 1246 478 478 1248 1248 523 523 1248 1248 478 478 1248 1248 523 523 1250 1250 570 570 1250 1250 523 523 1250 1250 570 570 1252 1252 619 619 1252 1252 570 570 1252 1252 619 619 1254 1254 670 670 1254 1254 619 619 1254 1254 670 670 1256 1256 723 723 1256 1256 670 670 1256 1256 723 723 1258 1258 777 777 1258 1258 723 723 1258 1258 777 777 1260 1260 807 807 1260 1260 777 777 1260 1260 807 807 1262 1262 838 838 1262 1262 807 807 1262 1262 838 838 1264 1264 925 925 1264 1264 838 838 1264 1264 925 925 1266 1266 1013 1013 1266 1266 925 925 1266 1266 1013 1013 1268 1268 1078 1078 1268 1268 1013 1013 1268 1268 1078 1078 1270 1270 1145 1145 1270 1270 1078 1078 1270 1270 1145 1145 1272 1272 1180 1180 1272 1272 1145 1145 1272 1272 1180 1180 1274 1274 3 3 1274 1274 1180 1180 1274 1274 3 3 1276 1276 2 2 1276 1276 3 3 1684 1684 1176 1176 1686 1686 1108 1108 1686 1686 1176 1176 1686 1686 1108 1108 1688 1688 1042 1042 1688 1688 1108 1108 1688 1688 1042 1042 1690 1690 953 953 1690 1690 1042 1042 1690 1690 953 953 1692 1692 865 865 1692 1692 953 953 1692 1692 865 865 1694 1694 833 833 1694 1694 865 865 1694 1694 833 833 1696 1696 802 802 1696 1696 833 833 1696 1696 802 802 1698 1698 747 747 1698 1698 802 802 1698 1698 747 747 1700 1700 693 693 1700 1700 747 747 1700 1700 693 693 1702 1702 641 641 1702 1702 693 693 1702 1702 641 641 1704 1704 591 591 1704 1704 641 641 1704 1704 591 591 1706 1706 543 543 1706 1706 591 591 1706 1706 543 543 1708 1708 497 497 1708 1708 543 543 1708 1708 497 497 1710 1710 453 453 1710 1710 497 497 1710 1710 453 453 1712 1712 411 411 1712 1712 453 453 1712 1712 411 411 1714 1714 371 371 1714 1714 411 411 1714 1714 371 371 1716 1716 333 333 1716 1716 371 371 1716 1716 333 333 1718 1718 297 297 1718 1718 333 333 1718 1718 297 297 1720 1720 263 263 1720 1720 297 297 1720 1720 263 263 1722 1722 231 231 1722 1722 263 263 1722 1722 231 231 1724 1724 201 201 1724 1724 231 231 1724 1724 201 201 1726 1726 173 173 1726 1726 201 201 1726 1726 173 173 1728 1728 147 147 1728 1728 173 173 1728 1728 147 147 1730 1730 123 123 1730 1730 147 147 1730 1730 123 123 1732 1732 101 101 1732 1732 123 123 1732 1732 101 101 1734 1734 81 81 1734 1734 101 101 1734 1734 81 81 1736 1736 63 63 1736 1736 81 81 1736 1736 63 63 1738 1738 46 46 1738 1738 63 63 1738 1738 46 46 1740 1740 34 34 1740 1740 46 46 1740 1740 34 34 1742 1742 23 23 1742 1742 34 34 1742 1742 23 23 1744 1744 8 8 1744 1744 23 23 1744 1744 8 8 1746 1746 10 10 1746 1746 8 8 1746 1746 10 10 1748 1748 14 14 1748 1748 10 10 923 923 1109 1109 1215 1215 1146 1146 1215 1215 1109 1109 1215 1215 1146 1146 1216 1216 1147 1147 1216 1216 1146 1146 1216 1216 1147 1147 56 56 1148 1148 56 56 1147 1147 56 56 1148 1148 57 57 1149 1149 57 57 1148 1148 57 57 1149 1149 1656 1656 1150 1150 1656 1656 1149 1149 1656 1656 1150 1150 1657 1657 1151 1151 1657 1657 1150 1150 1657 1657 1151 1151 1658 1658 1152 1152 1658 1658 1151 1151 1658 1658 1152 1152 1659 1659 1153 1153 1659 1659 1152 1152 1659 1659 1153 1153 1660 1660 1154 1154 1660 1660 1153 1153 1660 1660 1154 1154 1661 1661 1155 1155 1661 1661 1154 1154 1661 1661 1155 1155 1662 1662 1156 1156 1662 1662 1155 1155 1662 1662 1156 1156 1663 1663 1157 1157 1663 1663 1156 1156 1663 1663 1157 1157 1664 1664 1158 1158 1664 1664 1157 1157 1664 1664 1158 1158 1665 1665 1159 1159 1665 1665 1158 1158 1665 1665 1159 1159 1666 1666 1160 1160 1666 1666 1159 1159 1666 1666 1160 1160 1667 1667 1161 1161 1667 1667 1160 1160 1667 1667 1161 1161 1668 1668 1162 1162 1668 1668 1161 1161 1668 1668 1162 1162 1669 1669 1163 1163 1669 1669 1162 1162 1669 1669 1163 1163 1670 1670 1164 1164 1670 1670 1163 1163 1670 1670 1164 1164 1671 1671 1165 1165 1671 1671 1164 1164 1671 1671 1165 1165 1672 1672 1166 1166 1672 1672 1165 1165 1672 1672 1166 1166 1673 1673 1167 1167 1673 1673 1166 1166 1673 1673 1167 1167 1674 1674 1168 1168 1674 1674 1167 1167 1674 1674 1168 1168 1675 1675 1169 1169 1675 1675 1168 1168 1675 1675 1169 1169 1676 1676 1170 1170 1676 1676 1169 1169 1676 1676 1170 1170 1677 1677 1171 1171 1677 1677 1170 1170 1677 1677 1171 1171 1678 1678 1172 1172 1678 1678 1171 1171 1678 1678 1172 1172 1679 1679 1173 1173 1679 1679 1172 1172 1679 1679 1173 1173 1680 1680 1174 1174 1680 1680 1173 1173 1680 1680 1174 1174 1681 1681 1175 1175 1681 1681 1174 1174 1681 1681 1175 1175 1682 1682 1176 1176 1682 1682 1175 1175 1682 1682 1176 1176 1683 1683 1684 1684 1683 1683 1176 1176 1683 1683 1684 1684 2 2 922 922 14 14 923 923 7 7 775 775 872 872 720 720 872 872 775 775 872 872 720 720 874 874 667 667 874 874 720 720 874 874 667 667 876 876 616 616 876 876 667 667 876 876 616 616 878 878 567 567 878 878 616 616 878 878 567 567 880 880 520 520 880 880 567 567 880 880 520 520 882 882 475 475 882 882 520 520 882 882 475 475 884 884 432 432 884 884 475 475 884 884 432 432 886 886 391 391 886 886 432 432 886 886 391 391 888 888 352 352 888 888 391 391 888 888 352 352 890 890 315 315 890 890 352 352 890 890 315 315 892 892 280 280 892 892 315 315 892 892 280 280 894 894 247 247 894 894 280 280 894 894 247 247 896 896 216 216 896 896 247 247 896 896 216 216 898 898 187 187 898 898 216 216 898 898 187 187 900 900 160 160 900 900 187 187 900 900 160 160 902 902 135 135 902 902 160 160 902 902 135 135 904 904 112 112 904 904 135 135 904 904 112 112 906 906 91 91 906 906 112 112 906 906 91 91 908 908 72 72 908 908 91 91 908 908 72 72 910 910 54 54 910 910 72 72 910 910 54 54 912 912 41 41 912 912 54 54 912 912 41 41 914 914 30 30 914 914 41 41 914 914 30 30 916 916 20 20 916 916 30 30 916 916 20 20 918 918 11 11 918 918 20 20 918 918 11 11 920 920 13 13 920 920 11 11 920 920 13 13 922 922 14 14 922 922 13 13 7 7 6 6 775 775 1006 1006 775 775 6 6 775 775 1006 1006 774 774 1004 1004 774 774 1006 1006 774 774 1004 1004 773 773 1002 1002 773 773 1004 1004 773 773 1002 1002 772 772 1000 1000 772 772 1002 1002 772 772 1000 1000 771 771 998 998 771 771 1000 1000 771 771 998 998 770 770 996 996 770 770 998 998 770 770 996 996 769 769 994 994 769 769 996 996 769 769 994 994 768 768 992 992 768 768 994 994 768 768 992 992 767 767 990 990 767 767 992 992 767 767 990 990 766 766 988 988 766 766 990 990 766 766 988 988 765 765 986 986 765 765 988 988 765 765 986 986 764 764 984 984 764 764 986 986 764 764 984 984 763 763 982 982 763 763 984 984 763 763 982 982 762 762 980 980 762 762 982 982 762 762 980 980 761 761 978 978 761 761 980 980 761 761 978 978 760 760 976 976 760 760 978 978 760 760 976 976 759 759 974 974 759 759 976 976 759 759 974 974 758 758 972 972 758 758 974 974 758 758 972 972 757 757 970 970 757 757 972 972 757 757 970 970 756 756 968 968 756 756 970 970 756 756 968 968 755 755 966 966 755 755 968 968 755 755 966 966 754 754 964 964 754 754 966 966 754 754 964 964 753 753 962 962 753 753 964 964 753 753 962 962 752 752 960 960 752 752 962 962 752 752 960 960 751 751 958 958 751 751 960 960 751 751 958 958 721 721 17 17 721 721 958 958 721 721 17 17 14 14</p>
        </triangles>
      </mesh>
    </geometry>
  </library_geometries>
  <library_materials>
    <material id="f31ed0d51cba42d4bab38ec65d7ab034" name="defaultmaterial">
      <instance_effect url="#5ab1af305b4e42fb9babecf1be958301"/>
    </material>
  </library_materials>
  <library_visual_scenes>
    <visual_scene id="scene">
      <node id="node0" name="node0">
        <instance_geometry url="#c3d9f2dcc4f3417a9b3370e4d0483b15">
          <bind_material>
            <technique_common>
              <instance_material symbol="material0" target="#f31ed0d51cba42d4bab38ec65d7ab034"/>
            </technique_common>
          </bind_material>
        </instance_geometry>
      </node>
    </visual_scene>
  </library_visual_scenes>
  <scene>
    <instance_visual_scene url="#scene"/>
  </scene>
</COLLADA>
