<COLLADA xmlns="http://www.collada.org/2005/11/COLLADASchema" version="1.4.1">
  <asset>
    <created>2026-09-27T18:30:25.142074</created>
    <modified>2026-09-27T18:30:25.142074</modified>
    <up_axis>Y_UP</up_axis>
  </asset>
  <library_effects>
    <effect id="879e4a097854407db23afd25610c1d45" name="879e4a097854407db23afd25610c1d45">
      <profile_COMMON>
        <technique sid="common">
          <phong>
            <emission>
              <color>0.0 0.0 0.0 1.0</color>
            </emission>
            <ambient>
              <color>0.0 0.0 0.0 1.0</color>
            </ambient>
            <diffuse>
              <color>0.8941176470588236 0.8941176470588236 0.8941176470588236 1.0</color>
            </diffuse>
            <specular>
              <color>0.0 0.0 0.0 1.0</color>
            </specular>
            <shininess>
              <float>0.0</float>
            </shininess>
            <reflective>
              <color>0.0 0.0 0.0 1.0</color>
            </reflective>
            <reflectivity>
              <float>0.0</float>
            </reflectivity>
            <transparent>
              <color>0.0 0.0 0.0 1.0</color>
            </transparent>
            <transparency>
              <float>1.0</float>
            </transparency>
          </phong>
        </technique>
        <extra>
          <technique profile="GOOGLEEARTH">
            <double_sided>0</double_sided>
          </technique>
        </extra>
      </profile_COMMON>
    </effect>
  </library_effects>
  <library_geometries>
    <geometry id="328c004262a54a469e93bb78a953c84d" name="d6ce75a3a1234eb59a1474a42b54f065">
      <mesh>
        <source id="verts-array">
          <float_array count="3933" id="verts-array-array">0.004433368 -0.004696965 -0.003125503 0.004381538 -0.004645596 -0.003470355 -0.002182378 0.002237879 -0.006458647 -0.003830583 0.003985885 -0.005102559 -0.00397678 0.004142417 -0.004822581 -0.004381538 0.004645596 0.003470355 -0.0009712985 0.001082956 0.006490224 -1.23786e-14 6.035296e-05 0.00649972 0.0009712985 -0.0009622502 0.006509215 0.002872383 -0.002967145 0.006162246 0.00308941 -0.003197247 0.005990825 0.003488342 -0.003620952 0.005596182 0.003534951 -0.003670497 0.00554556 0.003665185 -0.003809366 0.005357731 0.003795419 -0.003948235 0.005169903 0.004447816 -0.004711285 -0.003029386 0.004363592 -0.004627808 -0.003589745 0.004307961 -0.004571239 -0.00380573 0.004224591 -0.004486464 -0.004129441 -0.003795419 0.003948235 -0.005169903 -0.004363592 0.004627808 0.003589745 -0.004307961 0.004571239 0.00380573 -0.004224591 0.004486464 0.004129441 -0.004105072 0.004363558 0.004445736 -0.004033244 0.004289695 0.00463582 -0.003976835 0.004231314 0.004744886 -0.003830596 0.004079963 0.005027674 -0.003795419 0.004043556 0.005095695 -0.003665185 0.003908199 0.00528607 -0.003534951 0.003772842 0.005476445 0.001456948 -0.001473552 0.006513963 0.001721672 -0.001752259 0.006516551 0.001941846 -0.001984278 0.006495584 0.003219837 -0.003335532 0.005887804 0.003294571 -0.003414974 0.005806629 0.003830583 -0.003985885 0.005102559 0.00397678 -0.004142417 0.004822581 0.004033926 -0.004203603 0.004713154 0.004460467 -0.00466989 0.002863204 0.004447954 -0.004654377 0.003114961 0.004433313 -0.004638059 0.003212163 0.004105072 -0.004363558 -0.004445736 0.004033244 -0.004289695 -0.00463582 0.003976835 -0.004231314 -0.004744886 0.003830596 -0.004079963 -0.005027674 0.003795419 -0.004043556 -0.005095695 0.003665185 -0.003908199 -0.00528607 0.003089444 -0.003307979 -0.005930521 0.003218783 -0.003443189 -0.005825851 0.00329453 -0.003522166 -0.005742134 -0.004033926 0.004203603 -0.004713154 -0.004105141 0.004280323 -0.004526048 -0.004224184 0.004408569 -0.004213316 -0.003488335 0.003724237 0.005527958 -0.00329453 0.003522166 0.005742134 -0.003218783 0.003443189 0.005825851 0.002116279 -0.002168094 0.00647898 0.002182378 -0.002237879 0.006458647 0.002419528 -0.002488254 0.006385709 0.004476347 -0.004689578 0.002543653 0.004476347 -0.004693147 0.002159269 0.004476347 -0.004699695 0.0014541 0.003534951 -0.003772842 -0.005476445 0.003488335 -0.003724237 -0.005527958 0.002182364 -0.002357411 -0.006415898 0.002115322 -0.002287025 -0.006437812 0.001941853 -0.002104562 -0.006457677 0.001721672 -0.001872965 -0.006482889 0.001456948 -0.001594258 -0.006485477 0.0009712985 -0.001082956 -0.006490224 -0.002501631 0.002574936 -0.006360453 -0.002650005 0.002731897 -0.006281127 -0.002872383 0.002967145 -0.006162246 -0.00308941 0.003197247 -0.005990825 -0.003219837 0.003335532 -0.005887804 -0.003294571 0.003414974 -0.005806629 -0.003488342 0.003620952 -0.005596182 -0.004307933 0.004499752 -0.003889938 -0.004363633 0.004560396 -0.003674882 -0.004381532 0.004580345 -0.003556022 -0.001941853 0.002104562 0.006457677 -0.002115322 0.002287025 0.006437812 -0.002182364 0.002357411 0.006415898 0.002501631 -0.002574936 0.006360453 0.002650005 -0.002731897 0.006281127 0.004105141 -0.004280323 0.004526048 0.004224184 -0.004408569 0.004213316 0.004307933 -0.004499752 0.003889938 0.004363633 -0.004560396 0.003674882 0.004381532 -0.004580345 0.003556022 -0.002419528 0.002488254 -0.006385709 -0.003534951 0.003670497 -0.00554556 -0.003665185 0.003809366 -0.005357731 -0.004433313 0.004638059 -0.003212163 -0.004447954 0.004654377 -0.003114961 -0.004460467 0.00466989 -0.002863204 -0.003089444 0.003307979 0.005930521 -0.002873264 0.003081985 0.006105487 -0.002649991 0.002848047 0.006229274 -0.002501507 0.002692471 0.006311602 -0.002419528 0.002606403 0.006338393 -0.001721672 0.001872965 0.006482889 -0.001456948 0.001594258 0.006485477 -0.004476347 0.004689578 -0.002543653 -0.004476347 0.004693147 -0.002159269 0.004476347 -0.004712791 4.376049e-05 0.004476347 -0.004725887 -0.001366579 0.004476347 -0.004732434 -0.002071748 0.002873264 -0.003081985 -0.006105487 0.002649991 -0.002848047 -0.006229274 0.002501507 -0.002692471 -0.006311602 0.002419528 -0.002606403 -0.006338393 1.23792e-14 -6.035296e-05 -0.00649972 -0.0009712985 0.0009622502 -0.006509215 -0.001456948 0.001473552 -0.006513963 0.004476347 -0.004736004 -0.002456132 0.004460425 -0.004722209 -0.002775984 -0.004476347 0.004699695 -0.0014541 -0.004476347 0.004712791 -4.376049e-05 -0.004476347 0.004725887 0.001366579 -0.004476347 0.004732434 0.002071748 -0.002116279 0.002168094 -0.00647898 -0.001941846 0.001984278 -0.006495584 -0.001721672 0.001752259 -0.006516551 -0.004460425 0.004722209 0.002775984 -0.004447816 0.004711285 0.003029386 -0.004433368 0.004696965 0.003125503 -0.004476347 0.004736004 0.002456132 -0.0143475 -0.01390663 0.0001291296 -0.01450152 -0.01377278 0.0001278868 -0.01434777 -0.01390715 4.099168e-05 -0.01028279 -0.004455958 0.003526086 -0.01017014 -0.004572901 0.003705969 -0.009096604 -0.003090924 0.004025263 -0.00896228 -0.003230687 0.004205008 -0.008663893 -0.003542029 0.004510122 -0.008817652 -0.003381463 0.004367025 -0.009914437 -0.004839224 0.004019256 -0.01004701 -0.004701013 0.003870746 -0.005247596 -0.009753937 0.003917665 -0.005124469 -0.009885087 0.003755296 -0.003592226 -0.008886047 0.004079073 -0.00346934 -0.009017235 0.003885233 -0.003261217 -0.009240374 0.003454006 -0.003358733 -0.009135635 0.003676313 -0.004910431 -0.01011388 0.003386104 -0.005011817 -0.01000535 0.003577615 -0.01448738 -0.01375747 0.0003308783 -0.01442668 -0.01382138 0.0003310667 -0.01462699 -0.01361156 0.0002145325 -0.01472411 -0.0134234 0.0003009282 -0.01472466 -0.01342445 0.0001246524 -0.01454808 -0.01369357 0.00032988 -0.01417384 -0.01308555 0.001340308 -0.01399172 -0.01327728 0.001342088 -0.01380762 -0.01310055 0.001543586 -0.01434777 -0.01390552 0.0002172621 -0.01236327 -0.01043912 0.002940805 -0.01257564 -0.01021558 0.002933059 -0.01319063 -0.01104654 0.002535317 -0.0121508 -0.01066281 0.002942882 -0.01172586 -0.0111102 0.002947036 -0.01087614 -0.01029941 0.003345775 -0.01205486 -0.01349598 0.001931824 -0.0121863 -0.01335657 0.002040145 -0.01287592 -0.013655 0.001659689 -0.01066687 -0.01222565 0.002900091 -0.01046716 -0.01243688 0.002798048 -0.009437628 -0.01181562 0.003175506 -0.01437271 -0.01388163 -3.762568e-05 -0.01439747 -0.01385579 -6.295472e-05 -0.01435543 -0.01389949 -1.494324e-06 -0.01442668 -0.01382514 -7.435578e-05 -0.01448738 -0.01376124 -7.535415e-05 -0.01454808 -0.01369733 -7.554255e-05 -0.01353787 -0.01377751 -0.001066311 -0.01362753 -0.01368332 -0.001089316 -0.01338273 -0.01357426 -0.001293058 -0.0117147 -0.01388107 -0.0009695351 -0.0116893 -0.0139058 -0.0007523061 -0.01247832 -0.01409438 -0.0005742694 -0.008683067 -0.01265482 -0.00163997 -0.008642422 -0.01269439 -0.001292407 -0.00977136 -0.0132058 -0.001111381 -0.009806916 -0.01317118 -0.001415496 -0.009878537 -0.01309847 -0.001706183 -0.008764916 -0.01257172 -0.001972186 -0.01460206 -0.01364017 -3.986777e-05 -0.01461933 -0.01362165 -4.074227e-06 -0.01457729 -0.01366648 -6.471257e-05 -0.01462699 -0.01361319 3.826211e-05 -0.01462727 -0.01361208 0.0001263946 -0.01472411 -0.01342667 -5.16126e-05 -0.01478683 -0.01208283 0.0001121948 -0.01471426 -0.01173379 0.0001089537 -0.01471426 -0.01173706 -0.0002436311 -0.01208641 -0.009084962 -0.003100289 -0.01184731 -0.009337231 -0.003156969 -0.01257564 -0.01026829 -0.002742856 -0.01278484 -0.01004755 -0.002693274 -0.01298456 -0.009836324 -0.002591231 -0.01231465 -0.008843557 -0.002983676 -0.01448423 -0.01095915 -0.0003390072 -0.01252496 -0.008620507 -0.002810369 -0.01316858 -0.00964116 -0.002439586 -0.01271093 -0.008422617 -0.002586167 -0.0133313 -0.009468003 -0.002243416 -0.01286659 -0.008256228 -0.00231766 -0.0134675 -0.009322417 -0.002008467 -0.01298736 -0.008126241 -0.002013464 -0.01357318 -0.009208678 -0.001742302 -0.01306921 -0.008036993 -0.001682848 -0.0136448 -0.00913058 -0.001453015 -0.01310986 -0.007990977 -0.001336081 -0.01368035 -0.009090326 -0.001149595 -0.01311431 -0.007983014 -0.0009837196 -0.01368426 -0.009083351 -0.0008412707 -0.01311431 -0.00797974 -0.0006311338 -0.01236327 -0.01049193 -0.00274645 -0.01160461 -0.009592811 -0.003161066 -0.0121508 -0.01071562 -0.002744373 -0.01136179 -0.009848463 -0.003158692 -0.01172586 -0.01116301 -0.002740219 -0.01414087 -0.0100736 -0.0004353837 -0.01413753 -0.01008203 -0.0009640992 -0.01410705 -0.01011654 -0.00122417 -0.01404566 -0.01018348 -0.001472139 -0.01395509 -0.01028096 -0.001700274 -0.01383834 -0.01040576 -0.001901654 -0.01369886 -0.01055418 -0.002069813 -0.01354113 -0.01072146 -0.002199785 -0.01336994 -0.01090252 -0.002287248 -0.01319063 -0.01109171 -0.002329753 -0.01282648 -0.01147514 -0.002331053 -0.01246224 -0.01185862 -0.002327492 -0.01209801 -0.01224209 -0.002323931 -0.01369236 -0.01180758 -0.001917648 -0.01408076 -0.0124158 -0.001506543 -0.01384179 -0.01164991 -0.001882231 -0.01420031 -0.01228967 -0.001478203 -0.01398445 -0.01149903 -0.001809349 -0.01431443 -0.01216897 -0.001419901 -0.01411589 -0.01135962 -0.001701028 -0.01441959 -0.01205744 -0.001333253 -0.01423212 -0.01123595 -0.001560901 -0.01451257 -0.0119585 -0.001221147 -0.01432941 -0.01113195 -0.001393089 -0.01459041 -0.0118753 -0.001086894 -0.01440489 -0.01105071 -0.001202965 -0.01465079 -0.01181031 -0.0009348007 -0.01445605 -0.01099493 -0.0009963342 -0.01469171 -0.01176569 -0.0007694899 -0.01448144 -0.01096617 -0.0007796019 -0.01471203 -0.01174268 -0.0005961061 -0.01483103 -0.01240495 0.0001151858 -0.01478683 -0.01208569 -0.0001963169 -0.01473128 -0.0121498 -0.0008010878 -0.01478343 -0.01246235 -0.000667628 -0.01476709 -0.01211075 -0.0006564431 -0.01481412 -0.01242888 -0.0005436464 -0.01478487 -0.01209062 -0.0005047325 -0.01482936 -0.01241162 -0.000413609 -0.01483103 -0.01240741 -0.0001492528 -0.01480722 -0.01274798 -0.0005344182 -0.0148328 -0.01272008 -0.0004310997 -0.0148455 -0.01270571 -0.0003227355 -0.01473363 -0.01308084 -0.0005446309 -0.01471808 -0.01329416 -0.000376127 -0.01476991 -0.01323859 -0.0002687463 -0.01479371 -0.0132099 0.0001226601 -0.01483336 -0.01297293 -0.0002321114 -0.01479287 -0.01321323 -0.0001417373 -0.0148232 -0.01298443 -0.0003188033 -0.01480274 -0.01300675 -0.0004014577 -0.01476948 -0.0127886 -0.0006294771 -0.01472084 -0.01284059 -0.0007133859 -0.01473814 -0.01251109 -0.0007816983 -0.01464377 -0.01337309 -0.0004506603 -0.01463456 -0.01318607 -0.0006440081 -0.01466272 -0.01290243 -0.0007834498 -0.01467977 -0.01257349 -0.0008823893 -0.01467844 -0.01220666 -0.0009341705 -0.01461034 -0.01227946 -0.00105164 -0.01461003 -0.0126477 -0.0009664669 -0.014597 -0.01297213 -0.0008376069 -0.0145775 -0.01324643 -0.000673162 -0.01455615 -0.01346565 -0.0004831523 -0.013838 -0.01267142 -0.00150741 -0.0133889 -0.0121271 -0.001918732 -0.01359518 -0.01292707 -0.001505036 -0.01308537 -0.01244666 -0.001915764 -0.01335235 -0.01318272 -0.001502662 -0.008885688 -0.01244741 -0.002278743 -0.009984213 -0.01298969 -0.001974415 -0.009041347 -0.01228603 -0.002550293 -0.01012041 -0.0128485 -0.002212026 -0.009227316 -0.01209234 -0.002778132 -0.01028314 -0.01267901 -0.002411378 -0.009437628 -0.01187255 -0.00295555 -0.01046716 -0.0124867 -0.002566621 -0.009665874 -0.01163335 -0.003076626 -0.01066687 -0.0122774 -0.002672569 -0.009904966 -0.01138218 -0.003137981 -0.01087607 -0.01205762 -0.002726242 -0.01014767 -0.01112672 -0.003146823 -0.01108844 -0.01183409 -0.002733987 -0.01039049 -0.01087106 -0.003149197 -0.01130091 -0.0116104 -0.002736065 -0.01087614 -0.01035976 -0.003153945 -0.009767455 -0.01320704 -0.0008029803 -0.008637967 -0.0126958 -0.0009399591 -0.009767455 -0.01320418 -0.0004944686 -0.008637967 -0.01269253 -0.0005873733 -0.009767455 -0.01319845 0.0001225538 -0.01173386 -0.01262543 -0.002315512 -0.01155454 -0.01281381 -0.002269501 -0.01138335 -0.01299321 -0.002178691 -0.01122563 -0.01315805 -0.002045635 -0.01108615 -0.01330332 -0.001874749 -0.0109694 -0.01342435 -0.001671086 -0.01087883 -0.01351758 -0.00144118 -0.01081744 -0.01357991 -0.001192011 -0.01078696 -0.01360958 -0.0009313442 -0.01078361 -0.01360819 -0.0004025633 -0.01078361 -0.01360328 0.0001263129 -0.01078361 -0.01359837 0.0006551891 -0.01423251 -0.0126796 -0.001301365 -0.01402009 -0.01290326 -0.001302128 -0.01380762 -0.01312696 -0.001300051 -0.01359515 -0.01335065 -0.001297974 -0.01433712 -0.01256923 -0.001276569 -0.01435591 -0.01291647 -0.001096437 -0.01417384 -0.01310818 -0.001097087 -0.01399172 -0.01329992 -0.001095307 -0.0138096 -0.01349166 -0.001093526 -0.01443697 -0.01246362 -0.001225547 -0.01444557 -0.01282187 -0.001075184 -0.01445096 -0.01312641 -0.0008917588 -0.01414747 -0.01344595 -0.0008908118 -0.01384397 -0.01376546 -0.0008858249 -0.01376926 -0.01384395 -0.0008666543 -0.01369793 -0.0139187 -0.0008288176 -0.01391531 -0.01394332 -0.0006369767 -0.01247839 -0.01308567 -0.001905781 -0.01232895 -0.01324266 -0.001867441 -0.01299004 -0.01356387 -0.001466372 -0.01287592 -0.01368347 -0.001405839 -0.01317827 -0.0137888 -0.001213242 -0.01308626 -0.01388496 -0.001135626 -0.01337341 -0.01394963 -0.0009543778 -0.01330367 -0.01402227 -0.0008689367 -0.01357409 -0.01404791 -0.0007021754 -0.01352545 -0.01409834 -0.0006173155 -0.01452898 -0.01236603 -0.00114973 -0.01453116 -0.01273134 -0.001031453 -0.01452567 -0.01304757 -0.000874049 -0.01451773 -0.01330949 -0.000687331 -0.01427493 -0.01356513 -0.0006865764 -0.01403214 -0.01382073 -0.0006825839 -0.01397237 -0.01388352 -0.0006672462 -0.01437405 -0.01365738 -0.0004825861 -0.01419196 -0.01384908 -0.000479592 -0.01410433 -0.01394103 -0.0004453868 -0.01381624 -0.01404669 -0.0005356625 -0.01363221 -0.01398738 -0.0007733755 -0.01345228 -0.01386721 -0.001020906 -0.01327813 -0.01368415 -0.001266216 -0.01310959 -0.01343828 -0.001497049 -0.0121863 -0.01339215 -0.00179177 -0.01277076 -0.01379336 -0.001317134 -0.0130049 -0.0139697 -0.001035945 -0.0132453 -0.01408278 -0.0007671044 -0.01348771 -0.01413719 -0.0005215187 -0.01278184 -0.01276622 -0.001912797 -0.01374713 -0.01411812 -0.0003911381 -0.01372667 -0.01413889 -0.0003080837 -0.01184134 -0.01375144 -0.001368766 -0.01176586 -0.01382914 -0.001177166 -0.01253956 -0.01403305 -0.0009141615 -0.01249864 -0.0140746 -0.0007480506 -0.01284816 -0.01413104 -0.0006376838 -0.01283037 -0.01414835 -0.0004856255 -0.01315408 -0.0141754 -0.0003972315 -0.01282842 -0.01414755 -0.0001771717 -0.0131524 -0.0141747 -0.0001328426 -0.01282842 -0.01414468 0.00013134 -0.0131524 -0.01417225 0.000131596 -0.0131524 -0.01416979 0.0003960346 -0.01403003 -0.01401855 -0.0003694007 -0.0139782 -0.01407212 -0.0002610066 -0.01395523 -0.01409512 -0.0001335486 -0.01247609 -0.01409346 -0.0002217508 -0.01168652 -0.01390464 -0.0003116568 -0.01247609 -0.01409018 0.000130834 -0.009227316 -0.01203867 0.003002199 -0.01028314 -0.01263205 0.002646404 -0.009041347 -0.01223656 0.002777997 -0.01012041 -0.0128052 0.002450233 -0.008885688 -0.01240295 0.00250949 -0.009984213 -0.01295079 0.002215285 -0.008764916 -0.01253293 0.002205294 -0.009878537 -0.01306453 0.001949119 -0.008683067 -0.01262218 0.001874679 -0.009806916 -0.01314263 0.001659832 -0.008642422 -0.0126682 0.001527911 -0.00977136 -0.01318288 0.001356412 -0.008637967 -0.01267616 0.00117555 -0.009767455 -0.01318986 0.001048088 -0.008637967 -0.01267943 0.0008229639 -0.009767455 -0.01319272 0.0007395762 -0.008637967 -0.01268598 0.0001177953 -0.01039049 -0.01081071 0.003350523 -0.01130091 -0.01155759 0.00295119 -0.01014767 -0.01106636 0.003352897 -0.01108844 -0.01178128 0.002953267 -0.009904966 -0.01132194 0.003348799 -0.01087607 -0.01200492 0.002949674 -0.009665874 -0.01157421 0.003292119 -0.01078696 -0.01358994 0.001183905 -0.01081744 -0.01355543 0.001443975 -0.01087883 -0.01348849 0.001691945 -0.0109694 -0.01339101 0.001920079 -0.01108615 -0.01326621 0.002121459 -0.01122563 -0.01311779 0.002289618 -0.01138335 -0.01295051 0.002419591 -0.01155454 -0.01276945 0.002507053 -0.01173386 -0.01258026 0.002549558 -0.01299004 -0.0135343 0.001717991 -0.01232895 -0.0132057 0.002113027 -0.01310959 -0.01340816 0.001746331 -0.01247839 -0.01304803 0.002148444 -0.01335235 -0.01315255 0.001747198 -0.01184731 -0.009276998 0.003329811 -0.01160461 -0.009532458 0.003338653 -0.01136179 -0.00978811 0.003341027 -0.01209801 -0.01219683 0.002550858 -0.01246224 -0.01181335 0.002547298 -0.01282648 -0.01142988 0.002543737 -0.01298736 -0.008087452 0.002164016 -0.01306921 -0.008004357 0.0018318 -0.0136448 -0.009102025 0.001622313 -0.01368426 -0.009080487 -0.000532759 -0.01311431 -0.007973192 7.403485e-05 -0.01368426 -0.009074757 8.42634e-05 -0.01311431 -0.007966644 0.0007792034 -0.01368426 -0.009069028 0.0007012858 -0.01311431 -0.00796337 0.001131789 -0.01368426 -0.009066163 0.001009798 -0.01310986 -0.007964789 0.001484238 -0.01368035 -0.009067411 0.001318198 -0.01384179 -0.01161295 0.002098237 -0.01336994 -0.01085816 0.002489306 -0.01278484 -0.009995808 0.002879386 -0.01208641 -0.009025825 0.003268456 -0.01431443 -0.0121405 0.001645626 -0.01398445 -0.01146345 0.002022566 -0.01354113 -0.01067876 0.002398496 -0.01298456 -0.009786511 0.002773438 -0.01231465 -0.008786627 0.00314738 -0.0143267 -0.0105253 9.773234e-05 -0.01414087 -0.01006869 9.349252e-05 -0.0143267 -0.01052079 0.0005825354 -0.01414087 -0.01006378 0.0006223687 -0.01448423 -0.01095505 0.0001017228 -0.01461342 -0.0113542 0.0005021202 -0.01448423 -0.01095096 0.0005424529 -0.01471203 -0.01172959 0.0008140572 -0.01448144 -0.01094981 0.0009831021 -0.01413753 -0.01006239 0.00115115 -0.01193863 -0.01365058 -0.00153848 -0.01259995 -0.0139709 -0.001067435 -0.01288397 -0.01409469 -0.0007830286 -0.01316932 -0.01416056 -0.0005275669 -0.01344943 -0.01417552 -0.0003090876 -0.01344804 -0.01417289 0.000131602 -0.01344943 -0.01416733 0.0005722644 -0.01168652 -0.01390055 0.0001290732 -0.01247609 -0.01408691 0.0004834188 -0.01282842 -0.01414182 0.0004398517 -0.01283037 -0.01413689 0.0007482673 -0.01315408 -0.01416558 0.0006603909 -0.01316932 -0.01414832 0.0007904283 -0.01346213 -0.01415296 0.0006806285 -0.01348771 -0.01412507 0.000783947 -0.01374713 -0.01410842 0.0006532348 -0.01168652 -0.01389646 0.0005698032 -0.0116893 -0.01388943 0.001010398 -0.01247832 -0.01408129 0.0008358938 -0.01249864 -0.01405828 0.001009278 -0.01284816 -0.01411676 0.0008999779 -0.01288397 -0.01407771 0.001044623 -0.01320001 -0.01411485 0.0009144098 -0.0132453 -0.01406611 0.00102848 -0.01352545 -0.01408445 0.000879006 -0.01357409 -0.01403245 0.0009629148 -0.01381624 -0.01403433 0.000796408 -0.01327813 -0.01365828 0.001520104 -0.01338273 -0.01354791 0.0015449 -0.01359515 -0.01332425 0.001545663 -0.0138096 -0.01346902 0.001343869 -0.01362753 -0.01366074 0.001343219 -0.01205486 -0.01352952 -0.00168088 -0.01267778 -0.01389021 -0.00120321 -0.0129368 -0.0140403 -0.0009171443 -0.01320001 -0.0141294 -0.0006521486 -0.01346213 -0.01416315 -0.0004177001 -0.01371651 -0.01414878 -0.0002211931 -0.01371539 -0.01414668 0.0001313586 -0.01395439 -0.01409354 0.0001308652 -0.01371651 -0.01414223 0.0004838885 -0.01395523 -0.01409021 0.0003952626 -0.0117147 -0.01386067 0.00122713 -0.01253956 -0.01401366 0.001174588 -0.0129368 -0.01402085 0.001177705 -0.01330367 -0.01400371 0.001129171 -0.01363221 -0.01397061 0.001032979 -0.01391531 -0.01392909 0.0008957852 -0.01410433 -0.01393035 0.0007041857 -0.01470879 -0.01344358 -0.0001362853 -0.01467424 -0.01348063 -0.0002078724 -0.01462471 -0.01353325 -0.0002575609 -0.01456629 -0.01359496 -0.0002792229 -0.01444489 -0.01372277 -0.0002788451 -0.01432349 -0.01385057 -0.0002768494 -0.01426508 -0.01391187 -0.0002540452 -0.01421554 -0.01396356 -0.0002033882 -0.01418099 -0.01399927 -0.0001311255 -0.01416568 -0.0140146 -4.615343e-05 -0.01416512 -0.01401355 0.0001301224 -0.01416568 -0.01401133 0.0003063874 -0.01435543 -0.01389706 0.0002595984 -0.0133889 -0.01208938 0.002143593 -0.01369236 -0.01176993 0.002136577 -0.01408076 -0.01238569 0.001736837 -0.01420031 -0.0122601 0.001706159 -0.01433712 -0.01254336 0.001509751 -0.01452898 -0.01234255 0.001379161 -0.01441959 -0.01203061 0.001556922 -0.01411589 -0.01132608 0.001911676 -0.01369886 -0.01051392 0.00226544 -0.01316858 -0.009594196 0.002618196 -0.01252496 -0.008566834 0.002969962 -0.01308537 -0.01240894 0.00214656 -0.013838 -0.01264125 0.00174245 -0.01423251 -0.01265325 0.001536593 -0.01444557 -0.01279969 0.001313093 -0.01467977 -0.01255493 0.001115719 -0.01461034 -0.01225781 0.00127948 -0.01451257 -0.01193376 0.001442998 -0.01423212 -0.01120503 0.001769276 -0.01383834 -0.01036865 0.002094554 -0.0133313 -0.009424712 0.002418843 -0.01271093 -0.008373142 0.002742123 -0.01193863 -0.01361966 0.001791697 -0.01277076 -0.01376652 0.001573041 -0.01317827 -0.0137639 0.001469082 -0.01353787 -0.01375534 0.001321966 -0.01384397 -0.01374663 0.001141288 -0.01414747 -0.01342709 0.001140341 -0.01445096 -0.01310759 0.001135354 -0.01278184 -0.0127285 0.002149528 -0.01359518 -0.0128969 0.001744824 -0.01402009 -0.01287686 0.001541509 -0.01435591 -0.01289388 0.001336098 -0.01452567 -0.01302909 0.001116183 -0.0145775 -0.01323164 0.0009190234 -0.01184134 -0.01372365 0.001623885 -0.01267778 -0.01386547 0.001460935 -0.01308626 -0.01386148 0.001393265 -0.01345228 -0.01384586 0.001278235 -0.01376926 -0.01382547 0.001123578 -0.01403214 -0.01380567 0.0009391081 -0.01427493 -0.01355004 0.0009383535 -0.01451773 -0.01329444 0.0009343611 -0.01476948 -0.0127747 0.0008668444 -0.01473814 -0.01249442 0.001013886 -0.01467844 -0.01218721 0.001160679 -0.01459041 -0.01185307 0.001307223 -0.01432941 -0.01110417 0.001599562 -0.01395509 -0.01024762 0.001890891 -0.0134675 -0.009283514 0.002181232 -0.01286659 -0.008211767 0.002470573 -0.01480274 -0.01299705 0.0006429153 -0.01480722 -0.01273585 0.0007710475 -0.01478343 -0.0124478 0.0008989305 -0.01473128 -0.01213283 0.001026563 -0.01465079 -0.01179092 0.001153949 -0.01440489 -0.01102647 0.001407962 -0.01404566 -0.01015439 0.001660986 -0.01357318 -0.009174737 0.001913001 -0.01410705 -0.01009206 0.001411816 -0.01445605 -0.01097453 0.001200331 -0.01469171 -0.01174937 0.0009878383 -0.01476709 -0.01209647 0.0008812186 -0.01481412 -0.01241664 0.0007743488 -0.0148328 -0.01270989 0.000667229 -0.0148232 -0.01297628 0.0005598608 -0.01484689 -0.01270015 0.0001179269 -0.01484689 -0.0126981 0.0003382924 -0.01483103 -0.0124025 0.0003796244 -0.01478487 -0.01207916 0.0007291603 -0.01482936 -0.0124018 0.0006440134 -0.0148455 -0.01269752 0.0005586165 -0.01483336 -0.01296638 0.0004729702 -0.01478683 -0.01207996 0.0004207065 -0.01471426 -0.01173051 0.0004615385 -0.01461342 -0.01135789 0.0001054633 -0.01443697 -0.01243871 0.001456777 -0.01461003 -0.01262757 0.00120116 -0.01453116 -0.01270999 0.001267688 -0.01466272 -0.01288566 0.001022904 -0.014597 -0.01295434 0.001078346 -0.01463456 -0.01317184 0.0008887538 -0.01176586 -0.01380489 0.001433761 -0.01259995 -0.01394867 0.001326682 -0.0130049 -0.01394805 0.001295174 -0.01337341 -0.0139295 0.001213249 -0.01369793 -0.01390091 0.001087136 -0.01397237 -0.01386874 0.0009249391 -0.01419196 -0.01383779 0.0007366776 -0.01437405 -0.01364606 0.0007361114 -0.01455615 -0.01345436 0.0007331173 -0.01432349 -0.01384305 0.0005339977 -0.01444489 -0.01371523 0.0005336199 -0.01456629 -0.01358743 0.0005316241 -0.01403003 -0.01400928 0.0006296523 -0.01426508 -0.01390475 0.0005123357 -0.01372667 -0.01413073 0.0005705804 -0.0139782 -0.01406485 0.0005222716 -0.01421554 -0.01395737 0.0004626471 -0.01439747 -0.01385223 0.0003202368 -0.01457729 -0.01366292 0.0003184789 -0.01460206 -0.01363708 0.0002931499 -0.01462471 -0.01352613 0.00050882 -0.01467424 -0.01347444 0.0004581629 -0.01464377 -0.01336241 0.0006989121 -0.01471808 -0.01328489 0.000622926 -0.01473363 -0.01306847 0.0007874396 -0.01472084 -0.01282513 0.0009517043 -0.01479287 -0.01320832 0.0003870739 -0.01483448 -0.01296685 0.0002967109 -0.01483448 -0.01296848 0.0001204185 -0.01476991 -0.01323132 0.0005145319 -0.01470879 -0.01343873 0.0003859002 -0.01461933 -0.01361922 0.0002570185 -0.01418099 -0.01399442 0.00039106 -0.01437271 -0.01387854 0.000295392 0.004476347 -0.004689578 0.002543653 0.002432168 -0.00605269 0.002700486 0.002440529 -0.006067627 0.002039796 0.004460467 -0.00466989 0.002863204 0.004447954 -0.004654377 0.003114961 0.002403891 -0.006019875 0.003028105 0.004433313 -0.004638059 0.003212163 0.00235596 -0.005966412 0.003350673 0.00209795 -0.005686279 0.004263051 0.004033926 -0.004203603 0.004713154 0.001976049 -0.005555347 0.004540938 0.00397678 -0.004142417 0.004822581 0.001837799 -0.005407357 0.004802095 0.004381532 -0.004580345 0.003556022 0.004363633 -0.004560396 0.003674882 0.002288712 -0.00589268 0.003665672 0.004307933 -0.004499752 0.003889938 0.002202497 -0.005799073 0.003970576 0.004224184 -0.004408569 0.004213316 0.004105141 -0.004280323 0.004526048 0.003830583 -0.003985885 0.005102559 0.003795419 -0.003948235 0.005169903 0.001684184 -0.005243365 0.005044382 0.003665185 -0.003809366 0.005357731 0.003534951 -0.003670497 0.00554556 0.001516287 -0.005064528 0.005265791 0.003488342 -0.003620952 0.005596182 0.001335497 -0.004872325 0.005464765 0.0007305983 -0.004231259 0.005912842 0.002501631 -0.002574936 0.006360453 0.0005132062 -0.004001477 0.006008363 0.002419528 -0.002488254 0.006385709 0.0002907318 -0.003766605 0.006075785 0.003294571 -0.003414974 0.005806629 0.003219837 -0.003335532 0.005887804 0.001143297 -0.004668329 0.005639889 0.00308941 -0.003197247 0.005990825 0.0009411657 -0.004454111 0.005789716 0.002872383 -0.002967145 0.006162246 0.002650005 -0.002731897 0.006281127 0.002182378 -0.002237879 0.006458647 0.002116279 -0.002168094 0.00647898 6.491037e-05 -0.003528475 0.006114636 -0.003177585 -0.009330604 0.003220024 -0.004744372 -0.01029261 0.002967846 -0.003108608 -0.009405496 0.002976099 -0.004681146 -0.01036126 0.002744243 -0.003054809 -0.009464481 0.002724106 -0.00463183 -0.01041533 0.002513245 -0.003016464 -0.009507251 0.002466042 -0.00459668 -0.01045453 0.002276689 -0.006095521 -0.01125853 0.002301386 -0.006044718 -0.01131605 0.001867931 -0.004821042 -0.01020989 0.003182317 -0.0063488 -0.01098449 0.003094895 -0.006197837 -0.01114697 0.002714657 -0.006543376 -0.0107765 0.003430528 -0.004186644 -0.008254642 0.004675326 -0.005669344 -0.009306306 0.004301875 -0.004024937 -0.008426017 0.004555473 -0.005521122 -0.009463391 0.004191999 -0.003871178 -0.008589213 0.004415382 -0.005380172 -0.009612992 0.004063582 -0.003726551 -0.008742971 0.004256193 -0.006775837 -0.01052914 0.003710784 -0.007324031 -0.009948571 0.004073189 -0.007038722 -0.01025033 0.003927414 -0.005823764 -0.009142877 0.004392172 0.001941846 -0.001984278 0.006495584 0.001721672 -0.001752259 0.006516551 -0.000390162 -0.003049253 0.006122326 0.001456948 -0.001473552 0.006513963 -0.0008454547 -0.002569911 0.006117876 0.0009712985 -0.0009622502 0.006509215 -0.001756047 -0.00161122 0.006108974 -1.23786e-14 6.035296e-05 0.00649972 -0.002666639 -0.00065253 0.006100072 -0.0009712985 0.001082956 0.006490224 -0.003121932 -0.0001731884 0.006095621 -0.001456948 0.001594258 0.006485477 -0.001721672 0.001872965 0.006482889 -0.003577005 0.0003058084 0.006079033 -0.001941853 0.002104562 0.006457677 -0.002115322 0.002287025 0.006437812 -0.003802826 0.0005431766 0.006035767 -0.002182364 0.002357411 0.006415898 -0.0040253 0.0007767561 0.005963995 -0.004655391 0.00143665 0.005583201 -0.003218783 0.003443189 0.005825851 -0.004847592 0.001637359 0.00540432 -0.00329453 0.003522166 0.005742134 -0.005028381 0.001825834 0.005201811 -0.002419528 0.002606403 0.006338393 -0.002501507 0.002692471 0.006311602 -0.004242693 0.001004724 0.005864224 -0.002649991 0.002848047 0.006229274 -0.00445326 0.001225252 0.005736981 -0.002873264 0.003081985 0.006105487 -0.003089444 0.003307979 0.005930521 -0.003488335 0.003724237 0.005527958 -0.003534951 0.003772842 0.005476445 -0.005196279 0.002000529 0.004977119 -0.003665185 0.003908199 0.00528607 -0.003795419 0.004043556 0.005095695 -0.005349893 0.002159993 0.004731828 -0.003830596 0.004079963 0.005027674 -0.005488143 0.002303109 0.004467968 -0.005800806 0.002624131 0.003586589 -0.004363592 0.004627808 0.003589745 -0.005868054 0.002692 0.003270276 -0.004381538 0.004645596 0.003470355 -0.005915986 0.002739464 0.002946771 -0.003976835 0.004231314 0.004744886 -0.004033244 0.004289695 0.00463582 -0.005610045 0.002428857 0.004187698 -0.004105072 0.004363558 0.004445736 -0.005714591 0.002536201 0.003893179 -0.004224591 0.004486464 0.004129441 -0.004307961 0.004571239 0.00380573 -0.004433368 0.004696965 0.003125503 -0.004447816 0.004711285 0.003029386 -0.005944262 0.002766189 0.002618599 -0.007801177 -0.004446709 0.00490679 -0.008982674 -0.005815693 0.004514044 -0.007437126 -0.004829899 0.004920058 -0.008648952 -0.00616696 0.004526206 -0.007072889 -0.005213375 0.004923619 -0.008315071 -0.006518477 0.00452947 -0.006344415 -0.005980328 0.00493074 -0.007647304 -0.007221516 0.004535998 -0.005615941 -0.00674728 0.004937862 -0.006979537 -0.007924555 0.004542526 -0.005251704 -0.007130756 0.004941423 -0.006645656 -0.008276071 0.00454579 -0.004887653 -0.007514127 0.004935272 -0.006311934 -0.008627504 0.004540153 -0.004706995 -0.007704633 0.004904189 -0.006146337 -0.008802127 0.004511663 -0.004529008 -0.007892538 0.004850252 -0.005983184 -0.008974372 0.00446222 -0.004355099 -0.008076359 0.004773835 -0.008502187 -0.003711149 0.004633138 -0.009625264 -0.005141432 0.004263202 -0.008333732 -0.003887572 0.00473494 -0.009470844 -0.005303156 0.004356518 -0.008159822 -0.004069942 0.004814757 -0.009311424 -0.005470332 0.004429683 -0.007981836 -0.004256813 0.004872175 -0.009148272 -0.005641628 0.004482316 -0.0103497 -0.006763087 0.00404361 -0.01005084 -0.00707705 0.004120299 -0.009773487 -0.004986414 0.004150428 -0.01089789 -0.006189352 0.003670487 -0.01063501 -0.006464088 0.003892257 -0.007622892 -0.009633239 0.004144034 -0.007926272 -0.009313759 0.004149158 -0.008229803 -0.008994195 0.00414619 -0.008836864 -0.008355069 0.004140256 -0.009443925 -0.007715943 0.004134321 -0.009747456 -0.007396379 0.004131354 -0.01113035 -0.005947236 0.003385686 -0.009511245 -0.002662396 0.003158107 -0.01055024 -0.004180073 0.002911088 -0.009427613 -0.002748265 0.003393724 -0.01047357 -0.004258794 0.003127058 -0.009330098 -0.002848859 0.003617938 -0.01038418 -0.004351005 0.003332593 -0.00921949 -0.002963358 0.00382902 -0.01132493 -0.005745516 0.003046249 -0.01157821 -0.00548625 0.002247787 -0.01147589 -0.005590124 0.002663059 -0.01061346 -0.004115589 0.002686249 -0.004460425 0.004722209 0.002775984 -0.004476347 0.004736004 0.002456132 -0.005952623 0.002768856 0.001957745 -0.004476347 0.004732434 0.002071748 -0.005952623 0.002762717 0.001296654 -0.004476347 0.004725887 0.001366579 -0.005952623 0.00275044 -2.553913e-05 -0.004476347 0.004712791 -4.376049e-05 -0.005952623 0.002738163 -0.001347732 -0.004476347 0.004699695 -0.0014541 -0.005952623 0.002732024 -0.002008824 -0.005944262 0.002717087 -0.002669513 -0.004447954 0.004654377 -0.003114961 -0.005915986 0.002684272 -0.002997133 -0.004433313 0.004638059 -0.003212163 -0.005868054 0.002630809 -0.0033197 -0.005610045 0.002350676 -0.004232079 -0.004033926 0.004203603 -0.004713154 -0.005488143 0.002219744 -0.004509965 -0.00397678 0.004142417 -0.004822581 -0.005349893 0.002071754 -0.004771122 -0.004381532 0.004580345 -0.003556022 -0.004363633 0.004560396 -0.003674882 -0.005800806 0.002557077 -0.003634699 -0.004307933 0.004499752 -0.003889938 -0.005714591 0.00246347 -0.003939603 -0.004224184 0.004408569 -0.004213316 -0.004105141 0.004280323 -0.004526048 -0.004476347 0.004693147 -0.002159269 -0.004476347 0.004689578 -0.002543653 -0.004460467 0.00466989 -0.002863204 -0.003830583 0.003985885 -0.005102559 -0.003795419 0.003948235 -0.005169903 -0.005196279 0.001907762 -0.00501341 -0.003665185 0.003809366 -0.005357731 -0.003534951 0.003670497 -0.00554556 -0.005028381 0.001728925 -0.005234819 -0.003488342 0.003620952 -0.005596182 -0.004847592 0.001536722 -0.005433793 -0.004242693 0.0008956562 -0.00588187 -0.002501631 0.002574936 -0.006360453 -0.0040253 0.0006658747 -0.00597739 -0.002419528 0.002488254 -0.006385709 -0.003802826 0.0004310027 -0.006044812 -0.003294571 0.003414974 -0.005806629 -0.003219837 0.003335532 -0.005887804 -0.004655391 0.001332726 -0.005608916 -0.00308941 0.003197247 -0.005990825 -0.00445326 0.001118508 -0.005758744 -0.002872383 0.002967145 -0.006162246 -0.002650005 0.002731897 -0.006281127 -0.002182378 0.002237879 -0.006458647 -0.002116279 0.002168094 -0.00647898 -0.003577005 0.000192872 -0.006083663 -0.001941846 0.001984278 -0.006495584 -0.001721672 0.001752259 -0.006516551 -0.003121932 -0.0002863503 -0.006091354 -0.001456948 0.001473552 -0.006513963 -0.002666639 -0.0007656919 -0.006086903 -0.0009712985 0.0009622502 -0.006509215 -0.001756047 -0.001724382 -0.006078001 1.23792e-14 -6.035296e-05 -0.00649972 -0.0008454547 -0.002683073 -0.006069099 0.0009712985 -0.001082956 -0.006490224 -0.000390162 -0.003162414 -0.006064648 6.491037e-05 -0.003641411 -0.00604806 0.002115322 -0.002287025 -0.006437812 0.0002907318 -0.003878779 -0.006004794 0.002182364 -0.002357411 -0.006415898 0.0005132062 -0.004112359 -0.005933022 0.001143297 -0.004772253 -0.005552229 0.003218783 -0.003443189 -0.005825851 0.001335497 -0.004972962 -0.005373347 0.00329453 -0.003522166 -0.005742134 0.001516287 -0.005161437 -0.005170839 0.002419528 -0.002606403 -0.006338393 0.002501507 -0.002692471 -0.006311602 0.0007305983 -0.004340327 -0.005833251 0.002649991 -0.002848047 -0.006229274 0.0009411657 -0.004560854 -0.005706008 0.002873264 -0.003081985 -0.006105487 0.003089444 -0.003307979 -0.005930521 0.001456948 -0.001594258 -0.006485477 0.001721672 -0.001872965 -0.006482889 0.001941853 -0.002104562 -0.006457677 0.003488335 -0.003724237 -0.005527958 0.003534951 -0.003772842 -0.005476445 0.001684184 -0.005336131 -0.004946147 0.003665185 -0.003908199 -0.00528607 0.003795419 -0.004043556 -0.005095695 0.001837799 -0.005495596 -0.004700856 0.003830596 -0.004079963 -0.005027674 0.001976049 -0.005638711 -0.004436995 0.002288712 -0.005959733 -0.003555617 0.004363592 -0.004627808 -0.003589745 0.00235596 -0.006027603 -0.003239303 0.004381538 -0.004645596 -0.003470355 0.002403891 -0.006075067 -0.002915798 0.003976835 -0.004231314 -0.004744886 0.004033244 -0.004289695 -0.00463582 0.00209795 -0.00576446 -0.004156726 0.004105072 -0.004363558 -0.004445736 0.002202497 -0.005871804 -0.003862206 0.004224591 -0.004486464 -0.004129441 0.004307961 -0.004571239 -0.00380573 0.004433368 -0.004696965 -0.003125503 0.004447816 -0.004711285 -0.003029386 0.002432168 -0.006101792 -0.002587626 0.004460425 -0.004722209 -0.002775984 0.004476347 -0.004736004 -0.002456132 0.002440529 -0.006104459 -0.001926773 0.004476347 -0.004732434 -0.002071748 0.002440529 -0.00609832 -0.001265681 0.004476347 -0.004725887 -0.001366579 0.002440529 -0.006086043 5.651178e-05 0.004476347 -0.004712791 4.376049e-05 0.002440529 -0.006073766 0.001378705 0.004476347 -0.004699695 0.0014541 0.004476347 -0.004693147 0.002159269 0.0005180102 -0.007363147 -0.001165783 -0.001291222 -0.008520381 -0.001066884 0.0005180102 -0.007368876 -0.001782806 -0.001291222 -0.008525701 -0.001639829 0.0005102076 -0.007366388 -0.002399596 -0.001298467 -0.008523391 -0.002212565 0.0004838178 -0.007341446 -0.002705891 -0.00132297 -0.008500232 -0.002496982 0.0004390818 -0.007297147 -0.003007835 -0.001364511 -0.008459097 -0.002777356 0.0003763166 -0.007233802 -0.003303056 -0.001422793 -0.008400277 -0.003051494 0.0002958456 -0.00715173 -0.00358921 -0.00149752 -0.008324063 -0.003317213 0.0001982681 -0.007051542 -0.003864093 -0.001588128 -0.00823103 -0.003572458 8.450002e-05 -0.006934183 -0.004125673 -0.00169377 -0.008122054 -0.003815351 -4.453586e-05 -0.006800606 -0.004371944 -0.001813585 -0.007998024 -0.004044032 -0.0001879098 -0.006651772 -0.004600886 -0.001946718 -0.00785982 -0.004256625 -0.0003446164 -0.006488721 -0.004810599 -0.002092234 -0.007708413 -0.004451359 -0.0005133541 -0.006312811 -0.004999611 -0.00224892 -0.007545066 -0.004626863 -0.0006927385 -0.006125485 -0.005166557 -0.002415488 -0.007371124 -0.004781885 -0.0008813925 -0.005928182 -0.005310085 -0.002590665 -0.007187916 -0.004915162 -0.001077925 -0.005722353 -0.005428852 -0.002773162 -0.006996787 -0.005025451 -0.00128082 -0.005509587 -0.005521971 -0.002961568 -0.006799215 -0.005111919 -0.001488468 -0.005291575 -0.005588958 -0.003154382 -0.006596777 -0.005174121 -0.001699235 -0.00507003 -0.005629337 -0.003350094 -0.006391057 -0.005211613 -0.002123965 -0.004622971 -0.005644819 -0.003744488 -0.005975928 -0.005225988 -0.002548908 -0.004175583 -0.005648973 -0.004139075 -0.005560499 -0.005229846 -0.003398794 -0.003280805 -0.005657281 -0.004928255 -0.004729634 -0.005237561 -0.00424868 -0.002386027 -0.00566559 -0.005717435 -0.003898769 -0.005245276 -0.004673623 -0.001938638 -0.005669744 -0.006112021 -0.003483341 -0.005249133 -0.005098353 -0.001491369 -0.005662567 -0.006506415 -0.003068017 -0.005242469 -0.00530912 -0.001269113 -0.005626309 -0.006702128 -0.002861636 -0.005208804 -0.005516767 -0.001049895 -0.005563381 -0.006894941 -0.002658078 -0.005150372 -0.005719663 -0.0008354356 -0.005474229 -0.007083347 -0.002458934 -0.005067587 -0.005916195 -0.0006274374 -0.005359305 -0.007265845 -0.00226579 -0.004960866 -0.006104849 -0.000427503 -0.005219466 -0.007441021 -0.002080139 -0.004831014 -0.006284234 -0.0002371094 -0.005056026 -0.00760759 -0.001903348 -0.004679249 -0.006452971 -5.771924e-05 -0.004870314 -0.007764276 -0.00173677 -0.004506808 -0.006609678 0.0001091978 -0.004663665 -0.007909791 -0.001581773 -0.004314919 -0.006753052 0.0002622576 -0.004437526 -0.008042925 -0.001439646 -0.00410493 -0.006882088 0.0004003843 -0.004193778 -0.008162739 -0.00131139 -0.003878591 -0.006995856 0.0005225803 -0.003934422 -0.008268381 -0.001197922 -0.003637764 -0.007093433 0.0006278554 -0.003661448 -0.008358989 -0.001100166 -0.003384291 -0.007173904 0.0007152267 -0.003376866 -0.008433717 -0.001019031 -0.003120033 -0.00723667 0.0007840428 -0.003082873 -0.008491999 -0.0009551304 -0.002847034 -0.007281405 0.0008339414 -0.002781803 -0.008533539 -0.0009087961 -0.002567472 -0.007307795 0.0008645668 -0.002476024 -0.008558042 -0.0008803602 -0.002283534 -0.007315598 0.000878508 -0.001859387 -0.008565287 -0.0008674153 -0.00171094 -0.007315598 0.0008842374 -0.001242364 -0.008565287 -0.0008620952 -0.001137994 -0.007315598 0.0008956961 -8.316961e-06 -0.008565287 -0.000851455 7.906161e-06 -0.007315598 0.0009071548 0.00122573 -0.008565287 -0.0008408148 0.001153807 -0.007315598 0.0009128841 0.001842753 -0.008565287 -0.0008354947 0.001726752 -0.007307795 0.0009103959 0.002459543 -0.008558042 -0.0008378047 0.002299488 -0.007281405 0.0008854538 0.002765838 -0.008533539 -0.0008609631 0.002583905 -0.00723667 0.0008411546 0.003067782 -0.008491999 -0.0009020982 0.00286428 -0.007173904 0.0007778095 0.003363003 -0.008433717 -0.0009609185 0.003138417 -0.007093433 0.0006957378 0.003649157 -0.008358989 -0.001037133 0.003404137 -0.006995856 0.0005955498 0.003924039 -0.008268381 -0.001130165 0.003659381 -0.006882088 0.000478191 0.00418562 -0.008162739 -0.001239141 0.003902274 -0.006753052 0.0003446144 0.004431891 -0.008042925 -0.001363172 0.004130955 -0.006609678 0.0001957801 0.004660833 -0.007909791 -0.001501375 0.004343548 -0.006452971 3.272924e-05 0.004870546 -0.007764276 -0.001652782 0.004538282 -0.006284234 -0.0001431815 0.005059558 -0.00760759 -0.001816129 0.004713786 -0.006104849 -0.0003305072 0.005226504 -0.007441021 -0.001990071 0.004868808 -0.005916195 -0.0005278104 0.005370032 -0.007265845 -0.002173279 0.005002085 -0.005719663 -0.0007336387 0.005488798 -0.007083347 -0.002364409 0.005112374 -0.005516767 -0.0009464052 0.005581918 -0.006894941 -0.002561981 0.005198842 -0.00530912 -0.001164418 0.005648905 -0.006702128 -0.002764419 0.005261045 -0.005098353 -0.001385962 0.005689284 -0.006506415 -0.002970139 0.005298536 -0.004673623 -0.001833021 0.005704766 -0.006112021 -0.003385267 0.005312911 -0.00424868 -0.002280409 0.00570892 -0.005717435 -0.003800696 0.005316769 -0.003398794 -0.003175187 0.005717228 -0.004928255 -0.004631561 0.005324484 -0.002548908 -0.004069965 0.005725537 -0.004139075 -0.005462426 0.005332199 -0.002123965 -0.004517354 0.005729691 -0.003744488 -0.005877855 0.005336056 -0.001699235 -0.004964623 0.005722514 -0.003350094 -0.006293178 0.005329392 -0.001488468 -0.005186879 0.005686256 -0.003154382 -0.006499559 0.005295727 -0.00128082 -0.005406098 0.005623328 -0.002961568 -0.006703117 0.005237295 -0.001077925 -0.005620556 0.005534176 -0.002773162 -0.006902261 0.00515451 -0.0008813925 -0.005828555 0.005419252 -0.002590665 -0.007095405 0.005047789 -0.0006927385 -0.006028489 0.005279413 -0.002415488 -0.007281057 0.004917937 -0.0005133541 -0.006218883 0.005115973 -0.00224892 -0.007457847 0.004766172 -0.0003446164 -0.006398273 0.004930261 -0.002092234 -0.007624425 0.004593731 -0.0001879098 -0.00656519 0.004723612 -0.001946718 -0.007779422 0.004401842 -4.453586e-05 -0.00671825 0.004497473 -0.001813585 -0.00792155 0.004191853 8.450002e-05 -0.006856376 0.004253725 -0.00169377 -0.008049805 0.003965514 0.0001982681 -0.006978572 0.003994369 -0.001588128 -0.008163273 0.003724687 0.0002958456 -0.007083847 0.003721394 -0.00149752 -0.008261029 0.003471214 0.0003763166 -0.007171219 0.003436813 -0.001422793 -0.008342164 0.003206956 0.0004390818 -0.007240035 0.00314282 -0.001364511 -0.008406065 0.002933957 0.0004838178 -0.007289933 0.00284175 -0.00132297 -0.008452399 0.002654396 0.0005102076 -0.007320559 0.002535971 -0.001298467 -0.008480835 0.002370457 0.0005180102 -0.0073345 0.001919334 -0.001291222 -0.00849378 0.001797863 0.0005180102 -0.007340229 0.001302311 -0.001291222 -0.0084991 0.001224918 0.0005180102 -0.007351688 6.826389e-05 -0.001291222 -0.00850974 7.901695e-05 -0.009511245 -0.002720581 -0.003108123 -0.01055024 -0.00423341 -0.002832965 -0.009580222 -0.002645689 -0.002864198 -0.01061346 -0.004164761 -0.002609362 -0.009634021 -0.002586704 -0.002612205 -0.01066278 -0.004110691 -0.002378364 -0.009672366 -0.002543934 -0.002354141 -0.009694989 -0.002517681 -0.002092043 -0.01071866 -0.004047422 -0.001901561 -0.009701676 -0.002505732 -0.001563501 -0.01072479 -0.004036469 -0.001417052 -0.009701676 -0.002500821 -0.001034624 -0.01072479 -0.004031968 -0.0009322521 -0.009701676 -0.002490999 2.31301e-05 -0.01072479 -0.004022964 3.735512e-05 -0.009701676 -0.002481178 0.001080885 -0.01072479 -0.004013961 0.001006962 -0.009701676 -0.002476267 0.001609762 -0.01072479 -0.00400946 0.001491762 -0.009694989 -0.002478399 0.002138434 -0.01071866 -0.004011413 0.001976391 -0.009672366 -0.002499781 0.002400974 -0.01069793 -0.004031011 0.002217044 -0.009634021 -0.002537751 0.002659788 -0.01066278 -0.004065818 0.002454287 -0.009580222 -0.002592047 0.002912833 -0.01069793 -0.004071485 -0.002141808 -0.01157821 -0.005527044 -0.002145523 -0.01162901 -0.005469528 -0.001712069 -0.01047357 -0.004316127 -0.003047436 -0.01132493 -0.005801093 -0.002939033 -0.01147589 -0.005638611 -0.002558795 -0.01162901 -0.005436793 0.001813339 -0.01163458 -0.005435018 0.001372774 -0.01163458 -0.005439111 0.0009320417 -0.01163458 -0.005447295 5.058071e-05 -0.01163458 -0.00545548 -0.0008308803 -0.01163458 -0.005459572 -0.001271612 -0.009096604 -0.003165138 -0.003967172 -0.01017014 -0.00464093 -0.003620415 -0.00921949 -0.00303395 -0.003773332 -0.01028279 -0.004520667 -0.003442734 -0.009330098 -0.00291555 -0.003564413 -0.01038418 -0.004412139 -0.003251223 -0.009427613 -0.002810811 -0.003342105 -0.008502187 -0.003796543 -0.004563426 -0.009625264 -0.00521971 -0.004166994 -0.008663893 -0.003625168 -0.004443572 -0.009773487 -0.005062625 -0.004057118 -0.008817652 -0.003461972 -0.004303481 -0.009914437 -0.004913025 -0.003928702 -0.00896228 -0.003308214 -0.004144292 -0.01089789 -0.006256443 -0.003554922 -0.01113035 -0.006009081 -0.003274666 -0.01004701 -0.00477208 -0.003782784 -0.0103497 -0.006837008 -0.003917327 -0.01063501 -0.00653525 -0.003771552 -0.009470844 -0.005383139 -0.004257291 -0.004186644 -0.008340036 -0.004521237 -0.005669344 -0.009384585 -0.004128321 -0.004355099 -0.008163613 -0.00462304 -0.005823764 -0.00922286 -0.004221637 -0.004529008 -0.007981243 -0.004702856 -0.005983184 -0.009055685 -0.004294802 -0.004706995 -0.007794372 -0.004760274 -0.004887653 -0.007604476 -0.004794889 -0.006311934 -0.008710324 -0.004379163 -0.005251704 -0.007221286 -0.004808157 -0.006645656 -0.008359057 -0.004391325 -0.005615941 -0.00683781 -0.004811718 -0.006979537 -0.00800754 -0.004394589 -0.006344415 -0.006070857 -0.004818839 -0.007647304 -0.007304501 -0.004401117 -0.007072889 -0.005303905 -0.004825961 -0.008315071 -0.006601462 -0.004407645 -0.007437126 -0.004920429 -0.004829522 -0.008648952 -0.006249945 -0.004410909 -0.007801177 -0.004537058 -0.004823371 -0.008982674 -0.005898513 -0.004405272 -0.007981836 -0.004346552 -0.004792289 -0.009148272 -0.005723889 -0.004376782 -0.008159822 -0.004158647 -0.004738351 -0.009311424 -0.005551645 -0.004327339 -0.008333732 -0.003974826 -0.004661934 -0.006146337 -0.008884388 -0.004347435 -0.007324031 -0.01002249 -0.003887748 -0.007622892 -0.00970853 -0.003964437 -0.005521122 -0.009539602 -0.004015547 -0.006775837 -0.01059623 -0.003514625 -0.007038722 -0.01032149 -0.003736395 -0.01005084 -0.007152341 -0.003988172 -0.009747456 -0.00747182 -0.003993296 -0.009443925 -0.007791384 -0.003990328 -0.008836864 -0.00843051 -0.003984394 -0.008229803 -0.009069636 -0.003978459 -0.007926272 -0.009389201 -0.003975492 -0.003592226 -0.008960261 -0.003913362 -0.005124469 -0.009953115 -0.003571089 -0.003726551 -0.008820498 -0.004093107 -0.005247596 -0.009825004 -0.003735865 -0.003871178 -0.008669722 -0.004255124 -0.005380172 -0.009686792 -0.003884375 -0.004024937 -0.008509156 -0.004398221 -0.003177585 -0.009388789 -0.003046206 -0.004744372 -0.01034594 -0.002776207 -0.003261217 -0.00930292 -0.003281823 -0.004821042 -0.01026722 -0.002992177 -0.003358733 -0.009202326 -0.003506037 -0.004910431 -0.01017501 -0.003197712 -0.00346934 -0.009087827 -0.003717119 -0.0063488 -0.01104006 -0.002890387 -0.006543376 -0.01083834 -0.003229824 -0.005011817 -0.01007006 -0.003391205 -0.006095521 -0.01129933 -0.002091925 -0.006197837 -0.01119546 -0.002507197 -0.004681146 -0.01041043 -0.002551368 -0.002993842 -0.009533505 0.002203944 -0.004575945 -0.01047859 0.002036442 -0.002987155 -0.009545453 0.001675402 -0.004569815 -0.01048955 0.001551933 -0.002987155 -0.009550364 0.001146525 -0.004569815 -0.01049405 0.001067133 -0.002987155 -0.009560186 8.877083e-05 -0.004569815 -0.01050305 9.752579e-05 -0.002987155 -0.009570008 -0.0009689836 -0.004569815 -0.01051206 -0.0008720814 -0.002987155 -0.009574918 -0.001497861 -0.004569815 -0.01051656 -0.001356882 -0.002993842 -0.009572787 -0.002026533 -0.004575945 -0.0105146 -0.001841511 -0.003016464 -0.009551405 -0.002289073 -0.00459668 -0.01049501 -0.002082163 -0.003054809 -0.009513434 -0.002547887 -0.00463183 -0.0104602 -0.002319406 -0.003108608 -0.009459138 -0.002800932 -0.006039147 -0.01134647 -0.0007761797 -0.007395221 -0.01207332 -0.0006812768 -0.006039147 -0.01135056 -0.001216912 -0.007395221 -0.012077 -0.001077931 -0.006044718 -0.01134879 -0.001657477 -0.007400235 -0.0120754 -0.001474443 -0.007445963 -0.01203089 -0.001865453 -0.007538044 -0.0119374 -0.002239197 -0.007673905 -0.01179756 -0.00258406 -0.007849027 -0.01161601 -0.002889559 -0.008058244 -0.0113981 -0.003145883 -0.008294836 -0.01115084 -0.003345468 -0.008551613 -0.01088174 -0.003481682 -0.008820594 -0.01059917 -0.003550709 -0.009093637 -0.01031177 -0.003560658 -0.009366812 -0.01002417 -0.003563328 -0.009913167 -0.009448954 -0.00356867 -0.01045952 -0.008873741 -0.003574011 -0.0107327 -0.008586136 -0.003576681 -0.01100574 -0.008298603 -0.003572071 -0.01127472 -0.008014799 -0.003508303 -0.0115315 -0.007743217 -0.003377109 -0.01176809 -0.007492296 -0.003182151 -0.01197731 -0.007269666 -0.002929917 -0.01215243 -0.007082474 -0.002627842 -0.01228829 -0.006936247 -0.002285635 -0.01238037 -0.006835839 -0.001913691 -0.0124261 -0.00678407 -0.001523575 -0.01243111 -0.00677511 -0.001127161 -0.01243111 -0.006771427 -0.0007305073 -0.01243111 -0.006764061 6.280749e-05 -0.01243111 -0.006756694 0.0008561223 -0.01243111 -0.006753011 0.001252776 -0.0124261 -0.006754608 0.001649288 -0.01238037 -0.006799125 0.002040298 -0.01228829 -0.006892608 0.002414042 -0.01215243 -0.007032455 0.002758906 -0.01197731 -0.007214006 0.003064405 -0.01176809 -0.007431914 0.003320729 -0.0115315 -0.007679171 0.003520313 -0.01127472 -0.00794827 0.003656528 -0.01100574 -0.008230841 0.003725555 -0.0107327 -0.008518239 0.003735503 -0.01045952 -0.008805844 0.003738174 -0.009913167 -0.009381057 0.003743515 -0.009366812 -0.009956271 0.003748856 -0.009093637 -0.01024387 0.003751527 -0.008820594 -0.01053141 0.003746916 -0.008551613 -0.01081521 0.003683149 -0.008294836 -0.01108679 0.003551955 -0.008058244 -0.01133772 0.003356996 -0.007849027 -0.01156034 0.003104762 -0.007673905 -0.01174754 0.002802688 -0.007538044 -0.01189376 0.002460481 -0.007445963 -0.01199417 0.002088537 -0.007400235 -0.01204594 0.001698421 -0.006039147 -0.01132601 0.001427474 -0.007395221 -0.0120549 0.001302007 -0.006039147 -0.0113301 0.0009867423 -0.007395221 -0.01205858 0.0009053528 -0.006039147 -0.01133828 0.0001052813 -0.007395221 -0.01206595 0.000112038</float_array>
          <technique_common>
            <accessor count="1311" source="#verts-array-array" stride="3">
              <param type="float" name="X"/>
              <param type="float" name="Y"/>
              <param type="float" name="Z"/>
            </accessor>
          </technique_common>
        </source>
        <source id="normals-array">
          <float_array count="3933" id="normals-array-array">0.725076 0.6886391 -0.006394339 0.725076 0.6886391 -0.006394339 0.725076 0.6886391 -0.006394339 0.725076 0.6886391 -0.006394339 0.725076 0.6886391 -0.006394339 0.725076 0.6886391 -0.006394339 0.725076 0.6886391 -0.006394339 0.725076 0.6886391 -0.006394339 0.725076 0.6886391 -0.006394339 0.725076 0.6886391 -0.006394339 0.725076 0.6886391 -0.006394339 0.725076 0.6886391 -0.006394339 0.725076 0.6886391 -0.006394339 0.725076 0.6886391 -0.006394339 0.725076 0.6886391 -0.006394339 0.725076 0.6886391 -0.006394339 0.725076 0.6886391 -0.006394339 0.725076 0.6886391 -0.006394339 0.725076 0.6886391 -0.006394339 0.725076 0.6886391 -0.006394339 0.725076 0.6886391 -0.006394339 0.725076 0.6886391 -0.006394339 0.725076 0.6886391 -0.006394339 0.725076 0.6886391 -0.006394339 0.725076 0.6886391 -0.006394339 0.725076 0.6886391 -0.006394339 0.725076 0.6886391 -0.006394339 0.725076 0.6886391 -0.006394339 0.725076 0.6886391 -0.006394339 0.725076 0.6886391 -0.006394339 0.725076 0.6886391 -0.006394339 0.725076 0.6886391 -0.006394339 0.725076 0.6886391 -0.006394339 0.725076 0.6886391 -0.006394339 0.725076 0.6886391 -0.006394339 0.725076 0.6886391 -0.006394339 0.725076 0.6886391 -0.006394339 0.725076 0.6886391 -0.006394339 0.725076 0.6886391 -0.006394339 0.725076 0.6886391 -0.006394339 0.725076 0.6886391 -0.006394339 0.725076 0.6886391 -0.006394339 0.725076 0.6886391 -0.006394339 0.725076 0.6886391 -0.006394339 0.725076 0.6886391 -0.006394339 0.725076 0.6886391 -0.006394339 0.725076 0.6886391 -0.006394339 0.725076 0.6886391 -0.006394339 0.725076 0.6886391 -0.006394339 0.725076 0.6886391 -0.006394339 0.725076 0.6886391 -0.006394339 0.725076 0.6886391 -0.006394339 0.725076 0.6886391 -0.006394339 0.725076 0.6886391 -0.006394339 0.725076 0.6886391 -0.006394339 0.725076 0.6886391 -0.006394339 0.725076 0.6886391 -0.006394339 0.725076 0.6886391 -0.006394339 0.725076 0.6886391 -0.006394339 0.725076 0.6886391 -0.006394339 0.725076 0.6886391 -0.006394339 0.725076 0.6886391 -0.006394339 0.725076 0.6886391 -0.006394339 0.725076 0.6886391 -0.006394339 0.725076 0.6886391 -0.006394339 0.725076 0.6886391 -0.006394339 0.725076 0.6886391 -0.006394339 0.725076 0.6886391 -0.006394339 0.725076 0.6886391 -0.006394339 0.725076 0.6886391 -0.006394339 0.725076 0.6886391 -0.006394339 0.725076 0.6886391 -0.006394339 0.725076 0.6886391 -0.006394339 0.725076 0.6886391 -0.006394339 0.725076 0.6886391 -0.006394339 0.725076 0.6886391 -0.006394339 0.725076 0.6886391 -0.006394339 0.725076 0.6886391 -0.006394339 0.725076 0.6886391 -0.006394339 0.725076 0.6886391 -0.006394339 0.725076 0.6886391 -0.006394339 0.725076 0.6886391 -0.006394339 0.725076 0.6886391 -0.006394339 0.725076 0.6886391 -0.006394339 0.725076 0.6886391 -0.006394339 0.725076 0.6886391 -0.006394339 0.725076 0.6886391 -0.006394339 0.725076 0.6886391 -0.006394339 0.725076 0.6886391 -0.006394339 0.725076 0.6886391 -0.006394339 0.725076 0.6886391 -0.006394339 0.725076 0.6886391 -0.006394339 0.725076 0.6886391 -0.006394339 0.725076 0.6886391 -0.006394339 0.725076 0.6886391 -0.006394339 0.725076 0.6886391 -0.006394339 0.725076 0.6886391 -0.006394339 0.725076 0.6886391 -0.006394339 0.725076 0.6886391 -0.006394339 0.725076 0.6886391 -0.006394339 0.725076 0.6886391 -0.006394339 0.725076 0.6886391 -0.006394339 0.725076 0.6886391 -0.006394339 0.725076 0.6886391 -0.006394339 0.725076 0.6886391 -0.006394339 0.725076 0.6886391 -0.006394339 0.725076 0.6886391 -0.006394339 0.725076 0.6886391 -0.006394339 0.725076 0.6886391 -0.006394339 0.725076 0.6886391 -0.006394339 0.725076 0.6886391 -0.006394339 0.725076 0.6886391 -0.006394339 0.725076 0.6886391 -0.006394339 0.725076 0.6886391 -0.006394339 0.725076 0.6886391 -0.006394339 0.725076 0.6886391 -0.006394339 0.725076 0.6886391 -0.006394339 0.725076 0.6886391 -0.006394339 0.725076 0.6886391 -0.006394339 0.725076 0.6886391 -0.006394339 0.725076 0.6886391 -0.006394339 0.725076 0.6886391 -0.006394339 0.725076 0.6886391 -0.006394339 0.725076 0.6886391 -0.006394339 0.725076 0.6886391 -0.006394339 0.725076 0.6886391 -0.006394339 0.725076 0.6886391 -0.006394339 0.725076 0.6886391 -0.006394339 -0.5831435 -0.8123341 0.00754273 -0.725076 -0.6886391 0.006394339 -0.5844185 -0.8113295 -0.0141225 -0.7010158 0.3598317 0.6157094 -0.6615031 0.3184688 0.6789634 -0.6491202 0.335585 0.6826607 -0.6052864 0.2905911 0.7410703 -0.5070579 0.192899 0.840049 -0.5578965 0.2430013 0.7935376 -0.5707218 0.2265154 0.7892828 -0.6180365 0.2735893 0.7370073 0.2345687 -0.6240522 0.7453431 0.2776902 -0.6703333 0.6881434 0.2953852 -0.6588098 0.691894 0.3356286 -0.7011489 0.6290816 0.4055686 -0.7712608 0.4905822 0.3723643 -0.7386314 0.5619328 0.3543742 -0.7496676 0.5589432 0.3175483 -0.7125325 0.6256681 -0.7122252 -0.674694 0.1937096 -0.69738 -0.6904761 0.1921039 -0.8401686 -0.5416683 0.02668611 -0.9181533 -0.3935067 0.04633649 -0.9230619 -0.384635 0.003571502 -0.7272069 -0.6590739 0.1918118 -0.4789448 -0.4441044 0.7572207 -0.4765995 -0.4449324 0.7582137 -0.4332857 -0.4040671 0.8056012 -0.5844188 -0.8109271 0.02918611 -0.2601274 -0.2264709 0.9386398 -0.3206935 -0.1759059 0.9307055 -0.3535456 -0.2152658 0.910311 -0.2534601 -0.2320238 0.9391075 -0.2534601 -0.2320238 0.9391075 -0.2248285 -0.2047029 0.9526536 -0.03591275 -0.7037733 0.7095163 -0.1186968 -0.6039179 0.7881588 -0.1851205 -0.6399537 0.7457813 -0.1098246 -0.4201587 0.9007803 -0.01405472 -0.5389784 0.8422023 0.0215195 -0.5146877 0.8571076 -0.6309394 -0.7674094 -0.1140095 -0.6641747 -0.7314435 -0.1544745 -0.6026313 -0.795408 -0.06451057 -0.6973799 -0.6939245 -0.1792488 -0.7122254 -0.6781744 -0.1811475 -0.7272067 -0.6625221 -0.1795404 -0.3700617 -0.6118428 -0.6990728 -0.4387516 -0.5137993 -0.7372295 -0.3934398 -0.4773477 -0.7857126 0.2219141 -0.9518245 -0.2116231 0.2591216 -0.9633749 -0.06902795 0.1779217 -0.9819039 -0.06487368 0.3864612 -0.8929641 -0.2307874 0.4182147 -0.9048174 -0.0800128 0.3790489 -0.9220419 -0.07849032 0.3459191 -0.9104849 -0.2266213 0.2961129 -0.8768936 -0.3786487 0.3372948 -0.8587121 -0.3858052 -0.7977766 -0.5917598 -0.1156408 -0.8247394 -0.5615679 -0.06668152 -0.7631958 -0.6271922 -0.1554419 -0.8401684 -0.5420707 -0.01662328 -0.841307 -0.5405342 0.005019291 -0.9181534 -0.394299 -0.03902128 -0.9854705 0.1698395 -0.00157704 -0.9718474 0.2355385 -0.005852325 -0.9699596 0.2431882 -0.006148053 -0.4062639 -0.06461527 -0.9114683 -0.292434 -0.1645713 -0.9420184 -0.3206941 -0.1931559 -0.9272789 -0.4335892 -0.09594717 -0.895988 -0.5467737 0.006332958 -0.8372565 -0.5208235 0.04047499 -0.8527043 -0.9461494 0.323595 -0.009364259 -0.6234403 0.1395713 -0.7693127 -0.6477912 0.1029498 -0.7548297 -0.7117048 0.2302185 -0.6636835 -0.7344948 0.1916711 -0.6509836 -0.7833943 0.3101319 -0.5386202 -0.8048103 0.2703769 -0.5283717 -0.8365994 0.3771856 -0.3972813 -0.8569398 0.3370689 -0.3899214 -0.8697105 0.429559 -0.2430695 -0.8893332 0.3900125 -0.238698 -0.8813113 0.4633513 -0.09271452 -0.900543 0.4251373 -0.09099743 -0.8799262 0.4749282 -0.01315953 -0.8991265 0.4375051 -0.01268363 -0.8795541 0.4757783 -0.004417826 -0.2601275 -0.2438634 -0.9342721 -0.2314316 -0.2165613 -0.9484411 -0.2534601 -0.2494224 -0.934637 -0.2248285 -0.2223578 -0.9486881 -0.2534601 -0.2494224 -0.934637 -0.9208762 0.3897487 -0.009109459 -0.9230768 0.3751605 -0.08475693 -0.9119078 0.3382459 -0.2324088 -0.8803424 0.2848239 -0.3793055 -0.8296059 0.218846 -0.5136734 -0.7612269 0.1419531 -0.6327582 -0.6768339 0.0559431 -0.734007 -0.578233 -0.03731298 -0.815018 -0.4673374 -0.1358025 -0.8735865 -0.3535467 -0.2321342 -0.9061559 -0.2928866 -0.2813549 -0.9138144 -0.2897188 -0.2836714 -0.9141081 -0.2875713 -0.286951 -0.9137625 -0.3981743 -0.2787743 -0.8739234 -0.4473927 -0.3306168 -0.8309827 -0.5094299 -0.187617 -0.8398101 -0.5538515 -0.2454637 -0.7956105 -0.6165092 -0.09434215 -0.7816751 -0.6555216 -0.158444 -0.7383678 -0.7112378 -0.005831065 -0.7029273 -0.7450196 -0.07572133 -0.6627308 -0.792114 0.07624026 -0.605593 -0.8213006 0.001395217 -0.570494 -0.8576754 0.1503174 -0.4917292 -0.8832855 0.0717113 -0.4633186 -0.9064973 0.2148764 -0.363443 -0.9298048 0.1340192 -0.3427854 -0.9371379 0.2684484 -0.222953 -0.9595131 0.1870914 -0.2105505 -0.9480801 0.3075887 -0.08082953 -0.9708 0.2274978 -0.07610579 -0.9955329 0.09440515 -0.001395314 -0.9855352 0.1693892 -0.005266146 -0.9448604 0.0600508 -0.3219203 -0.9539737 -0.01264083 -0.2996237 -0.9737949 0.1119808 -0.1979489 -0.9821372 0.03739743 -0.1844122 -0.9856743 0.1528566 -0.07128141 -0.9947677 0.07786775 -0.06613547 -0.9956692 0.09289733 -0.003605063 -0.9575316 -0.09850817 -0.2709785 -0.9846221 -0.05161925 -0.1668973 -0.9982335 -0.01259665 -0.05806121 -0.8733725 -0.2981217 -0.3851544 -0.8665895 -0.3876213 -0.3142806 -0.9304206 -0.3140109 -0.1889833 -0.9714791 -0.2371173 0.001945217 -0.9914633 -0.1206865 -0.04934766 -0.9652514 -0.2553626 -0.05549495 -0.9769445 -0.1576766 -0.1439357 -0.9448066 -0.210307 -0.2512198 -0.9187573 -0.1516364 -0.3645428 -0.8689636 -0.2068712 -0.4495627 -0.9120558 -0.06907237 -0.4042068 -0.7772184 -0.477371 -0.4099372 -0.7749077 -0.391471 -0.4962546 -0.809056 -0.2686119 -0.5227581 -0.8574564 -0.1311634 -0.4975588 -0.9005834 0.0003994327 -0.434683 -0.8421784 -0.06599784 -0.5351447 -0.7909096 -0.1982499 -0.5789291 -0.7385742 -0.3319832 -0.5867668 -0.6918057 -0.4617218 -0.5551737 -0.6745651 -0.5653226 -0.4747339 -0.3911668 -0.3739829 -0.8409074 -0.339635 -0.325159 -0.8825643 -0.3882511 -0.3765823 -0.8410986 -0.3365975 -0.3279066 -0.8827114 -0.385807 -0.3796235 -0.8408561 0.2743788 -0.8035146 -0.5282807 0.2334845 -0.8227584 -0.5182216 0.1994268 -0.7290397 -0.6547748 0.15964 -0.7496925 -0.6422432 0.1144248 -0.6372672 -0.7621007 0.07646457 -0.6595645 -0.7477485 0.02151846 -0.5305161 -0.8474017 -0.01405206 -0.5545227 -0.83205 -0.07698449 -0.4112877 -0.9082487 -0.1098248 -0.4368147 -0.8928222 -0.170664 -0.2927726 -0.9408284 -0.2008017 -0.3193828 -0.9261065 -0.2193828 -0.229249 -0.9483228 -0.2482536 -0.2563627 -0.9341565 -0.2248285 -0.2223578 -0.9486881 -0.2534601 -0.2494224 -0.934637 -0.2248285 -0.2223578 -0.9486881 0.3907443 -0.9204993 -7.279226e-05 0.4291116 -0.9032514 -0.0003615708 0.3917624 -0.9200268 0.008542882 0.4298971 -0.902839 0.008383286 0.3917624 -0.9200268 0.008542882 -0.2416095 -0.3499812 -0.9050624 -0.1515701 -0.4682473 -0.8705004 -0.05946799 -0.5834828 -0.8099453 0.02783804 -0.6859485 -0.7271174 0.1084437 -0.7736541 -0.624259 0.1806092 -0.8447309 -0.5037956 0.2426422 -0.8974741 -0.3683272 0.2930004 -0.9303079 -0.2206307 0.3279199 -0.9419174 -0.07252685 0.3408585 -0.940102 0.004869991 0.3415857 -0.9398101 0.00872658 0.3408585 -0.9400303 0.01258793 -0.4896577 -0.3760441 -0.786655 -0.436069 -0.4165047 -0.7977266 -0.4332857 -0.4189569 -0.797959 -0.4309841 -0.4218618 -0.7976749 -0.5907254 -0.2964912 -0.7504242 -0.5288456 -0.4189488 -0.7381086 -0.4788266 -0.45706 -0.7495473 -0.4758851 -0.4596874 -0.7498139 -0.475168 -0.4620639 -0.7488073 -0.6865759 -0.2153636 -0.6944293 -0.6235701 -0.3449431 -0.7015516 -0.5711125 -0.4681631 -0.6742802 -0.5237561 -0.5043882 -0.6864926 -0.4907633 -0.5526335 -0.6736079 -0.4273889 -0.6426908 -0.6358359 -0.3641021 -0.7262351 -0.5831057 -0.4262184 -0.7585781 -0.492846 -0.2907849 -0.3918394 -0.8728723 -0.2057946 -0.5072915 -0.8368416 -0.266259 -0.5482502 -0.7927975 -0.1851255 -0.6536926 -0.7337673 -0.2439666 -0.6813471 -0.6901061 -0.1719165 -0.7685088 -0.6163107 -0.2333205 -0.7852924 -0.5734784 -0.170503 -0.8544021 -0.4908419 -0.2471452 -0.8615344 -0.4434836 -0.1953383 -0.9132674 -0.3574711 -0.7705912 -0.138212 -0.6221629 -0.7128723 -0.2697268 -0.6473489 -0.6579129 -0.3999892 -0.6380903 -0.6160321 -0.5210093 -0.5908077 -0.5758882 -0.5525888 -0.6024934 -0.5465247 -0.5941889 -0.5901273 -0.4915492 -0.6725552 -0.5532168 -0.6290457 -0.6020526 -0.4917663 -0.5948671 -0.6492301 -0.4739551 -0.5129201 -0.7556297 -0.4073535 -0.3390952 -0.8606199 -0.3799313 -0.3050393 -0.7992504 -0.5178318 -0.3000468 -0.7043593 -0.6433117 -0.3195274 -0.5820103 -0.7477742 -0.345483 -0.4379058 -0.829988 -0.1186943 -0.6184487 -0.7768094 -0.1078188 -0.7465802 -0.6565006 -0.1042919 -0.84286 -0.5279302 -0.1121733 -0.9112042 -0.3963888 -0.145145 -0.9538056 -0.2630358 -0.3340113 -0.3310797 -0.8825093 -0.2563195 -0.9351606 -0.2444893 -0.2064109 -0.9689111 -0.1364032 0.1105253 -0.8690258 -0.4822637 0.1712923 -0.9198461 -0.3529053 0.08916107 -0.9387632 -0.3328271 0.1394038 -0.9698678 -0.1998077 0.06353874 -0.9801492 -0.1878043 0.1025782 -0.9928747 -0.06064291 0.02717104 -0.9980527 -0.05614748 0.1184834 -0.9929407 0.005526562 0.0426121 -0.9990745 0.00586649 0.118899 -0.9928635 0.009219206 0.04304835 -0.999025 0.009795136 0.04155484 -0.9990639 0.01201784 -0.4287804 -0.8485558 -0.3100007 -0.359718 -0.9148584 -0.183404 -0.3041808 -0.9513516 -0.04903264 0.1929862 -0.9811876 0.005219255 0.2730243 -0.9619949 0.004849397 0.1933703 -0.9810836 0.009109824 0.1144252 -0.6230072 0.7738016 0.0764662 -0.6455644 0.7598681 0.1994258 -0.7167542 0.6682012 0.1596404 -0.7376376 0.6560532 0.2743803 -0.7935666 0.5431091 0.2334824 -0.8129942 0.5334101 0.3372932 -0.8514005 0.4016846 0.2961161 -0.8697098 0.3948672 0.3864606 -0.8885243 0.2473312 0.3459177 -0.90612 0.2434903 0.4182154 -0.9031755 0.0967985 0.3790479 -0.920426 0.09559642 0.42911 -0.9030897 0.01713521 0.3907455 -0.9203387 0.01716697 0.4298971 -0.902839 0.008383286 0.3917624 -0.9200268 0.008542882 0.4298971 -0.902839 0.008383286 -0.2248285 -0.2047029 0.9526536 -0.2534601 -0.2320238 0.9391075 -0.2193822 -0.2115979 0.9524168 -0.2482553 -0.2389719 0.9387554 -0.1706627 -0.2752537 0.9461024 -0.2007994 -0.3021312 0.9318778 -0.0769856 -0.3943498 0.91573 0.3279218 -0.9404075 0.09000551 0.2930017 -0.9260504 0.2378668 0.2426396 -0.8904804 0.3849293 0.1806095 -0.8352288 0.5193969 0.1084456 -0.7619305 0.638515 0.02783586 -0.6723274 0.7397304 -0.05946636 -0.5683404 0.8206418 -0.1515701 -0.4520035 0.8790446 -0.2416111 -0.3331155 0.9114045 -0.2662573 -0.5334325 0.8028429 -0.2057934 -0.4916647 0.8461175 -0.3454848 -0.4224184 0.8379755 -0.2907833 -0.3755615 0.8799992 -0.385807 -0.3639439 0.8477605 -0.292432 -0.1470516 0.9449123 -0.2314334 -0.1989125 0.9522985 -0.2248285 -0.2047029 0.9526536 -0.2875713 -0.2699336 0.9189334 -0.2897188 -0.2666481 0.9192181 -0.2928866 -0.2643375 0.9188814 -0.8365988 0.3844994 0.3902085 -0.8697107 0.4339991 0.2350491 -0.8893329 0.394379 0.2314136 -0.8986827 0.4385805 -0.004072427 -0.8795541 0.4757783 -0.004417826 -0.8986827 0.4385805 -0.004072427 -0.8795541 0.4757783 -0.004417826 -0.8986827 0.4385805 -0.004072427 -0.8799254 0.4750922 0.004337231 -0.8991271 0.437664 0.004556145 -0.8813114 0.4649924 0.08409678 -0.9005424 0.4267547 0.08308929 -0.5094298 -0.1719911 0.8431491 -0.467336 -0.1195572 0.8759584 -0.4335907 -0.07929283 0.8976145 -0.4062653 -0.04767757 0.9125105 -0.6555225 -0.1447107 0.7411809 -0.6165084 -0.07980823 0.7832931 -0.5782347 -0.02217374 0.8155691 -0.5467717 0.02188174 0.8369958 -0.5208247 0.05630119 0.851805 -0.9341551 0.3565347 -0.0154003 -0.9176963 0.3972656 -0.003688799 -0.9314161 0.3636674 0.01449394 -0.919367 0.393391 0.002806029 -0.944763 0.3277049 -0.005689564 -0.9577953 0.286637 0.02161771 -0.947473 0.3198017 0.004674145 -0.9711739 0.2262979 0.074904 -0.9484506 0.3073787 0.07720016 -0.9230777 0.3766678 0.07777546 0.04098101 -0.8008593 -0.5974486 0.0304473 -0.8902847 -0.4543854 0.01431633 -0.9497951 -0.3125449 -0.01149401 -0.9845149 -0.1749235 -0.06355961 -0.9967668 -0.04915474 -0.04805223 -0.9987981 0.009662099 -0.06342057 -0.9957067 0.06742379 0.2733689 -0.9618678 0.008931396 0.1929862 -0.9811153 0.01300165 0.1184834 -0.9928721 0.01291265 0.1025786 -0.9915774 0.07906862 0.02717096 -0.996838 0.07467024 -0.0114948 -0.981097 0.1931749 -0.10068 -0.9791437 0.1764685 -0.1451452 -0.9487564 0.2807029 -0.2563193 -0.9304594 0.2618124 0.2730243 -0.9619191 0.01301505 0.2591191 -0.9619276 0.08690537 0.1779236 -0.9805295 0.08309677 0.1394012 -0.9659906 0.2177829 0.0635414 -0.9764918 0.2059763 0.0143213 -0.943828 0.3301266 -0.05894667 -0.9493778 0.3085565 -0.1121737 -0.9036871 0.4132393 -0.1953374 -0.9064723 0.3743678 -0.2471453 -0.8531505 0.4594055 -0.3390952 -0.8534165 0.3958469 -0.3195318 -0.5680233 0.7584516 -0.3934394 -0.4626761 0.7944409 -0.4309841 -0.4069768 0.8053711 -0.4741279 -0.4480081 0.7579521 -0.4387511 -0.5000213 0.7466433 -0.03591173 -0.7168267 -0.6963259 -0.03558937 -0.8258177 -0.562813 -0.04192431 -0.9036149 -0.4262891 -0.05894507 -0.9549442 -0.2908729 -0.1006788 -0.9822518 -0.1582565 -0.1710939 -0.9843876 -0.04132627 -0.1574537 -0.9874838 0.009168408 -0.2865465 -0.958025 0.008895882 -0.1710949 -0.9834502 0.05960009 -0.3041808 -0.9502771 0.06668999 0.2219135 -0.947731 0.2292604 0.08915686 -0.9324225 0.3501989 -0.04192385 -0.8955434 0.4429948 -0.1705039 -0.8451393 0.5066242 -0.3050393 -0.7894974 0.5325832 -0.4262184 -0.7492956 0.5068471 -0.5129201 -0.7479351 0.4213148 -0.8913493 -0.4337536 -0.1317355 -0.8429537 -0.4899328 -0.2222494 -0.7780746 -0.5545386 -0.2951048 -0.7087973 -0.6175359 -0.3409629 -0.677357 -0.6466309 -0.3507934 -0.6500115 -0.679427 -0.340388 -0.5910912 -0.7513988 -0.2932765 -0.5305888 -0.8187971 -0.2191959 -0.4778162 -0.8691296 -0.1276927 -0.4406552 -0.8970189 -0.03435352 -0.4316521 -0.9020013 0.008375523 -0.4406549 -0.8962264 0.05100459 -0.6026313 -0.794073 0.07926965 -0.339635 -0.3087143 0.8884501 -0.398176 -0.2624996 0.8789481 -0.4473922 -0.3151272 0.8369797 -0.5538529 -0.230649 0.80003 -0.5907261 -0.2825007 0.7558016 -0.7705908 -0.1266351 0.6246225 -0.7450204 -0.06340173 0.6640217 -0.7112373 0.007223833 0.7029149 -0.6768345 0.0695657 0.7328408 -0.6477925 0.1169472 0.752787 -0.6234388 0.1538325 0.7665896 -0.3365975 -0.3114587 0.8886482 -0.3911668 -0.3583033 0.8477071 -0.4896569 -0.3613721 0.7935026 -0.6235704 -0.3318568 0.7078355 -0.8574573 -0.1219005 0.4999073 -0.8421791 -0.05604849 0.536277 -0.8213006 0.01198866 0.5703698 -0.792114 0.08747262 0.6040728 -0.761225 0.1536767 0.6300158 -0.7344944 0.203726 0.6473127 -0.7117058 0.242504 0.6592925 0.04098097 -0.789627 0.6122171 -0.1078189 -0.7342599 0.6702518 -0.243968 -0.6684182 0.7026356 -0.3700611 -0.5987557 0.7103143 -0.4906654 -0.5402578 0.6836439 -0.5242902 -0.4909912 0.6957352 -0.5708908 -0.4556698 0.6829705 -0.3340114 -0.314635 0.8885051 -0.3882511 -0.3608988 0.8479464 -0.436069 -0.4016196 0.8053232 -0.5288451 -0.405171 0.7457609 -0.6579132 -0.3880722 0.645407 -0.6918052 -0.4513327 0.5636527 0.1105264 -0.8599203 0.4983182 -0.03558936 -0.8152243 0.5780508 -0.1719164 -0.7569322 0.6304747 -0.3000468 -0.6922906 0.6562816 -0.427388 -0.6307726 0.6476615 -0.5465253 -0.5831268 0.6010601 -0.5758871 -0.5413069 0.6126508 -0.6160335 -0.5099478 0.6003798 -0.918757 -0.1448419 0.3672961 -0.9120551 -0.06155423 0.4054214 -0.9005833 0.008470676 0.434601 -0.8832858 0.08030348 0.4619065 -0.8576758 0.1594215 0.4888527 -0.8296072 0.2283466 0.509519 -0.8048095 0.2801439 0.5232601 -0.783394 0.3200787 0.5327697 -0.9448066 -0.205606 0.2550818 -0.9575319 -0.09345907 0.2727602 -0.9539741 -0.007073228 0.2998057 -0.9448602 0.06601332 0.3207512 -0.9298031 0.1403655 0.3402406 -0.9064983 0.221586 0.359389 -0.8803416 0.2918208 0.373951 -0.8569413 0.3442482 0.3835946 -0.911908 0.342502 0.2260888 -0.9371375 0.2725428 0.2179306 -0.9595125 0.1909715 0.2070402 -0.973796 0.1156346 0.1958317 -0.9821372 0.04081618 0.1836862 -0.9846221 -0.04851 0.1678276 -0.9769443 -0.1549776 0.146839 -0.9999916 0.003754827 -0.001619503 -0.9999894 0.003357279 0.003135491 -0.995522 0.09449426 0.002591357 -0.9856743 0.1541535 0.06843154 -0.9947678 0.0790814 0.06467748 -0.9981516 -0.01156287 0.05966309 -0.9913261 -0.1202711 0.05298433 -0.9855352 0.1694578 0.002119791 -0.9729439 0.2310353 0.001709669 -0.9608188 0.2764723 -0.01975685 -0.6865725 -0.2024302 0.6983124 -0.7909091 -0.1874671 0.5825109 -0.7128736 -0.2576594 0.6522445 -0.8090554 -0.2588583 0.5276569 -0.7385747 -0.3210295 0.59283 -0.7749075 -0.3821883 0.5034386 0.1712946 -0.9131333 0.3699266 0.03044629 -0.8816933 0.4708397 -0.1042926 -0.8329106 0.5434915 -0.2333188 -0.7745085 0.5879616 -0.3641027 -0.7152814 0.5964912 -0.4915495 -0.6621669 0.5656095 -0.594867 -0.6403173 0.4859291 -0.6290459 -0.5928168 0.5028613 -0.674565 -0.5564097 0.4851498 -0.6500115 -0.6729892 0.3529456 -0.677357 -0.6400054 0.3627404 -0.7087972 -0.611098 0.3523716 -0.4287804 -0.842653 0.3257044 -0.5910912 -0.7458233 0.3071789 -0.2064099 -0.9662114 0.1543715 -0.359718 -0.911295 0.2003607 -0.5305888 -0.8145856 0.2343626 -0.6641747 -0.7284489 0.1680303 -0.7631958 -0.6241976 0.1670616 -0.7977766 -0.5895104 0.1266094 -0.7780746 -0.5489631 0.3053513 -0.8429537 -0.4857213 0.2313088 -0.7772184 -0.4696764 0.418731 -0.8665895 -0.3817185 0.3214243 -0.8733725 -0.2909183 0.3906239 -0.8689637 -0.1984872 0.4533264 -0.965118 -0.2547271 0.06050972 -0.9942448 -0.1070666 0.003738397 -0.9943132 -0.1064947 -0.0004053153 -0.9304206 -0.3104475 0.1947817 -0.8913493 -0.4312326 0.1397673 -0.8247394 -0.5602328 0.07709797 -0.4778162 -0.8666085 0.1438099 -0.6309394 -0.76516 0.1282402 0.5583306 -0.8284899 0.0432604 0.5484415 -0.8325128 0.07832182 0.5536374 -0.8325974 0.01634444 0.5572424 -0.8266188 0.07862745 0.5472582 -0.8231564 0.1514004 0.5368572 -0.8257215 0.1731139 0.5359247 -0.8157612 0.2175281 0.5209756 -0.8142873 0.2559698 0.4450572 -0.7460986 0.4952383 0.4325971 -0.7206329 0.5418006 0.4119922 -0.7122656 0.5682782 0.4040053 -0.6920203 0.5982371 0.3757161 -0.674847 0.6351527 0.5360686 -0.8156416 0.2176216 0.5210466 -0.8036702 0.287445 0.5001741 -0.7964772 0.3397793 0.5025718 -0.7887747 0.3539152 0.4755114 -0.7737786 0.418516 0.4815374 -0.7702658 0.4181057 0.4597981 -0.7464164 0.4810907 0.4037552 -0.692421 0.5979422 0.3739337 -0.6610269 0.6505513 0.3341028 -0.6322022 0.6990678 0.3424858 -0.6261814 0.7004287 0.3073412 -0.5900259 0.7465995 0.2906034 -0.5844005 0.7576449 0.2716573 -0.5510459 0.7890188 0.2448533 -0.5343452 0.8090254 0.09147602 -0.3619774 0.9276877 0.06413927 -0.3164844 0.9464268 0.03721481 -0.2983167 0.9537412 0.01813844 -0.2636328 0.9644525 -0.01681943 -0.2352144 0.971798 0.2718883 -0.550628 0.789231 0.233695 -0.5085454 0.8287148 0.1957501 -0.4789836 0.8557199 0.1915723 -0.4625256 0.8656617 0.1456207 -0.4222371 0.8947125 0.1510814 -0.4177331 0.8959205 0.1079158 -0.3652622 0.9246284 0.01805359 -0.2638664 0.9643903 -0.02489098 -0.2130924 0.9767149 -0.07909912 -0.1633595 0.9833906 0.4351958 -0.7989646 0.4150424 0.4172668 -0.8095233 0.4129897 0.4609325 -0.8214123 0.3358914 0.4429992 -0.8318797 0.3342571 0.4823477 -0.8382248 0.254401 0.4648787 -0.8483752 0.2532734 0.49931 -0.8493276 0.1712664 0.4820112 -0.8594029 0.1705634 0.4414466 -0.86122 0.2518432 0.4724586 -0.8759746 0.09721851 0.3873677 -0.7821586 0.488031 0.3305193 -0.7635821 0.5547066 0.3934767 -0.8229316 0.4098288 0.2543153 -0.6849616 0.6827528 0.1086451 -0.4507587 0.8860095 0.09247191 -0.463195 0.8814189 0.1587497 -0.5080727 0.8465581 0.1419216 -0.5204409 0.8420211 0.2065926 -0.561872 0.8010115 0.1895122 -0.5738732 0.796715 0.2521676 -0.6121542 0.7494523 0.1670347 -0.5892587 0.7904895 -0.03118144 -0.3572547 0.9334864 0.07102317 -0.4790996 0.8748824 0.0408439 -0.4030591 0.9142621 -0.07116034 -0.1565288 0.9851066 -0.09578598 -0.1309941 0.9867449 -0.1188066 -0.1155683 0.9861688 -0.1199496 -0.1047647 0.9872368 -0.1239632 -0.1085854 0.9863277 -0.1199496 -0.1047647 0.9872368 -0.1239632 -0.1085854 0.9863277 -0.1199496 -0.1047647 0.9872368 -0.1239632 -0.1085854 0.9863277 -0.1199496 -0.1047647 0.9872368 -0.1306696 -0.1030786 0.9860529 -0.1199496 -0.1047647 0.9872368 -0.1448377 -0.0793597 0.9862678 -0.176327 -0.0610007 0.9824397 -0.1690066 -0.05353463 0.9841599 -0.2230007 -0.004496322 0.9748079 -0.2447867 0.004675734 0.9695657 -0.2711586 0.0409356 0.9616638 -0.304942 0.06177856 0.9503651 -0.4771223 0.2281568 0.8487042 -0.503401 0.2674883 0.8216066 -0.5284655 0.2801178 0.8014101 -0.5434549 0.3072701 0.7811798 -0.5754551 0.327712 0.7493038 -0.2710887 0.04113247 0.9616751 -0.3214923 0.0895327 0.9426699 -0.3652021 0.1201042 0.9231481 -0.369945 0.1351568 0.9191699 -0.4215658 0.1751396 0.8897238 -0.4163818 0.1795573 0.891283 -0.459721 0.225265 0.8590182 -0.5435795 0.306741 0.781301 -0.5802555 0.3444618 0.7380038 -0.6206229 0.3729528 0.6897343 -0.6141914 0.3810282 0.6910763 -0.6468555 0.4136749 0.6406645 -0.6605397 0.4158383 0.6251126 -0.6758099 0.444685 0.5878232 -0.6955397 0.453468 0.5573073 -0.7734774 0.5431612 0.3266628 -0.7784162 0.5644153 0.274779 -0.788687 0.5646861 0.2431099 -0.7890456 0.5792064 0.2047609 -0.7985085 0.5802981 0.1601193 -0.6756296 0.4451529 0.5876764 -0.7023389 0.4742496 0.5308553 -0.7264383 0.4885412 0.4833373 -0.7274145 0.501398 0.4684743 -0.7518541 0.5182017 0.4076548 -0.7476005 0.5239697 0.4081044 -0.7643327 0.5477125 0.3403037 -0.7891622 0.5790078 0.2048732 -0.7952564 0.5902506 0.138461 -0.8038692 0.5912325 0.06510361 -0.2056533 -0.0900848 0.9744698 -0.2190442 -0.1032687 0.9702346 -0.1603946 -0.1308694 0.9783388 -0.1737162 -0.1436121 0.974268 -0.1537799 -0.1369783 0.9785646 -0.1670958 -0.1496636 0.9745152 -0.1537799 -0.1369783 0.9785646 -0.1670958 -0.1496636 0.9745152 -0.1537799 -0.1369783 0.9785646 -0.1670958 -0.1496636 0.9745152 -0.1480177 -0.1439001 0.9784598 -0.1613909 -0.1565885 0.9743885 -0.1095837 -0.1912302 0.9754088 -0.1233983 -0.2039663 0.9711697 -0.04986221 -0.2637447 0.9633029 -0.0645326 -0.2766213 0.9588098 0.003699328 -0.3278405 0.9447258 -0.01138892 -0.3405293 0.9401649 0.05668237 -0.3903602 0.9189157 -0.4527677 0.1403045 0.8805203 -0.4659751 0.1247512 0.8759591 -0.3954285 0.08563268 0.9144962 -0.4088833 0.07042189 0.9098655 -0.3359617 0.02976174 0.9414053 -0.3493674 0.01530126 0.9368609 -0.2748817 -0.02683835 0.9611034 -0.2884552 -0.04087107 0.9566207 -0.3670264 -0.003670616 0.9302033 -0.2507977 -0.1064183 0.9621724 -0.5202298 0.176688 0.8355491 -0.5871848 0.2047999 0.7831162 -0.4829003 0.1040837 0.8694676 -0.1281032 -0.2355924 0.9633721 -0.1772184 -0.1716047 0.9690952 -0.1828544 -0.1646806 0.9692495 -0.1828544 -0.1646806 0.9692495 -0.1828544 -0.1646806 0.9692495 -0.1894774 -0.1586981 0.9689754 -0.6772655 0.2958259 0.6736457 -0.7793187 0.4797052 0.403169 -0.7907692 0.4623203 0.4011783 -0.7538776 0.4494324 0.4792485 -0.7656759 0.4317873 0.4767601 -0.7236674 0.4152899 0.5512167 -0.7355841 0.3978645 0.5482881 -0.6887474 0.3773353 0.6190679 -0.7506692 0.3747147 0.5441366 -0.8396549 0.4875506 0.2393199 -0.8053537 0.4392205 0.3981091 -0.8110389 0.4883986 0.321998 -0.7975182 0.5997231 0.06555098 -0.799014 0.6005596 0.03007997 -0.8031136 0.595818 0.003080962 -0.7991296 0.6011329 -0.005581802 -0.8024927 0.5966362 -0.005540048 -0.7991296 0.6011329 -0.005581802 -0.8024927 0.5966362 -0.005540048 -0.7991296 0.6011329 -0.005581802 -0.8024927 0.5966362 -0.005540048 -0.7991296 0.6011329 -0.005581802 -0.8031136 0.5956581 -0.01414434 -0.8038712 0.5899191 -0.07606922 -0.7952661 0.5876114 -0.1492132 -0.7985644 0.5771657 -0.170806 -0.7890776 0.5753298 -0.2152956 -0.7887316 0.5599867 -0.2536085 -0.7267625 0.4785497 -0.492754 -0.7024047 0.4643838 -0.5394213 -0.6953549 0.4431426 -0.5657793 -0.6758262 0.4338591 -0.59584 -0.6604748 0.4043982 -0.6326414 -0.7889516 0.5754666 -0.2153914 -0.7784172 0.5592331 -0.2851753 -0.7727937 0.5375575 -0.3373751 -0.7651094 0.5394303 -0.3515999 -0.7521256 0.5110649 -0.4160765 -0.7483037 0.5169052 -0.4157532 -0.7261899 0.4934114 -0.4787414 -0.7991296 0.6011329 -0.005581802 -0.7990197 0.599896 -0.0411378 -0.7975351 0.5984014 -0.07650834 -0.6762365 0.4336326 -0.5955392 -0.6469082 0.4017701 -0.648144 -0.6206228 0.3600805 -0.696541 -0.6141914 0.3681296 -0.6980326 -0.5803225 0.3307626 -0.7441921 -0.5756687 0.3136605 -0.7551309 -0.5436258 0.2927445 -0.7866204 -0.5285131 0.26494 -0.8065238 -0.3653759 0.1018416 -0.9252722 -0.321526 0.07203199 -0.944157 -0.3048368 0.04414338 -0.951381 -0.2712816 0.02321076 -0.9622201 -0.2447695 -0.013229 -0.969491 -0.5431986 0.2929517 -0.7868384 -0.5035055 0.2522935 -0.8263354 -0.4761877 0.2126387 -0.8532468 -0.4600594 0.2075307 -0.8632939 -0.4224605 0.1593091 -0.8922711 -0.4176928 0.1645195 -0.8935693 -0.3677817 0.1184552 -0.9223367 -0.2715186 0.02313861 -0.962155 -0.2231388 -0.02247324 -0.9745276 -0.176326 -0.07922982 -0.981138 -0.1691119 -0.07166916 -0.9829876 -0.1448948 -0.0975919 -0.9846224 -0.1306697 -0.1213712 -0.9839687 -0.1199496 -0.123079 -0.9851211 -0.1239632 -0.1268821 -0.9841413 -0.1199496 -0.123079 -0.9851211 -0.1239632 -0.1268821 -0.9841413 -0.1199496 -0.123079 -0.9851211 -0.1239632 -0.1268821 -0.9841413 -0.1199496 -0.123079 -0.9851211 -0.1188066 -0.1338608 -0.9838528 -0.07910278 -0.1815931 -0.9801871 -0.02500728 -0.2310486 -0.9726208 -0.0169205 -0.2532315 -0.9672577 0.01800564 -0.281367 -0.9594313 0.037186 -0.3160792 -0.9480038 0.195417 -0.4957057 -0.8462198 0.2335933 -0.5237374 -0.8192272 0.2451028 -0.5492408 -0.7989112 0.271634 -0.5654313 -0.7787826 0.2906965 -0.5981608 -0.7467926 0.01820573 -0.2813075 -0.959445 0.06412166 -0.3339698 -0.9404002 0.09258259 -0.3790239 -0.9207439 0.1074074 -0.3845013 -0.9168546 0.1449516 -0.4378533 -0.8872844 0.1496155 -0.4329178 -0.8889304 0.1933292 -0.4782699 -0.856669 -0.1199496 -0.123079 -0.9851211 -0.09585139 -0.1492342 -0.9841451 -0.0712861 -0.1746828 -0.9820408 0.2710981 -0.5655295 -0.7788981 0.307281 -0.6037186 -0.7355965 0.3341029 -0.6450745 -0.6872075 0.3424858 -0.6390799 -0.6886802 0.3738741 -0.6729383 -0.6382571 0.3754744 -0.6865784 -0.6225987 0.4038414 -0.7029864 -0.5854248 0.4118799 -0.7228732 -0.5548057 0.4995775 -0.8032969 -0.3242473 0.5210295 -0.8088677 -0.2725091 0.521065 -0.8188595 -0.2407498 0.5359024 -0.8196284 -0.2025285 0.5369196 -0.8287416 -0.1578124 0.4043193 -0.7028292 -0.5852837 0.4325284 -0.7305015 -0.5284759 0.4460007 -0.7548862 -0.4808641 0.4589275 -0.756393 -0.4661065 0.4750142 -0.7811297 -0.4052134 0.4809891 -0.7771833 -0.4057532 0.5044668 -0.7945194 -0.338012 0.5356971 -0.8197356 -0.202638 0.5472267 -0.8258163 -0.1362736 0.5484441 -0.8338218 -0.06285105 0.5572459 -0.8279211 -0.06343205 0.5583332 -0.8291456 -0.02795744 0.5536374 -0.8327574 -0.0008808674 0.5592304 -0.8289765 0.007697438 0.5545664 -0.8321036 0.007726475 0.5592304 -0.8289765 0.007697438 0.5545664 -0.8321036 0.007726475 0.5592304 -0.8289765 0.007697438 0.5545664 -0.8321036 0.007726475 0.5592304 -0.8289765 0.007697438 0.5592304 -0.8289765 0.007697438 0.5445124 -0.8387166 0.00778788 0.5328645 -0.8461641 0.007857033 0.5440443 -0.8390556 -0.001248147 0.5323618 -0.8465162 -0.001155418 0.5388244 -0.8401055 -0.0623785 0.5268668 -0.8476754 -0.06211107 0.5260768 -0.835875 -0.1567043 0.5137445 -0.8436146 -0.1561439 0.5097024 -0.8260003 -0.2406803 0.4970953 -0.8338916 -0.2398355 0.48874 -0.810381 -0.3231343 0.4759196 -0.8184246 -0.3219963 0.4633056 -0.7890668 -0.4033875 0.450338 -0.7972656 -0.4019494 0.4338328 -0.7624231 -0.4801042 0.4207904 -0.7707811 -0.4783638 0.4006517 -0.7307891 -0.5526531 0.3876054 -0.7393102 -0.5506201 0.3637804 -0.6941975 -0.6210907 0.3507907 -0.7028822 -0.6187911 0.3232713 -0.6526794 -0.6852046 0.3103939 -0.6615177 -0.6826785 0.279655 -0.6067616 -0.7440654 0.266948 -0.6157435 -0.7413493 0.2335559 -0.5571202 -0.796912 0.2210863 -0.5662433 -0.7940336 0.1851101 -0.5039173 -0.8436834 0.1729297 -0.5131672 -0.840687 0.1342866 -0.4471049 -0.884344 0.122432 -0.4564574 -0.8812815 0.08151536 -0.3871367 -0.9184119 0.07002118 -0.3965586 -0.9153351 0.02767322 -0.3250089 -0.945306 0.01656964 -0.3344631 -0.9422632 -0.02680423 -0.261245 -0.9649003 -0.0374922 -0.2706945 -0.9619349 -0.08758167 -0.1890578 -0.9780525 -0.09778542 -0.1984523 -0.9752203 -0.1266999 -0.1419256 -0.9817353 -0.1365836 -0.1512558 -0.9790131 -0.1325512 -0.1350188 -0.9819369 -0.1423939 -0.1443425 -0.9792289 -0.1325512 -0.1350188 -0.9819369 -0.1423939 -0.1443425 -0.9792289 -0.1325512 -0.1350188 -0.9819369 -0.1423939 -0.1443425 -0.9792289 -0.1391493 -0.1288186 -0.981857 -0.1490007 -0.1381828 -0.9791345 -0.1842379 -0.08729618 -0.9789973 -0.1941697 -0.0969753 -0.9761628 -0.2533194 -0.02276481 -0.9671148 -0.2633337 -0.03292279 -0.9641429 -0.3143742 0.03510552 -0.9486498 -0.324415 0.02453273 -0.9455967 -0.3738948 0.09232822 -0.9228641 -0.3839242 0.08136411 -0.9197729 -0.4313811 0.1484418 -0.8898738 -0.4413612 0.1371127 -0.8867922 -0.4858765 0.2025124 -0.8502428 -0.4957696 0.1908503 -0.8472241 -0.536947 0.2540812 -0.8044443 -0.5467245 0.2421264 -0.8015405 -0.5846382 0.303183 -0.7525146 -0.5942864 0.2909841 -0.7497679 -0.6287933 0.3496738 -0.6945122 -0.6383051 0.3372922 -0.6919541 -0.6687638 0.3928875 -0.6311849 -0.6781286 0.3803832 -0.6288483 -0.7040427 0.4322559 -0.5634525 -0.7132433 0.4196833 -0.5613822 -0.7345989 0.4677248 -0.4915262 -0.7436309 0.4551485 -0.4897479 -0.7604 0.4992757 -0.4153501 -0.7692673 0.486763 -0.4138715 -0.7811197 0.5265538 -0.335549 -0.7898228 0.5141755 -0.3343703 -0.7964034 0.549095 -0.2534488 -0.8049407 0.5369187 -0.2525642 -0.8062006 0.5667739 -0.1697289 -0.8145701 0.5548612 -0.169129 -0.8106438 0.5806426 -0.07557051 -0.818822 0.5690918 -0.0752668 -0.8098935 0.5863981 -0.01448406 -0.8179461 0.5751158 -0.01435583 -0.8096147 0.5869363 -0.005449981 -0.8176522 0.5756877 -0.005345532 -0.8096147 0.5869363 -0.005449981 -0.8176522 0.5756877 -0.005345532 -0.8096147 0.5869363 -0.005449981 -0.8176522 0.5756877 -0.005345532 -0.8098935 0.5865659 0.003592632 -0.8179461 0.5752832 0.003673944 -0.8106438 0.5819457 0.06477564 -0.8188213 0.5703923 0.06468577 -0.8062005 0.5698282 0.1591746 -0.8145696 0.5579068 0.1587968 -0.7964035 0.5537066 0.2432087 -0.8049407 0.5415162 0.2425504 -0.78112 0.5326939 0.3257128 -0.789823 0.5202957 0.3247645 -0.7603999 0.5069023 0.4060075 -0.7692682 0.4943624 0.404762 -0.7345982 0.4767719 0.4827566 -0.7436322 0.4641629 0.4812109 -0.7040427 0.4426443 0.5553287 -0.7132425 0.4300372 0.5534918 -0.6687643 0.4045398 0.6237803 -0.6781271 0.3919954 0.6216778 -0.6287935 0.3625104 0.6878989 -0.638306 0.3500841 0.6855703 -0.5846378 0.3171051 0.746755 -0.5942865 0.3048546 0.744236 -0.536947 0.2689753 0.7995875 -0.546726 0.2569678 0.7969054 -0.4858767 0.218265 0.8463358 -0.4957687 0.2065517 0.8435341 -0.4313809 0.1649403 0.886964 -0.4413592 0.1535571 0.884094 -0.373895 0.1094498 0.9209904 -0.3839242 0.09843 0.9181033 -0.3143742 0.05271539 0.9478344 -0.3244151 0.04208759 0.944978 -0.2533198 -0.004802112 0.9673707 -0.263334 -0.01501443 0.9645879 -0.1842376 -0.06910197 0.9804496 -0.1941708 -0.07883238 0.977795 -0.1391493 -0.110564 0.9840798 -0.1490006 -0.1199772 0.9815316 -0.1325512 -0.1167615 0.9842748 -0.1423939 -0.126134 0.9817404 -0.1325512 -0.1167615 0.9842748 -0.1423939 -0.126134 0.9817404 -0.1325512 -0.1167615 0.9842748 -0.1423939 -0.126134 0.9817404 -0.1266999 -0.123671 0.9842015 -0.1365836 -0.1330501 0.981653 -0.08758152 -0.1708636 0.9813945 -0.09778486 -0.1803079 0.9787376 -0.0268043 -0.243282 0.9695852 -0.03749137 -0.252785 0.9667958 0.0276731 -0.3073991 0.9511782 0.01656966 -0.3169081 0.9483115 0.08151483 -0.3700153 0.9254426 0.07002084 -0.379493 0.9225411 0.1342869 -0.4306064 0.8924938 0.122431 -0.4400159 0.8896048 0.1851111 -0.4881636 0.8528952 0.1729277 -0.4974685 0.8500712 0.233556 -0.542226 0.8071199 0.2210874 -0.5513994 0.8044122 0.2796544 -0.5928407 0.7552042 0.2669501 -0.6018709 0.7526546 0.323271 -0.6398428 0.6972066 0.3103931 -0.6487259 0.6948459 0.3637811 -0.6825441 0.6338745 0.3507902 -0.6912721 0.6317351 0.4006517 -0.7204008 0.5661281 0.3876035 -0.7289588 0.564254 0.4338323 -0.7533771 0.4941786 0.4207919 -0.761764 0.492595 0.4633057 -0.7814402 0.4179701 0.45034 -0.7896634 0.4166841 0.4887401 -0.8042406 0.3381274 0.4759198 -0.8123041 0.3371386 0.5097025 -0.8213885 0.2559772 0.4970952 -0.8292942 0.2552791 0.5260766 -0.832821 0.1721992 0.5137439 -0.8405702 0.171782 0.5388245 -0.8388023 0.07796764 0.5268657 -0.8463765 0.07784152 0.5440443 -0.8388877 0.01682855 0.5323618 -0.8463487 0.01687436 0.5445124 -0.8387166 0.00778788 0.5328645 -0.8461641 0.007857033 0.5445124 -0.8387166 0.00778788 0.5328645 -0.8461641 0.007857033 -0.77932 0.4721335 -0.4120076 -0.790768 0.4547914 -0.4096958 -0.7996784 0.4996893 -0.3329041 -0.8110394 0.4823345 -0.3310114 -0.81461 0.5226595 -0.2514708 -0.8256351 0.5057476 -0.2500919 -0.8240537 0.5409031 -0.1684025 -0.8281 0.5555524 -0.0749126 -0.8387025 0.5394762 -0.0744548 -0.8270918 0.5618874 -0.01420385 -0.8375544 0.546174 -0.01402048 -0.826782 0.5624983 -0.005223062 -0.8372281 0.5468303 -0.005077577 -0.826782 0.5624983 -0.005223062 -0.8372281 0.5468303 -0.005077577 -0.826782 0.5624983 -0.005223062 -0.8372281 0.5468303 -0.005077577 -0.8270918 0.5620542 0.003767664 -0.8375544 0.5463402 0.003876136 -0.8281006 0.5568469 0.06458284 -0.8387024 0.540766 0.0644242 -0.8240541 0.5439362 0.1583298 -0.834999 0.5271728 0.1576882 -0.8146101 0.527239 0.2417219 -0.8256351 0.5103045 0.2406575 -0.7996787 0.5057841 0.3235682 -0.834999 0.5241536 -0.1674505 -0.8396552 0.4830224 -0.2483314 -0.8513596 0.5161143 -0.09387704 -0.7656756 0.4228616 -0.4846947 -0.7506688 0.3645462 -0.5510014 -0.8053532 0.4317529 -0.4061965 -0.8513592 0.5177693 0.08427624 -0.8496076 0.5274002 0.004003788 -0.8492645 0.5279448 -0.004902217 -0.8492645 0.5279448 -0.004902217 -0.8492645 0.5279448 -0.004902217 -0.8496075 0.527235 -0.01379639 -0.6491203 0.3228507 -0.6887744 -0.6615041 0.305807 -0.6847586 -0.6887478 0.3657749 -0.6259674 -0.7010147 0.3483362 -0.6222863 -0.7236655 0.404984 -0.5588348 -0.7355848 0.3876138 -0.5555813 -0.7538796 0.4404533 -0.4875105 -0.4527655 0.1239312 -0.8829748 -0.4659747 0.1084616 -0.8781251 -0.5070564 0.1772693 -0.8434864 -0.5202317 0.1611418 -0.8386849 -0.5578972 0.2282213 -0.7979134 -0.5707213 0.2118208 -0.7933531 -0.6052868 0.2767802 -0.7463382 -0.5871849 0.190222 -0.7867842 -0.6772655 0.2832657 -0.6790228 -0.6180362 0.2598549 -0.7419614 -0.3670267 -0.0209425 -0.9299746 -0.482901 0.08791974 -0.8712501 -0.408883 0.05351489 -0.9110164 0.1086435 -0.4671356 -0.8774856 0.09247391 -0.479483 -0.8726653 0.05668269 -0.4073557 -0.9115089 0.04084313 -0.4199671 -0.9066198 0.003699471 -0.345327 -0.9384751 -0.01138908 -0.3579288 -0.9336794 -0.04986199 -0.2815862 -0.9582395 -0.1095826 -0.2093098 -0.9716898 -0.1233984 -0.2219653 -0.9672147 -0.1480178 -0.1620445 -0.9756189 -0.161391 -0.1746551 -0.9713128 -0.1537799 -0.155126 -0.9758523 -0.1670958 -0.1677339 -0.971568 -0.1537799 -0.155126 -0.9758523 -0.1670958 -0.1677339 -0.971568 -0.1537799 -0.155126 -0.9758523 -0.1670958 -0.1677339 -0.971568 -0.1603948 -0.1490138 -0.9757399 -0.1737164 -0.1616787 -0.9714333 -0.2056536 -0.1081656 -0.9726288 -0.219044 -0.1212674 -0.9681498 -0.2748826 -0.04468095 -0.960439 -0.288455 -0.05862787 -0.9556968 -0.3359617 0.01227518 -0.9417957 -0.3493674 -0.002098108 -0.9369835 -0.3954294 0.06863605 -0.9159283 -0.06453258 -0.2943782 -0.9535077 -0.03118217 -0.374527 -0.9266915 -0.1281033 -0.253442 -0.9588309 0.1419219 -0.535985 -0.8322129 0.1670353 -0.6038359 -0.779411 0.07102375 -0.4952624 -0.8658353 -0.2507966 -0.1242668 -0.9600306 -0.1894775 -0.1766639 -0.9658613 -0.1828544 -0.1826505 -0.9660244 -0.1828544 -0.1826505 -0.9660244 -0.1828544 -0.1826505 -0.9660244 -0.1772185 -0.1895704 -0.9657415 0.295385 -0.6715441 -0.6795412 0.2776892 -0.6829951 -0.6755786 0.2521672 -0.6259651 -0.7379562 0.2345702 -0.6377855 -0.7336255 0.2065953 -0.5766488 -0.7904395 0.1895113 -0.5885692 -0.785921 0.1587469 -0.5237065 -0.8369773 0.4351983 -0.8065327 -0.4001342 0.4172663 -0.8170537 -0.3978844 0.4055709 -0.7802358 -0.4761768 0.3873658 -0.7910864 -0.4734238 0.3723628 -0.7489406 -0.5481186 0.354375 -0.7599169 -0.5449263 0.3356283 -0.7127093 -0.6159538 0.330519 -0.7737514 -0.5404313 0.2543153 -0.6975218 -0.6699157 0.3175483 -0.724029 -0.6123276 0.4414468 -0.8657478 -0.2358082 0.3934759 -0.8304004 -0.3944768 0.4429998 -0.8379428 -0.3187524 0.5128641 -0.854947 0.07769262 0.4962599 -0.8647102 0.07747475 0.5186794 -0.8548013 0.0169237 0.5024472 -0.8644412 0.01697574 0.5192221 -0.8546025 0.007935388 0.5030365 -0.8642279 0.008024764 0.5192221 -0.8546025 0.007935388 0.5030365 -0.8642279 0.008024764 0.5192221 -0.8546025 0.007935388 0.5030365 -0.8642279 0.008024764 0.5186793 -0.8549682 -0.001047819 0.5024472 -0.8646074 -0.0009208741 0.5128633 -0.8562428 -0.0618028 0.4962601 -0.8659997 -0.06140425 0.4993092 -0.8523618 -0.1554659 0.4820113 -0.8624219 -0.1545753 0.4823477 -0.8428044 -0.2387917 0.4648787 -0.8529319 -0.2374761 0.4609317 -0.8275082 -0.3205808 0.4835557 -0.8752758 0.008127349 0.4597001 -0.8880359 0.008245833 0.4829116 -0.8756688 -0.0007699501 0.4589913 -0.8884406 -0.0005869741 0.4724594 -0.8776284 -0.08093478 0.4488938 -0.8898958 -0.081116 0.4183178 -0.8776979 -0.2337874 0.3697673 -0.8428628 -0.3909661 0.3067541 -0.7868402 -0.5355225 0.2310319 -0.7113285 -0.6638042 0.1446851 -0.6183968 -0.7724323 0.04998124 -0.5104984 -0.8584249 -0.05063235 -0.3902985 -0.9192951 -0.1464125 -0.27117 -0.9513308 -0.1962166 -0.207458 -0.9583633 -0.201768 -0.200547 -0.9586817 -0.201768 -0.200547 -0.9586817 -0.201768 -0.200547 -0.9586817 -0.2083869 -0.1946449 -0.9584823 -0.2695136 -0.141568 -0.952534 -0.3838475 -0.03948444 -0.922552 -0.4992664 0.06776225 -0.8637947 -0.6029404 0.1687199 -0.7797413 -0.6923083 0.2607831 -0.6728309 -0.7650093 0.3415333 -0.5459999 -0.8190523 0.4087496 -0.4025881 -0.8527975 0.4605602 -0.2462128 -0.8648205 0.493211 -0.09395946 -0.8635947 0.5040054 -0.01351627 -0.8632361 0.5047786 -0.004687107 -0.8632361 0.5047786 -0.004687107 -0.8632361 0.5047786 -0.004687107 -0.8635948 0.5041694 0.004155113 -0.864821 0.49487 0.084784 -0.8527979 0.4650516 0.237619 -0.8190519 0.4161558 0.3949283 -0.7650089 0.3516139 0.5395638 -0.6923084 0.2732323 0.6678721 -0.6029409 0.1831695 0.7764736 -0.4992672 0.08379014 0.8623871 -0.383846 -0.02234626 0.9231267 -0.2695133 -0.1238546 0.9549987 -0.2083868 -0.1768131 0.9619314 -0.201768 -0.1827103 0.9622404 -0.201768 -0.1827103 0.9622404 -0.201768 -0.1827103 0.9622404 -0.1962165 -0.1896262 0.9620504 -0.1464137 -0.2534578 0.956202 -0.05063261 -0.3731619 0.9263836 0.0499818 -0.4944692 0.8677569 0.1446857 -0.6039462 0.7837825 0.2310318 -0.6988793 0.6768988 0.3067534 -0.7767606 0.5500412 0.3697663 -0.8354578 0.4065503 0.4183191 -0.873205 0.2500444 0.4488946 -0.8882356 0.09762745 0.4829117 -0.8755035 0.01703023 0.4589913 -0.8882765 0.01708441 0.4835557 -0.8752758 0.008127349 0.4597001 -0.8880359 0.008245833 0.4835557 -0.8752758 0.008127349 0.4597001 -0.8880359 0.008245833</float_array>
          <technique_common>
            <accessor count="1311" source="#normals-array-array" stride="3">
              <param type="float" name="X"/>
              <param type="float" name="Y"/>
              <param type="float" name="Z"/>
            </accessor>
          </technique_common>
        </source>
        <vertices id="verts-array-vertices">
          <input semantic="POSITION" source="#verts-array"/>
        </vertices>
        <triangles count="2362" material="material0">
          <input offset="0" semantic="VERTEX" source="#verts-array-vertices"/>
          <input offset="1" semantic="NORMAL" source="#normals-array"/>
          <p>0 0 1 1 2 2 3 3 4 4 5 5 6 6 7 7 2 2 8 8 2 2 7 7 9 9 10 10 2 2 11 11 12 12 2 2 13 13 2 2 12 12 2 2 13 13 14 14 0 0 2 2 15 15 1 1 16 16 2 2 17 17 2 2 16 16 2 2 17 17 18 18 3 3 5 5 19 19 20 20 21 21 2 2 22 22 2 2 21 21 2 2 22 22 23 23 23 23 24 24 2 2 25 25 2 2 24 24 2 2 25 25 26 26 26 26 27 27 2 2 28 28 2 2 27 27 2 2 28 28 29 29 8 8 30 30 2 2 31 31 2 2 30 30 2 2 31 31 32 32 10 10 33 33 2 2 34 34 2 2 33 33 2 2 34 34 11 11 14 14 35 35 2 2 36 36 2 2 35 35 2 2 36 36 37 37 38 38 2 2 39 39 40 40 39 39 2 2 18 18 41 41 2 2 42 42 2 2 41 41 2 2 42 42 43 43 43 43 44 44 2 2 45 45 2 2 44 44 2 2 45 45 46 46 47 47 2 2 48 48 49 49 48 48 2 2 4 4 50 50 5 5 51 51 5 5 50 50 5 5 51 51 52 52 29 29 53 53 2 2 54 54 2 2 53 53 2 2 54 54 55 55 32 32 56 56 2 2 57 57 2 2 56 56 2 2 57 57 58 58 38 38 59 59 2 2 60 60 2 2 59 59 2 2 60 60 61 61 46 46 62 62 2 2 63 63 2 2 62 62 2 2 63 63 49 49 64 64 65 65 66 66 67 67 68 68 47 47 69 69 47 47 68 68 70 70 71 71 5 5 72 72 5 5 71 71 5 5 72 72 73 73 73 73 74 74 5 5 75 75 5 5 74 74 5 5 75 75 76 76 52 52 77 77 5 5 78 78 5 5 77 77 5 5 78 78 79 79 80 80 2 2 81 81 82 82 81 81 2 2 58 58 83 83 2 2 84 84 2 2 83 83 2 2 84 84 9 9 37 37 85 85 2 2 86 86 2 2 85 85 2 2 86 86 87 87 87 87 88 88 2 2 89 89 2 2 88 88 2 2 89 89 40 40 20 20 2 2 5 5 90 90 5 5 2 2 5 5 90 90 70 70 76 76 91 91 5 5 92 92 5 5 91 91 5 5 92 92 19 19 93 93 94 94 95 95 55 55 96 96 2 2 97 97 2 2 96 96 2 2 97 97 98 98 98 98 99 99 2 2 100 100 2 2 99 99 2 2 100 100 82 82 80 80 101 101 2 2 102 102 2 2 101 101 2 2 102 102 6 6 93 93 95 95 79 79 103 103 79 79 95 95 79 79 103 103 104 104 61 61 105 105 2 2 106 106 2 2 105 105 2 2 106 106 107 107 47 47 108 108 109 109 110 110 111 111 109 109 64 64 109 109 111 111 109 109 64 64 47 47 66 66 47 47 64 64 47 47 66 66 67 67 69 69 112 112 47 47 113 113 47 47 112 112 47 47 113 113 114 114 107 107 115 115 2 2 116 116 2 2 115 115 2 2 116 116 15 15 104 104 117 117 79 79 118 118 79 79 117 117 79 79 118 118 5 5 119 119 5 5 118 118 5 5 119 119 120 120 121 121 2 2 122 122 47 47 122 122 2 2 122 122 47 47 123 123 114 114 123 123 47 47 124 124 125 125 126 126 127 127 124 124 120 120 126 126 120 120 124 124 120 120 126 126 5 5 128 128 129 129 130 130 131 131 132 132 133 133 133 133 132 132 134 134 135 135 136 136 137 137 137 137 136 136 138 138 139 139 140 140 141 141 141 141 140 140 142 142 143 143 144 144 145 145 145 145 144 144 146 146 147 147 129 129 148 148 149 149 150 150 151 151 129 129 147 147 152 152 153 153 154 154 155 155 129 129 128 128 156 156 157 157 158 158 159 159 160 160 161 161 162 162 163 163 164 164 165 165 166 166 167 167 168 168 169 169 129 129 170 170 171 171 130 130 129 129 169 169 171 171 129 129 172 172 129 129 173 173 172 172 170 170 129 129 174 174 173 173 129 129 175 175 176 176 177 177 178 178 179 179 180 180 181 181 182 182 183 183 184 184 185 185 186 186 187 187 129 129 188 188 189 189 174 174 129 129 187 187 189 189 129 129 190 190 129 129 191 191 190 190 188 188 129 129 191 191 151 151 192 192 193 193 194 194 195 195 196 196 197 197 198 198 199 199 200 200 201 201 195 195 194 194 202 202 201 201 200 200 203 203 204 204 203 203 200 200 203 203 204 204 205 205 206 206 205 205 204 204 205 205 206 206 207 207 208 208 207 207 206 206 207 207 208 208 209 209 210 210 209 209 208 208 209 209 210 210 211 211 212 212 211 211 210 210 211 211 212 212 213 213 214 214 213 213 212 212 213 213 214 214 215 215 216 216 215 215 214 214 215 215 216 216 217 217 198 198 197 197 218 218 219 219 218 218 197 197 218 218 219 219 220 220 221 221 220 220 219 219 220 220 221 221 222 222 223 223 216 216 224 224 214 214 224 224 216 216 224 224 214 214 225 225 212 212 225 225 214 214 225 225 212 212 226 226 210 210 226 226 212 212 226 226 210 210 227 227 208 208 227 227 210 210 227 227 208 208 228 228 206 206 228 228 208 208 228 228 206 206 229 229 204 204 229 229 206 206 229 229 204 204 230 230 200 200 230 230 204 204 230 230 200 200 231 231 199 199 231 231 200 200 231 231 199 199 232 232 201 201 196 196 199 199 198 198 199 199 196 196 199 199 198 198 232 232 218 218 232 232 198 198 232 232 218 218 233 233 220 220 233 233 218 218 233 233 220 220 234 234 222 222 234 234 220 220 234 234 222 222 235 235 236 236 237 237 238 238 239 239 238 238 237 237 238 238 239 239 240 240 241 241 240 240 239 239 240 240 241 241 242 242 243 243 242 242 241 241 242 242 243 243 244 244 245 245 244 244 243 243 244 244 245 245 246 246 247 247 246 246 245 245 246 246 247 247 248 248 249 249 248 248 247 247 248 248 249 249 250 250 251 251 250 250 249 249 250 250 251 251 252 252 253 253 252 252 251 251 254 254 193 193 255 255 195 195 255 255 193 193 255 255 195 195 253 253 202 202 253 253 195 195 253 253 202 202 252 252 256 256 257 257 258 258 259 259 258 258 257 257 258 258 259 259 260 260 261 261 260 260 259 259 260 260 261 261 262 262 257 257 263 263 259 259 264 264 259 259 263 263 259 259 264 264 261 261 265 265 261 261 264 264 261 261 265 265 262 262 266 266 267 267 268 268 269 269 270 270 271 271 272 272 271 271 270 270 271 271 272 272 268 268 273 273 268 268 272 272 268 268 273 273 266 266 274 274 266 266 273 273 266 266 274 274 275 275 276 276 275 275 274 274 277 277 267 267 278 278 266 266 278 278 267 267 278 278 266 266 279 279 275 275 279 279 266 266 279 279 275 275 280 280 276 276 280 280 275 275 280 280 276 276 281 281 281 281 282 282 280 280 283 283 280 280 282 282 280 280 283 283 279 279 284 284 279 279 283 283 279 279 284 284 278 278 285 285 278 278 284 284 278 278 285 285 277 277 286 286 277 277 285 285 287 287 288 288 289 289 290 290 289 289 288 288 289 289 290 290 291 291 186 186 185 185 292 292 293 293 292 292 185 185 292 292 293 293 294 294 295 295 294 294 293 293 294 294 295 295 296 296 297 297 296 296 295 295 296 296 297 297 298 298 299 299 298 298 297 297 298 298 299 299 300 300 301 301 300 300 299 299 300 300 301 301 302 302 303 303 302 302 301 301 302 302 303 303 304 304 305 305 304 304 303 303 304 304 305 305 306 306 307 307 306 306 305 305 306 306 307 307 308 308 183 183 182 182 309 309 310 310 309 309 182 182 309 309 310 310 311 311 312 312 311 311 310 310 311 311 312 312 313 313 221 221 308 308 222 222 307 307 222 222 308 308 222 222 307 307 235 235 305 305 235 235 307 307 235 235 305 305 314 314 303 303 314 314 305 305 314 314 303 303 315 315 301 301 315 315 303 303 315 315 301 301 316 316 299 299 316 316 301 301 316 316 299 299 317 317 297 297 317 317 299 299 317 317 297 297 318 318 295 295 318 318 297 297 318 318 295 295 319 319 293 293 319 319 295 295 319 319 293 293 320 320 185 185 320 320 293 293 320 320 185 185 321 321 184 184 321 321 185 185 321 321 184 184 322 322 186 186 181 181 184 184 183 183 184 184 181 181 184 184 183 183 322 322 309 309 322 322 183 183 322 322 309 309 323 323 311 311 323 323 309 309 323 323 311 311 324 324 313 313 324 324 311 311 324 324 313 313 325 325 326 326 287 287 327 327 289 289 327 327 287 287 327 327 289 289 328 328 291 291 328 328 289 289 328 328 291 291 329 329 330 330 326 326 331 331 327 327 331 331 326 326 331 331 327 327 332 332 328 328 332 332 327 327 332 332 328 328 333 333 329 329 333 333 328 328 333 333 329 329 334 334 335 335 330 330 336 336 331 331 336 336 330 330 336 336 331 331 337 337 332 332 337 337 331 331 337 337 332 332 338 338 333 333 338 338 332 332 338 338 333 333 339 339 334 334 339 339 333 333 176 176 175 175 340 340 341 341 340 340 175 175 340 340 341 341 342 342 343 343 344 344 345 345 346 346 345 345 344 344 345 345 346 346 347 347 348 348 347 347 346 346 347 347 348 348 349 349 350 350 349 349 348 348 349 349 350 350 351 351 352 352 351 351 350 350 353 353 335 335 354 354 336 336 354 354 335 335 354 354 336 336 355 355 337 337 355 355 336 336 355 355 337 337 356 356 338 338 356 356 337 337 356 356 338 338 357 357 339 339 357 357 338 338 357 357 339 339 358 358 359 359 358 358 339 339 282 282 353 353 283 283 354 354 283 283 353 353 283 283 354 354 284 284 355 355 284 284 354 354 284 284 355 355 285 285 356 356 285 285 355 355 285 285 356 356 286 286 357 357 286 286 356 356 286 286 357 357 360 360 358 358 360 360 357 357 360 360 358 358 361 361 359 359 361 361 358 358 361 361 359 359 362 362 363 363 342 342 364 364 341 341 364 364 342 342 364 364 341 341 365 365 175 175 365 365 341 341 365 365 175 175 366 366 177 177 366 366 175 175 366 366 177 177 367 367 344 344 368 368 346 346 369 369 346 346 368 368 346 346 369 369 348 348 370 370 348 348 369 369 348 348 370 370 350 350 371 371 350 350 370 370 350 350 371 371 352 352 372 372 352 352 371 371 373 373 343 343 367 367 345 345 367 367 343 343 367 367 345 345 366 366 347 347 366 366 345 345 366 366 347 347 365 365 349 349 365 365 347 347 365 365 349 349 364 364 351 351 364 364 349 349 364 364 351 351 363 363 352 352 363 363 351 351 363 363 352 352 374 374 372 372 374 374 352 352 374 374 372 372 375 375 376 376 377 377 378 378 379 379 378 378 377 377 378 378 379 379 380 380 381 381 380 380 379 379 380 380 381 381 382 382 383 383 382 382 381 381 382 382 383 383 384 384 385 385 384 384 383 383 384 384 385 385 386 386 387 387 386 386 385 385 290 290 373 373 291 291 367 367 291 291 373 373 291 291 367 367 329 329 177 177 329 329 367 367 329 329 177 177 334 334 176 176 334 334 177 177 334 334 176 176 339 339 340 340 339 339 176 176 339 339 340 340 359 359 342 342 359 359 340 340 359 359 342 342 362 362 363 363 362 362 342 342 362 362 363 363 388 388 374 374 388 388 363 363 388 388 374 374 389 389 375 375 389 389 374 374 389 389 375 375 390 390 180 180 179 179 391 391 392 392 391 391 179 179 391 391 392 392 393 393 168 168 167 167 394 394 395 395 394 394 167 167 394 394 395 395 396 396 397 397 396 396 395 395 396 396 397 397 398 398 399 399 398 398 397 397 398 398 399 399 400 400 401 401 400 400 399 399 400 400 401 401 402 402 403 403 402 402 401 401 402 402 403 403 404 404 405 405 404 404 403 403 404 404 405 405 406 406 407 407 406 406 405 405 406 406 407 407 408 408 409 409 408 408 407 407 408 408 409 409 410 410 162 162 161 161 411 411 412 412 411 411 161 161 411 411 412 412 413 413 414 414 413 413 412 412 413 413 414 414 415 415 416 416 415 415 414 414 415 415 416 416 417 417 312 312 410 410 313 313 409 409 313 313 410 410 313 313 409 409 325 325 407 407 325 325 409 409 325 325 407 407 418 418 405 405 418 418 407 407 418 418 405 405 419 419 403 403 419 419 405 405 419 419 403 403 420 420 401 401 420 420 403 403 420 420 401 401 421 421 399 399 421 421 401 401 421 421 399 399 422 422 397 397 422 422 399 399 422 422 397 397 423 423 395 395 423 423 397 397 423 423 395 395 424 424 167 167 424 424 395 395 424 424 167 167 425 425 166 166 425 425 167 167 425 425 166 166 426 426 427 427 428 428 429 429 430 430 429 429 428 428 429 429 430 430 431 431 432 432 158 158 433 433 157 157 433 433 158 158 433 433 157 157 434 434 168 168 417 417 166 166 416 416 166 166 417 417 166 166 416 416 426 426 414 414 426 426 416 416 426 426 414 414 435 435 412 412 435 435 414 414 435 435 412 412 436 436 161 161 436 436 412 412 436 436 161 161 437 437 160 160 437 437 161 161 438 438 439 439 440 440 217 217 441 441 442 442 443 443 442 442 441 441 442 442 443 443 444 444 445 445 444 444 443 443 444 444 445 445 446 446 447 447 446 446 445 445 446 446 447 447 448 448 449 449 448 448 447 447 448 448 449 449 439 439 450 450 159 159 451 451 158 158 451 451 159 159 451 451 158 158 452 452 432 432 452 452 158 158 452 452 432 432 453 453 454 454 450 450 455 455 451 451 455 455 450 450 455 455 451 451 456 456 452 452 456 456 451 451 456 456 452 452 457 457 453 453 457 457 452 452 457 457 453 453 458 458 223 223 459 459 460 460 461 461 460 460 459 459 460 460 461 461 462 462 463 463 464 464 465 465 466 466 465 465 464 464 465 465 466 466 467 467 468 468 462 462 467 467 461 461 467 467 462 462 467 467 461 461 465 465 459 459 465 465 461 461 465 465 459 459 463 463 223 223 463 463 459 459 217 217 216 216 441 441 223 223 441 441 216 216 441 441 223 223 443 443 460 460 443 443 223 223 443 443 460 460 445 445 462 462 445 445 460 460 445 445 462 462 447 447 468 468 447 447 462 462 447 447 468 468 449 449 469 469 376 376 470 470 378 378 470 470 376 376 470 470 378 378 471 471 380 380 471 471 378 378 471 471 380 380 472 472 382 382 472 472 380 380 472 472 382 382 473 473 384 384 473 473 382 382 473 473 384 384 474 474 386 386 474 474 384 384 474 474 386 386 475 475 387 387 475 475 386 386 392 392 476 476 393 393 477 477 393 393 476 476 393 393 477 477 478 478 479 479 478 478 477 477 478 478 479 479 480 480 481 481 480 480 479 479 480 480 481 481 482 482 483 483 482 482 481 481 482 482 483 483 484 484 485 485 486 486 487 487 488 488 487 487 486 486 487 487 488 488 489 489 490 490 489 489 488 488 489 489 490 490 491 491 492 492 491 491 490 490 491 491 492 492 493 493 494 494 493 493 492 492 493 493 494 494 495 495 496 496 165 165 427 427 164 164 427 427 165 165 427 427 164 164 428 428 496 496 427 427 497 497 429 429 497 497 427 427 497 497 429 429 498 498 431 431 498 498 429 429 498 498 431 431 155 155 155 155 154 154 498 498 499 499 498 498 154 154 498 498 499 499 497 497 500 500 497 497 499 499 497 497 500 500 496 496 368 368 501 501 369 369 502 502 369 369 501 501 369 369 502 502 370 370 503 503 370 370 502 502 370 370 503 503 371 371 504 504 371 371 503 503 371 371 504 504 372 372 505 505 372 372 504 504 372 372 505 505 375 375 506 506 375 375 505 505 375 375 506 506 390 390 507 507 390 390 506 506 390 390 507 507 508 508 509 509 508 508 507 507 508 508 509 509 510 510 486 486 511 511 488 488 512 512 488 488 511 511 488 488 512 512 490 490 513 513 490 490 512 512 490 490 513 513 492 492 514 514 492 492 513 513 492 492 514 514 494 494 515 515 494 494 514 514 494 494 515 515 495 495 516 516 495 495 515 515 495 495 516 516 517 517 191 191 192 192 190 190 518 518 190 190 192 192 190 190 518 518 188 188 519 519 188 188 518 518 188 188 519 519 187 187 520 520 187 187 519 519 187 187 520 520 189 189 521 521 189 189 520 520 189 189 521 521 174 174 522 522 174 174 521 521 174 174 522 522 173 173 523 523 173 173 522 522 173 173 523 523 172 172 524 524 172 172 523 523 172 172 524 524 170 170 525 525 170 170 524 524 170 170 525 525 169 169 526 526 169 169 525 525 169 169 526 526 171 171 527 527 171 171 526 526 171 171 527 527 130 130 528 528 130 130 527 527 130 130 528 528 128 128 529 529 128 128 528 528 128 128 529 529 156 156 530 530 156 156 529 529 156 156 530 530 129 129 531 531 532 532 533 533 534 534 533 533 532 532 533 533 534 534 535 535 536 536 454 454 537 537 455 455 537 537 454 454 537 537 455 455 538 538 456 456 538 538 455 455 538 538 456 456 539 539 457 457 539 539 456 456 539 539 457 457 540 540 458 458 540 540 457 457 540 540 458 458 541 541 542 542 531 531 543 543 533 533 543 543 531 531 543 543 533 533 544 544 535 535 544 544 533 533 544 544 535 535 545 545 546 546 536 536 547 547 537 537 547 547 536 536 547 547 537 537 548 548 538 538 548 548 537 537 548 548 538 538 549 549 539 539 549 549 538 538 549 549 539 539 550 550 540 540 550 550 539 539 550 550 540 540 551 551 541 541 551 551 540 540 551 551 541 541 552 552 553 553 163 163 554 554 165 165 554 554 163 163 554 554 165 165 555 555 496 496 555 555 165 165 555 555 496 496 556 556 500 500 556 556 496 496 556 556 500 500 557 557 499 499 557 557 500 500 557 557 499 499 558 558 154 154 558 558 499 499 558 558 154 154 559 559 153 153 559 559 154 154 560 560 542 542 561 561 543 543 561 561 542 542 561 561 543 543 562 562 544 544 562 562 543 543 562 562 544 544 563 563 545 545 563 563 544 544 563 563 545 545 564 564 430 430 560 560 431 431 561 561 431 431 560 560 431 431 561 561 155 155 562 562 155 155 561 561 155 155 562 562 153 153 563 563 153 153 562 562 153 153 563 563 559 559 564 564 559 559 563 563 559 559 564 564 565 565 566 566 553 553 567 567 554 554 567 567 553 553 567 567 554 554 568 568 555 555 568 568 554 554 568 568 555 555 569 569 556 556 569 569 555 555 569 569 556 556 570 570 557 557 570 570 556 556 570 570 557 557 571 571 558 558 571 571 557 557 571 571 558 558 572 572 559 559 572 572 558 558 572 572 559 559 573 573 565 565 573 573 559 559 574 574 546 546 575 575 547 547 575 575 546 546 575 575 547 547 576 576 548 548 576 576 547 547 576 576 548 548 577 577 549 549 577 577 548 548 577 577 549 549 578 578 550 550 578 578 549 549 578 578 550 550 579 579 551 551 579 579 550 550 579 579 551 551 580 580 552 552 580 580 551 551 580 580 552 552 581 581 582 582 574 574 583 583 575 575 583 583 574 574 583 583 575 575 584 584 576 576 584 584 575 575 584 584 576 576 585 585 577 577 585 585 576 576 585 585 577 577 586 586 578 578 586 586 577 577 586 586 578 578 587 587 579 579 587 587 578 578 587 587 579 579 588 588 580 580 588 588 579 579 588 588 580 580 589 589 581 581 589 589 580 580 589 589 581 581 438 438 438 438 440 440 589 589 590 590 589 589 440 440 589 589 590 590 588 588 591 591 588 588 590 590 588 588 591 591 587 587 592 592 587 587 591 591 587 587 592 592 586 586 593 593 586 586 592 592 586 586 593 593 585 585 594 594 585 585 593 593 585 585 594 594 584 584 595 595 584 584 594 594 584 584 595 595 583 583 596 596 583 583 595 595 583 583 596 596 582 582 597 597 598 598 599 599 439 439 449 449 440 440 468 468 440 440 449 449 440 440 468 468 590 590 467 467 590 590 468 468 590 590 467 467 591 591 466 466 591 591 467 467 591 591 466 466 592 592 600 600 592 592 466 466 592 592 600 600 593 593 601 601 593 593 600 600 593 593 601 601 594 594 602 602 594 594 601 601 594 594 602 602 595 595 603 603 595 595 602 602 595 595 603 603 596 596 597 597 599 599 254 254 604 604 254 254 599 599 254 254 604 604 193 193 605 605 193 193 604 604 193 193 605 605 194 194 606 606 194 194 605 605 194 194 606 606 202 202 607 607 608 608 609 609 610 610 609 609 608 608 609 609 610 610 611 611 612 612 611 611 610 610 613 613 566 566 614 614 567 567 614 614 566 566 614 614 567 567 615 615 568 568 615 615 567 567 615 615 568 568 616 616 569 569 616 616 568 568 616 616 569 569 617 617 570 570 617 617 569 569 617 617 570 570 618 618 571 571 618 618 570 570 618 618 571 571 619 619 572 572 619 619 571 571 619 619 572 572 620 620 573 573 620 620 572 572 620 620 573 573 621 621 565 565 621 621 573 573 511 511 613 613 512 512 614 614 512 512 613 613 512 512 614 614 513 513 615 615 513 513 614 614 513 513 615 615 514 514 616 616 514 514 615 615 514 514 616 616 515 515 617 617 515 515 616 616 515 515 617 617 516 516 618 618 516 516 617 617 516 516 618 618 517 517 619 619 517 517 618 618 517 517 619 619 622 622 620 620 622 622 619 619 622 622 620 620 623 623 621 621 623 623 620 620 623 623 621 621 624 624 476 476 485 485 477 477 487 487 477 477 485 485 477 477 487 487 479 479 489 489 479 479 487 487 479 479 489 489 481 481 491 491 481 481 489 489 481 481 491 491 483 483 493 493 483 483 491 491 483 483 493 493 484 484 495 495 484 484 493 493 484 484 495 495 625 625 517 517 625 625 495 495 625 625 517 517 626 626 622 622 626 626 517 517 626 626 622 622 148 148 623 623 148 148 622 622 148 148 623 623 147 147 624 624 147 147 623 623 147 147 624 624 152 152 377 377 178 178 379 379 180 180 379 379 178 178 379 379 180 180 381 381 391 391 381 381 180 180 381 381 391 391 383 383 393 393 383 383 391 391 383 383 393 393 385 385 478 478 385 385 393 393 385 385 478 478 387 387 480 480 387 387 478 478 387 387 480 480 475 475 482 482 475 475 480 480 475 475 482 482 627 627 484 484 627 627 482 482 627 627 484 484 628 628 625 625 628 628 484 484 628 628 625 625 629 629 626 626 629 629 625 625 629 629 626 626 630 630 148 148 630 630 626 626 630 630 148 148 129 129 129 129 631 631 632 632 633 633 632 632 631 631 632 632 633 633 634 634 635 635 634 634 633 633 634 634 635 635 636 636 612 612 636 636 635 635 636 636 612 612 637 637 610 610 637 637 612 612 637 637 610 610 638 638 608 608 638 638 610 610 639 639 640 640 269 269 641 641 269 269 640 640 269 269 641 641 270 270 265 265 270 270 641 641 270 270 265 265 272 272 264 264 272 272 265 265 272 272 264 264 273 273 263 263 273 273 264 264 273 273 263 263 274 274 257 257 274 274 263 263 274 274 257 257 276 276 256 256 276 276 257 257 276 276 256 256 281 281 637 637 642 642 636 636 643 643 636 636 642 642 636 636 643 643 634 634 644 644 634 634 643 643 634 634 644 644 632 632 129 129 632 632 644 644 642 642 150 150 643 643 149 149 643 643 150 150 643 643 149 149 644 644 129 129 644 644 149 149 151 151 191 191 149 149 129 129 149 149 191 191 642 642 639 639 150 150 269 269 150 150 639 639 150 150 269 269 151 151 271 271 151 151 269 269 151 151 271 271 192 192 268 268 192 192 271 271 192 192 268 268 518 518 267 267 518 518 268 268 518 518 267 267 519 519 277 277 519 519 267 267 519 519 277 277 520 520 286 286 520 520 277 277 520 520 286 286 521 521 360 360 521 521 286 286 521 521 360 360 522 522 361 361 522 522 360 360 522 522 361 361 523 523 362 362 523 523 361 361 523 523 362 362 524 524 388 388 524 524 362 362 524 524 388 388 525 525 389 389 525 525 388 388 525 525 389 389 526 526 390 390 526 526 389 389 526 526 390 390 527 527 508 508 527 527 390 390 527 527 508 508 528 528 510 510 528 528 508 508 528 528 510 510 529 529 645 645 529 529 510 510 529 529 645 645 530 530 646 646 530 530 645 645 530 530 646 646 129 129 534 534 607 607 535 535 609 609 535 535 607 607 535 535 609 609 545 545 611 611 545 545 609 609 545 545 611 611 564 564 612 612 564 564 611 611 564 564 612 612 565 565 635 635 565 565 612 612 565 565 635 635 621 621 633 633 621 621 635 635 621 621 633 633 624 624 631 631 624 624 633 633 624 624 631 631 152 152 129 129 152 152 631 631 640 640 598 598 641 641 597 597 641 641 598 598 641 641 597 597 265 265 254 254 265 265 597 597 265 265 254 254 262 262 255 255 262 262 254 254 262 262 255 255 260 260 253 253 260 260 255 255 260 260 253 253 258 258 251 251 258 258 253 253 258 258 251 251 256 256 249 249 256 256 251 251 256 256 249 249 281 281 247 247 281 281 249 249 281 281 247 247 282 282 245 245 282 282 247 247 282 282 245 245 353 353 243 243 353 353 245 245 353 353 243 243 335 335 241 241 335 335 243 243 335 335 241 241 330 330 239 239 330 330 241 241 330 330 239 239 326 326 237 237 326 326 239 239 326 326 237 237 287 287 236 236 287 287 237 237 287 287 236 236 288 288 501 501 469 469 502 502 470 470 502 502 469 469 502 502 470 470 503 503 471 471 503 503 470 470 503 503 471 471 504 504 472 472 504 504 471 471 504 504 472 472 505 505 473 473 505 505 472 472 505 505 473 473 506 506 474 474 506 506 473 473 506 506 474 474 507 507 475 475 507 507 474 474 507 507 475 475 509 509 627 627 509 509 475 475 509 509 627 627 510 510 628 628 510 510 627 627 510 510 628 628 645 645 629 629 645 645 628 628 645 645 629 629 646 646 630 630 646 646 629 629 646 646 630 630 129 129 162 162 434 434 160 160 157 157 160 160 434 434 160 160 157 157 437 437 159 159 437 437 157 157 437 437 159 159 532 532 450 450 532 532 159 159 532 532 450 450 534 534 454 454 534 534 450 450 534 534 454 454 607 607 536 536 607 607 454 454 607 607 536 536 608 608 546 546 608 608 536 536 608 608 546 546 638 638 574 574 638 638 546 546 638 638 574 574 637 637 582 582 637 637 574 574 637 637 582 582 642 642 596 596 642 642 582 582 642 642 596 596 639 639 603 603 639 639 596 596 639 639 603 603 640 640 602 602 640 640 603 603 640 640 602 602 598 598 601 601 598 598 602 602 598 598 601 601 599 599 600 600 599 599 601 601 599 599 600 600 604 604 466 466 604 604 600 600 604 604 466 466 605 605 464 464 605 605 466 466 605 605 464 464 606 606 463 463 606 606 464 464 606 606 463 463 202 202 223 223 202 202 463 463 202 202 223 223 252 252 224 224 252 252 223 223 252 252 224 224 250 250 225 225 250 250 224 224 250 250 225 225 248 248 226 226 248 248 225 225 248 248 226 226 246 246 227 227 246 246 226 226 246 246 227 227 244 244 228 228 244 244 227 227 244 244 228 228 242 242 229 229 242 242 228 228 242 242 229 229 240 240 230 230 240 240 229 229 240 240 230 230 238 238 231 231 238 238 230 230 238 238 231 231 236 236 232 232 236 236 231 231 236 236 232 232 288 288 233 233 288 288 232 232 288 288 233 233 290 290 234 234 290 290 233 233 290 290 234 234 373 373 235 235 373 373 234 234 373 373 235 235 343 343 314 314 343 343 235 235 343 343 314 314 344 344 315 315 344 344 314 314 344 344 315 315 368 368 316 316 368 368 315 315 368 368 316 316 501 501 317 317 501 501 316 316 501 501 317 317 469 469 318 318 469 469 317 317 469 469 318 318 376 376 319 319 376 376 318 318 376 376 319 319 377 377 320 320 377 377 319 319 377 377 320 320 178 178 321 321 178 178 320 320 178 178 321 321 179 179 322 322 179 179 321 321 179 179 322 322 392 392 323 323 392 392 322 322 392 392 323 323 476 476 324 324 476 476 323 323 476 476 324 324 485 485 325 325 485 485 324 324 485 485 325 325 486 486 418 418 486 486 325 325 486 486 418 418 511 511 419 419 511 511 418 418 511 511 419 419 613 613 420 420 613 613 419 419 613 613 420 420 566 566 421 421 566 566 420 420 566 566 421 421 553 553 422 422 553 553 421 421 553 553 422 422 163 163 423 423 163 163 422 422 163 163 423 423 164 164 424 424 164 164 423 423 164 164 424 424 428 428 425 425 428 428 424 424 428 428 425 425 430 430 426 426 430 430 425 425 430 430 426 426 560 560 435 435 560 560 426 426 560 560 435 435 542 542 436 436 542 542 435 435 542 542 436 436 531 531 437 437 531 531 436 436 531 531 437 437 532 532 647 647 648 648 649 649 647 647 650 650 648 648 651 651 648 648 650 650 648 648 651 651 652 652 653 653 652 652 651 651 652 652 653 653 654 654 655 655 656 656 657 657 658 658 657 657 656 656 657 657 658 658 659 659 653 653 660 660 654 654 661 661 654 654 660 660 654 654 661 661 662 662 663 663 662 662 661 661 662 662 663 663 664 664 665 665 664 664 663 663 664 664 665 665 655 655 666 666 655 655 665 665 655 655 666 666 656 656 658 658 667 667 659 659 668 668 659 659 667 667 659 659 668 668 669 669 668 668 670 670 669 669 671 671 669 669 670 670 669 669 671 671 672 672 673 673 672 672 671 671 672 672 673 673 674 674 675 675 676 676 677 677 678 678 677 677 676 676 677 677 678 678 679 679 673 673 680 680 674 674 681 681 674 674 680 680 674 674 681 681 682 682 683 683 682 682 681 681 682 682 683 683 684 684 685 685 684 684 683 683 684 684 685 685 675 675 686 686 675 675 685 685 675 675 686 686 676 676 678 678 687 687 679 679 688 688 679 679 687 687 679 679 688 688 689 689 690 690 691 691 692 692 693 693 692 692 691 691 692 692 693 693 694 694 695 695 694 694 693 693 694 694 695 695 696 696 697 697 698 698 699 699 700 700 701 701 702 702 690 690 700 700 691 691 702 702 691 691 700 700 691 691 702 702 693 693 698 698 693 693 702 702 693 693 698 698 695 695 697 697 695 695 698 698 695 695 697 697 696 696 690 690 143 143 700 700 145 145 700 700 143 143 700 700 145 145 701 701 146 146 701 701 145 145 701 701 146 146 703 703 704 704 705 705 706 706 707 707 706 706 705 705 706 706 707 707 708 708 709 709 708 708 707 707 708 708 709 709 710 710 144 144 142 142 146 146 140 140 146 146 142 142 146 146 140 140 703 703 139 139 703 703 140 140 703 703 139 139 711 711 712 712 713 713 714 714 704 704 714 714 705 705 713 713 705 705 714 714 705 705 713 713 707 707 711 711 707 707 713 713 707 707 711 711 709 709 139 139 709 709 711 711 709 709 139 139 710 710 141 141 710 710 139 139 688 688 715 715 689 689 716 716 689 689 715 715 689 689 716 716 717 717 718 718 717 717 716 716 717 717 718 718 719 719 720 720 719 719 718 718 719 719 720 720 721 721 722 722 721 721 720 720 721 721 722 722 723 723 724 724 723 723 722 722 723 723 724 724 725 725 724 724 726 726 725 725 727 727 725 725 726 726 725 725 727 727 728 728 727 727 729 729 728 728 730 730 728 728 729 729 728 728 730 730 731 731 732 732 731 731 730 730 731 731 732 732 733 733 734 734 735 735 736 736 737 737 736 736 735 735 736 736 737 737 738 738 732 732 739 739 733 733 740 740 733 733 739 739 733 733 740 740 741 741 742 742 741 741 740 740 741 741 742 742 743 743 744 744 743 743 742 742 743 743 744 744 734 734 745 745 734 734 744 744 734 734 745 745 735 735 737 737 746 746 738 738 747 747 738 738 746 746 738 738 747 747 748 748 747 747 749 749 748 748 750 750 748 748 749 749 748 748 750 750 751 751 752 752 751 751 750 750 751 751 752 752 753 753 754 754 755 755 756 756 757 757 756 756 755 755 756 756 757 757 758 758 752 752 759 759 753 753 760 760 753 753 759 759 753 753 760 760 761 761 762 762 761 761 760 760 761 761 762 762 763 763 764 764 763 763 762 762 763 763 764 764 754 754 765 765 754 754 764 764 754 754 765 765 755 755 757 757 766 766 758 758 767 767 758 758 766 766 758 758 767 767 768 768 769 769 770 770 771 771 772 772 771 771 770 770 771 771 772 772 773 773 774 774 773 773 772 772 773 773 774 774 775 775 776 776 775 775 774 774 775 775 776 776 777 777 778 778 777 777 776 776 777 777 778 778 779 779 780 780 779 779 778 778 779 779 780 780 781 781 782 782 781 781 780 780 781 781 782 782 783 783 784 784 783 783 782 782 783 783 784 784 785 785 786 786 785 785 784 784 785 785 786 786 787 787 788 788 789 789 790 790 791 791 790 790 789 789 790 790 791 791 792 792 793 793 792 792 791 791 792 792 793 793 794 794 795 795 796 796 797 797 798 798 799 799 800 800 788 788 798 798 789 789 800 800 789 789 798 798 789 789 800 800 791 791 796 796 791 791 800 800 791 791 796 796 793 793 795 795 793 793 796 796 793 793 795 795 794 794 704 704 787 787 714 714 786 786 714 714 787 787 714 714 786 786 712 712 784 784 712 712 786 786 712 712 784 784 801 801 782 782 801 801 784 784 801 801 782 782 802 802 780 780 802 802 782 782 802 802 780 780 803 803 778 778 803 803 780 780 803 803 778 778 804 804 776 776 804 804 778 778 804 804 776 776 805 805 774 774 805 805 776 776 805 805 774 774 806 806 772 772 806 806 774 774 806 806 772 772 797 797 770 770 797 797 772 772 797 797 770 770 795 795 769 769 795 795 770 770 795 795 769 769 794 794 788 788 135 135 798 798 137 137 798 798 135 135 798 798 137 137 799 799 138 138 799 799 137 137 799 799 138 138 807 807 808 808 809 809 810 810 811 811 810 810 809 809 810 810 811 811 812 812 813 813 812 812 811 811 812 812 813 813 814 814 136 136 134 134 138 138 132 132 138 138 134 134 138 138 132 132 807 807 131 131 807 807 132 132 807 807 131 131 815 815 816 816 817 817 818 818 808 808 818 818 809 809 817 817 809 809 818 818 809 809 817 817 811 811 815 815 811 811 817 817 811 811 815 815 813 813 131 131 813 813 815 815 813 813 131 131 814 814 133 133 814 814 131 131 767 767 819 819 768 768 820 820 768 768 819 819 768 768 820 820 821 821 822 822 821 821 820 820 821 821 822 822 823 823 824 824 823 823 822 822 823 823 824 824 825 825 826 826 825 825 824 824 825 825 826 826 827 827 828 828 827 827 826 826 827 827 828 828 829 829 830 830 831 831 832 832 833 833 832 832 831 831 832 832 833 833 834 834 835 835 836 836 837 837 838 838 837 837 836 836 837 837 838 838 839 839 833 833 840 840 834 834 841 841 834 834 840 840 834 834 841 841 842 842 843 843 842 842 841 841 842 842 843 843 844 844 845 845 844 844 843 843 844 844 845 845 835 835 846 846 835 835 845 845 835 835 846 846 836 836 828 828 847 847 829 829 848 848 829 829 847 847 829 829 848 848 830 830 849 849 830 830 848 848 830 830 849 849 831 831 838 838 850 850 839 839 851 851 839 839 850 850 839 839 851 851 852 852 851 851 853 853 852 852 854 854 852 852 853 853 852 852 854 854 855 855 856 856 855 855 854 854 855 855 856 856 857 857 858 858 859 859 860 860 861 861 860 860 859 859 860 860 861 861 862 862 856 856 863 863 857 857 864 864 857 857 863 863 857 857 864 864 865 865 866 866 865 865 864 864 865 865 866 866 867 867 868 868 867 867 866 866 867 867 868 868 858 858 869 869 858 858 868 868 858 858 869 869 859 859 861 861 870 870 862 862 871 871 862 862 870 870 862 862 871 871 872 872 871 871 873 873 872 872 874 874 872 872 873 873 872 872 874 874 875 875 876 876 875 875 874 874 875 875 876 876 877 877 878 878 877 877 876 876 877 877 878 878 879 879 880 880 879 879 878 878 879 879 880 880 881 881 882 882 881 881 880 880 881 881 882 882 883 883 884 884 885 885 886 886 887 887 886 886 885 885 886 886 887 887 888 888 889 889 890 890 891 891 892 892 891 891 890 890 891 891 892 892 893 893 887 887 894 894 888 888 895 895 888 888 894 894 888 888 895 895 896 896 897 897 896 896 895 895 896 896 897 897 898 898 899 899 898 898 897 897 898 898 899 899 889 889 900 900 889 889 899 899 889 889 900 900 890 890 882 882 901 901 883 883 902 902 883 883 901 901 883 883 902 902 884 884 903 903 884 884 902 902 884 884 903 903 885 885 892 892 904 904 893 893 905 905 893 893 904 904 893 893 905 905 906 906 905 905 907 907 906 906 908 908 906 906 907 907 906 906 908 908 909 909 910 910 909 909 908 908 909 909 910 910 911 911 912 912 913 913 914 914 915 915 914 914 913 913 914 914 915 915 916 916 910 910 917 917 911 911 918 918 911 911 917 917 911 911 918 918 919 919 920 920 919 919 918 918 919 919 920 920 921 921 922 922 921 921 920 920 921 921 922 922 912 912 923 923 912 912 922 922 912 912 923 923 913 913 915 915 924 924 916 916 925 925 916 916 924 924 916 916 925 925 926 926 925 925 927 927 926 926 928 928 926 926 927 927 926 926 928 928 929 929 930 930 929 929 928 928 929 929 930 930 931 931 932 932 931 931 930 930 931 931 932 932 933 933 934 934 933 933 932 932 933 933 934 934 935 935 936 936 935 935 934 934 935 935 936 936 649 649 937 937 649 649 936 936 649 649 937 937 647 647 938 938 939 939 940 940 941 941 940 940 939 939 940 940 941 941 942 942 943 943 942 942 941 941 942 942 943 943 944 944 945 945 944 944 943 943 944 944 945 945 946 946 947 947 946 946 945 945 946 946 947 947 948 948 949 949 948 948 947 947 948 948 949 949 950 950 951 951 950 950 949 949 950 950 951 951 952 952 953 953 952 952 951 951 952 952 953 953 954 954 955 955 954 954 953 953 954 954 955 955 956 956 957 957 956 956 955 955 956 956 957 957 958 958 959 959 958 958 957 957 958 958 959 959 960 960 961 961 960 960 959 959 960 960 961 961 962 962 963 963 962 962 961 961 962 962 963 963 964 964 965 965 964 964 963 963 964 964 965 965 966 966 967 967 966 966 965 965 966 966 967 967 968 968 969 969 968 968 967 967 968 968 969 969 970 970 971 971 970 970 969 969 970 970 971 971 972 972 973 973 972 972 971 971 972 972 973 973 974 974 975 975 974 974 973 973 974 974 975 975 976 976 977 977 976 976 975 975 976 976 977 977 978 978 979 979 978 978 977 977 978 978 979 979 980 980 981 981 980 980 979 979 980 980 981 981 982 982 983 983 982 982 981 981 982 982 983 983 984 984 985 985 984 984 983 983 984 984 985 985 986 986 987 987 986 986 985 985 986 986 987 987 988 988 989 989 988 988 987 987 988 988 989 989 990 990 991 991 990 990 989 989 990 990 991 991 992 992 993 993 992 992 991 991 992 992 993 993 994 994 995 995 994 994 993 993 994 994 995 995 996 996 997 997 996 996 995 995 996 996 997 997 998 998 999 999 998 998 997 997 998 998 999 999 1000 1000 1001 1001 1000 1000 999 999 1000 1000 1001 1001 1002 1002 1003 1003 1002 1002 1001 1001 1002 1002 1003 1003 1004 1004 1005 1005 1004 1004 1003 1003 1004 1004 1005 1005 1006 1006 1007 1007 1006 1006 1005 1005 1006 1006 1007 1007 1008 1008 1009 1009 1008 1008 1007 1007 1008 1008 1009 1009 1010 1010 1011 1011 1010 1010 1009 1009 1010 1010 1011 1011 1012 1012 1013 1013 1012 1012 1011 1011 1012 1012 1013 1013 1014 1014 1015 1015 1014 1014 1013 1013 1014 1014 1015 1015 1016 1016 1017 1017 1016 1016 1015 1015 1016 1016 1017 1017 1018 1018 1019 1019 1018 1018 1017 1017 1018 1018 1019 1019 1020 1020 1021 1021 1020 1020 1019 1019 1020 1020 1021 1021 1022 1022 1023 1023 1022 1022 1021 1021 1022 1022 1023 1023 1024 1024 1025 1025 1024 1024 1023 1023 1024 1024 1025 1025 1026 1026 1027 1027 1026 1026 1025 1025 1026 1026 1027 1027 1028 1028 1029 1029 1028 1028 1027 1027 1028 1028 1029 1029 1030 1030 1031 1031 1030 1030 1029 1029 1030 1030 1031 1031 1032 1032 1033 1033 1032 1032 1031 1031 1032 1032 1033 1033 1034 1034 1035 1035 1034 1034 1033 1033 1034 1034 1035 1035 1036 1036 1037 1037 1036 1036 1035 1035 1036 1036 1037 1037 1038 1038 1039 1039 1038 1038 1037 1037 1038 1038 1039 1039 1040 1040 1041 1041 1040 1040 1039 1039 1040 1040 1041 1041 1042 1042 1043 1043 1042 1042 1041 1041 1042 1042 1043 1043 1044 1044 1045 1045 1044 1044 1043 1043 1044 1044 1045 1045 1046 1046 1047 1047 1046 1046 1045 1045 1046 1046 1047 1047 1048 1048 1049 1049 1048 1048 1047 1047 1048 1048 1049 1049 1050 1050 1051 1051 1050 1050 1049 1049 1050 1050 1051 1051 1052 1052 1053 1053 1052 1052 1051 1051 1052 1052 1053 1053 1054 1054 1055 1055 1054 1054 1053 1053 1054 1054 1055 1055 1056 1056 1057 1057 1056 1056 1055 1055 1056 1056 1057 1057 1058 1058 1059 1059 1058 1058 1057 1057 1058 1058 1059 1059 1060 1060 1061 1061 1060 1060 1059 1059 1060 1060 1061 1061 1062 1062 1063 1063 1062 1062 1061 1061 1062 1062 1063 1063 1064 1064 1065 1065 1064 1064 1063 1063 1064 1064 1065 1065 1066 1066 1067 1067 1066 1066 1065 1065 1066 1066 1067 1067 1068 1068 1069 1069 1068 1068 1067 1067 1068 1068 1069 1069 1070 1070 1071 1071 1070 1070 1069 1069 1070 1070 1071 1071 1072 1072 1073 1073 1072 1072 1071 1071 1072 1072 1073 1073 1074 1074 1075 1075 1074 1074 1073 1073 1074 1074 1075 1075 1076 1076 1077 1077 1076 1076 1075 1075 1076 1076 1077 1077 1078 1078 1079 1079 1078 1078 1077 1077 1078 1078 1079 1079 1080 1080 1081 1081 1080 1080 1079 1079 1080 1080 1081 1081 1082 1082 1083 1083 1082 1082 1081 1081 1082 1082 1083 1083 1084 1084 1085 1085 1084 1084 1083 1083 1084 1084 1085 1085 1086 1086 1087 1087 1086 1086 1085 1085 1086 1086 1087 1087 1088 1088 1089 1089 1088 1088 1087 1087 1088 1088 1089 1089 1090 1090 1091 1091 1090 1090 1089 1089 1090 1090 1091 1091 1092 1092 1093 1093 1092 1092 1091 1091 1092 1092 1093 1093 1094 1094 1095 1095 1094 1094 1093 1093 1094 1094 1095 1095 1096 1096 1097 1097 1096 1096 1095 1095 1096 1096 1097 1097 1098 1098 1099 1099 1098 1098 1097 1097 1098 1098 1099 1099 1100 1100 1101 1101 1100 1100 1099 1099 1100 1100 1101 1101 1102 1102 1103 1103 1102 1102 1101 1101 1102 1102 1103 1103 1104 1104 1105 1105 1104 1104 1103 1103 1104 1104 1105 1105 1106 1106 1107 1107 1106 1106 1105 1105 1106 1106 1107 1107 1108 1108 1109 1109 1108 1108 1107 1107 1108 1108 1109 1109 1110 1110 1111 1111 1110 1110 1109 1109 1110 1110 1111 1111 1112 1112 1113 1113 1112 1112 1111 1111 1112 1112 1113 1113 938 938 939 939 938 938 1113 1113 931 931 938 938 929 929 940 940 929 929 938 938 929 929 940 940 926 926 942 942 926 926 940 940 926 926 942 942 916 916 944 944 916 916 942 942 916 916 944 944 914 914 946 946 914 914 944 944 914 914 946 946 912 912 948 948 912 912 946 946 912 912 948 948 921 921 950 950 921 921 948 948 921 921 950 950 919 919 952 952 919 919 950 950 919 919 952 952 911 911 954 954 911 911 952 952 911 911 954 954 909 909 956 956 909 909 954 954 909 909 956 956 906 906 958 958 906 906 956 956 906 906 958 958 893 893 960 960 893 893 958 958 893 893 960 960 891 891 962 962 891 891 960 960 891 891 962 962 889 889 964 964 889 889 962 962 889 889 964 964 898 898 966 966 898 898 964 964 898 898 966 966 896 896 968 968 896 896 966 966 896 896 968 968 888 888 970 970 888 888 968 968 888 888 970 970 886 886 972 972 886 886 970 970 886 886 972 972 884 884 974 974 884 884 972 972 884 884 974 974 883 883 976 976 883 883 974 974 883 883 976 976 881 881 978 978 881 881 976 976 881 881 978 978 879 879 980 980 879 879 978 978 879 879 980 980 877 877 982 982 877 877 980 980 877 877 982 982 875 875 984 984 875 875 982 982 875 875 984 984 872 872 986 986 872 872 984 984 872 872 986 986 862 862 988 988 862 862 986 986 862 862 988 988 860 860 990 990 860 860 988 988 860 860 990 990 858 858 992 992 858 858 990 990 858 858 992 992 867 867 994 994 867 867 992 992 867 867 994 994 865 865 996 996 865 865 994 994 865 865 996 996 857 857 998 998 857 857 996 996 857 857 998 998 855 855 1000 1000 855 855 998 998 855 855 1000 1000 852 852 1002 1002 852 852 1000 1000 852 852 1002 1002 839 839 1004 1004 839 839 1002 1002 839 839 1004 1004 837 837 1006 1006 837 837 1004 1004 837 837 1006 1006 835 835 1008 1008 835 835 1006 1006 835 835 1008 1008 844 844 1010 1010 844 844 1008 1008 844 844 1010 1010 842 842 1012 1012 842 842 1010 1010 842 842 1012 1012 834 834 1014 1014 834 834 1012 1012 834 834 1014 1014 832 832 1016 1016 832 832 1014 1014 832 832 1016 1016 830 830 1018 1018 830 830 1016 1016 830 830 1018 1018 829 829 1020 1020 829 829 1018 1018 829 829 1020 1020 827 827 1022 1022 827 827 1020 1020 827 827 1022 1022 825 825 1024 1024 825 825 1022 1022 825 825 1024 1024 823 823 1026 1026 823 823 1024 1024 823 823 1026 1026 821 821 1028 1028 821 821 1026 1026 821 821 1028 1028 768 768 1030 1030 768 768 1028 1028 768 768 1030 1030 758 758 1032 1032 758 758 1030 1030 758 758 1032 1032 756 756 1034 1034 756 756 1032 1032 756 756 1034 1034 754 754 1036 1036 754 754 1034 1034 754 754 1036 1036 763 763 1038 1038 763 763 1036 1036 763 763 1038 1038 761 761 1040 1040 761 761 1038 1038 761 761 1040 1040 753 753 1042 1042 753 753 1040 1040 753 753 1042 1042 751 751 1044 1044 751 751 1042 1042 751 751 1044 1044 748 748 1046 1046 748 748 1044 1044 748 748 1046 1046 738 738 1048 1048 738 738 1046 1046 738 738 1048 1048 736 736 1050 1050 736 736 1048 1048 736 736 1050 1050 734 734 1052 1052 734 734 1050 1050 734 734 1052 1052 743 743 1054 1054 743 743 1052 1052 743 743 1054 1054 741 741 1056 1056 741 741 1054 1054 741 741 1056 1056 733 733 1058 1058 733 733 1056 1056 733 733 1058 1058 731 731 1060 1060 731 731 1058 1058 731 731 1060 1060 728 728 1062 1062 728 728 1060 1060 728 728 1062 1062 725 725 1064 1064 725 725 1062 1062 725 725 1064 1064 723 723 1066 1066 723 723 1064 1064 723 723 1066 1066 721 721 1068 1068 721 721 1066 1066 721 721 1068 1068 719 719 1070 1070 719 719 1068 1068 719 719 1070 1070 717 717 1072 1072 717 717 1070 1070 717 717 1072 1072 689 689 1074 1074 689 689 1072 1072 689 689 1074 1074 679 679 1076 1076 679 679 1074 1074 679 679 1076 1076 677 677 1078 1078 677 677 1076 1076 677 677 1078 1078 675 675 1080 1080 675 675 1078 1078 675 675 1080 1080 684 684 1082 1082 684 684 1080 1080 684 684 1082 1082 682 682 1084 1084 682 682 1082 1082 682 682 1084 1084 674 674 1086 1086 674 674 1084 1084 674 674 1086 1086 672 672 1088 1088 672 672 1086 1086 672 672 1088 1088 669 669 1090 1090 669 669 1088 1088 669 669 1090 1090 659 659 1092 1092 659 659 1090 1090 659 659 1092 1092 657 657 1094 1094 657 657 1092 1092 657 657 1094 1094 655 655 1096 1096 655 655 1094 1094 655 655 1096 1096 664 664 1098 1098 664 664 1096 1096 664 664 1098 1098 662 662 1100 1100 662 662 1098 1098 662 662 1100 1100 654 654 1102 1102 654 654 1100 1100 654 654 1102 1102 652 652 1104 1104 652 652 1102 1102 652 652 1104 1104 648 648 1106 1106 648 648 1104 1104 648 648 1106 1106 649 649 1108 1108 649 649 1106 1106 649 649 1108 1108 935 935 1110 1110 935 935 1108 1108 935 935 1110 1110 933 933 1112 1112 933 933 1110 1110 933 933 1112 1112 931 931 938 938 931 931 1112 1112 1114 1114 1115 1115 1116 1116 1117 1117 1116 1116 1115 1115 1116 1116 1117 1117 1118 1118 1119 1119 1118 1118 1117 1117 1118 1118 1119 1119 1120 1120 1121 1121 1122 1122 1123 1123 1124 1124 1123 1123 1122 1122 1123 1123 1124 1124 1125 1125 1126 1126 1125 1125 1124 1124 1125 1125 1126 1126 1127 1127 1128 1128 1127 1127 1126 1126 1127 1127 1128 1128 1129 1129 1130 1130 1129 1129 1128 1128 1129 1129 1130 1130 1131 1131 1132 1132 1131 1131 1130 1130 1131 1131 1132 1132 1133 1133 1134 1134 1133 1133 1132 1132 1133 1133 1134 1134 1135 1135 1136 1136 1135 1135 1134 1134 1135 1135 1136 1136 1137 1137 1138 1138 1137 1137 1136 1136 1137 1137 1138 1138 1139 1139 1140 1140 1141 1141 1142 1142 1143 1143 1144 1144 1145 1145 1114 1114 1143 1143 1115 1115 1145 1145 1115 1115 1143 1143 1115 1115 1145 1145 1117 1117 1141 1141 1117 1117 1145 1145 1117 1117 1141 1141 1119 1119 1140 1140 1119 1119 1141 1141 1119 1119 1140 1140 1120 1120 808 808 1139 1139 818 818 1138 1138 818 818 1139 1139 818 818 1138 1138 816 816 1136 1136 816 816 1138 1138 816 816 1136 1136 1146 1146 1134 1134 1146 1146 1136 1136 1146 1146 1134 1134 1147 1147 1132 1132 1147 1147 1134 1134 1147 1147 1132 1132 1148 1148 1130 1130 1148 1148 1132 1132 1148 1148 1130 1130 1149 1149 1128 1128 1149 1149 1130 1130 1149 1149 1128 1128 1150 1150 1126 1126 1150 1150 1128 1128 1150 1150 1126 1126 1151 1151 1124 1124 1151 1151 1126 1126 1151 1151 1124 1124 1142 1142 1122 1122 1142 1142 1124 1124 1142 1142 1122 1122 1140 1140 1121 1121 1140 1140 1122 1122 1140 1140 1121 1121 1120 1120 1152 1152 1153 1153 1154 1154 1155 1155 1154 1154 1153 1153 1154 1154 1155 1155 1156 1156 1157 1157 1156 1156 1155 1155 1156 1156 1157 1157 1158 1158 1159 1159 1160 1160 1161 1161 1162 1162 1161 1161 1160 1160 1161 1161 1162 1162 1163 1163 1164 1164 1163 1163 1162 1162 1163 1163 1164 1164 1165 1165 1166 1166 1167 1167 1168 1168 1169 1169 1170 1170 1171 1171 1159 1159 1171 1171 1160 1160 1170 1170 1160 1160 1171 1171 1160 1160 1170 1170 1162 1162 1166 1166 1162 1162 1170 1170 1162 1162 1166 1166 1164 1164 1168 1168 1164 1164 1166 1166 1164 1164 1168 1168 1165 1165 1114 1114 1158 1158 1143 1143 1157 1157 1143 1143 1158 1158 1143 1143 1157 1157 1144 1144 1155 1155 1144 1144 1157 1157 1144 1144 1155 1155 1167 1167 1153 1153 1167 1167 1155 1155 1167 1167 1153 1153 1168 1168 1152 1152 1168 1168 1153 1153 1168 1168 1152 1152 1165 1165 1172 1172 1173 1173 1174 1174 1175 1175 1174 1174 1173 1173 1174 1174 1175 1175 1176 1176 1177 1177 1176 1176 1175 1175 1176 1176 1177 1177 1178 1178 1179 1179 1180 1180 1181 1181 1182 1182 1181 1181 1180 1180 1181 1181 1182 1182 1183 1183 1184 1184 1183 1183 1182 1182 1183 1183 1184 1184 1185 1185 1186 1186 1185 1185 1184 1184 1185 1185 1186 1186 1187 1187 1188 1188 1187 1187 1186 1186 1187 1187 1188 1188 1189 1189 1190 1190 1189 1189 1188 1188 1189 1189 1190 1190 1191 1191 1192 1192 1191 1191 1190 1190 1191 1191 1192 1192 1193 1193 1194 1194 1193 1193 1192 1192 1193 1193 1194 1194 1195 1195 1196 1196 1195 1195 1194 1194 1195 1195 1196 1196 1197 1197 1198 1198 1199 1199 1200 1200 1201 1201 1202 1202 1203 1203 1172 1172 1201 1201 1173 1173 1203 1203 1173 1173 1201 1201 1173 1173 1203 1203 1175 1175 1199 1199 1175 1175 1203 1203 1175 1175 1199 1199 1177 1177 1198 1198 1177 1177 1199 1199 1177 1177 1198 1198 1178 1178 1159 1159 1197 1197 1171 1171 1196 1196 1171 1171 1197 1197 1171 1171 1196 1196 1169 1169 1194 1194 1169 1169 1196 1196 1169 1169 1194 1194 1204 1204 1192 1192 1204 1204 1194 1194 1204 1204 1192 1192 1205 1205 1190 1190 1205 1205 1192 1192 1205 1205 1190 1190 1206 1206 1188 1188 1206 1206 1190 1190 1206 1206 1188 1188 1207 1207 1186 1186 1207 1207 1188 1188 1207 1207 1186 1186 1208 1208 1184 1184 1208 1208 1186 1186 1208 1208 1184 1184 1209 1209 1182 1182 1209 1209 1184 1184 1209 1209 1182 1182 1200 1200 1180 1180 1200 1200 1182 1182 1200 1200 1180 1180 1198 1198 1179 1179 1198 1198 1180 1180 1198 1198 1179 1179 1178 1178 1210 1210 1211 1211 1212 1212 1213 1213 1212 1212 1211 1211 1212 1212 1213 1213 1214 1214 1215 1215 1214 1214 1213 1213 1214 1214 1215 1215 1216 1216 1217 1217 1218 1218 1219 1219 1220 1220 1219 1219 1218 1218 1219 1219 1220 1220 1221 1221 1222 1222 1221 1221 1220 1220 1221 1221 1222 1222 1223 1223 1224 1224 1225 1225 1226 1226 1227 1227 1228 1228 1229 1229 1217 1217 1229 1229 1218 1218 1228 1228 1218 1218 1229 1229 1218 1218 1228 1228 1220 1220 1224 1224 1220 1220 1228 1228 1220 1220 1224 1224 1222 1222 1226 1226 1222 1222 1224 1224 1222 1222 1226 1226 1223 1223 1230 1230 1231 1231 1232 1232 1233 1233 1232 1232 1231 1231 1232 1232 1233 1233 1234 1234 1235 1235 1234 1234 1233 1233 1234 1234 1235 1235 1236 1236 1237 1237 1236 1236 1235 1235 1236 1236 1237 1237 1238 1238 1239 1239 1238 1238 1237 1237 1238 1238 1239 1239 1240 1240 1241 1241 1240 1240 1239 1239 1240 1240 1241 1241 1242 1242 1243 1243 1242 1242 1241 1241 1242 1242 1243 1243 1244 1244 1245 1245 1244 1244 1243 1243 1244 1244 1245 1245 1246 1246 1247 1247 1246 1246 1245 1245 1246 1246 1247 1247 1248 1248 1172 1172 1216 1216 1201 1201 1215 1215 1201 1201 1216 1216 1201 1201 1215 1215 1202 1202 1213 1213 1202 1202 1215 1215 1202 1202 1213 1213 1225 1225 1211 1211 1225 1225 1213 1213 1225 1225 1211 1211 1226 1226 1210 1210 1226 1226 1211 1211 1226 1226 1210 1210 1223 1223 1249 1249 1250 1250 1251 1251 1252 1252 1251 1251 1250 1250 1251 1251 1252 1252 1253 1253 1254 1254 1253 1253 1252 1252 1253 1253 1254 1254 1227 1227 1255 1255 1227 1227 1254 1254 1227 1227 1255 1255 1228 1228 1256 1256 1228 1228 1255 1255 1228 1228 1256 1256 1224 1224 1257 1257 1224 1224 1256 1256 1224 1224 1257 1257 1225 1225 1258 1258 1225 1225 1257 1257 1225 1225 1258 1258 1202 1202 1259 1259 1202 1202 1258 1258 1202 1202 1259 1259 1203 1203 1260 1260 1203 1203 1259 1259 1203 1203 1260 1260 1199 1199 1261 1261 1199 1199 1260 1260 1199 1199 1261 1261 1200 1200 1262 1262 1200 1200 1261 1261 1200 1200 1262 1262 1209 1209 1263 1263 1209 1209 1262 1262 1209 1209 1263 1263 1208 1208 1264 1264 1208 1208 1263 1263 1208 1208 1264 1264 1207 1207 1265 1265 1207 1207 1264 1264 1207 1207 1265 1265 1206 1206 1266 1266 1206 1206 1265 1265 1206 1206 1266 1266 1205 1205 1267 1267 1205 1205 1266 1266 1205 1205 1267 1267 1204 1204 1268 1268 1204 1204 1267 1267 1204 1204 1268 1268 1169 1169 1269 1269 1169 1169 1268 1268 1169 1169 1269 1269 1170 1170 1270 1270 1170 1170 1269 1269 1170 1170 1270 1270 1166 1166 1271 1271 1166 1166 1270 1270 1166 1166 1271 1271 1167 1167 1272 1272 1167 1167 1271 1271 1167 1167 1272 1272 1144 1144 1273 1273 1144 1144 1272 1272 1144 1144 1273 1273 1145 1145 1274 1274 1145 1145 1273 1273 1145 1145 1274 1274 1141 1141 1275 1275 1141 1141 1274 1274 1141 1141 1275 1275 1142 1142 1276 1276 1142 1142 1275 1275 1142 1142 1276 1276 1151 1151 1277 1277 1151 1151 1276 1276 1151 1151 1277 1277 1150 1150 1278 1278 1150 1150 1277 1277 1150 1150 1278 1278 1149 1149 1279 1279 1149 1149 1278 1278 1149 1149 1279 1279 1148 1148 1280 1280 1148 1148 1279 1279 1148 1148 1280 1280 1147 1147 1281 1281 1147 1147 1280 1280 1147 1147 1281 1281 1146 1146 1282 1282 1146 1146 1281 1281 1146 1146 1282 1282 816 816 1283 1283 816 816 1282 1282 816 816 1283 1283 817 817 1284 1284 817 817 1283 1283 817 817 1284 1284 815 815 1285 1285 815 815 1284 1284 815 815 1285 1285 807 807 1286 1286 807 807 1285 1285 807 807 1286 1286 799 799 1287 1287 799 799 1286 1286 799 799 1287 1287 800 800 1288 1288 800 800 1287 1287 800 800 1288 1288 796 796 1289 1289 796 796 1288 1288 796 796 1289 1289 797 797 1290 1290 797 797 1289 1289 797 797 1290 1290 806 806 1291 1291 806 806 1290 1290 806 806 1291 1291 805 805 1292 1292 805 805 1291 1291 805 805 1292 1292 804 804 1293 1293 804 804 1292 1292 804 804 1293 1293 803 803 1294 1294 803 803 1293 1293 803 803 1294 1294 802 802 1295 1295 802 802 1294 1294 802 802 1295 1295 801 801 1296 1296 801 801 1295 1295 801 801 1296 1296 712 712 1297 1297 712 712 1296 1296 712 712 1297 1297 713 713 1298 1298 713 713 1297 1297 713 713 1298 1298 711 711 1299 1299 711 711 1298 1298 711 711 1299 1299 703 703 1300 1300 703 703 1299 1299 703 703 1300 1300 701 701 1301 1301 701 701 1300 1300 701 701 1301 1301 702 702 1302 1302 702 702 1301 1301 702 702 1302 1302 698 698 1303 1303 698 698 1302 1302 698 698 1303 1303 699 699 1304 1304 699 699 1303 1303 699 699 1304 1304 1305 1305 1306 1306 1305 1305 1304 1304 1305 1305 1306 1306 1307 1307 1308 1308 1307 1307 1306 1306 1307 1307 1308 1308 1309 1309 1310 1310 1309 1309 1308 1308 1309 1309 1310 1310 1249 1249 1250 1250 1249 1249 1310 1310 1217 1217 1248 1248 1229 1229 1247 1247 1229 1229 1248 1248 1229 1229 1247 1247 1227 1227 1245 1245 1227 1227 1247 1247 1227 1227 1245 1245 1253 1253 1243 1243 1253 1253 1245 1245 1253 1253 1243 1243 1251 1251 1241 1241 1251 1251 1243 1243 1251 1251 1241 1241 1249 1249 1239 1239 1249 1249 1241 1241 1249 1249 1239 1239 1309 1309 1237 1237 1309 1309 1239 1239 1309 1309 1237 1237 1307 1307 1235 1235 1307 1307 1237 1237 1307 1307 1235 1235 1305 1305 1233 1233 1305 1305 1235 1235 1305 1305 1233 1233 699 699 1231 1231 699 699 1233 1233 699 699 1231 1231 697 697 1230 1230 697 697 1231 1231 697 697 1230 1230 696 696 939 939 1238 1238 941 941 1240 1240 941 941 1238 1238 941 941 1240 1240 943 943 1242 1242 943 943 1240 1240 943 943 1242 1242 945 945 1244 1244 945 945 1242 1242 945 945 1244 1244 947 947 1246 1246 947 947 1244 1244 947 947 1246 1246 949 949 1248 1248 949 949 1246 1246 949 949 1248 1248 951 951 1217 1217 951 951 1248 1248 951 951 1217 1217 953 953 1219 1219 953 953 1217 1217 953 953 1219 1219 955 955 1221 1221 955 955 1219 1219 955 955 1221 1221 957 957 1223 1223 957 957 1221 1221 957 957 1223 1223 959 959 1210 1210 959 959 1223 1223 959 959 1210 1210 961 961 1212 1212 961 961 1210 1210 961 961 1212 1212 963 963 1214 1214 963 963 1212 1212 963 963 1214 1214 965 965 1216 1216 965 965 1214 1214 965 965 1216 1216 967 967 1172 1172 967 967 1216 1216 967 967 1172 1172 969 969 1174 1174 969 969 1172 1172 969 969 1174 1174 971 971 1176 1176 971 971 1174 1174 971 971 1176 1176 973 973 1178 1178 973 973 1176 1176 973 973 1178 1178 975 975 1179 1179 975 975 1178 1178 975 975 1179 1179 977 977 1181 1181 977 977 1179 1179 977 977 1181 1181 979 979 1183 1183 979 979 1181 1181 979 979 1183 1183 981 981 1185 1185 981 981 1183 1183 981 981 1185 1185 983 983 1187 1187 983 983 1185 1185 983 983 1187 1187 985 985 1189 1189 985 985 1187 1187 985 985 1189 1189 987 987 1191 1191 987 987 1189 1189 987 987 1191 1191 989 989 1193 1193 989 989 1191 1191 989 989 1193 1193 991 991 1195 1195 991 991 1193 1193 991 991 1195 1195 993 993 1197 1197 993 993 1195 1195 993 993 1197 1197 995 995 1159 1159 995 995 1197 1197 995 995 1159 1159 997 997 1161 1161 997 997 1159 1159 997 997 1161 1161 999 999 1163 1163 999 999 1161 1161 999 999 1163 1163 1001 1001 1165 1165 1001 1001 1163 1163 1001 1001 1165 1165 1003 1003 1152 1152 1003 1003 1165 1165 1003 1003 1152 1152 1005 1005 1154 1154 1005 1005 1152 1152 1005 1005 1154 1154 1007 1007 1156 1156 1007 1007 1154 1154 1007 1007 1156 1156 1009 1009 1158 1158 1009 1009 1156 1156 1009 1009 1158 1158 1011 1011 1114 1114 1011 1011 1158 1158 1011 1011 1114 1114 1013 1013 1116 1116 1013 1013 1114 1114 1013 1013 1116 1116 1015 1015 1118 1118 1015 1015 1116 1116 1015 1015 1118 1118 1017 1017 1120 1120 1017 1017 1118 1118 1017 1017 1120 1120 1019 1019 1121 1121 1019 1019 1120 1120 1019 1019 1121 1121 1021 1021 1123 1123 1021 1021 1121 1121 1021 1021 1123 1123 1023 1023 1125 1125 1023 1023 1123 1123 1023 1023 1125 1125 1025 1025 1127 1127 1025 1025 1125 1125 1025 1025 1127 1127 1027 1027 1129 1129 1027 1027 1127 1127 1027 1027 1129 1129 1029 1029 1131 1131 1029 1029 1129 1129 1029 1029 1131 1131 1031 1031 1133 1133 1031 1031 1131 1131 1031 1031 1133 1133 1033 1033 1135 1135 1033 1033 1133 1133 1033 1033 1135 1135 1035 1035 1137 1137 1035 1035 1135 1135 1035 1035 1137 1137 1037 1037 1139 1139 1037 1037 1137 1137 1037 1037 1139 1139 1039 1039 808 808 1039 1039 1139 1139 1039 1039 808 808 1041 1041 810 810 1041 1041 808 808 1041 1041 810 810 1043 1043 812 812 1043 1043 810 810 1043 1043 812 812 1045 1045 814 814 1045 1045 812 812 1045 1045 814 814 1047 1047 133 133 1047 1047 814 814 1047 1047 133 133 1049 1049 134 134 1049 1049 133 133 1049 1049 134 134 1051 1051 136 136 1051 1051 134 134 1051 1051 136 136 1053 1053 135 135 1053 1053 136 136 1053 1053 135 135 1055 1055 788 788 1055 1055 135 135 1055 1055 788 788 1057 1057 790 790 1057 1057 788 788 1057 1057 790 790 1059 1059 792 792 1059 1059 790 790 1059 1059 792 792 1061 1061 794 794 1061 1061 792 792 1061 1061 794 794 1063 1063 769 769 1063 1063 794 794 1063 1063 769 769 1065 1065 771 771 1065 1065 769 769 1065 1065 771 771 1067 1067 773 773 1067 1067 771 771 1067 1067 773 773 1069 1069 775 775 1069 1069 773 773 1069 1069 775 775 1071 1071 777 777 1071 1071 775 775 1071 1071 777 777 1073 1073 779 779 1073 1073 777 777 1073 1073 779 779 1075 1075 781 781 1075 1075 779 779 1075 1075 781 781 1077 1077 783 783 1077 1077 781 781 1077 1077 783 783 1079 1079 785 785 1079 1079 783 783 1079 1079 785 785 1081 1081 787 787 1081 1081 785 785 1081 1081 787 787 1083 1083 704 704 1083 1083 787 787 1083 1083 704 704 1085 1085 706 706 1085 1085 704 704 1085 1085 706 706 1087 1087 708 708 1087 1087 706 706 1087 1087 708 708 1089 1089 710 710 1089 1089 708 708 1089 1089 710 710 1091 1091 141 141 1091 1091 710 710 1091 1091 141 141 1093 1093 142 142 1093 1093 141 141 1093 1093 142 142 1095 1095 144 144 1095 1095 142 142 1095 1095 144 144 1097 1097 143 143 1097 1097 144 144 1097 1097 143 143 1099 1099 690 690 1099 1099 143 143 1099 1099 690 690 1101 1101 692 692 1101 1101 690 690 1101 1101 692 692 1103 1103 694 694 1103 1103 692 692 1103 1103 694 694 1105 1105 696 696 1105 1105 694 694 1105 1105 696 696 1107 1107 1230 1230 1107 1107 696 696 1107 1107 1230 1230 1109 1109 1232 1232 1109 1109 1230 1230 1109 1109 1232 1232 1111 1111 1234 1234 1111 1111 1232 1232 1111 1111 1234 1234 1113 1113 1236 1236 1113 1113 1234 1234 1113 1113 1236 1236 939 939 1238 1238 939 939 1236 1236 1250 1250 312 312 1252 1252 310 310 1252 1252 312 312 1252 1252 310 310 1254 1254 182 182 1254 1254 310 310 1254 1254 182 182 1255 1255 181 181 1255 1255 182 182 1255 1255 181 181 1256 1256 186 186 1256 1256 181 181 1256 1256 186 186 1257 1257 292 292 1257 1257 186 186 1257 1257 292 292 1258 1258 294 294 1258 1258 292 292 1258 1258 294 294 1259 1259 296 296 1259 1259 294 294 1259 1259 296 296 1260 1260 298 298 1260 1260 296 296 1260 1260 298 298 1261 1261 300 300 1261 1261 298 298 1261 1261 300 300 1262 1262 302 302 1262 1262 300 300 1262 1262 302 302 1263 1263 304 304 1263 1263 302 302 1263 1263 304 304 1264 1264 306 306 1264 1264 304 304 1264 1264 306 306 1265 1265 308 308 1265 1265 306 306 1265 1265 308 308 1266 1266 221 221 1266 1266 308 308 1266 1266 221 221 1267 1267 219 219 1267 1267 221 221 1267 1267 219 219 1268 1268 197 197 1268 1268 219 219 1268 1268 197 197 1269 1269 196 196 1269 1269 197 197 1269 1269 196 196 1270 1270 201 201 1270 1270 196 196 1270 1270 201 201 1271 1271 203 203 1271 1271 201 201 1271 1271 203 203 1272 1272 205 205 1272 1272 203 203 1272 1272 205 205 1273 1273 207 207 1273 1273 205 205 1273 1273 207 207 1274 1274 209 209 1274 1274 207 207 1274 1274 209 209 1275 1275 211 211 1275 1275 209 209 1275 1275 211 211 1276 1276 213 213 1276 1276 211 211 1276 1276 213 213 1277 1277 215 215 1277 1277 213 213 1277 1277 215 215 1278 1278 217 217 1278 1278 215 215 1278 1278 217 217 1279 1279 442 442 1279 1279 217 217 1279 1279 442 442 1280 1280 444 444 1280 1280 442 442 1280 1280 444 444 1281 1281 446 446 1281 1281 444 444 1281 1281 446 446 1282 1282 448 448 1282 1282 446 446 1282 1282 448 448 1283 1283 439 439 1283 1283 448 448 1283 1283 439 439 1284 1284 438 438 1284 1284 439 439 1284 1284 438 438 1285 1285 581 581 1285 1285 438 438 1285 1285 581 581 1286 1286 552 552 1286 1286 581 581 1286 1286 552 552 1287 1287 541 541 1287 1287 552 552 1287 1287 541 541 1288 1288 458 458 1288 1288 541 541 1288 1288 458 458 1289 1289 453 453 1289 1289 458 458 1289 1289 453 453 1290 1290 432 432 1290 1290 453 453 1290 1290 432 432 1291 1291 433 433 1291 1291 432 432 1291 1291 433 433 1292 1292 434 434 1292 1292 433 433 1292 1292 434 434 1293 1293 162 162 1293 1293 434 434 1293 1293 162 162 1294 1294 411 411 1294 1294 162 162 1294 1294 411 411 1295 1295 413 413 1295 1295 411 411 1295 1295 413 413 1296 1296 415 415 1296 1296 413 413 1296 1296 415 415 1297 1297 417 417 1297 1297 415 415 1297 1297 417 417 1298 1298 168 168 1298 1298 417 417 1298 1298 168 168 1299 1299 394 394 1299 1299 168 168 1299 1299 394 394 1300 1300 396 396 1300 1300 394 394 1300 1300 396 396 1301 1301 398 398 1301 1301 396 396 1301 1301 398 398 1302 1302 400 400 1302 1302 398 398 1302 1302 400 400 1303 1303 402 402 1303 1303 400 400 1303 1303 402 402 1304 1304 404 404 1304 1304 402 402 1304 1304 404 404 1306 1306 406 406 1306 1306 404 404 1306 1306 406 406 1308 1308 408 408 1308 1308 406 406 1308 1308 408 408 1310 1310 410 410 1310 1310 408 408 1310 1310 410 410 1250 1250 312 312 1250 1250 410 410</p>
        </triangles>
      </mesh>
    </geometry>
  </library_geometries>
  <library_materials>
    <material id="1408ead7bc3b4dbdb5fb36ef034eb66e" name="defaultmaterial">
      <instance_effect url="#879e4a097854407db23afd25610c1d45"/>
    </material>
  </library_materials>
  <library_visual_scenes>
    <visual_scene id="scene">
      <node id="node0" name="node0">
        <instance_geometry url="#328c004262a54a469e93bb78a953c84d">
          <bind_material>
            <technique_common>
              <instance_material symbol="material0" target="#1408ead7bc3b4dbdb5fb36ef034eb66e"/>
            </technique_common>
          </bind_material>
        </instance_geometry>
      </node>
    </visual_scene>
  </library_visual_scenes>
  <scene>
    <instance_visual_scene url="#scene"/>
  </scene>
</COLLADA>
